Date,Année,Mois,Nom Mois,Jour de la semaine,Année fiscale,Trimestre,Semaine fiscale,Formule,Semaine débutant le,Ordre du mois fiscal,Ordre semaine,MoisFiscal,AnnéeNUM,Date début semaine
2021-11-01,2021,11,Novembre,lundi,2022 fiscale,Trimestre 1,1,Semaine #1 du 1 novembre 2021 au 7 novembre 2021,Semaine #1 du 1 nov 2021 au 7 nov 2021,1,1,Novembre,2022,1 novembre 2021
2021-11-02,2021,11,Novembre,mardi,2022 fiscale,Trimestre 1,1,Semaine #1 du 1 novembre 2021 au 7 novembre 2021,Semaine #1 du 1 nov 2021 au 7 nov 2021,1,1,Novembre,2022,1 novembre 2021
2021-11-03,2021,11,Novembre,mercredi,2022 fiscale,Trimestre 1,1,Semaine #1 du 1 novembre 2021 au 7 novembre 2021,Semaine #1 du 1 nov 2021 au 7 nov 2021,1,1,Novembre,2022,1 novembre 2021
2021-11-04,2021,11,Novembre,jeudi,2022 fiscale,Trimestre 1,1,Semaine #1 du 1 novembre 2021 au 7 novembre 2021,Semaine #1 du 1 nov 2021 au 7 nov 2021,1,1,Novembre,2022,1 novembre 2021
2021-11-05,2021,11,Novembre,vendredi,2022 fiscale,Trimestre 1,1,Semaine #1 du 1 novembre 2021 au 7 novembre 2021,Semaine #1 du 1 nov 2021 au 7 nov 2021,1,1,Novembre,2022,1 novembre 2021
2021-11-06,2021,11,Novembre,samedi,2022 fiscale,Trimestre 1,1,Semaine #1 du 1 novembre 2021 au 7 novembre 2021,Semaine #1 du 1 nov 2021 au 7 nov 2021,1,1,Novembre,2022,1 novembre 2021
2021-11-07,2021,11,Novembre,dimanche,2022 fiscale,Trimestre 1,1,Semaine #1 du 1 novembre 2021 au 7 novembre 2021,Semaine #1 du 1 nov 2021 au 7 nov 2021,1,1,Novembre,2022,1 novembre 2021
2021-11-08,2021,11,Novembre,lundi,2022 fiscale,Trimestre 1,2,Semaine #2 du 8 novembre 2021 au 14 novembre 2021,Semaine #2 du 8 nov 2021 au 14 nov 2021,1,2,Novembre,2022,8 novembre 2021
2021-11-09,2021,11,Novembre,mardi,2022 fiscale,Trimestre 1,2,Semaine #2 du 8 novembre 2021 au 14 novembre 2021,Semaine #2 du 8 nov 2021 au 14 nov 2021,1,2,Novembre,2022,8 novembre 2021
2021-11-10,2021,11,Novembre,mercredi,2022 fiscale,Trimestre 1,2,Semaine #2 du 8 novembre 2021 au 14 novembre 2021,Semaine #2 du 8 nov 2021 au 14 nov 2021,1,2,Novembre,2022,8 novembre 2021
2021-11-11,2021,11,Novembre,jeudi,2022 fiscale,Trimestre 1,2,Semaine #2 du 8 novembre 2021 au 14 novembre 2021,Semaine #2 du 8 nov 2021 au 14 nov 2021,1,2,Novembre,2022,8 novembre 2021
2021-11-12,2021,11,Novembre,vendredi,2022 fiscale,Trimestre 1,2,Semaine #2 du 8 novembre 2021 au 14 novembre 2021,Semaine #2 du 8 nov 2021 au 14 nov 2021,1,2,Novembre,2022,8 novembre 2021
2021-11-13,2021,11,Novembre,samedi,2022 fiscale,Trimestre 1,2,Semaine #2 du 8 novembre 2021 au 14 novembre 2021,Semaine #2 du 8 nov 2021 au 14 nov 2021,1,2,Novembre,2022,8 novembre 2021
2021-11-14,2021,11,Novembre,dimanche,2022 fiscale,Trimestre 1,2,Semaine #2 du 8 novembre 2021 au 14 novembre 2021,Semaine #2 du 8 nov 2021 au 14 nov 2021,1,2,Novembre,2022,8 novembre 2021
2021-11-15,2021,11,Novembre,lundi,2022 fiscale,Trimestre 1,3,Semaine #3 du 15 novembre 2021 au 21 novembre 2021,Semaine #3 du 15 nov 2021 au 21 nov 2021,1,3,Novembre,2022,15 novembre 2021
2021-11-16,2021,11,Novembre,mardi,2022 fiscale,Trimestre 1,3,Semaine #3 du 15 novembre 2021 au 21 novembre 2021,Semaine #3 du 15 nov 2021 au 21 nov 2021,1,3,Novembre,2022,15 novembre 2021
2021-11-17,2021,11,Novembre,mercredi,2022 fiscale,Trimestre 1,3,Semaine #3 du 15 novembre 2021 au 21 novembre 2021,Semaine #3 du 15 nov 2021 au 21 nov 2021,1,3,Novembre,2022,15 novembre 2021
2021-11-18,2021,11,Novembre,jeudi,2022 fiscale,Trimestre 1,3,Semaine #3 du 15 novembre 2021 au 21 novembre 2021,Semaine #3 du 15 nov 2021 au 21 nov 2021,1,3,Novembre,2022,15 novembre 2021
2021-11-19,2021,11,Novembre,vendredi,2022 fiscale,Trimestre 1,3,Semaine #3 du 15 novembre 2021 au 21 novembre 2021,Semaine #3 du 15 nov 2021 au 21 nov 2021,1,3,Novembre,2022,15 novembre 2021
2021-11-20,2021,11,Novembre,samedi,2022 fiscale,Trimestre 1,3,Semaine #3 du 15 novembre 2021 au 21 novembre 2021,Semaine #3 du 15 nov 2021 au 21 nov 2021,1,3,Novembre,2022,15 novembre 2021
2021-11-21,2021,11,Novembre,dimanche,2022 fiscale,Trimestre 1,3,Semaine #3 du 15 novembre 2021 au 21 novembre 2021,Semaine #3 du 15 nov 2021 au 21 nov 2021,1,3,Novembre,2022,15 novembre 2021
2021-11-22,2021,11,Novembre,lundi,2022 fiscale,Trimestre 1,4,Semaine #4 du 22 novembre 2021 au 28 novembre 2021,Semaine #4 du 22 nov 2021 au 28 nov 2021,1,4,Novembre,2022,22 novembre 2021
2021-11-23,2021,11,Novembre,mardi,2022 fiscale,Trimestre 1,4,Semaine #4 du 22 novembre 2021 au 28 novembre 2021,Semaine #4 du 22 nov 2021 au 28 nov 2021,1,4,Novembre,2022,22 novembre 2021
2021-11-24,2021,11,Novembre,mercredi,2022 fiscale,Trimestre 1,4,Semaine #4 du 22 novembre 2021 au 28 novembre 2021,Semaine #4 du 22 nov 2021 au 28 nov 2021,1,4,Novembre,2022,22 novembre 2021
2021-11-25,2021,11,Novembre,jeudi,2022 fiscale,Trimestre 1,4,Semaine #4 du 22 novembre 2021 au 28 novembre 2021,Semaine #4 du 22 nov 2021 au 28 nov 2021,1,4,Novembre,2022,22 novembre 2021
2021-11-26,2021,11,Novembre,vendredi,2022 fiscale,Trimestre 1,4,Semaine #4 du 22 novembre 2021 au 28 novembre 2021,Semaine #4 du 22 nov 2021 au 28 nov 2021,1,4,Novembre,2022,22 novembre 2021
2021-11-27,2021,11,Novembre,samedi,2022 fiscale,Trimestre 1,4,Semaine #4 du 22 novembre 2021 au 28 novembre 2021,Semaine #4 du 22 nov 2021 au 28 nov 2021,1,4,Novembre,2022,22 novembre 2021
2021-11-28,2021,11,Novembre,dimanche,2022 fiscale,Trimestre 1,4,Semaine #4 du 22 novembre 2021 au 28 novembre 2021,Semaine #4 du 22 nov 2021 au 28 nov 2021,1,4,Novembre,2022,22 novembre 2021
2021-11-29,2021,11,Novembre,lundi,2022 fiscale,Trimestre 1,5,Semaine #5 du 29 novembre 2021 au 5 décembre 2021,Semaine #5 du 29 nov 2021 au 5 déc 2021,1,5,Novembre,2022,29 novembre 2021
2021-11-30,2021,11,Novembre,mardi,2022 fiscale,Trimestre 1,5,Semaine #5 du 29 novembre 2021 au 5 décembre 2021,Semaine #5 du 29 nov 2021 au 5 déc 2021,1,5,Novembre,2022,29 novembre 2021
2021-12-01,2021,12,Décembre,mercredi,2022 fiscale,Trimestre 1,5,Semaine #5 du 29 novembre 2021 au 5 décembre 2021,Semaine #5 du 29 nov 2021 au 5 déc 2021,2,5,Décembre,2022,29 novembre 2021
2021-12-02,2021,12,Décembre,jeudi,2022 fiscale,Trimestre 1,5,Semaine #5 du 29 novembre 2021 au 5 décembre 2021,Semaine #5 du 29 nov 2021 au 5 déc 2021,2,5,Décembre,2022,29 novembre 2021
2021-12-03,2021,12,Décembre,vendredi,2022 fiscale,Trimestre 1,5,Semaine #5 du 29 novembre 2021 au 5 décembre 2021,Semaine #5 du 29 nov 2021 au 5 déc 2021,2,5,Décembre,2022,29 novembre 2021
2021-12-04,2021,12,Décembre,samedi,2022 fiscale,Trimestre 1,5,Semaine #5 du 29 novembre 2021 au 5 décembre 2021,Semaine #5 du 29 nov 2021 au 5 déc 2021,2,5,Décembre,2022,29 novembre 2021
2021-12-05,2021,12,Décembre,dimanche,2022 fiscale,Trimestre 1,5,Semaine #5 du 29 novembre 2021 au 5 décembre 2021,Semaine #5 du 29 nov 2021 au 5 déc 2021,2,5,Décembre,2022,29 novembre 2021
2021-12-06,2021,12,Décembre,lundi,2022 fiscale,Trimestre 1,6,Semaine #6 du 6 décembre 2021 au 12 décembre 2021,Semaine #6 du 6 déc 2021 au 12 déc 2021,2,6,Décembre,2022,6 décembre 2021
2021-12-07,2021,12,Décembre,mardi,2022 fiscale,Trimestre 1,6,Semaine #6 du 6 décembre 2021 au 12 décembre 2021,Semaine #6 du 6 déc 2021 au 12 déc 2021,2,6,Décembre,2022,6 décembre 2021
2021-12-08,2021,12,Décembre,mercredi,2022 fiscale,Trimestre 1,6,Semaine #6 du 6 décembre 2021 au 12 décembre 2021,Semaine #6 du 6 déc 2021 au 12 déc 2021,2,6,Décembre,2022,6 décembre 2021
2021-12-09,2021,12,Décembre,jeudi,2022 fiscale,Trimestre 1,6,Semaine #6 du 6 décembre 2021 au 12 décembre 2021,Semaine #6 du 6 déc 2021 au 12 déc 2021,2,6,Décembre,2022,6 décembre 2021
2021-12-10,2021,12,Décembre,vendredi,2022 fiscale,Trimestre 1,6,Semaine #6 du 6 décembre 2021 au 12 décembre 2021,Semaine #6 du 6 déc 2021 au 12 déc 2021,2,6,Décembre,2022,6 décembre 2021
2021-12-11,2021,12,Décembre,samedi,2022 fiscale,Trimestre 1,6,Semaine #6 du 6 décembre 2021 au 12 décembre 2021,Semaine #6 du 6 déc 2021 au 12 déc 2021,2,6,Décembre,2022,6 décembre 2021
2021-12-12,2021,12,Décembre,dimanche,2022 fiscale,Trimestre 1,6,Semaine #6 du 6 décembre 2021 au 12 décembre 2021,Semaine #6 du 6 déc 2021 au 12 déc 2021,2,6,Décembre,2022,6 décembre 2021
2021-12-13,2021,12,Décembre,lundi,2022 fiscale,Trimestre 1,7,Semaine #7 du 13 décembre 2021 au 19 décembre 2021,Semaine #7 du 13 déc 2021 au 19 déc 2021,2,7,Décembre,2022,13 décembre 2021
2021-12-14,2021,12,Décembre,mardi,2022 fiscale,Trimestre 1,7,Semaine #7 du 13 décembre 2021 au 19 décembre 2021,Semaine #7 du 13 déc 2021 au 19 déc 2021,2,7,Décembre,2022,13 décembre 2021
2021-12-15,2021,12,Décembre,mercredi,2022 fiscale,Trimestre 1,7,Semaine #7 du 13 décembre 2021 au 19 décembre 2021,Semaine #7 du 13 déc 2021 au 19 déc 2021,2,7,Décembre,2022,13 décembre 2021
2021-12-16,2021,12,Décembre,jeudi,2022 fiscale,Trimestre 1,7,Semaine #7 du 13 décembre 2021 au 19 décembre 2021,Semaine #7 du 13 déc 2021 au 19 déc 2021,2,7,Décembre,2022,13 décembre 2021
2021-12-17,2021,12,Décembre,vendredi,2022 fiscale,Trimestre 1,7,Semaine #7 du 13 décembre 2021 au 19 décembre 2021,Semaine #7 du 13 déc 2021 au 19 déc 2021,2,7,Décembre,2022,13 décembre 2021
2021-12-18,2021,12,Décembre,samedi,2022 fiscale,Trimestre 1,7,Semaine #7 du 13 décembre 2021 au 19 décembre 2021,Semaine #7 du 13 déc 2021 au 19 déc 2021,2,7,Décembre,2022,13 décembre 2021
2021-12-19,2021,12,Décembre,dimanche,2022 fiscale,Trimestre 1,7,Semaine #7 du 13 décembre 2021 au 19 décembre 2021,Semaine #7 du 13 déc 2021 au 19 déc 2021,2,7,Décembre,2022,13 décembre 2021
2021-12-20,2021,12,Décembre,lundi,2022 fiscale,Trimestre 1,8,Semaine #8 du 20 décembre 2021 au 26 décembre 2021,Semaine #8 du 20 déc 2021 au 26 déc 2021,2,8,Décembre,2022,20 décembre 2021
2021-12-21,2021,12,Décembre,mardi,2022 fiscale,Trimestre 1,8,Semaine #8 du 20 décembre 2021 au 26 décembre 2021,Semaine #8 du 20 déc 2021 au 26 déc 2021,2,8,Décembre,2022,20 décembre 2021
2021-12-22,2021,12,Décembre,mercredi,2022 fiscale,Trimestre 1,8,Semaine #8 du 20 décembre 2021 au 26 décembre 2021,Semaine #8 du 20 déc 2021 au 26 déc 2021,2,8,Décembre,2022,20 décembre 2021
2021-12-23,2021,12,Décembre,jeudi,2022 fiscale,Trimestre 1,8,Semaine #8 du 20 décembre 2021 au 26 décembre 2021,Semaine #8 du 20 déc 2021 au 26 déc 2021,2,8,Décembre,2022,20 décembre 2021
2021-12-24,2021,12,Décembre,vendredi,2022 fiscale,Trimestre 1,8,Semaine #8 du 20 décembre 2021 au 26 décembre 2021,Semaine #8 du 20 déc 2021 au 26 déc 2021,2,8,Décembre,2022,20 décembre 2021
2021-12-25,2021,12,Décembre,samedi,2022 fiscale,Trimestre 1,8,Semaine #8 du 20 décembre 2021 au 26 décembre 2021,Semaine #8 du 20 déc 2021 au 26 déc 2021,2,8,Décembre,2022,20 décembre 2021
2021-12-26,2021,12,Décembre,dimanche,2022 fiscale,Trimestre 1,8,Semaine #8 du 20 décembre 2021 au 26 décembre 2021,Semaine #8 du 20 déc 2021 au 26 déc 2021,2,8,Décembre,2022,20 décembre 2021
2021-12-27,2021,12,Décembre,lundi,2022 fiscale,Trimestre 1,9,Semaine #9 du 27 décembre 2021 au 2 janvier 2022,Semaine #9 du 27 déc 2021 au 2 jan 2022,2,9,Décembre,2022,27 décembre 2021
2021-12-28,2021,12,Décembre,mardi,2022 fiscale,Trimestre 1,9,Semaine #9 du 27 décembre 2021 au 2 janvier 2022,Semaine #9 du 27 déc 2021 au 2 jan 2022,2,9,Décembre,2022,27 décembre 2021
2021-12-29,2021,12,Décembre,mercredi,2022 fiscale,Trimestre 1,9,Semaine #9 du 27 décembre 2021 au 2 janvier 2022,Semaine #9 du 27 déc 2021 au 2 jan 2022,2,9,Décembre,2022,27 décembre 2021
2021-12-30,2021,12,Décembre,jeudi,2022 fiscale,Trimestre 1,9,Semaine #9 du 27 décembre 2021 au 2 janvier 2022,Semaine #9 du 27 déc 2021 au 2 jan 2022,2,9,Décembre,2022,27 décembre 2021
2021-12-31,2021,12,Décembre,vendredi,2022 fiscale,Trimestre 1,9,Semaine #9 du 27 décembre 2021 au 2 janvier 2022,Semaine #9 du 27 déc 2021 au 2 jan 2022,2,9,Décembre,2022,27 décembre 2021
2022-01-01,2022,1,Janvier,samedi,2022 fiscale,Trimestre 1,9,Semaine #9 du 27 décembre 2021 au 2 janvier 2022,Semaine #9 du 27 déc 2021 au 2 jan 2022,3,9,Janvier,2022,27 décembre 2021
2022-01-02,2022,1,Janvier,dimanche,2022 fiscale,Trimestre 1,9,Semaine #9 du 27 décembre 2021 au 2 janvier 2022,Semaine #9 du 27 déc 2021 au 2 jan 2022,3,9,Janvier,2022,27 décembre 2021
2022-01-03,2022,1,Janvier,lundi,2022 fiscale,Trimestre 1,10,Semaine #10 du 3 janvier 2022 au 9 janvier 2022,Semaine #10 du 3 jan 2022 au 9 jan 2022,3,10,Janvier,2022,3 janvier 2022
2022-01-04,2022,1,Janvier,mardi,2022 fiscale,Trimestre 1,10,Semaine #10 du 3 janvier 2022 au 9 janvier 2022,Semaine #10 du 3 jan 2022 au 9 jan 2022,3,10,Janvier,2022,3 janvier 2022
2022-01-05,2022,1,Janvier,mercredi,2022 fiscale,Trimestre 1,10,Semaine #10 du 3 janvier 2022 au 9 janvier 2022,Semaine #10 du 3 jan 2022 au 9 jan 2022,3,10,Janvier,2022,3 janvier 2022
2022-01-06,2022,1,Janvier,jeudi,2022 fiscale,Trimestre 1,10,Semaine #10 du 3 janvier 2022 au 9 janvier 2022,Semaine #10 du 3 jan 2022 au 9 jan 2022,3,10,Janvier,2022,3 janvier 2022
2022-01-07,2022,1,Janvier,vendredi,2022 fiscale,Trimestre 1,10,Semaine #10 du 3 janvier 2022 au 9 janvier 2022,Semaine #10 du 3 jan 2022 au 9 jan 2022,3,10,Janvier,2022,3 janvier 2022
2022-01-08,2022,1,Janvier,samedi,2022 fiscale,Trimestre 1,10,Semaine #10 du 3 janvier 2022 au 9 janvier 2022,Semaine #10 du 3 jan 2022 au 9 jan 2022,3,10,Janvier,2022,3 janvier 2022
2022-01-09,2022,1,Janvier,dimanche,2022 fiscale,Trimestre 1,10,Semaine #10 du 3 janvier 2022 au 9 janvier 2022,Semaine #10 du 3 jan 2022 au 9 jan 2022,3,10,Janvier,2022,3 janvier 2022
2022-01-10,2022,1,Janvier,lundi,2022 fiscale,Trimestre 1,11,Semaine #11 du 10 janvier 2022 au 16 janvier 2022,Semaine #11 du 10 jan 2022 au 16 jan 2022,3,11,Janvier,2022,10 janvier 2022
2022-01-11,2022,1,Janvier,mardi,2022 fiscale,Trimestre 1,11,Semaine #11 du 10 janvier 2022 au 16 janvier 2022,Semaine #11 du 10 jan 2022 au 16 jan 2022,3,11,Janvier,2022,10 janvier 2022
2022-01-12,2022,1,Janvier,mercredi,2022 fiscale,Trimestre 1,11,Semaine #11 du 10 janvier 2022 au 16 janvier 2022,Semaine #11 du 10 jan 2022 au 16 jan 2022,3,11,Janvier,2022,10 janvier 2022
2022-01-13,2022,1,Janvier,jeudi,2022 fiscale,Trimestre 1,11,Semaine #11 du 10 janvier 2022 au 16 janvier 2022,Semaine #11 du 10 jan 2022 au 16 jan 2022,3,11,Janvier,2022,10 janvier 2022
2022-01-14,2022,1,Janvier,vendredi,2022 fiscale,Trimestre 1,11,Semaine #11 du 10 janvier 2022 au 16 janvier 2022,Semaine #11 du 10 jan 2022 au 16 jan 2022,3,11,Janvier,2022,10 janvier 2022
2022-01-15,2022,1,Janvier,samedi,2022 fiscale,Trimestre 1,11,Semaine #11 du 10 janvier 2022 au 16 janvier 2022,Semaine #11 du 10 jan 2022 au 16 jan 2022,3,11,Janvier,2022,10 janvier 2022
2022-01-16,2022,1,Janvier,dimanche,2022 fiscale,Trimestre 1,11,Semaine #11 du 10 janvier 2022 au 16 janvier 2022,Semaine #11 du 10 jan 2022 au 16 jan 2022,3,11,Janvier,2022,10 janvier 2022
2022-01-17,2022,1,Janvier,lundi,2022 fiscale,Trimestre 1,12,Semaine #12 du 17 janvier 2022 au 23 janvier 2022,Semaine #12 du 17 jan 2022 au 23 jan 2022,3,12,Janvier,2022,17 janvier 2022
2022-01-18,2022,1,Janvier,mardi,2022 fiscale,Trimestre 1,12,Semaine #12 du 17 janvier 2022 au 23 janvier 2022,Semaine #12 du 17 jan 2022 au 23 jan 2022,3,12,Janvier,2022,17 janvier 2022
2022-01-19,2022,1,Janvier,mercredi,2022 fiscale,Trimestre 1,12,Semaine #12 du 17 janvier 2022 au 23 janvier 2022,Semaine #12 du 17 jan 2022 au 23 jan 2022,3,12,Janvier,2022,17 janvier 2022
2022-01-20,2022,1,Janvier,jeudi,2022 fiscale,Trimestre 1,12,Semaine #12 du 17 janvier 2022 au 23 janvier 2022,Semaine #12 du 17 jan 2022 au 23 jan 2022,3,12,Janvier,2022,17 janvier 2022
2022-01-21,2022,1,Janvier,vendredi,2022 fiscale,Trimestre 1,12,Semaine #12 du 17 janvier 2022 au 23 janvier 2022,Semaine #12 du 17 jan 2022 au 23 jan 2022,3,12,Janvier,2022,17 janvier 2022
2022-01-22,2022,1,Janvier,samedi,2022 fiscale,Trimestre 1,12,Semaine #12 du 17 janvier 2022 au 23 janvier 2022,Semaine #12 du 17 jan 2022 au 23 jan 2022,3,12,Janvier,2022,17 janvier 2022
2022-01-23,2022,1,Janvier,dimanche,2022 fiscale,Trimestre 1,12,Semaine #12 du 17 janvier 2022 au 23 janvier 2022,Semaine #12 du 17 jan 2022 au 23 jan 2022,3,12,Janvier,2022,17 janvier 2022
2022-01-24,2022,1,Janvier,lundi,2022 fiscale,Trimestre 1,13,Semaine #13 du 24 janvier 2022 au 30 janvier 2022,Semaine #13 du 24 jan 2022 au 30 jan 2022,3,13,Janvier,2022,24 janvier 2022
2022-01-25,2022,1,Janvier,mardi,2022 fiscale,Trimestre 1,13,Semaine #13 du 24 janvier 2022 au 30 janvier 2022,Semaine #13 du 24 jan 2022 au 30 jan 2022,3,13,Janvier,2022,24 janvier 2022
2022-01-26,2022,1,Janvier,mercredi,2022 fiscale,Trimestre 1,13,Semaine #13 du 24 janvier 2022 au 30 janvier 2022,Semaine #13 du 24 jan 2022 au 30 jan 2022,3,13,Janvier,2022,24 janvier 2022
2022-01-27,2022,1,Janvier,jeudi,2022 fiscale,Trimestre 1,13,Semaine #13 du 24 janvier 2022 au 30 janvier 2022,Semaine #13 du 24 jan 2022 au 30 jan 2022,3,13,Janvier,2022,24 janvier 2022
2022-01-28,2022,1,Janvier,vendredi,2022 fiscale,Trimestre 1,13,Semaine #13 du 24 janvier 2022 au 30 janvier 2022,Semaine #13 du 24 jan 2022 au 30 jan 2022,3,13,Janvier,2022,24 janvier 2022
2022-01-29,2022,1,Janvier,samedi,2022 fiscale,Trimestre 1,13,Semaine #13 du 24 janvier 2022 au 30 janvier 2022,Semaine #13 du 24 jan 2022 au 30 jan 2022,3,13,Janvier,2022,24 janvier 2022
2022-01-30,2022,1,Janvier,dimanche,2022 fiscale,Trimestre 1,13,Semaine #13 du 24 janvier 2022 au 30 janvier 2022,Semaine #13 du 24 jan 2022 au 30 jan 2022,3,13,Janvier,2022,24 janvier 2022
2022-01-31,2022,1,Janvier,lundi,2022 fiscale,Trimestre 1,14,Semaine #14 du 31 janvier 2022 au 6 février 2022,Semaine #14 du 31 jan 2022 au 6 fév 2022,3,14,Janvier,2022,31 janvier 2022
2022-02-01,2022,2,Février,mardi,2022 fiscale,Trimestre 2,14,Semaine #14 du 31 janvier 2022 au 6 février 2022,Semaine #14 du 31 jan 2022 au 6 fév 2022,4,14,Février,2022,31 janvier 2022
2022-02-02,2022,2,Février,mercredi,2022 fiscale,Trimestre 2,14,Semaine #14 du 31 janvier 2022 au 6 février 2022,Semaine #14 du 31 jan 2022 au 6 fév 2022,4,14,Février,2022,31 janvier 2022
2022-02-03,2022,2,Février,jeudi,2022 fiscale,Trimestre 2,14,Semaine #14 du 31 janvier 2022 au 6 février 2022,Semaine #14 du 31 jan 2022 au 6 fév 2022,4,14,Février,2022,31 janvier 2022
2022-02-04,2022,2,Février,vendredi,2022 fiscale,Trimestre 2,14,Semaine #14 du 31 janvier 2022 au 6 février 2022,Semaine #14 du 31 jan 2022 au 6 fév 2022,4,14,Février,2022,31 janvier 2022
2022-02-05,2022,2,Février,samedi,2022 fiscale,Trimestre 2,14,Semaine #14 du 31 janvier 2022 au 6 février 2022,Semaine #14 du 31 jan 2022 au 6 fév 2022,4,14,Février,2022,31 janvier 2022
2022-02-06,2022,2,Février,dimanche,2022 fiscale,Trimestre 2,14,Semaine #14 du 31 janvier 2022 au 6 février 2022,Semaine #14 du 31 jan 2022 au 6 fév 2022,4,14,Février,2022,31 janvier 2022
2022-02-07,2022,2,Février,lundi,2022 fiscale,Trimestre 2,15,Semaine #15 du 7 février 2022 au 13 février 2022,Semaine #15 du 7 fév 2022 au 13 fév 2022,4,15,Février,2022,7 février 2022
2022-02-08,2022,2,Février,mardi,2022 fiscale,Trimestre 2,15,Semaine #15 du 7 février 2022 au 13 février 2022,Semaine #15 du 7 fév 2022 au 13 fév 2022,4,15,Février,2022,7 février 2022
2022-02-09,2022,2,Février,mercredi,2022 fiscale,Trimestre 2,15,Semaine #15 du 7 février 2022 au 13 février 2022,Semaine #15 du 7 fév 2022 au 13 fév 2022,4,15,Février,2022,7 février 2022
2022-02-10,2022,2,Février,jeudi,2022 fiscale,Trimestre 2,15,Semaine #15 du 7 février 2022 au 13 février 2022,Semaine #15 du 7 fév 2022 au 13 fév 2022,4,15,Février,2022,7 février 2022
2022-02-11,2022,2,Février,vendredi,2022 fiscale,Trimestre 2,15,Semaine #15 du 7 février 2022 au 13 février 2022,Semaine #15 du 7 fév 2022 au 13 fév 2022,4,15,Février,2022,7 février 2022
2022-02-12,2022,2,Février,samedi,2022 fiscale,Trimestre 2,15,Semaine #15 du 7 février 2022 au 13 février 2022,Semaine #15 du 7 fév 2022 au 13 fév 2022,4,15,Février,2022,7 février 2022
2022-02-13,2022,2,Février,dimanche,2022 fiscale,Trimestre 2,15,Semaine #15 du 7 février 2022 au 13 février 2022,Semaine #15 du 7 fév 2022 au 13 fév 2022,4,15,Février,2022,7 février 2022
2022-02-14,2022,2,Février,lundi,2022 fiscale,Trimestre 2,16,Semaine #16 du 14 février 2022 au 20 février 2022,Semaine #16 du 14 fév 2022 au 20 fév 2022,4,16,Février,2022,14 février 2022
2022-02-15,2022,2,Février,mardi,2022 fiscale,Trimestre 2,16,Semaine #16 du 14 février 2022 au 20 février 2022,Semaine #16 du 14 fév 2022 au 20 fév 2022,4,16,Février,2022,14 février 2022
2022-02-16,2022,2,Février,mercredi,2022 fiscale,Trimestre 2,16,Semaine #16 du 14 février 2022 au 20 février 2022,Semaine #16 du 14 fév 2022 au 20 fév 2022,4,16,Février,2022,14 février 2022
2022-02-17,2022,2,Février,jeudi,2022 fiscale,Trimestre 2,16,Semaine #16 du 14 février 2022 au 20 février 2022,Semaine #16 du 14 fév 2022 au 20 fév 2022,4,16,Février,2022,14 février 2022
2022-02-18,2022,2,Février,vendredi,2022 fiscale,Trimestre 2,16,Semaine #16 du 14 février 2022 au 20 février 2022,Semaine #16 du 14 fév 2022 au 20 fév 2022,4,16,Février,2022,14 février 2022
2022-02-19,2022,2,Février,samedi,2022 fiscale,Trimestre 2,16,Semaine #16 du 14 février 2022 au 20 février 2022,Semaine #16 du 14 fév 2022 au 20 fév 2022,4,16,Février,2022,14 février 2022
2022-02-20,2022,2,Février,dimanche,2022 fiscale,Trimestre 2,16,Semaine #16 du 14 février 2022 au 20 février 2022,Semaine #16 du 14 fév 2022 au 20 fév 2022,4,16,Février,2022,14 février 2022
2022-02-21,2022,2,Février,lundi,2022 fiscale,Trimestre 2,17,Semaine #17 du 21 février 2022 au 27 février 2022,Semaine #17 du 21 fév 2022 au 27 fév 2022,4,17,Février,2022,21 février 2022
2022-02-22,2022,2,Février,mardi,2022 fiscale,Trimestre 2,17,Semaine #17 du 21 février 2022 au 27 février 2022,Semaine #17 du 21 fév 2022 au 27 fév 2022,4,17,Février,2022,21 février 2022
2022-02-23,2022,2,Février,mercredi,2022 fiscale,Trimestre 2,17,Semaine #17 du 21 février 2022 au 27 février 2022,Semaine #17 du 21 fév 2022 au 27 fév 2022,4,17,Février,2022,21 février 2022
2022-02-24,2022,2,Février,jeudi,2022 fiscale,Trimestre 2,17,Semaine #17 du 21 février 2022 au 27 février 2022,Semaine #17 du 21 fév 2022 au 27 fév 2022,4,17,Février,2022,21 février 2022
2022-02-25,2022,2,Février,vendredi,2022 fiscale,Trimestre 2,17,Semaine #17 du 21 février 2022 au 27 février 2022,Semaine #17 du 21 fév 2022 au 27 fév 2022,4,17,Février,2022,21 février 2022
2022-02-26,2022,2,Février,samedi,2022 fiscale,Trimestre 2,17,Semaine #17 du 21 février 2022 au 27 février 2022,Semaine #17 du 21 fév 2022 au 27 fév 2022,4,17,Février,2022,21 février 2022
2022-02-27,2022,2,Février,dimanche,2022 fiscale,Trimestre 2,17,Semaine #17 du 21 février 2022 au 27 février 2022,Semaine #17 du 21 fév 2022 au 27 fév 2022,4,17,Février,2022,21 février 2022
2022-02-28,2022,2,Février,lundi,2022 fiscale,Trimestre 2,18,Semaine #18 du 28 février 2022 au 6 mars 2022,Semaine #18 du 28 fév 2022 au 6 mars 2022,4,18,Février,2022,28 février 2022
2022-03-01,2022,3,Mars,mardi,2022 fiscale,Trimestre 2,18,Semaine #18 du 28 février 2022 au 6 mars 2022,Semaine #18 du 28 fév 2022 au 6 mars 2022,5,18,Mars,2022,28 février 2022
2022-03-02,2022,3,Mars,mercredi,2022 fiscale,Trimestre 2,18,Semaine #18 du 28 février 2022 au 6 mars 2022,Semaine #18 du 28 fév 2022 au 6 mars 2022,5,18,Mars,2022,28 février 2022
2022-03-03,2022,3,Mars,jeudi,2022 fiscale,Trimestre 2,18,Semaine #18 du 28 février 2022 au 6 mars 2022,Semaine #18 du 28 fév 2022 au 6 mars 2022,5,18,Mars,2022,28 février 2022
2022-03-04,2022,3,Mars,vendredi,2022 fiscale,Trimestre 2,18,Semaine #18 du 28 février 2022 au 6 mars 2022,Semaine #18 du 28 fév 2022 au 6 mars 2022,5,18,Mars,2022,28 février 2022
2022-03-05,2022,3,Mars,samedi,2022 fiscale,Trimestre 2,18,Semaine #18 du 28 février 2022 au 6 mars 2022,Semaine #18 du 28 fév 2022 au 6 mars 2022,5,18,Mars,2022,28 février 2022
2022-03-06,2022,3,Mars,dimanche,2022 fiscale,Trimestre 2,18,Semaine #18 du 28 février 2022 au 6 mars 2022,Semaine #18 du 28 fév 2022 au 6 mars 2022,5,18,Mars,2022,28 février 2022
2022-03-07,2022,3,Mars,lundi,2022 fiscale,Trimestre 2,19,Semaine #19 du 7 mars 2022 au 13 mars 2022,Semaine #19 du 7 mars 2022 au 13 mars 2022,5,19,Mars,2022,7 mars 2022
2022-03-08,2022,3,Mars,mardi,2022 fiscale,Trimestre 2,19,Semaine #19 du 7 mars 2022 au 13 mars 2022,Semaine #19 du 7 mars 2022 au 13 mars 2022,5,19,Mars,2022,7 mars 2022
2022-03-09,2022,3,Mars,mercredi,2022 fiscale,Trimestre 2,19,Semaine #19 du 7 mars 2022 au 13 mars 2022,Semaine #19 du 7 mars 2022 au 13 mars 2022,5,19,Mars,2022,7 mars 2022
2022-03-10,2022,3,Mars,jeudi,2022 fiscale,Trimestre 2,19,Semaine #19 du 7 mars 2022 au 13 mars 2022,Semaine #19 du 7 mars 2022 au 13 mars 2022,5,19,Mars,2022,7 mars 2022
2022-03-11,2022,3,Mars,vendredi,2022 fiscale,Trimestre 2,19,Semaine #19 du 7 mars 2022 au 13 mars 2022,Semaine #19 du 7 mars 2022 au 13 mars 2022,5,19,Mars,2022,7 mars 2022
2022-03-12,2022,3,Mars,samedi,2022 fiscale,Trimestre 2,19,Semaine #19 du 7 mars 2022 au 13 mars 2022,Semaine #19 du 7 mars 2022 au 13 mars 2022,5,19,Mars,2022,7 mars 2022
2022-03-13,2022,3,Mars,dimanche,2022 fiscale,Trimestre 2,19,Semaine #19 du 7 mars 2022 au 13 mars 2022,Semaine #19 du 7 mars 2022 au 13 mars 2022,5,19,Mars,2022,7 mars 2022
2022-03-14,2022,3,Mars,lundi,2022 fiscale,Trimestre 2,20,Semaine #20 du 14 mars 2022 au 20 mars 2022,Semaine #20 du 14 mars 2022 au 20 mars 2022,5,20,Mars,2022,14 mars 2022
2022-03-15,2022,3,Mars,mardi,2022 fiscale,Trimestre 2,20,Semaine #20 du 14 mars 2022 au 20 mars 2022,Semaine #20 du 14 mars 2022 au 20 mars 2022,5,20,Mars,2022,14 mars 2022
2022-03-16,2022,3,Mars,mercredi,2022 fiscale,Trimestre 2,20,Semaine #20 du 14 mars 2022 au 20 mars 2022,Semaine #20 du 14 mars 2022 au 20 mars 2022,5,20,Mars,2022,14 mars 2022
2022-03-17,2022,3,Mars,jeudi,2022 fiscale,Trimestre 2,20,Semaine #20 du 14 mars 2022 au 20 mars 2022,Semaine #20 du 14 mars 2022 au 20 mars 2022,5,20,Mars,2022,14 mars 2022
2022-03-18,2022,3,Mars,vendredi,2022 fiscale,Trimestre 2,20,Semaine #20 du 14 mars 2022 au 20 mars 2022,Semaine #20 du 14 mars 2022 au 20 mars 2022,5,20,Mars,2022,14 mars 2022
2022-03-19,2022,3,Mars,samedi,2022 fiscale,Trimestre 2,20,Semaine #20 du 14 mars 2022 au 20 mars 2022,Semaine #20 du 14 mars 2022 au 20 mars 2022,5,20,Mars,2022,14 mars 2022
2022-03-20,2022,3,Mars,dimanche,2022 fiscale,Trimestre 2,20,Semaine #20 du 14 mars 2022 au 20 mars 2022,Semaine #20 du 14 mars 2022 au 20 mars 2022,5,20,Mars,2022,14 mars 2022
2022-03-21,2022,3,Mars,lundi,2022 fiscale,Trimestre 2,21,Semaine #21 du 21 mars 2022 au 27 mars 2022,Semaine #21 du 21 mars 2022 au 27 mars 2022,5,21,Mars,2022,21 mars 2022
2022-03-22,2022,3,Mars,mardi,2022 fiscale,Trimestre 2,21,Semaine #21 du 21 mars 2022 au 27 mars 2022,Semaine #21 du 21 mars 2022 au 27 mars 2022,5,21,Mars,2022,21 mars 2022
2022-03-23,2022,3,Mars,mercredi,2022 fiscale,Trimestre 2,21,Semaine #21 du 21 mars 2022 au 27 mars 2022,Semaine #21 du 21 mars 2022 au 27 mars 2022,5,21,Mars,2022,21 mars 2022
2022-03-24,2022,3,Mars,jeudi,2022 fiscale,Trimestre 2,21,Semaine #21 du 21 mars 2022 au 27 mars 2022,Semaine #21 du 21 mars 2022 au 27 mars 2022,5,21,Mars,2022,21 mars 2022
2022-03-25,2022,3,Mars,vendredi,2022 fiscale,Trimestre 2,21,Semaine #21 du 21 mars 2022 au 27 mars 2022,Semaine #21 du 21 mars 2022 au 27 mars 2022,5,21,Mars,2022,21 mars 2022
2022-03-26,2022,3,Mars,samedi,2022 fiscale,Trimestre 2,21,Semaine #21 du 21 mars 2022 au 27 mars 2022,Semaine #21 du 21 mars 2022 au 27 mars 2022,5,21,Mars,2022,21 mars 2022
2022-03-27,2022,3,Mars,dimanche,2022 fiscale,Trimestre 2,21,Semaine #21 du 21 mars 2022 au 27 mars 2022,Semaine #21 du 21 mars 2022 au 27 mars 2022,5,21,Mars,2022,21 mars 2022
2022-03-28,2022,3,Mars,lundi,2022 fiscale,Trimestre 2,22,Semaine #22 du 28 mars 2022 au 3 avril 2022,Semaine #22 du 28 mars 2022 au 3 avril 2022,5,22,Mars,2022,28 mars 2022
2022-03-29,2022,3,Mars,mardi,2022 fiscale,Trimestre 2,22,Semaine #22 du 28 mars 2022 au 3 avril 2022,Semaine #22 du 28 mars 2022 au 3 avril 2022,5,22,Mars,2022,28 mars 2022
2022-03-30,2022,3,Mars,mercredi,2022 fiscale,Trimestre 2,22,Semaine #22 du 28 mars 2022 au 3 avril 2022,Semaine #22 du 28 mars 2022 au 3 avril 2022,5,22,Mars,2022,28 mars 2022
2022-03-31,2022,3,Mars,jeudi,2022 fiscale,Trimestre 2,22,Semaine #22 du 28 mars 2022 au 3 avril 2022,Semaine #22 du 28 mars 2022 au 3 avril 2022,5,22,Mars,2022,28 mars 2022
2022-04-01,2022,4,Avril,vendredi,2022 fiscale,Trimestre 2,22,Semaine #22 du 28 mars 2022 au 3 avril 2022,Semaine #22 du 28 mars 2022 au 3 avril 2022,6,22,Avril,2022,28 mars 2022
2022-04-02,2022,4,Avril,samedi,2022 fiscale,Trimestre 2,22,Semaine #22 du 28 mars 2022 au 3 avril 2022,Semaine #22 du 28 mars 2022 au 3 avril 2022,6,22,Avril,2022,28 mars 2022
2022-04-03,2022,4,Avril,dimanche,2022 fiscale,Trimestre 2,22,Semaine #22 du 28 mars 2022 au 3 avril 2022,Semaine #22 du 28 mars 2022 au 3 avril 2022,6,22,Avril,2022,28 mars 2022
2022-04-04,2022,4,Avril,lundi,2022 fiscale,Trimestre 2,23,Semaine #23 du 4 avril 2022 au 10 avril 2022,Semaine #23 du 4 avril 2022 au 10 avril 2022,6,23,Avril,2022,4 avril 2022
2022-04-05,2022,4,Avril,mardi,2022 fiscale,Trimestre 2,23,Semaine #23 du 4 avril 2022 au 10 avril 2022,Semaine #23 du 4 avril 2022 au 10 avril 2022,6,23,Avril,2022,4 avril 2022
2022-04-06,2022,4,Avril,mercredi,2022 fiscale,Trimestre 2,23,Semaine #23 du 4 avril 2022 au 10 avril 2022,Semaine #23 du 4 avril 2022 au 10 avril 2022,6,23,Avril,2022,4 avril 2022
2022-04-07,2022,4,Avril,jeudi,2022 fiscale,Trimestre 2,23,Semaine #23 du 4 avril 2022 au 10 avril 2022,Semaine #23 du 4 avril 2022 au 10 avril 2022,6,23,Avril,2022,4 avril 2022
2022-04-08,2022,4,Avril,vendredi,2022 fiscale,Trimestre 2,23,Semaine #23 du 4 avril 2022 au 10 avril 2022,Semaine #23 du 4 avril 2022 au 10 avril 2022,6,23,Avril,2022,4 avril 2022
2022-04-09,2022,4,Avril,samedi,2022 fiscale,Trimestre 2,23,Semaine #23 du 4 avril 2022 au 10 avril 2022,Semaine #23 du 4 avril 2022 au 10 avril 2022,6,23,Avril,2022,4 avril 2022
2022-04-10,2022,4,Avril,dimanche,2022 fiscale,Trimestre 2,23,Semaine #23 du 4 avril 2022 au 10 avril 2022,Semaine #23 du 4 avril 2022 au 10 avril 2022,6,23,Avril,2022,4 avril 2022
2022-04-11,2022,4,Avril,lundi,2022 fiscale,Trimestre 2,24,Semaine #24 du 11 avril 2022 au 17 avril 2022,Semaine #24 du 11 avril 2022 au 17 avril 2022,6,24,Avril,2022,11 avril 2022
2022-04-12,2022,4,Avril,mardi,2022 fiscale,Trimestre 2,24,Semaine #24 du 11 avril 2022 au 17 avril 2022,Semaine #24 du 11 avril 2022 au 17 avril 2022,6,24,Avril,2022,11 avril 2022
2022-04-13,2022,4,Avril,mercredi,2022 fiscale,Trimestre 2,24,Semaine #24 du 11 avril 2022 au 17 avril 2022,Semaine #24 du 11 avril 2022 au 17 avril 2022,6,24,Avril,2022,11 avril 2022
2022-04-14,2022,4,Avril,jeudi,2022 fiscale,Trimestre 2,24,Semaine #24 du 11 avril 2022 au 17 avril 2022,Semaine #24 du 11 avril 2022 au 17 avril 2022,6,24,Avril,2022,11 avril 2022
2022-04-15,2022,4,Avril,vendredi,2022 fiscale,Trimestre 2,24,Semaine #24 du 11 avril 2022 au 17 avril 2022,Semaine #24 du 11 avril 2022 au 17 avril 2022,6,24,Avril,2022,11 avril 2022
2022-04-16,2022,4,Avril,samedi,2022 fiscale,Trimestre 2,24,Semaine #24 du 11 avril 2022 au 17 avril 2022,Semaine #24 du 11 avril 2022 au 17 avril 2022,6,24,Avril,2022,11 avril 2022
2022-04-17,2022,4,Avril,dimanche,2022 fiscale,Trimestre 2,24,Semaine #24 du 11 avril 2022 au 17 avril 2022,Semaine #24 du 11 avril 2022 au 17 avril 2022,6,24,Avril,2022,11 avril 2022
2022-04-18,2022,4,Avril,lundi,2022 fiscale,Trimestre 2,25,Semaine #25 du 18 avril 2022 au 24 avril 2022,Semaine #25 du 18 avril 2022 au 24 avril 2022,6,25,Avril,2022,18 avril 2022
2022-04-19,2022,4,Avril,mardi,2022 fiscale,Trimestre 2,25,Semaine #25 du 18 avril 2022 au 24 avril 2022,Semaine #25 du 18 avril 2022 au 24 avril 2022,6,25,Avril,2022,18 avril 2022
2022-04-20,2022,4,Avril,mercredi,2022 fiscale,Trimestre 2,25,Semaine #25 du 18 avril 2022 au 24 avril 2022,Semaine #25 du 18 avril 2022 au 24 avril 2022,6,25,Avril,2022,18 avril 2022
2022-04-21,2022,4,Avril,jeudi,2022 fiscale,Trimestre 2,25,Semaine #25 du 18 avril 2022 au 24 avril 2022,Semaine #25 du 18 avril 2022 au 24 avril 2022,6,25,Avril,2022,18 avril 2022
2022-04-22,2022,4,Avril,vendredi,2022 fiscale,Trimestre 2,25,Semaine #25 du 18 avril 2022 au 24 avril 2022,Semaine #25 du 18 avril 2022 au 24 avril 2022,6,25,Avril,2022,18 avril 2022
2022-04-23,2022,4,Avril,samedi,2022 fiscale,Trimestre 2,25,Semaine #25 du 18 avril 2022 au 24 avril 2022,Semaine #25 du 18 avril 2022 au 24 avril 2022,6,25,Avril,2022,18 avril 2022
2022-04-24,2022,4,Avril,dimanche,2022 fiscale,Trimestre 2,25,Semaine #25 du 18 avril 2022 au 24 avril 2022,Semaine #25 du 18 avril 2022 au 24 avril 2022,6,25,Avril,2022,18 avril 2022
2022-04-25,2022,4,Avril,lundi,2022 fiscale,Trimestre 2,26,Semaine #26 du 25 avril 2022 au 1 mai 2022,Semaine #26 du 25 avril 2022 au 1 mai 2022,6,26,Avril,2022,25 avril 2022
2022-04-26,2022,4,Avril,mardi,2022 fiscale,Trimestre 2,26,Semaine #26 du 25 avril 2022 au 1 mai 2022,Semaine #26 du 25 avril 2022 au 1 mai 2022,6,26,Avril,2022,25 avril 2022
2022-04-27,2022,4,Avril,mercredi,2022 fiscale,Trimestre 2,26,Semaine #26 du 25 avril 2022 au 1 mai 2022,Semaine #26 du 25 avril 2022 au 1 mai 2022,6,26,Avril,2022,25 avril 2022
2022-04-28,2022,4,Avril,jeudi,2022 fiscale,Trimestre 2,26,Semaine #26 du 25 avril 2022 au 1 mai 2022,Semaine #26 du 25 avril 2022 au 1 mai 2022,6,26,Avril,2022,25 avril 2022
2022-04-29,2022,4,Avril,vendredi,2022 fiscale,Trimestre 2,26,Semaine #26 du 25 avril 2022 au 1 mai 2022,Semaine #26 du 25 avril 2022 au 1 mai 2022,6,26,Avril,2022,25 avril 2022
2022-04-30,2022,4,Avril,samedi,2022 fiscale,Trimestre 2,26,Semaine #26 du 25 avril 2022 au 1 mai 2022,Semaine #26 du 25 avril 2022 au 1 mai 2022,6,26,Avril,2022,25 avril 2022
2022-05-01,2022,5,Mai,dimanche,2022 fiscale,Trimestre 3,26,Semaine #26 du 25 avril 2022 au 1 mai 2022,Semaine #26 du 25 avril 2022 au 1 mai 2022,7,26,Mai,2022,25 avril 2022
2022-05-02,2022,5,Mai,lundi,2022 fiscale,Trimestre 3,27,Semaine #27 du 2 mai 2022 au 8 mai 2022,Semaine #27 du 2 mai 2022 au 8 mai 2022,7,27,Mai,2022,2 mai 2022
2022-05-03,2022,5,Mai,mardi,2022 fiscale,Trimestre 3,27,Semaine #27 du 2 mai 2022 au 8 mai 2022,Semaine #27 du 2 mai 2022 au 8 mai 2022,7,27,Mai,2022,2 mai 2022
2022-05-04,2022,5,Mai,mercredi,2022 fiscale,Trimestre 3,27,Semaine #27 du 2 mai 2022 au 8 mai 2022,Semaine #27 du 2 mai 2022 au 8 mai 2022,7,27,Mai,2022,2 mai 2022
2022-05-05,2022,5,Mai,jeudi,2022 fiscale,Trimestre 3,27,Semaine #27 du 2 mai 2022 au 8 mai 2022,Semaine #27 du 2 mai 2022 au 8 mai 2022,7,27,Mai,2022,2 mai 2022
2022-05-06,2022,5,Mai,vendredi,2022 fiscale,Trimestre 3,27,Semaine #27 du 2 mai 2022 au 8 mai 2022,Semaine #27 du 2 mai 2022 au 8 mai 2022,7,27,Mai,2022,2 mai 2022
2022-05-07,2022,5,Mai,samedi,2022 fiscale,Trimestre 3,27,Semaine #27 du 2 mai 2022 au 8 mai 2022,Semaine #27 du 2 mai 2022 au 8 mai 2022,7,27,Mai,2022,2 mai 2022
2022-05-08,2022,5,Mai,dimanche,2022 fiscale,Trimestre 3,27,Semaine #27 du 2 mai 2022 au 8 mai 2022,Semaine #27 du 2 mai 2022 au 8 mai 2022,7,27,Mai,2022,2 mai 2022
2022-05-09,2022,5,Mai,lundi,2022 fiscale,Trimestre 3,28,Semaine #28 du 9 mai 2022 au 15 mai 2022,Semaine #28 du 9 mai 2022 au 15 mai 2022,7,28,Mai,2022,9 mai 2022
2022-05-10,2022,5,Mai,mardi,2022 fiscale,Trimestre 3,28,Semaine #28 du 9 mai 2022 au 15 mai 2022,Semaine #28 du 9 mai 2022 au 15 mai 2022,7,28,Mai,2022,9 mai 2022
2022-05-11,2022,5,Mai,mercredi,2022 fiscale,Trimestre 3,28,Semaine #28 du 9 mai 2022 au 15 mai 2022,Semaine #28 du 9 mai 2022 au 15 mai 2022,7,28,Mai,2022,9 mai 2022
2022-05-12,2022,5,Mai,jeudi,2022 fiscale,Trimestre 3,28,Semaine #28 du 9 mai 2022 au 15 mai 2022,Semaine #28 du 9 mai 2022 au 15 mai 2022,7,28,Mai,2022,9 mai 2022
2022-05-13,2022,5,Mai,vendredi,2022 fiscale,Trimestre 3,28,Semaine #28 du 9 mai 2022 au 15 mai 2022,Semaine #28 du 9 mai 2022 au 15 mai 2022,7,28,Mai,2022,9 mai 2022
2022-05-14,2022,5,Mai,samedi,2022 fiscale,Trimestre 3,28,Semaine #28 du 9 mai 2022 au 15 mai 2022,Semaine #28 du 9 mai 2022 au 15 mai 2022,7,28,Mai,2022,9 mai 2022
2022-05-15,2022,5,Mai,dimanche,2022 fiscale,Trimestre 3,28,Semaine #28 du 9 mai 2022 au 15 mai 2022,Semaine #28 du 9 mai 2022 au 15 mai 2022,7,28,Mai,2022,9 mai 2022
2022-05-16,2022,5,Mai,lundi,2022 fiscale,Trimestre 3,29,Semaine #29 du 16 mai 2022 au 22 mai 2022,Semaine #29 du 16 mai 2022 au 22 mai 2022,7,29,Mai,2022,16 mai 2022
2022-05-17,2022,5,Mai,mardi,2022 fiscale,Trimestre 3,29,Semaine #29 du 16 mai 2022 au 22 mai 2022,Semaine #29 du 16 mai 2022 au 22 mai 2022,7,29,Mai,2022,16 mai 2022
2022-05-18,2022,5,Mai,mercredi,2022 fiscale,Trimestre 3,29,Semaine #29 du 16 mai 2022 au 22 mai 2022,Semaine #29 du 16 mai 2022 au 22 mai 2022,7,29,Mai,2022,16 mai 2022
2022-05-19,2022,5,Mai,jeudi,2022 fiscale,Trimestre 3,29,Semaine #29 du 16 mai 2022 au 22 mai 2022,Semaine #29 du 16 mai 2022 au 22 mai 2022,7,29,Mai,2022,16 mai 2022
2022-05-20,2022,5,Mai,vendredi,2022 fiscale,Trimestre 3,29,Semaine #29 du 16 mai 2022 au 22 mai 2022,Semaine #29 du 16 mai 2022 au 22 mai 2022,7,29,Mai,2022,16 mai 2022
2022-05-21,2022,5,Mai,samedi,2022 fiscale,Trimestre 3,29,Semaine #29 du 16 mai 2022 au 22 mai 2022,Semaine #29 du 16 mai 2022 au 22 mai 2022,7,29,Mai,2022,16 mai 2022
2022-05-22,2022,5,Mai,dimanche,2022 fiscale,Trimestre 3,29,Semaine #29 du 16 mai 2022 au 22 mai 2022,Semaine #29 du 16 mai 2022 au 22 mai 2022,7,29,Mai,2022,16 mai 2022
2022-05-23,2022,5,Mai,lundi,2022 fiscale,Trimestre 3,30,Semaine #30 du 23 mai 2022 au 29 mai 2022,Semaine #30 du 23 mai 2022 au 29 mai 2022,7,30,Mai,2022,23 mai 2022
2022-05-24,2022,5,Mai,mardi,2022 fiscale,Trimestre 3,30,Semaine #30 du 23 mai 2022 au 29 mai 2022,Semaine #30 du 23 mai 2022 au 29 mai 2022,7,30,Mai,2022,23 mai 2022
2022-05-25,2022,5,Mai,mercredi,2022 fiscale,Trimestre 3,30,Semaine #30 du 23 mai 2022 au 29 mai 2022,Semaine #30 du 23 mai 2022 au 29 mai 2022,7,30,Mai,2022,23 mai 2022
2022-05-26,2022,5,Mai,jeudi,2022 fiscale,Trimestre 3,30,Semaine #30 du 23 mai 2022 au 29 mai 2022,Semaine #30 du 23 mai 2022 au 29 mai 2022,7,30,Mai,2022,23 mai 2022
2022-05-27,2022,5,Mai,vendredi,2022 fiscale,Trimestre 3,30,Semaine #30 du 23 mai 2022 au 29 mai 2022,Semaine #30 du 23 mai 2022 au 29 mai 2022,7,30,Mai,2022,23 mai 2022
2022-05-28,2022,5,Mai,samedi,2022 fiscale,Trimestre 3,30,Semaine #30 du 23 mai 2022 au 29 mai 2022,Semaine #30 du 23 mai 2022 au 29 mai 2022,7,30,Mai,2022,23 mai 2022
2022-05-29,2022,5,Mai,dimanche,2022 fiscale,Trimestre 3,30,Semaine #30 du 23 mai 2022 au 29 mai 2022,Semaine #30 du 23 mai 2022 au 29 mai 2022,7,30,Mai,2022,23 mai 2022
2022-05-30,2022,5,Mai,lundi,2022 fiscale,Trimestre 3,31,Semaine #31 du 30 mai 2022 au 5 juin 2022,Semaine #31 du 30 mai 2022 au 5 juin 2022,7,31,Mai,2022,30 mai 2022
2022-05-31,2022,5,Mai,mardi,2022 fiscale,Trimestre 3,31,Semaine #31 du 30 mai 2022 au 5 juin 2022,Semaine #31 du 30 mai 2022 au 5 juin 2022,7,31,Mai,2022,30 mai 2022
2022-06-01,2022,6,Juin,mercredi,2022 fiscale,Trimestre 3,31,Semaine #31 du 30 mai 2022 au 5 juin 2022,Semaine #31 du 30 mai 2022 au 5 juin 2022,8,31,Juin,2022,30 mai 2022
2022-06-02,2022,6,Juin,jeudi,2022 fiscale,Trimestre 3,31,Semaine #31 du 30 mai 2022 au 5 juin 2022,Semaine #31 du 30 mai 2022 au 5 juin 2022,8,31,Juin,2022,30 mai 2022
2022-06-03,2022,6,Juin,vendredi,2022 fiscale,Trimestre 3,31,Semaine #31 du 30 mai 2022 au 5 juin 2022,Semaine #31 du 30 mai 2022 au 5 juin 2022,8,31,Juin,2022,30 mai 2022
2022-06-04,2022,6,Juin,samedi,2022 fiscale,Trimestre 3,31,Semaine #31 du 30 mai 2022 au 5 juin 2022,Semaine #31 du 30 mai 2022 au 5 juin 2022,8,31,Juin,2022,30 mai 2022
2022-06-05,2022,6,Juin,dimanche,2022 fiscale,Trimestre 3,31,Semaine #31 du 30 mai 2022 au 5 juin 2022,Semaine #31 du 30 mai 2022 au 5 juin 2022,8,31,Juin,2022,30 mai 2022
2022-06-06,2022,6,Juin,lundi,2022 fiscale,Trimestre 3,32,Semaine #32 du 6 juin 2022 au 12 juin 2022,Semaine #32 du 6 juin 2022 au 12 juin 2022,8,32,Juin,2022,6 juin 2022
2022-06-07,2022,6,Juin,mardi,2022 fiscale,Trimestre 3,32,Semaine #32 du 6 juin 2022 au 12 juin 2022,Semaine #32 du 6 juin 2022 au 12 juin 2022,8,32,Juin,2022,6 juin 2022
2022-06-08,2022,6,Juin,mercredi,2022 fiscale,Trimestre 3,32,Semaine #32 du 6 juin 2022 au 12 juin 2022,Semaine #32 du 6 juin 2022 au 12 juin 2022,8,32,Juin,2022,6 juin 2022
2022-06-09,2022,6,Juin,jeudi,2022 fiscale,Trimestre 3,32,Semaine #32 du 6 juin 2022 au 12 juin 2022,Semaine #32 du 6 juin 2022 au 12 juin 2022,8,32,Juin,2022,6 juin 2022
2022-06-10,2022,6,Juin,vendredi,2022 fiscale,Trimestre 3,32,Semaine #32 du 6 juin 2022 au 12 juin 2022,Semaine #32 du 6 juin 2022 au 12 juin 2022,8,32,Juin,2022,6 juin 2022
2022-06-11,2022,6,Juin,samedi,2022 fiscale,Trimestre 3,32,Semaine #32 du 6 juin 2022 au 12 juin 2022,Semaine #32 du 6 juin 2022 au 12 juin 2022,8,32,Juin,2022,6 juin 2022
2022-06-12,2022,6,Juin,dimanche,2022 fiscale,Trimestre 3,32,Semaine #32 du 6 juin 2022 au 12 juin 2022,Semaine #32 du 6 juin 2022 au 12 juin 2022,8,32,Juin,2022,6 juin 2022
2022-06-13,2022,6,Juin,lundi,2022 fiscale,Trimestre 3,33,Semaine #33 du 13 juin 2022 au 19 juin 2022,Semaine #33 du 13 juin 2022 au 19 juin 2022,8,33,Juin,2022,13 juin 2022
2022-06-14,2022,6,Juin,mardi,2022 fiscale,Trimestre 3,33,Semaine #33 du 13 juin 2022 au 19 juin 2022,Semaine #33 du 13 juin 2022 au 19 juin 2022,8,33,Juin,2022,13 juin 2022
2022-06-15,2022,6,Juin,mercredi,2022 fiscale,Trimestre 3,33,Semaine #33 du 13 juin 2022 au 19 juin 2022,Semaine #33 du 13 juin 2022 au 19 juin 2022,8,33,Juin,2022,13 juin 2022
2022-06-16,2022,6,Juin,jeudi,2022 fiscale,Trimestre 3,33,Semaine #33 du 13 juin 2022 au 19 juin 2022,Semaine #33 du 13 juin 2022 au 19 juin 2022,8,33,Juin,2022,13 juin 2022
2022-06-17,2022,6,Juin,vendredi,2022 fiscale,Trimestre 3,33,Semaine #33 du 13 juin 2022 au 19 juin 2022,Semaine #33 du 13 juin 2022 au 19 juin 2022,8,33,Juin,2022,13 juin 2022
2022-06-18,2022,6,Juin,samedi,2022 fiscale,Trimestre 3,33,Semaine #33 du 13 juin 2022 au 19 juin 2022,Semaine #33 du 13 juin 2022 au 19 juin 2022,8,33,Juin,2022,13 juin 2022
2022-06-19,2022,6,Juin,dimanche,2022 fiscale,Trimestre 3,33,Semaine #33 du 13 juin 2022 au 19 juin 2022,Semaine #33 du 13 juin 2022 au 19 juin 2022,8,33,Juin,2022,13 juin 2022
2022-06-20,2022,6,Juin,lundi,2022 fiscale,Trimestre 3,34,Semaine #34 du 20 juin 2022 au 26 juin 2022,Semaine #34 du 20 juin 2022 au 26 juin 2022,8,34,Juin,2022,20 juin 2022
2022-06-21,2022,6,Juin,mardi,2022 fiscale,Trimestre 3,34,Semaine #34 du 20 juin 2022 au 26 juin 2022,Semaine #34 du 20 juin 2022 au 26 juin 2022,8,34,Juin,2022,20 juin 2022
2022-06-22,2022,6,Juin,mercredi,2022 fiscale,Trimestre 3,34,Semaine #34 du 20 juin 2022 au 26 juin 2022,Semaine #34 du 20 juin 2022 au 26 juin 2022,8,34,Juin,2022,20 juin 2022
2022-06-23,2022,6,Juin,jeudi,2022 fiscale,Trimestre 3,34,Semaine #34 du 20 juin 2022 au 26 juin 2022,Semaine #34 du 20 juin 2022 au 26 juin 2022,8,34,Juin,2022,20 juin 2022
2022-06-24,2022,6,Juin,vendredi,2022 fiscale,Trimestre 3,34,Semaine #34 du 20 juin 2022 au 26 juin 2022,Semaine #34 du 20 juin 2022 au 26 juin 2022,8,34,Juin,2022,20 juin 2022
2022-06-25,2022,6,Juin,samedi,2022 fiscale,Trimestre 3,34,Semaine #34 du 20 juin 2022 au 26 juin 2022,Semaine #34 du 20 juin 2022 au 26 juin 2022,8,34,Juin,2022,20 juin 2022
2022-06-26,2022,6,Juin,dimanche,2022 fiscale,Trimestre 3,34,Semaine #34 du 20 juin 2022 au 26 juin 2022,Semaine #34 du 20 juin 2022 au 26 juin 2022,8,34,Juin,2022,20 juin 2022
2022-06-27,2022,6,Juin,lundi,2022 fiscale,Trimestre 3,35,Semaine #35 du 27 juin 2022 au 3 juillet 2022,Semaine #35 du 27 juin 2022 au 3 juillet 2022,8,35,Juin,2022,27 juin 2022
2022-06-28,2022,6,Juin,mardi,2022 fiscale,Trimestre 3,35,Semaine #35 du 27 juin 2022 au 3 juillet 2022,Semaine #35 du 27 juin 2022 au 3 juillet 2022,8,35,Juin,2022,27 juin 2022
2022-06-29,2022,6,Juin,mercredi,2022 fiscale,Trimestre 3,35,Semaine #35 du 27 juin 2022 au 3 juillet 2022,Semaine #35 du 27 juin 2022 au 3 juillet 2022,8,35,Juin,2022,27 juin 2022
2022-06-30,2022,6,Juin,jeudi,2022 fiscale,Trimestre 3,35,Semaine #35 du 27 juin 2022 au 3 juillet 2022,Semaine #35 du 27 juin 2022 au 3 juillet 2022,8,35,Juin,2022,27 juin 2022
2022-07-01,2022,7,Juillet,vendredi,2022 fiscale,Trimestre 3,35,Semaine #35 du 27 juin 2022 au 3 juillet 2022,Semaine #35 du 27 juin 2022 au 3 juillet 2022,9,35,Juillet,2022,27 juin 2022
2022-07-02,2022,7,Juillet,samedi,2022 fiscale,Trimestre 3,35,Semaine #35 du 27 juin 2022 au 3 juillet 2022,Semaine #35 du 27 juin 2022 au 3 juillet 2022,9,35,Juillet,2022,27 juin 2022
2022-07-03,2022,7,Juillet,dimanche,2022 fiscale,Trimestre 3,35,Semaine #35 du 27 juin 2022 au 3 juillet 2022,Semaine #35 du 27 juin 2022 au 3 juillet 2022,9,35,Juillet,2022,27 juin 2022
2022-07-04,2022,7,Juillet,lundi,2022 fiscale,Trimestre 3,36,Semaine #36 du 4 juillet 2022 au 10 juillet 2022,Semaine #36 du 4 juillet 2022 au 10 juillet 2022,9,36,Juillet,2022,4 juillet 2022
2022-07-05,2022,7,Juillet,mardi,2022 fiscale,Trimestre 3,36,Semaine #36 du 4 juillet 2022 au 10 juillet 2022,Semaine #36 du 4 juillet 2022 au 10 juillet 2022,9,36,Juillet,2022,4 juillet 2022
2022-07-06,2022,7,Juillet,mercredi,2022 fiscale,Trimestre 3,36,Semaine #36 du 4 juillet 2022 au 10 juillet 2022,Semaine #36 du 4 juillet 2022 au 10 juillet 2022,9,36,Juillet,2022,4 juillet 2022
2022-07-07,2022,7,Juillet,jeudi,2022 fiscale,Trimestre 3,36,Semaine #36 du 4 juillet 2022 au 10 juillet 2022,Semaine #36 du 4 juillet 2022 au 10 juillet 2022,9,36,Juillet,2022,4 juillet 2022
2022-07-08,2022,7,Juillet,vendredi,2022 fiscale,Trimestre 3,36,Semaine #36 du 4 juillet 2022 au 10 juillet 2022,Semaine #36 du 4 juillet 2022 au 10 juillet 2022,9,36,Juillet,2022,4 juillet 2022
2022-07-09,2022,7,Juillet,samedi,2022 fiscale,Trimestre 3,36,Semaine #36 du 4 juillet 2022 au 10 juillet 2022,Semaine #36 du 4 juillet 2022 au 10 juillet 2022,9,36,Juillet,2022,4 juillet 2022
2022-07-10,2022,7,Juillet,dimanche,2022 fiscale,Trimestre 3,36,Semaine #36 du 4 juillet 2022 au 10 juillet 2022,Semaine #36 du 4 juillet 2022 au 10 juillet 2022,9,36,Juillet,2022,4 juillet 2022
2022-07-11,2022,7,Juillet,lundi,2022 fiscale,Trimestre 3,37,Semaine #37 du 11 juillet 2022 au 17 juillet 2022,Semaine #37 du 11 juillet 2022 au 17 juillet 2022,9,37,Juillet,2022,11 juillet 2022
2022-07-12,2022,7,Juillet,mardi,2022 fiscale,Trimestre 3,37,Semaine #37 du 11 juillet 2022 au 17 juillet 2022,Semaine #37 du 11 juillet 2022 au 17 juillet 2022,9,37,Juillet,2022,11 juillet 2022
2022-07-13,2022,7,Juillet,mercredi,2022 fiscale,Trimestre 3,37,Semaine #37 du 11 juillet 2022 au 17 juillet 2022,Semaine #37 du 11 juillet 2022 au 17 juillet 2022,9,37,Juillet,2022,11 juillet 2022
2022-07-14,2022,7,Juillet,jeudi,2022 fiscale,Trimestre 3,37,Semaine #37 du 11 juillet 2022 au 17 juillet 2022,Semaine #37 du 11 juillet 2022 au 17 juillet 2022,9,37,Juillet,2022,11 juillet 2022
2022-07-15,2022,7,Juillet,vendredi,2022 fiscale,Trimestre 3,37,Semaine #37 du 11 juillet 2022 au 17 juillet 2022,Semaine #37 du 11 juillet 2022 au 17 juillet 2022,9,37,Juillet,2022,11 juillet 2022
2022-07-16,2022,7,Juillet,samedi,2022 fiscale,Trimestre 3,37,Semaine #37 du 11 juillet 2022 au 17 juillet 2022,Semaine #37 du 11 juillet 2022 au 17 juillet 2022,9,37,Juillet,2022,11 juillet 2022
2022-07-17,2022,7,Juillet,dimanche,2022 fiscale,Trimestre 3,37,Semaine #37 du 11 juillet 2022 au 17 juillet 2022,Semaine #37 du 11 juillet 2022 au 17 juillet 2022,9,37,Juillet,2022,11 juillet 2022
2022-07-18,2022,7,Juillet,lundi,2022 fiscale,Trimestre 3,38,Semaine #38 du 18 juillet 2022 au 24 juillet 2022,Semaine #38 du 18 juillet 2022 au 24 juillet 2022,9,38,Juillet,2022,18 juillet 2022
2022-07-19,2022,7,Juillet,mardi,2022 fiscale,Trimestre 3,38,Semaine #38 du 18 juillet 2022 au 24 juillet 2022,Semaine #38 du 18 juillet 2022 au 24 juillet 2022,9,38,Juillet,2022,18 juillet 2022
2022-07-20,2022,7,Juillet,mercredi,2022 fiscale,Trimestre 3,38,Semaine #38 du 18 juillet 2022 au 24 juillet 2022,Semaine #38 du 18 juillet 2022 au 24 juillet 2022,9,38,Juillet,2022,18 juillet 2022
2022-07-21,2022,7,Juillet,jeudi,2022 fiscale,Trimestre 3,38,Semaine #38 du 18 juillet 2022 au 24 juillet 2022,Semaine #38 du 18 juillet 2022 au 24 juillet 2022,9,38,Juillet,2022,18 juillet 2022
2022-07-22,2022,7,Juillet,vendredi,2022 fiscale,Trimestre 3,38,Semaine #38 du 18 juillet 2022 au 24 juillet 2022,Semaine #38 du 18 juillet 2022 au 24 juillet 2022,9,38,Juillet,2022,18 juillet 2022
2022-07-23,2022,7,Juillet,samedi,2022 fiscale,Trimestre 3,38,Semaine #38 du 18 juillet 2022 au 24 juillet 2022,Semaine #38 du 18 juillet 2022 au 24 juillet 2022,9,38,Juillet,2022,18 juillet 2022
2022-07-24,2022,7,Juillet,dimanche,2022 fiscale,Trimestre 3,38,Semaine #38 du 18 juillet 2022 au 24 juillet 2022,Semaine #38 du 18 juillet 2022 au 24 juillet 2022,9,38,Juillet,2022,18 juillet 2022
2022-07-25,2022,7,Juillet,lundi,2022 fiscale,Trimestre 3,39,Semaine #39 du 25 juillet 2022 au 31 juillet 2022,Semaine #39 du 25 juillet 2022 au 31 juillet 2022,9,39,Juillet,2022,25 juillet 2022
2022-07-26,2022,7,Juillet,mardi,2022 fiscale,Trimestre 3,39,Semaine #39 du 25 juillet 2022 au 31 juillet 2022,Semaine #39 du 25 juillet 2022 au 31 juillet 2022,9,39,Juillet,2022,25 juillet 2022
2022-07-27,2022,7,Juillet,mercredi,2022 fiscale,Trimestre 3,39,Semaine #39 du 25 juillet 2022 au 31 juillet 2022,Semaine #39 du 25 juillet 2022 au 31 juillet 2022,9,39,Juillet,2022,25 juillet 2022
2022-07-28,2022,7,Juillet,jeudi,2022 fiscale,Trimestre 3,39,Semaine #39 du 25 juillet 2022 au 31 juillet 2022,Semaine #39 du 25 juillet 2022 au 31 juillet 2022,9,39,Juillet,2022,25 juillet 2022
2022-07-29,2022,7,Juillet,vendredi,2022 fiscale,Trimestre 3,39,Semaine #39 du 25 juillet 2022 au 31 juillet 2022,Semaine #39 du 25 juillet 2022 au 31 juillet 2022,9,39,Juillet,2022,25 juillet 2022
2022-07-30,2022,7,Juillet,samedi,2022 fiscale,Trimestre 3,39,Semaine #39 du 25 juillet 2022 au 31 juillet 2022,Semaine #39 du 25 juillet 2022 au 31 juillet 2022,9,39,Juillet,2022,25 juillet 2022
2022-07-31,2022,7,Juillet,dimanche,2022 fiscale,Trimestre 3,39,Semaine #39 du 25 juillet 2022 au 31 juillet 2022,Semaine #39 du 25 juillet 2022 au 31 juillet 2022,9,39,Juillet,2022,25 juillet 2022
2022-08-01,2022,8,Août,lundi,2022 fiscale,Trimestre 4,40,Semaine #40 du 1 août 2022 au 7 août 2022,Semaine #40 du 1 août 2022 au 7 août 2022,10,40,Août,2022,1 août 2022
2022-08-02,2022,8,Août,mardi,2022 fiscale,Trimestre 4,40,Semaine #40 du 1 août 2022 au 7 août 2022,Semaine #40 du 1 août 2022 au 7 août 2022,10,40,Août,2022,1 août 2022
2022-08-03,2022,8,Août,mercredi,2022 fiscale,Trimestre 4,40,Semaine #40 du 1 août 2022 au 7 août 2022,Semaine #40 du 1 août 2022 au 7 août 2022,10,40,Août,2022,1 août 2022
2022-08-04,2022,8,Août,jeudi,2022 fiscale,Trimestre 4,40,Semaine #40 du 1 août 2022 au 7 août 2022,Semaine #40 du 1 août 2022 au 7 août 2022,10,40,Août,2022,1 août 2022
2022-08-05,2022,8,Août,vendredi,2022 fiscale,Trimestre 4,40,Semaine #40 du 1 août 2022 au 7 août 2022,Semaine #40 du 1 août 2022 au 7 août 2022,10,40,Août,2022,1 août 2022
2022-08-06,2022,8,Août,samedi,2022 fiscale,Trimestre 4,40,Semaine #40 du 1 août 2022 au 7 août 2022,Semaine #40 du 1 août 2022 au 7 août 2022,10,40,Août,2022,1 août 2022
2022-08-07,2022,8,Août,dimanche,2022 fiscale,Trimestre 4,40,Semaine #40 du 1 août 2022 au 7 août 2022,Semaine #40 du 1 août 2022 au 7 août 2022,10,40,Août,2022,1 août 2022
2022-08-08,2022,8,Août,lundi,2022 fiscale,Trimestre 4,41,Semaine #41 du 8 août 2022 au 14 août 2022,Semaine #41 du 8 août 2022 au 14 août 2022,10,41,Août,2022,8 août 2022
2022-08-09,2022,8,Août,mardi,2022 fiscale,Trimestre 4,41,Semaine #41 du 8 août 2022 au 14 août 2022,Semaine #41 du 8 août 2022 au 14 août 2022,10,41,Août,2022,8 août 2022
2022-08-10,2022,8,Août,mercredi,2022 fiscale,Trimestre 4,41,Semaine #41 du 8 août 2022 au 14 août 2022,Semaine #41 du 8 août 2022 au 14 août 2022,10,41,Août,2022,8 août 2022
2022-08-11,2022,8,Août,jeudi,2022 fiscale,Trimestre 4,41,Semaine #41 du 8 août 2022 au 14 août 2022,Semaine #41 du 8 août 2022 au 14 août 2022,10,41,Août,2022,8 août 2022
2022-08-12,2022,8,Août,vendredi,2022 fiscale,Trimestre 4,41,Semaine #41 du 8 août 2022 au 14 août 2022,Semaine #41 du 8 août 2022 au 14 août 2022,10,41,Août,2022,8 août 2022
2022-08-13,2022,8,Août,samedi,2022 fiscale,Trimestre 4,41,Semaine #41 du 8 août 2022 au 14 août 2022,Semaine #41 du 8 août 2022 au 14 août 2022,10,41,Août,2022,8 août 2022
2022-08-14,2022,8,Août,dimanche,2022 fiscale,Trimestre 4,41,Semaine #41 du 8 août 2022 au 14 août 2022,Semaine #41 du 8 août 2022 au 14 août 2022,10,41,Août,2022,8 août 2022
2022-08-15,2022,8,Août,lundi,2022 fiscale,Trimestre 4,42,Semaine #42 du 15 août 2022 au 21 août 2022,Semaine #42 du 15 août 2022 au 21 août 2022,10,42,Août,2022,15 août 2022
2022-08-16,2022,8,Août,mardi,2022 fiscale,Trimestre 4,42,Semaine #42 du 15 août 2022 au 21 août 2022,Semaine #42 du 15 août 2022 au 21 août 2022,10,42,Août,2022,15 août 2022
2022-08-17,2022,8,Août,mercredi,2022 fiscale,Trimestre 4,42,Semaine #42 du 15 août 2022 au 21 août 2022,Semaine #42 du 15 août 2022 au 21 août 2022,10,42,Août,2022,15 août 2022
2022-08-18,2022,8,Août,jeudi,2022 fiscale,Trimestre 4,42,Semaine #42 du 15 août 2022 au 21 août 2022,Semaine #42 du 15 août 2022 au 21 août 2022,10,42,Août,2022,15 août 2022
2022-08-19,2022,8,Août,vendredi,2022 fiscale,Trimestre 4,42,Semaine #42 du 15 août 2022 au 21 août 2022,Semaine #42 du 15 août 2022 au 21 août 2022,10,42,Août,2022,15 août 2022
2022-08-20,2022,8,Août,samedi,2022 fiscale,Trimestre 4,42,Semaine #42 du 15 août 2022 au 21 août 2022,Semaine #42 du 15 août 2022 au 21 août 2022,10,42,Août,2022,15 août 2022
2022-08-21,2022,8,Août,dimanche,2022 fiscale,Trimestre 4,42,Semaine #42 du 15 août 2022 au 21 août 2022,Semaine #42 du 15 août 2022 au 21 août 2022,10,42,Août,2022,15 août 2022
2022-08-22,2022,8,Août,lundi,2022 fiscale,Trimestre 4,43,Semaine #43 du 22 août 2022 au 28 août 2022,Semaine #43 du 22 août 2022 au 28 août 2022,10,43,Août,2022,22 août 2022
2022-08-23,2022,8,Août,mardi,2022 fiscale,Trimestre 4,43,Semaine #43 du 22 août 2022 au 28 août 2022,Semaine #43 du 22 août 2022 au 28 août 2022,10,43,Août,2022,22 août 2022
2022-08-24,2022,8,Août,mercredi,2022 fiscale,Trimestre 4,43,Semaine #43 du 22 août 2022 au 28 août 2022,Semaine #43 du 22 août 2022 au 28 août 2022,10,43,Août,2022,22 août 2022
2022-08-25,2022,8,Août,jeudi,2022 fiscale,Trimestre 4,43,Semaine #43 du 22 août 2022 au 28 août 2022,Semaine #43 du 22 août 2022 au 28 août 2022,10,43,Août,2022,22 août 2022
2022-08-26,2022,8,Août,vendredi,2022 fiscale,Trimestre 4,43,Semaine #43 du 22 août 2022 au 28 août 2022,Semaine #43 du 22 août 2022 au 28 août 2022,10,43,Août,2022,22 août 2022
2022-08-27,2022,8,Août,samedi,2022 fiscale,Trimestre 4,43,Semaine #43 du 22 août 2022 au 28 août 2022,Semaine #43 du 22 août 2022 au 28 août 2022,10,43,Août,2022,22 août 2022
2022-08-28,2022,8,Août,dimanche,2022 fiscale,Trimestre 4,43,Semaine #43 du 22 août 2022 au 28 août 2022,Semaine #43 du 22 août 2022 au 28 août 2022,10,43,Août,2022,22 août 2022
2022-08-29,2022,8,Août,lundi,2022 fiscale,Trimestre 4,44,Semaine #44 du 29 août 2022 au 4 septembre 2022,Semaine #44 du 29 août 2022 au 4 sept 2022,10,44,Août,2022,29 août 2022
2022-08-30,2022,8,Août,mardi,2022 fiscale,Trimestre 4,44,Semaine #44 du 29 août 2022 au 4 septembre 2022,Semaine #44 du 29 août 2022 au 4 sept 2022,10,44,Août,2022,29 août 2022
2022-08-31,2022,8,Août,mercredi,2022 fiscale,Trimestre 4,44,Semaine #44 du 29 août 2022 au 4 septembre 2022,Semaine #44 du 29 août 2022 au 4 sept 2022,10,44,Août,2022,29 août 2022
2022-09-01,2022,9,Septembre,jeudi,2022 fiscale,Trimestre 4,44,Semaine #44 du 29 août 2022 au 4 septembre 2022,Semaine #44 du 29 août 2022 au 4 sept 2022,11,44,Septembre,2022,29 août 2022
2022-09-02,2022,9,Septembre,vendredi,2022 fiscale,Trimestre 4,44,Semaine #44 du 29 août 2022 au 4 septembre 2022,Semaine #44 du 29 août 2022 au 4 sept 2022,11,44,Septembre,2022,29 août 2022
2022-09-03,2022,9,Septembre,samedi,2022 fiscale,Trimestre 4,44,Semaine #44 du 29 août 2022 au 4 septembre 2022,Semaine #44 du 29 août 2022 au 4 sept 2022,11,44,Septembre,2022,29 août 2022
2022-09-04,2022,9,Septembre,dimanche,2022 fiscale,Trimestre 4,44,Semaine #44 du 29 août 2022 au 4 septembre 2022,Semaine #44 du 29 août 2022 au 4 sept 2022,11,44,Septembre,2022,29 août 2022
2022-09-05,2022,9,Septembre,lundi,2022 fiscale,Trimestre 4,45,Semaine #45 du 5 septembre 2022 au 11 septembre 2022,Semaine #45 du 5 sept 2022 au 11 sept 2022,11,45,Septembre,2022,5 septembre 2022
2022-09-06,2022,9,Septembre,mardi,2022 fiscale,Trimestre 4,45,Semaine #45 du 5 septembre 2022 au 11 septembre 2022,Semaine #45 du 5 sept 2022 au 11 sept 2022,11,45,Septembre,2022,5 septembre 2022
2022-09-07,2022,9,Septembre,mercredi,2022 fiscale,Trimestre 4,45,Semaine #45 du 5 septembre 2022 au 11 septembre 2022,Semaine #45 du 5 sept 2022 au 11 sept 2022,11,45,Septembre,2022,5 septembre 2022
2022-09-08,2022,9,Septembre,jeudi,2022 fiscale,Trimestre 4,45,Semaine #45 du 5 septembre 2022 au 11 septembre 2022,Semaine #45 du 5 sept 2022 au 11 sept 2022,11,45,Septembre,2022,5 septembre 2022
2022-09-09,2022,9,Septembre,vendredi,2022 fiscale,Trimestre 4,45,Semaine #45 du 5 septembre 2022 au 11 septembre 2022,Semaine #45 du 5 sept 2022 au 11 sept 2022,11,45,Septembre,2022,5 septembre 2022
2022-09-10,2022,9,Septembre,samedi,2022 fiscale,Trimestre 4,45,Semaine #45 du 5 septembre 2022 au 11 septembre 2022,Semaine #45 du 5 sept 2022 au 11 sept 2022,11,45,Septembre,2022,5 septembre 2022
2022-09-11,2022,9,Septembre,dimanche,2022 fiscale,Trimestre 4,45,Semaine #45 du 5 septembre 2022 au 11 septembre 2022,Semaine #45 du 5 sept 2022 au 11 sept 2022,11,45,Septembre,2022,5 septembre 2022
2022-09-12,2022,9,Septembre,lundi,2022 fiscale,Trimestre 4,46,Semaine #46 du 12 septembre 2022 au 18 septembre 2022,Semaine #46 du 12 sept 2022 au 18 sept 2022,11,46,Septembre,2022,12 septembre 2022
2022-09-13,2022,9,Septembre,mardi,2022 fiscale,Trimestre 4,46,Semaine #46 du 12 septembre 2022 au 18 septembre 2022,Semaine #46 du 12 sept 2022 au 18 sept 2022,11,46,Septembre,2022,12 septembre 2022
2022-09-14,2022,9,Septembre,mercredi,2022 fiscale,Trimestre 4,46,Semaine #46 du 12 septembre 2022 au 18 septembre 2022,Semaine #46 du 12 sept 2022 au 18 sept 2022,11,46,Septembre,2022,12 septembre 2022
2022-09-15,2022,9,Septembre,jeudi,2022 fiscale,Trimestre 4,46,Semaine #46 du 12 septembre 2022 au 18 septembre 2022,Semaine #46 du 12 sept 2022 au 18 sept 2022,11,46,Septembre,2022,12 septembre 2022
2022-09-16,2022,9,Septembre,vendredi,2022 fiscale,Trimestre 4,46,Semaine #46 du 12 septembre 2022 au 18 septembre 2022,Semaine #46 du 12 sept 2022 au 18 sept 2022,11,46,Septembre,2022,12 septembre 2022
2022-09-17,2022,9,Septembre,samedi,2022 fiscale,Trimestre 4,46,Semaine #46 du 12 septembre 2022 au 18 septembre 2022,Semaine #46 du 12 sept 2022 au 18 sept 2022,11,46,Septembre,2022,12 septembre 2022
2022-09-18,2022,9,Septembre,dimanche,2022 fiscale,Trimestre 4,46,Semaine #46 du 12 septembre 2022 au 18 septembre 2022,Semaine #46 du 12 sept 2022 au 18 sept 2022,11,46,Septembre,2022,12 septembre 2022
2022-09-19,2022,9,Septembre,lundi,2022 fiscale,Trimestre 4,47,Semaine #47 du 19 septembre 2022 au 25 septembre 2022,Semaine #47 du 19 sept 2022 au 25 sept 2022,11,47,Septembre,2022,19 septembre 2022
2022-09-20,2022,9,Septembre,mardi,2022 fiscale,Trimestre 4,47,Semaine #47 du 19 septembre 2022 au 25 septembre 2022,Semaine #47 du 19 sept 2022 au 25 sept 2022,11,47,Septembre,2022,19 septembre 2022
2022-09-21,2022,9,Septembre,mercredi,2022 fiscale,Trimestre 4,47,Semaine #47 du 19 septembre 2022 au 25 septembre 2022,Semaine #47 du 19 sept 2022 au 25 sept 2022,11,47,Septembre,2022,19 septembre 2022
2022-09-22,2022,9,Septembre,jeudi,2022 fiscale,Trimestre 4,47,Semaine #47 du 19 septembre 2022 au 25 septembre 2022,Semaine #47 du 19 sept 2022 au 25 sept 2022,11,47,Septembre,2022,19 septembre 2022
2022-09-23,2022,9,Septembre,vendredi,2022 fiscale,Trimestre 4,47,Semaine #47 du 19 septembre 2022 au 25 septembre 2022,Semaine #47 du 19 sept 2022 au 25 sept 2022,11,47,Septembre,2022,19 septembre 2022
2022-09-24,2022,9,Septembre,samedi,2022 fiscale,Trimestre 4,47,Semaine #47 du 19 septembre 2022 au 25 septembre 2022,Semaine #47 du 19 sept 2022 au 25 sept 2022,11,47,Septembre,2022,19 septembre 2022
2022-09-25,2022,9,Septembre,dimanche,2022 fiscale,Trimestre 4,47,Semaine #47 du 19 septembre 2022 au 25 septembre 2022,Semaine #47 du 19 sept 2022 au 25 sept 2022,11,47,Septembre,2022,19 septembre 2022
2022-09-26,2022,9,Septembre,lundi,2022 fiscale,Trimestre 4,48,Semaine #48 du 26 septembre 2022 au 2 octobre 2022,Semaine #48 du 26 sept 2022 au 2 oct 2022,11,48,Septembre,2022,26 septembre 2022
2022-09-27,2022,9,Septembre,mardi,2022 fiscale,Trimestre 4,48,Semaine #48 du 26 septembre 2022 au 2 octobre 2022,Semaine #48 du 26 sept 2022 au 2 oct 2022,11,48,Septembre,2022,26 septembre 2022
2022-09-28,2022,9,Septembre,mercredi,2022 fiscale,Trimestre 4,48,Semaine #48 du 26 septembre 2022 au 2 octobre 2022,Semaine #48 du 26 sept 2022 au 2 oct 2022,11,48,Septembre,2022,26 septembre 2022
2022-09-29,2022,9,Septembre,jeudi,2022 fiscale,Trimestre 4,48,Semaine #48 du 26 septembre 2022 au 2 octobre 2022,Semaine #48 du 26 sept 2022 au 2 oct 2022,11,48,Septembre,2022,26 septembre 2022
2022-09-30,2022,9,Septembre,vendredi,2022 fiscale,Trimestre 4,48,Semaine #48 du 26 septembre 2022 au 2 octobre 2022,Semaine #48 du 26 sept 2022 au 2 oct 2022,11,48,Septembre,2022,26 septembre 2022
2022-10-01,2022,10,Octobre,samedi,2022 fiscale,Trimestre 4,48,Semaine #48 du 26 septembre 2022 au 2 octobre 2022,Semaine #48 du 26 sept 2022 au 2 oct 2022,12,48,Octobre,2022,26 septembre 2022
2022-10-02,2022,10,Octobre,dimanche,2022 fiscale,Trimestre 4,48,Semaine #48 du 26 septembre 2022 au 2 octobre 2022,Semaine #48 du 26 sept 2022 au 2 oct 2022,12,48,Octobre,2022,26 septembre 2022
2022-10-03,2022,10,Octobre,lundi,2022 fiscale,Trimestre 4,49,Semaine #49 du 3 octobre 2022 au 9 octobre 2022,Semaine #49 du 3 oct 2022 au 9 oct 2022,12,49,Octobre,2022,3 octobre 2022
2022-10-04,2022,10,Octobre,mardi,2022 fiscale,Trimestre 4,49,Semaine #49 du 3 octobre 2022 au 9 octobre 2022,Semaine #49 du 3 oct 2022 au 9 oct 2022,12,49,Octobre,2022,3 octobre 2022
2022-10-05,2022,10,Octobre,mercredi,2022 fiscale,Trimestre 4,49,Semaine #49 du 3 octobre 2022 au 9 octobre 2022,Semaine #49 du 3 oct 2022 au 9 oct 2022,12,49,Octobre,2022,3 octobre 2022
2022-10-06,2022,10,Octobre,jeudi,2022 fiscale,Trimestre 4,49,Semaine #49 du 3 octobre 2022 au 9 octobre 2022,Semaine #49 du 3 oct 2022 au 9 oct 2022,12,49,Octobre,2022,3 octobre 2022
2022-10-07,2022,10,Octobre,vendredi,2022 fiscale,Trimestre 4,49,Semaine #49 du 3 octobre 2022 au 9 octobre 2022,Semaine #49 du 3 oct 2022 au 9 oct 2022,12,49,Octobre,2022,3 octobre 2022
2022-10-08,2022,10,Octobre,samedi,2022 fiscale,Trimestre 4,49,Semaine #49 du 3 octobre 2022 au 9 octobre 2022,Semaine #49 du 3 oct 2022 au 9 oct 2022,12,49,Octobre,2022,3 octobre 2022
2022-10-09,2022,10,Octobre,dimanche,2022 fiscale,Trimestre 4,49,Semaine #49 du 3 octobre 2022 au 9 octobre 2022,Semaine #49 du 3 oct 2022 au 9 oct 2022,12,49,Octobre,2022,3 octobre 2022
2022-10-10,2022,10,Octobre,lundi,2022 fiscale,Trimestre 4,50,Semaine #50 du 10 octobre 2022 au 16 octobre 2022,Semaine #50 du 10 oct 2022 au 16 oct 2022,12,50,Octobre,2022,10 octobre 2022
2022-10-11,2022,10,Octobre,mardi,2022 fiscale,Trimestre 4,50,Semaine #50 du 10 octobre 2022 au 16 octobre 2022,Semaine #50 du 10 oct 2022 au 16 oct 2022,12,50,Octobre,2022,10 octobre 2022
2022-10-12,2022,10,Octobre,mercredi,2022 fiscale,Trimestre 4,50,Semaine #50 du 10 octobre 2022 au 16 octobre 2022,Semaine #50 du 10 oct 2022 au 16 oct 2022,12,50,Octobre,2022,10 octobre 2022
2022-10-13,2022,10,Octobre,jeudi,2022 fiscale,Trimestre 4,50,Semaine #50 du 10 octobre 2022 au 16 octobre 2022,Semaine #50 du 10 oct 2022 au 16 oct 2022,12,50,Octobre,2022,10 octobre 2022
2022-10-14,2022,10,Octobre,vendredi,2022 fiscale,Trimestre 4,50,Semaine #50 du 10 octobre 2022 au 16 octobre 2022,Semaine #50 du 10 oct 2022 au 16 oct 2022,12,50,Octobre,2022,10 octobre 2022
2022-10-15,2022,10,Octobre,samedi,2022 fiscale,Trimestre 4,50,Semaine #50 du 10 octobre 2022 au 16 octobre 2022,Semaine #50 du 10 oct 2022 au 16 oct 2022,12,50,Octobre,2022,10 octobre 2022
2022-10-16,2022,10,Octobre,dimanche,2022 fiscale,Trimestre 4,50,Semaine #50 du 10 octobre 2022 au 16 octobre 2022,Semaine #50 du 10 oct 2022 au 16 oct 2022,12,50,Octobre,2022,10 octobre 2022
2022-10-17,2022,10,Octobre,lundi,2022 fiscale,Trimestre 4,51,Semaine #51 du 17 octobre 2022 au 23 octobre 2022,Semaine #51 du 17 oct 2022 au 23 oct 2022,12,51,Octobre,2022,17 octobre 2022
2022-10-18,2022,10,Octobre,mardi,2022 fiscale,Trimestre 4,51,Semaine #51 du 17 octobre 2022 au 23 octobre 2022,Semaine #51 du 17 oct 2022 au 23 oct 2022,12,51,Octobre,2022,17 octobre 2022
2022-10-19,2022,10,Octobre,mercredi,2022 fiscale,Trimestre 4,51,Semaine #51 du 17 octobre 2022 au 23 octobre 2022,Semaine #51 du 17 oct 2022 au 23 oct 2022,12,51,Octobre,2022,17 octobre 2022
2022-10-20,2022,10,Octobre,jeudi,2022 fiscale,Trimestre 4,51,Semaine #51 du 17 octobre 2022 au 23 octobre 2022,Semaine #51 du 17 oct 2022 au 23 oct 2022,12,51,Octobre,2022,17 octobre 2022
2022-10-21,2022,10,Octobre,vendredi,2022 fiscale,Trimestre 4,51,Semaine #51 du 17 octobre 2022 au 23 octobre 2022,Semaine #51 du 17 oct 2022 au 23 oct 2022,12,51,Octobre,2022,17 octobre 2022
2022-10-22,2022,10,Octobre,samedi,2022 fiscale,Trimestre 4,51,Semaine #51 du 17 octobre 2022 au 23 octobre 2022,Semaine #51 du 17 oct 2022 au 23 oct 2022,12,51,Octobre,2022,17 octobre 2022
2022-10-23,2022,10,Octobre,dimanche,2022 fiscale,Trimestre 4,51,Semaine #51 du 17 octobre 2022 au 23 octobre 2022,Semaine #51 du 17 oct 2022 au 23 oct 2022,12,51,Octobre,2022,17 octobre 2022
2022-10-24,2022,10,Octobre,lundi,2022 fiscale,Trimestre 4,52,Semaine #52 du 24 octobre 2022 au 30 octobre 2022,Semaine #52 du 24 oct 2022 au 30 oct 2022,12,52,Octobre,2022,24 octobre 2022
2022-10-25,2022,10,Octobre,mardi,2022 fiscale,Trimestre 4,52,Semaine #52 du 24 octobre 2022 au 30 octobre 2022,Semaine #52 du 24 oct 2022 au 30 oct 2022,12,52,Octobre,2022,24 octobre 2022
2022-10-26,2022,10,Octobre,mercredi,2022 fiscale,Trimestre 4,52,Semaine #52 du 24 octobre 2022 au 30 octobre 2022,Semaine #52 du 24 oct 2022 au 30 oct 2022,12,52,Octobre,2022,24 octobre 2022
2022-10-27,2022,10,Octobre,jeudi,2022 fiscale,Trimestre 4,52,Semaine #52 du 24 octobre 2022 au 30 octobre 2022,Semaine #52 du 24 oct 2022 au 30 oct 2022,12,52,Octobre,2022,24 octobre 2022
2022-10-28,2022,10,Octobre,vendredi,2022 fiscale,Trimestre 4,52,Semaine #52 du 24 octobre 2022 au 30 octobre 2022,Semaine #52 du 24 oct 2022 au 30 oct 2022,12,52,Octobre,2022,24 octobre 2022
2022-10-29,2022,10,Octobre,samedi,2022 fiscale,Trimestre 4,52,Semaine #52 du 24 octobre 2022 au 30 octobre 2022,Semaine #52 du 24 oct 2022 au 30 oct 2022,12,52,Octobre,2022,24 octobre 2022
2022-10-30,2022,10,Octobre,dimanche,2022 fiscale,Trimestre 4,52,Semaine #52 du 24 octobre 2022 au 30 octobre 2022,Semaine #52 du 24 oct 2022 au 30 oct 2022,12,52,Octobre,2022,24 octobre 2022
2022-10-31,2022,10,Octobre,lundi,2023 fiscale,Trimestre 4,1,Semaine #1 du 31 octobre 2022 au 6 novembre 2022,Semaine #1 du 31 oct 2022 au 6 nov 2022,12,1,Novembre,2023,31 octobre 2022
2022-11-01,2022,11,Novembre,mardi,2023 fiscale,Trimestre 1,1,Semaine #1 du 31 octobre 2022 au 6 novembre 2022,Semaine #1 du 31 oct 2022 au 6 nov 2022,1,1,Novembre,2023,31 octobre 2022
2022-11-02,2022,11,Novembre,mercredi,2023 fiscale,Trimestre 1,1,Semaine #1 du 31 octobre 2022 au 6 novembre 2022,Semaine #1 du 31 oct 2022 au 6 nov 2022,1,1,Novembre,2023,31 octobre 2022
2022-11-03,2022,11,Novembre,jeudi,2023 fiscale,Trimestre 1,1,Semaine #1 du 31 octobre 2022 au 6 novembre 2022,Semaine #1 du 31 oct 2022 au 6 nov 2022,1,1,Novembre,2023,31 octobre 2022
2022-11-04,2022,11,Novembre,vendredi,2023 fiscale,Trimestre 1,1,Semaine #1 du 31 octobre 2022 au 6 novembre 2022,Semaine #1 du 31 oct 2022 au 6 nov 2022,1,1,Novembre,2023,31 octobre 2022
2022-11-05,2022,11,Novembre,samedi,2023 fiscale,Trimestre 1,1,Semaine #1 du 31 octobre 2022 au 6 novembre 2022,Semaine #1 du 31 oct 2022 au 6 nov 2022,1,1,Novembre,2023,31 octobre 2022
2022-11-06,2022,11,Novembre,dimanche,2023 fiscale,Trimestre 1,1,Semaine #1 du 31 octobre 2022 au 6 novembre 2022,Semaine #1 du 31 oct 2022 au 6 nov 2022,1,1,Novembre,2023,31 octobre 2022
2022-11-07,2022,11,Novembre,lundi,2023 fiscale,Trimestre 1,2,Semaine #2 du 7 novembre 2022 au 13 novembre 2022,Semaine #2 du 7 nov 2022 au 13 nov 2022,1,2,Novembre,2023,7 novembre 2022
2022-11-08,2022,11,Novembre,mardi,2023 fiscale,Trimestre 1,2,Semaine #2 du 7 novembre 2022 au 13 novembre 2022,Semaine #2 du 7 nov 2022 au 13 nov 2022,1,2,Novembre,2023,7 novembre 2022
2022-11-09,2022,11,Novembre,mercredi,2023 fiscale,Trimestre 1,2,Semaine #2 du 7 novembre 2022 au 13 novembre 2022,Semaine #2 du 7 nov 2022 au 13 nov 2022,1,2,Novembre,2023,7 novembre 2022
2022-11-10,2022,11,Novembre,jeudi,2023 fiscale,Trimestre 1,2,Semaine #2 du 7 novembre 2022 au 13 novembre 2022,Semaine #2 du 7 nov 2022 au 13 nov 2022,1,2,Novembre,2023,7 novembre 2022
2022-11-11,2022,11,Novembre,vendredi,2023 fiscale,Trimestre 1,2,Semaine #2 du 7 novembre 2022 au 13 novembre 2022,Semaine #2 du 7 nov 2022 au 13 nov 2022,1,2,Novembre,2023,7 novembre 2022
2022-11-12,2022,11,Novembre,samedi,2023 fiscale,Trimestre 1,2,Semaine #2 du 7 novembre 2022 au 13 novembre 2022,Semaine #2 du 7 nov 2022 au 13 nov 2022,1,2,Novembre,2023,7 novembre 2022
2022-11-13,2022,11,Novembre,dimanche,2023 fiscale,Trimestre 1,2,Semaine #2 du 7 novembre 2022 au 13 novembre 2022,Semaine #2 du 7 nov 2022 au 13 nov 2022,1,2,Novembre,2023,7 novembre 2022
2022-11-14,2022,11,Novembre,lundi,2023 fiscale,Trimestre 1,3,Semaine #3 du 14 novembre 2022 au 20 novembre 2022,Semaine #3 du 14 nov 2022 au 20 nov 2022,1,3,Novembre,2023,14 novembre 2022
2022-11-15,2022,11,Novembre,mardi,2023 fiscale,Trimestre 1,3,Semaine #3 du 14 novembre 2022 au 20 novembre 2022,Semaine #3 du 14 nov 2022 au 20 nov 2022,1,3,Novembre,2023,14 novembre 2022
2022-11-16,2022,11,Novembre,mercredi,2023 fiscale,Trimestre 1,3,Semaine #3 du 14 novembre 2022 au 20 novembre 2022,Semaine #3 du 14 nov 2022 au 20 nov 2022,1,3,Novembre,2023,14 novembre 2022
2022-11-17,2022,11,Novembre,jeudi,2023 fiscale,Trimestre 1,3,Semaine #3 du 14 novembre 2022 au 20 novembre 2022,Semaine #3 du 14 nov 2022 au 20 nov 2022,1,3,Novembre,2023,14 novembre 2022
2022-11-18,2022,11,Novembre,vendredi,2023 fiscale,Trimestre 1,3,Semaine #3 du 14 novembre 2022 au 20 novembre 2022,Semaine #3 du 14 nov 2022 au 20 nov 2022,1,3,Novembre,2023,14 novembre 2022
2022-11-19,2022,11,Novembre,samedi,2023 fiscale,Trimestre 1,3,Semaine #3 du 14 novembre 2022 au 20 novembre 2022,Semaine #3 du 14 nov 2022 au 20 nov 2022,1,3,Novembre,2023,14 novembre 2022
2022-11-20,2022,11,Novembre,dimanche,2023 fiscale,Trimestre 1,3,Semaine #3 du 14 novembre 2022 au 20 novembre 2022,Semaine #3 du 14 nov 2022 au 20 nov 2022,1,3,Novembre,2023,14 novembre 2022
2022-11-21,2022,11,Novembre,lundi,2023 fiscale,Trimestre 1,4,Semaine #4 du 21 novembre 2022 au 27 novembre 2022,Semaine #4 du 21 nov 2022 au 27 nov 2022,1,4,Novembre,2023,21 novembre 2022
2022-11-22,2022,11,Novembre,mardi,2023 fiscale,Trimestre 1,4,Semaine #4 du 21 novembre 2022 au 27 novembre 2022,Semaine #4 du 21 nov 2022 au 27 nov 2022,1,4,Novembre,2023,21 novembre 2022
2022-11-23,2022,11,Novembre,mercredi,2023 fiscale,Trimestre 1,4,Semaine #4 du 21 novembre 2022 au 27 novembre 2022,Semaine #4 du 21 nov 2022 au 27 nov 2022,1,4,Novembre,2023,21 novembre 2022
2022-11-24,2022,11,Novembre,jeudi,2023 fiscale,Trimestre 1,4,Semaine #4 du 21 novembre 2022 au 27 novembre 2022,Semaine #4 du 21 nov 2022 au 27 nov 2022,1,4,Novembre,2023,21 novembre 2022
2022-11-25,2022,11,Novembre,vendredi,2023 fiscale,Trimestre 1,4,Semaine #4 du 21 novembre 2022 au 27 novembre 2022,Semaine #4 du 21 nov 2022 au 27 nov 2022,1,4,Novembre,2023,21 novembre 2022
2022-11-26,2022,11,Novembre,samedi,2023 fiscale,Trimestre 1,4,Semaine #4 du 21 novembre 2022 au 27 novembre 2022,Semaine #4 du 21 nov 2022 au 27 nov 2022,1,4,Novembre,2023,21 novembre 2022
2022-11-27,2022,11,Novembre,dimanche,2023 fiscale,Trimestre 1,4,Semaine #4 du 21 novembre 2022 au 27 novembre 2022,Semaine #4 du 21 nov 2022 au 27 nov 2022,1,4,Novembre,2023,21 novembre 2022
2022-11-28,2022,11,Novembre,lundi,2023 fiscale,Trimestre 1,5,Semaine #5 du 28 novembre 2022 au 4 décembre 2022,Semaine #5 du 28 nov 2022 au 4 déc 2022,1,5,Novembre,2023,28 novembre 2022
2022-11-29,2022,11,Novembre,mardi,2023 fiscale,Trimestre 1,5,Semaine #5 du 28 novembre 2022 au 4 décembre 2022,Semaine #5 du 28 nov 2022 au 4 déc 2022,1,5,Novembre,2023,28 novembre 2022
2022-11-30,2022,11,Novembre,mercredi,2023 fiscale,Trimestre 1,5,Semaine #5 du 28 novembre 2022 au 4 décembre 2022,Semaine #5 du 28 nov 2022 au 4 déc 2022,1,5,Novembre,2023,28 novembre 2022
2022-12-01,2022,12,Décembre,jeudi,2023 fiscale,Trimestre 1,5,Semaine #5 du 28 novembre 2022 au 4 décembre 2022,Semaine #5 du 28 nov 2022 au 4 déc 2022,2,5,Décembre,2023,28 novembre 2022
2022-12-02,2022,12,Décembre,vendredi,2023 fiscale,Trimestre 1,5,Semaine #5 du 28 novembre 2022 au 4 décembre 2022,Semaine #5 du 28 nov 2022 au 4 déc 2022,2,5,Décembre,2023,28 novembre 2022
2022-12-03,2022,12,Décembre,samedi,2023 fiscale,Trimestre 1,5,Semaine #5 du 28 novembre 2022 au 4 décembre 2022,Semaine #5 du 28 nov 2022 au 4 déc 2022,2,5,Décembre,2023,28 novembre 2022
2022-12-04,2022,12,Décembre,dimanche,2023 fiscale,Trimestre 1,5,Semaine #5 du 28 novembre 2022 au 4 décembre 2022,Semaine #5 du 28 nov 2022 au 4 déc 2022,2,5,Décembre,2023,28 novembre 2022
2022-12-05,2022,12,Décembre,lundi,2023 fiscale,Trimestre 1,6,Semaine #6 du 5 décembre 2022 au 11 décembre 2022,Semaine #6 du 5 déc 2022 au 11 déc 2022,2,6,Décembre,2023,5 décembre 2022
2022-12-06,2022,12,Décembre,mardi,2023 fiscale,Trimestre 1,6,Semaine #6 du 5 décembre 2022 au 11 décembre 2022,Semaine #6 du 5 déc 2022 au 11 déc 2022,2,6,Décembre,2023,5 décembre 2022
2022-12-07,2022,12,Décembre,mercredi,2023 fiscale,Trimestre 1,6,Semaine #6 du 5 décembre 2022 au 11 décembre 2022,Semaine #6 du 5 déc 2022 au 11 déc 2022,2,6,Décembre,2023,5 décembre 2022
2022-12-08,2022,12,Décembre,jeudi,2023 fiscale,Trimestre 1,6,Semaine #6 du 5 décembre 2022 au 11 décembre 2022,Semaine #6 du 5 déc 2022 au 11 déc 2022,2,6,Décembre,2023,5 décembre 2022
2022-12-09,2022,12,Décembre,vendredi,2023 fiscale,Trimestre 1,6,Semaine #6 du 5 décembre 2022 au 11 décembre 2022,Semaine #6 du 5 déc 2022 au 11 déc 2022,2,6,Décembre,2023,5 décembre 2022
2022-12-10,2022,12,Décembre,samedi,2023 fiscale,Trimestre 1,6,Semaine #6 du 5 décembre 2022 au 11 décembre 2022,Semaine #6 du 5 déc 2022 au 11 déc 2022,2,6,Décembre,2023,5 décembre 2022
2022-12-11,2022,12,Décembre,dimanche,2023 fiscale,Trimestre 1,6,Semaine #6 du 5 décembre 2022 au 11 décembre 2022,Semaine #6 du 5 déc 2022 au 11 déc 2022,2,6,Décembre,2023,5 décembre 2022
2022-12-12,2022,12,Décembre,lundi,2023 fiscale,Trimestre 1,7,Semaine #7 du 12 décembre 2022 au 18 décembre 2022,Semaine #7 du 12 déc 2022 au 18 déc 2022,2,7,Décembre,2023,12 décembre 2022
2022-12-13,2022,12,Décembre,mardi,2023 fiscale,Trimestre 1,7,Semaine #7 du 12 décembre 2022 au 18 décembre 2022,Semaine #7 du 12 déc 2022 au 18 déc 2022,2,7,Décembre,2023,12 décembre 2022
2022-12-14,2022,12,Décembre,mercredi,2023 fiscale,Trimestre 1,7,Semaine #7 du 12 décembre 2022 au 18 décembre 2022,Semaine #7 du 12 déc 2022 au 18 déc 2022,2,7,Décembre,2023,12 décembre 2022
2022-12-15,2022,12,Décembre,jeudi,2023 fiscale,Trimestre 1,7,Semaine #7 du 12 décembre 2022 au 18 décembre 2022,Semaine #7 du 12 déc 2022 au 18 déc 2022,2,7,Décembre,2023,12 décembre 2022
2022-12-16,2022,12,Décembre,vendredi,2023 fiscale,Trimestre 1,7,Semaine #7 du 12 décembre 2022 au 18 décembre 2022,Semaine #7 du 12 déc 2022 au 18 déc 2022,2,7,Décembre,2023,12 décembre 2022
2022-12-17,2022,12,Décembre,samedi,2023 fiscale,Trimestre 1,7,Semaine #7 du 12 décembre 2022 au 18 décembre 2022,Semaine #7 du 12 déc 2022 au 18 déc 2022,2,7,Décembre,2023,12 décembre 2022
2022-12-18,2022,12,Décembre,dimanche,2023 fiscale,Trimestre 1,7,Semaine #7 du 12 décembre 2022 au 18 décembre 2022,Semaine #7 du 12 déc 2022 au 18 déc 2022,2,7,Décembre,2023,12 décembre 2022
2022-12-19,2022,12,Décembre,lundi,2023 fiscale,Trimestre 1,8,Semaine #8 du 19 décembre 2022 au 25 décembre 2022,Semaine #8 du 19 déc 2022 au 25 déc 2022,2,8,Décembre,2023,19 décembre 2022
2022-12-20,2022,12,Décembre,mardi,2023 fiscale,Trimestre 1,8,Semaine #8 du 19 décembre 2022 au 25 décembre 2022,Semaine #8 du 19 déc 2022 au 25 déc 2022,2,8,Décembre,2023,19 décembre 2022
2022-12-21,2022,12,Décembre,mercredi,2023 fiscale,Trimestre 1,8,Semaine #8 du 19 décembre 2022 au 25 décembre 2022,Semaine #8 du 19 déc 2022 au 25 déc 2022,2,8,Décembre,2023,19 décembre 2022
2022-12-22,2022,12,Décembre,jeudi,2023 fiscale,Trimestre 1,8,Semaine #8 du 19 décembre 2022 au 25 décembre 2022,Semaine #8 du 19 déc 2022 au 25 déc 2022,2,8,Décembre,2023,19 décembre 2022
2022-12-23,2022,12,Décembre,vendredi,2023 fiscale,Trimestre 1,8,Semaine #8 du 19 décembre 2022 au 25 décembre 2022,Semaine #8 du 19 déc 2022 au 25 déc 2022,2,8,Décembre,2023,19 décembre 2022
2022-12-24,2022,12,Décembre,samedi,2023 fiscale,Trimestre 1,8,Semaine #8 du 19 décembre 2022 au 25 décembre 2022,Semaine #8 du 19 déc 2022 au 25 déc 2022,2,8,Décembre,2023,19 décembre 2022
2022-12-25,2022,12,Décembre,dimanche,2023 fiscale,Trimestre 1,8,Semaine #8 du 19 décembre 2022 au 25 décembre 2022,Semaine #8 du 19 déc 2022 au 25 déc 2022,2,8,Décembre,2023,19 décembre 2022
2022-12-26,2022,12,Décembre,lundi,2023 fiscale,Trimestre 1,9,Semaine #9 du 26 décembre 2022 au 1 janvier 2023,Semaine #9 du 26 déc 2022 au 1 jan 2023,2,9,Décembre,2023,26 décembre 2022
2022-12-27,2022,12,Décembre,mardi,2023 fiscale,Trimestre 1,9,Semaine #9 du 26 décembre 2022 au 1 janvier 2023,Semaine #9 du 26 déc 2022 au 1 jan 2023,2,9,Décembre,2023,26 décembre 2022
2022-12-28,2022,12,Décembre,mercredi,2023 fiscale,Trimestre 1,9,Semaine #9 du 26 décembre 2022 au 1 janvier 2023,Semaine #9 du 26 déc 2022 au 1 jan 2023,2,9,Décembre,2023,26 décembre 2022
2022-12-29,2022,12,Décembre,jeudi,2023 fiscale,Trimestre 1,9,Semaine #9 du 26 décembre 2022 au 1 janvier 2023,Semaine #9 du 26 déc 2022 au 1 jan 2023,2,9,Décembre,2023,26 décembre 2022
2022-12-30,2022,12,Décembre,vendredi,2023 fiscale,Trimestre 1,9,Semaine #9 du 26 décembre 2022 au 1 janvier 2023,Semaine #9 du 26 déc 2022 au 1 jan 2023,2,9,Décembre,2023,26 décembre 2022
2022-12-31,2022,12,Décembre,samedi,2023 fiscale,Trimestre 1,9,Semaine #9 du 26 décembre 2022 au 1 janvier 2023,Semaine #9 du 26 déc 2022 au 1 jan 2023,2,9,Décembre,2023,26 décembre 2022
2023-01-01,2023,1,Janvier,dimanche,2023 fiscale,Trimestre 1,9,Semaine #9 du 26 décembre 2022 au 1 janvier 2023,Semaine #9 du 26 déc 2022 au 1 jan 2023,3,9,Janvier,2023,26 décembre 2022
2023-01-02,2023,1,Janvier,lundi,2023 fiscale,Trimestre 1,10,Semaine #10 du 2 janvier 2023 au 8 janvier 2023,Semaine #10 du 2 jan 2023 au 8 jan 2023,3,10,Janvier,2023,2 janvier 2023
2023-01-03,2023,1,Janvier,mardi,2023 fiscale,Trimestre 1,10,Semaine #10 du 2 janvier 2023 au 8 janvier 2023,Semaine #10 du 2 jan 2023 au 8 jan 2023,3,10,Janvier,2023,2 janvier 2023
2023-01-04,2023,1,Janvier,mercredi,2023 fiscale,Trimestre 1,10,Semaine #10 du 2 janvier 2023 au 8 janvier 2023,Semaine #10 du 2 jan 2023 au 8 jan 2023,3,10,Janvier,2023,2 janvier 2023
2023-01-05,2023,1,Janvier,jeudi,2023 fiscale,Trimestre 1,10,Semaine #10 du 2 janvier 2023 au 8 janvier 2023,Semaine #10 du 2 jan 2023 au 8 jan 2023,3,10,Janvier,2023,2 janvier 2023
2023-01-06,2023,1,Janvier,vendredi,2023 fiscale,Trimestre 1,10,Semaine #10 du 2 janvier 2023 au 8 janvier 2023,Semaine #10 du 2 jan 2023 au 8 jan 2023,3,10,Janvier,2023,2 janvier 2023
2023-01-07,2023,1,Janvier,samedi,2023 fiscale,Trimestre 1,10,Semaine #10 du 2 janvier 2023 au 8 janvier 2023,Semaine #10 du 2 jan 2023 au 8 jan 2023,3,10,Janvier,2023,2 janvier 2023
2023-01-08,2023,1,Janvier,dimanche,2023 fiscale,Trimestre 1,10,Semaine #10 du 2 janvier 2023 au 8 janvier 2023,Semaine #10 du 2 jan 2023 au 8 jan 2023,3,10,Janvier,2023,2 janvier 2023
2023-01-09,2023,1,Janvier,lundi,2023 fiscale,Trimestre 1,11,Semaine #11 du 9 janvier 2023 au 15 janvier 2023,Semaine #11 du 9 jan 2023 au 15 jan 2023,3,11,Janvier,2023,9 janvier 2023
2023-01-10,2023,1,Janvier,mardi,2023 fiscale,Trimestre 1,11,Semaine #11 du 9 janvier 2023 au 15 janvier 2023,Semaine #11 du 9 jan 2023 au 15 jan 2023,3,11,Janvier,2023,9 janvier 2023
2023-01-11,2023,1,Janvier,mercredi,2023 fiscale,Trimestre 1,11,Semaine #11 du 9 janvier 2023 au 15 janvier 2023,Semaine #11 du 9 jan 2023 au 15 jan 2023,3,11,Janvier,2023,9 janvier 2023
2023-01-12,2023,1,Janvier,jeudi,2023 fiscale,Trimestre 1,11,Semaine #11 du 9 janvier 2023 au 15 janvier 2023,Semaine #11 du 9 jan 2023 au 15 jan 2023,3,11,Janvier,2023,9 janvier 2023
2023-01-13,2023,1,Janvier,vendredi,2023 fiscale,Trimestre 1,11,Semaine #11 du 9 janvier 2023 au 15 janvier 2023,Semaine #11 du 9 jan 2023 au 15 jan 2023,3,11,Janvier,2023,9 janvier 2023
2023-01-14,2023,1,Janvier,samedi,2023 fiscale,Trimestre 1,11,Semaine #11 du 9 janvier 2023 au 15 janvier 2023,Semaine #11 du 9 jan 2023 au 15 jan 2023,3,11,Janvier,2023,9 janvier 2023
2023-01-15,2023,1,Janvier,dimanche,2023 fiscale,Trimestre 1,11,Semaine #11 du 9 janvier 2023 au 15 janvier 2023,Semaine #11 du 9 jan 2023 au 15 jan 2023,3,11,Janvier,2023,9 janvier 2023
2023-01-16,2023,1,Janvier,lundi,2023 fiscale,Trimestre 1,12,Semaine #12 du 16 janvier 2023 au 22 janvier 2023,Semaine #12 du 16 jan 2023 au 22 jan 2023,3,12,Janvier,2023,16 janvier 2023
2023-01-17,2023,1,Janvier,mardi,2023 fiscale,Trimestre 1,12,Semaine #12 du 16 janvier 2023 au 22 janvier 2023,Semaine #12 du 16 jan 2023 au 22 jan 2023,3,12,Janvier,2023,16 janvier 2023
2023-01-18,2023,1,Janvier,mercredi,2023 fiscale,Trimestre 1,12,Semaine #12 du 16 janvier 2023 au 22 janvier 2023,Semaine #12 du 16 jan 2023 au 22 jan 2023,3,12,Janvier,2023,16 janvier 2023
2023-01-19,2023,1,Janvier,jeudi,2023 fiscale,Trimestre 1,12,Semaine #12 du 16 janvier 2023 au 22 janvier 2023,Semaine #12 du 16 jan 2023 au 22 jan 2023,3,12,Janvier,2023,16 janvier 2023
2023-01-20,2023,1,Janvier,vendredi,2023 fiscale,Trimestre 1,12,Semaine #12 du 16 janvier 2023 au 22 janvier 2023,Semaine #12 du 16 jan 2023 au 22 jan 2023,3,12,Janvier,2023,16 janvier 2023
2023-01-21,2023,1,Janvier,samedi,2023 fiscale,Trimestre 1,12,Semaine #12 du 16 janvier 2023 au 22 janvier 2023,Semaine #12 du 16 jan 2023 au 22 jan 2023,3,12,Janvier,2023,16 janvier 2023
2023-01-22,2023,1,Janvier,dimanche,2023 fiscale,Trimestre 1,12,Semaine #12 du 16 janvier 2023 au 22 janvier 2023,Semaine #12 du 16 jan 2023 au 22 jan 2023,3,12,Janvier,2023,16 janvier 2023
2023-01-23,2023,1,Janvier,lundi,2023 fiscale,Trimestre 1,13,Semaine #13 du 23 janvier 2023 au 29 janvier 2023,Semaine #13 du 23 jan 2023 au 29 jan 2023,3,13,Janvier,2023,23 janvier 2023
2023-01-24,2023,1,Janvier,mardi,2023 fiscale,Trimestre 1,13,Semaine #13 du 23 janvier 2023 au 29 janvier 2023,Semaine #13 du 23 jan 2023 au 29 jan 2023,3,13,Janvier,2023,23 janvier 2023
2023-01-25,2023,1,Janvier,mercredi,2023 fiscale,Trimestre 1,13,Semaine #13 du 23 janvier 2023 au 29 janvier 2023,Semaine #13 du 23 jan 2023 au 29 jan 2023,3,13,Janvier,2023,23 janvier 2023
2023-01-26,2023,1,Janvier,jeudi,2023 fiscale,Trimestre 1,13,Semaine #13 du 23 janvier 2023 au 29 janvier 2023,Semaine #13 du 23 jan 2023 au 29 jan 2023,3,13,Janvier,2023,23 janvier 2023
2023-01-27,2023,1,Janvier,vendredi,2023 fiscale,Trimestre 1,13,Semaine #13 du 23 janvier 2023 au 29 janvier 2023,Semaine #13 du 23 jan 2023 au 29 jan 2023,3,13,Janvier,2023,23 janvier 2023
2023-01-28,2023,1,Janvier,samedi,2023 fiscale,Trimestre 1,13,Semaine #13 du 23 janvier 2023 au 29 janvier 2023,Semaine #13 du 23 jan 2023 au 29 jan 2023,3,13,Janvier,2023,23 janvier 2023
2023-01-29,2023,1,Janvier,dimanche,2023 fiscale,Trimestre 1,13,Semaine #13 du 23 janvier 2023 au 29 janvier 2023,Semaine #13 du 23 jan 2023 au 29 jan 2023,3,13,Janvier,2023,23 janvier 2023
2023-01-30,2023,1,Janvier,lundi,2023 fiscale,Trimestre 1,14,Semaine #14 du 30 janvier 2023 au 5 février 2023,Semaine #14 du 30 jan 2023 au 5 fév 2023,3,14,Janvier,2023,30 janvier 2023
2023-01-31,2023,1,Janvier,mardi,2023 fiscale,Trimestre 1,14,Semaine #14 du 30 janvier 2023 au 5 février 2023,Semaine #14 du 30 jan 2023 au 5 fév 2023,3,14,Janvier,2023,30 janvier 2023
2023-02-01,2023,2,Février,mercredi,2023 fiscale,Trimestre 2,14,Semaine #14 du 30 janvier 2023 au 5 février 2023,Semaine #14 du 30 jan 2023 au 5 fév 2023,4,14,Février,2023,30 janvier 2023
2023-02-02,2023,2,Février,jeudi,2023 fiscale,Trimestre 2,14,Semaine #14 du 30 janvier 2023 au 5 février 2023,Semaine #14 du 30 jan 2023 au 5 fév 2023,4,14,Février,2023,30 janvier 2023
2023-02-03,2023,2,Février,vendredi,2023 fiscale,Trimestre 2,14,Semaine #14 du 30 janvier 2023 au 5 février 2023,Semaine #14 du 30 jan 2023 au 5 fév 2023,4,14,Février,2023,30 janvier 2023
2023-02-04,2023,2,Février,samedi,2023 fiscale,Trimestre 2,14,Semaine #14 du 30 janvier 2023 au 5 février 2023,Semaine #14 du 30 jan 2023 au 5 fév 2023,4,14,Février,2023,30 janvier 2023
2023-02-05,2023,2,Février,dimanche,2023 fiscale,Trimestre 2,14,Semaine #14 du 30 janvier 2023 au 5 février 2023,Semaine #14 du 30 jan 2023 au 5 fév 2023,4,14,Février,2023,30 janvier 2023
2023-02-06,2023,2,Février,lundi,2023 fiscale,Trimestre 2,15,Semaine #15 du 6 février 2023 au 12 février 2023,Semaine #15 du 6 fév 2023 au 12 fév 2023,4,15,Février,2023,6 février 2023
2023-02-07,2023,2,Février,mardi,2023 fiscale,Trimestre 2,15,Semaine #15 du 6 février 2023 au 12 février 2023,Semaine #15 du 6 fév 2023 au 12 fév 2023,4,15,Février,2023,6 février 2023
2023-02-08,2023,2,Février,mercredi,2023 fiscale,Trimestre 2,15,Semaine #15 du 6 février 2023 au 12 février 2023,Semaine #15 du 6 fév 2023 au 12 fév 2023,4,15,Février,2023,6 février 2023
2023-02-09,2023,2,Février,jeudi,2023 fiscale,Trimestre 2,15,Semaine #15 du 6 février 2023 au 12 février 2023,Semaine #15 du 6 fév 2023 au 12 fév 2023,4,15,Février,2023,6 février 2023
2023-02-10,2023,2,Février,vendredi,2023 fiscale,Trimestre 2,15,Semaine #15 du 6 février 2023 au 12 février 2023,Semaine #15 du 6 fév 2023 au 12 fév 2023,4,15,Février,2023,6 février 2023
2023-02-11,2023,2,Février,samedi,2023 fiscale,Trimestre 2,15,Semaine #15 du 6 février 2023 au 12 février 2023,Semaine #15 du 6 fév 2023 au 12 fév 2023,4,15,Février,2023,6 février 2023
2023-02-12,2023,2,Février,dimanche,2023 fiscale,Trimestre 2,15,Semaine #15 du 6 février 2023 au 12 février 2023,Semaine #15 du 6 fév 2023 au 12 fév 2023,4,15,Février,2023,6 février 2023
2023-02-13,2023,2,Février,lundi,2023 fiscale,Trimestre 2,16,Semaine #16 du 13 février 2023 au 19 février 2023,Semaine #16 du 13 fév 2023 au 19 fév 2023,4,16,Février,2023,13 février 2023
2023-02-14,2023,2,Février,mardi,2023 fiscale,Trimestre 2,16,Semaine #16 du 13 février 2023 au 19 février 2023,Semaine #16 du 13 fév 2023 au 19 fév 2023,4,16,Février,2023,13 février 2023
2023-02-15,2023,2,Février,mercredi,2023 fiscale,Trimestre 2,16,Semaine #16 du 13 février 2023 au 19 février 2023,Semaine #16 du 13 fév 2023 au 19 fév 2023,4,16,Février,2023,13 février 2023
2023-02-16,2023,2,Février,jeudi,2023 fiscale,Trimestre 2,16,Semaine #16 du 13 février 2023 au 19 février 2023,Semaine #16 du 13 fév 2023 au 19 fév 2023,4,16,Février,2023,13 février 2023
2023-02-17,2023,2,Février,vendredi,2023 fiscale,Trimestre 2,16,Semaine #16 du 13 février 2023 au 19 février 2023,Semaine #16 du 13 fév 2023 au 19 fév 2023,4,16,Février,2023,13 février 2023
2023-02-18,2023,2,Février,samedi,2023 fiscale,Trimestre 2,16,Semaine #16 du 13 février 2023 au 19 février 2023,Semaine #16 du 13 fév 2023 au 19 fév 2023,4,16,Février,2023,13 février 2023
2023-02-19,2023,2,Février,dimanche,2023 fiscale,Trimestre 2,16,Semaine #16 du 13 février 2023 au 19 février 2023,Semaine #16 du 13 fév 2023 au 19 fév 2023,4,16,Février,2023,13 février 2023
2023-02-20,2023,2,Février,lundi,2023 fiscale,Trimestre 2,17,Semaine #17 du 20 février 2023 au 26 février 2023,Semaine #17 du 20 fév 2023 au 26 fév 2023,4,17,Février,2023,20 février 2023
2023-02-21,2023,2,Février,mardi,2023 fiscale,Trimestre 2,17,Semaine #17 du 20 février 2023 au 26 février 2023,Semaine #17 du 20 fév 2023 au 26 fév 2023,4,17,Février,2023,20 février 2023
2023-02-22,2023,2,Février,mercredi,2023 fiscale,Trimestre 2,17,Semaine #17 du 20 février 2023 au 26 février 2023,Semaine #17 du 20 fév 2023 au 26 fév 2023,4,17,Février,2023,20 février 2023
2023-02-23,2023,2,Février,jeudi,2023 fiscale,Trimestre 2,17,Semaine #17 du 20 février 2023 au 26 février 2023,Semaine #17 du 20 fév 2023 au 26 fév 2023,4,17,Février,2023,20 février 2023
2023-02-24,2023,2,Février,vendredi,2023 fiscale,Trimestre 2,17,Semaine #17 du 20 février 2023 au 26 février 2023,Semaine #17 du 20 fév 2023 au 26 fév 2023,4,17,Février,2023,20 février 2023
2023-02-25,2023,2,Février,samedi,2023 fiscale,Trimestre 2,17,Semaine #17 du 20 février 2023 au 26 février 2023,Semaine #17 du 20 fév 2023 au 26 fév 2023,4,17,Février,2023,20 février 2023
2023-02-26,2023,2,Février,dimanche,2023 fiscale,Trimestre 2,17,Semaine #17 du 20 février 2023 au 26 février 2023,Semaine #17 du 20 fév 2023 au 26 fév 2023,4,17,Février,2023,20 février 2023
2023-02-27,2023,2,Février,lundi,2023 fiscale,Trimestre 2,18,Semaine #18 du 27 février 2023 au 5 mars 2023,Semaine #18 du 27 fév 2023 au 5 mars 2023,4,18,Février,2023,27 février 2023
2023-02-28,2023,2,Février,mardi,2023 fiscale,Trimestre 2,18,Semaine #18 du 27 février 2023 au 5 mars 2023,Semaine #18 du 27 fév 2023 au 5 mars 2023,4,18,Février,2023,27 février 2023
2023-03-01,2023,3,Mars,mercredi,2023 fiscale,Trimestre 2,18,Semaine #18 du 27 février 2023 au 5 mars 2023,Semaine #18 du 27 fév 2023 au 5 mars 2023,5,18,Mars,2023,27 février 2023
2023-03-02,2023,3,Mars,jeudi,2023 fiscale,Trimestre 2,18,Semaine #18 du 27 février 2023 au 5 mars 2023,Semaine #18 du 27 fév 2023 au 5 mars 2023,5,18,Mars,2023,27 février 2023
2023-03-03,2023,3,Mars,vendredi,2023 fiscale,Trimestre 2,18,Semaine #18 du 27 février 2023 au 5 mars 2023,Semaine #18 du 27 fév 2023 au 5 mars 2023,5,18,Mars,2023,27 février 2023
2023-03-04,2023,3,Mars,samedi,2023 fiscale,Trimestre 2,18,Semaine #18 du 27 février 2023 au 5 mars 2023,Semaine #18 du 27 fév 2023 au 5 mars 2023,5,18,Mars,2023,27 février 2023
2023-03-05,2023,3,Mars,dimanche,2023 fiscale,Trimestre 2,18,Semaine #18 du 27 février 2023 au 5 mars 2023,Semaine #18 du 27 fév 2023 au 5 mars 2023,5,18,Mars,2023,27 février 2023
2023-03-06,2023,3,Mars,lundi,2023 fiscale,Trimestre 2,19,Semaine #19 du 6 mars 2023 au 12 mars 2023,Semaine #19 du 6 mars 2023 au 12 mars 2023,5,19,Mars,2023,6 mars 2023
2023-03-07,2023,3,Mars,mardi,2023 fiscale,Trimestre 2,19,Semaine #19 du 6 mars 2023 au 12 mars 2023,Semaine #19 du 6 mars 2023 au 12 mars 2023,5,19,Mars,2023,6 mars 2023
2023-03-08,2023,3,Mars,mercredi,2023 fiscale,Trimestre 2,19,Semaine #19 du 6 mars 2023 au 12 mars 2023,Semaine #19 du 6 mars 2023 au 12 mars 2023,5,19,Mars,2023,6 mars 2023
2023-03-09,2023,3,Mars,jeudi,2023 fiscale,Trimestre 2,19,Semaine #19 du 6 mars 2023 au 12 mars 2023,Semaine #19 du 6 mars 2023 au 12 mars 2023,5,19,Mars,2023,6 mars 2023
2023-03-10,2023,3,Mars,vendredi,2023 fiscale,Trimestre 2,19,Semaine #19 du 6 mars 2023 au 12 mars 2023,Semaine #19 du 6 mars 2023 au 12 mars 2023,5,19,Mars,2023,6 mars 2023
2023-03-11,2023,3,Mars,samedi,2023 fiscale,Trimestre 2,19,Semaine #19 du 6 mars 2023 au 12 mars 2023,Semaine #19 du 6 mars 2023 au 12 mars 2023,5,19,Mars,2023,6 mars 2023
2023-03-12,2023,3,Mars,dimanche,2023 fiscale,Trimestre 2,19,Semaine #19 du 6 mars 2023 au 12 mars 2023,Semaine #19 du 6 mars 2023 au 12 mars 2023,5,19,Mars,2023,6 mars 2023
2023-03-13,2023,3,Mars,lundi,2023 fiscale,Trimestre 2,20,Semaine #20 du 13 mars 2023 au 19 mars 2023,Semaine #20 du 13 mars 2023 au 19 mars 2023,5,20,Mars,2023,13 mars 2023
2023-03-14,2023,3,Mars,mardi,2023 fiscale,Trimestre 2,20,Semaine #20 du 13 mars 2023 au 19 mars 2023,Semaine #20 du 13 mars 2023 au 19 mars 2023,5,20,Mars,2023,13 mars 2023
2023-03-15,2023,3,Mars,mercredi,2023 fiscale,Trimestre 2,20,Semaine #20 du 13 mars 2023 au 19 mars 2023,Semaine #20 du 13 mars 2023 au 19 mars 2023,5,20,Mars,2023,13 mars 2023
2023-03-16,2023,3,Mars,jeudi,2023 fiscale,Trimestre 2,20,Semaine #20 du 13 mars 2023 au 19 mars 2023,Semaine #20 du 13 mars 2023 au 19 mars 2023,5,20,Mars,2023,13 mars 2023
2023-03-17,2023,3,Mars,vendredi,2023 fiscale,Trimestre 2,20,Semaine #20 du 13 mars 2023 au 19 mars 2023,Semaine #20 du 13 mars 2023 au 19 mars 2023,5,20,Mars,2023,13 mars 2023
2023-03-18,2023,3,Mars,samedi,2023 fiscale,Trimestre 2,20,Semaine #20 du 13 mars 2023 au 19 mars 2023,Semaine #20 du 13 mars 2023 au 19 mars 2023,5,20,Mars,2023,13 mars 2023
2023-03-19,2023,3,Mars,dimanche,2023 fiscale,Trimestre 2,20,Semaine #20 du 13 mars 2023 au 19 mars 2023,Semaine #20 du 13 mars 2023 au 19 mars 2023,5,20,Mars,2023,13 mars 2023
2023-03-20,2023,3,Mars,lundi,2023 fiscale,Trimestre 2,21,Semaine #21 du 20 mars 2023 au 26 mars 2023,Semaine #21 du 20 mars 2023 au 26 mars 2023,5,21,Mars,2023,20 mars 2023
2023-03-21,2023,3,Mars,mardi,2023 fiscale,Trimestre 2,21,Semaine #21 du 20 mars 2023 au 26 mars 2023,Semaine #21 du 20 mars 2023 au 26 mars 2023,5,21,Mars,2023,20 mars 2023
2023-03-22,2023,3,Mars,mercredi,2023 fiscale,Trimestre 2,21,Semaine #21 du 20 mars 2023 au 26 mars 2023,Semaine #21 du 20 mars 2023 au 26 mars 2023,5,21,Mars,2023,20 mars 2023
2023-03-23,2023,3,Mars,jeudi,2023 fiscale,Trimestre 2,21,Semaine #21 du 20 mars 2023 au 26 mars 2023,Semaine #21 du 20 mars 2023 au 26 mars 2023,5,21,Mars,2023,20 mars 2023
2023-03-24,2023,3,Mars,vendredi,2023 fiscale,Trimestre 2,21,Semaine #21 du 20 mars 2023 au 26 mars 2023,Semaine #21 du 20 mars 2023 au 26 mars 2023,5,21,Mars,2023,20 mars 2023
2023-03-25,2023,3,Mars,samedi,2023 fiscale,Trimestre 2,21,Semaine #21 du 20 mars 2023 au 26 mars 2023,Semaine #21 du 20 mars 2023 au 26 mars 2023,5,21,Mars,2023,20 mars 2023
2023-03-26,2023,3,Mars,dimanche,2023 fiscale,Trimestre 2,21,Semaine #21 du 20 mars 2023 au 26 mars 2023,Semaine #21 du 20 mars 2023 au 26 mars 2023,5,21,Mars,2023,20 mars 2023
2023-03-27,2023,3,Mars,lundi,2023 fiscale,Trimestre 2,22,Semaine #22 du 27 mars 2023 au 2 avril 2023,Semaine #22 du 27 mars 2023 au 2 avril 2023,5,22,Mars,2023,27 mars 2023
2023-03-28,2023,3,Mars,mardi,2023 fiscale,Trimestre 2,22,Semaine #22 du 27 mars 2023 au 2 avril 2023,Semaine #22 du 27 mars 2023 au 2 avril 2023,5,22,Mars,2023,27 mars 2023
2023-03-29,2023,3,Mars,mercredi,2023 fiscale,Trimestre 2,22,Semaine #22 du 27 mars 2023 au 2 avril 2023,Semaine #22 du 27 mars 2023 au 2 avril 2023,5,22,Mars,2023,27 mars 2023
2023-03-30,2023,3,Mars,jeudi,2023 fiscale,Trimestre 2,22,Semaine #22 du 27 mars 2023 au 2 avril 2023,Semaine #22 du 27 mars 2023 au 2 avril 2023,5,22,Mars,2023,27 mars 2023
2023-03-31,2023,3,Mars,vendredi,2023 fiscale,Trimestre 2,22,Semaine #22 du 27 mars 2023 au 2 avril 2023,Semaine #22 du 27 mars 2023 au 2 avril 2023,5,22,Mars,2023,27 mars 2023
2023-04-01,2023,4,Avril,samedi,2023 fiscale,Trimestre 2,22,Semaine #22 du 27 mars 2023 au 2 avril 2023,Semaine #22 du 27 mars 2023 au 2 avril 2023,6,22,Avril,2023,27 mars 2023
2023-04-02,2023,4,Avril,dimanche,2023 fiscale,Trimestre 2,22,Semaine #22 du 27 mars 2023 au 2 avril 2023,Semaine #22 du 27 mars 2023 au 2 avril 2023,6,22,Avril,2023,27 mars 2023
2023-04-03,2023,4,Avril,lundi,2023 fiscale,Trimestre 2,23,Semaine #23 du 3 avril 2023 au 9 avril 2023,Semaine #23 du 3 avril 2023 au 9 avril 2023,6,23,Avril,2023,3 avril 2023
2023-04-04,2023,4,Avril,mardi,2023 fiscale,Trimestre 2,23,Semaine #23 du 3 avril 2023 au 9 avril 2023,Semaine #23 du 3 avril 2023 au 9 avril 2023,6,23,Avril,2023,3 avril 2023
2023-04-05,2023,4,Avril,mercredi,2023 fiscale,Trimestre 2,23,Semaine #23 du 3 avril 2023 au 9 avril 2023,Semaine #23 du 3 avril 2023 au 9 avril 2023,6,23,Avril,2023,3 avril 2023
2023-04-06,2023,4,Avril,jeudi,2023 fiscale,Trimestre 2,23,Semaine #23 du 3 avril 2023 au 9 avril 2023,Semaine #23 du 3 avril 2023 au 9 avril 2023,6,23,Avril,2023,3 avril 2023
2023-04-07,2023,4,Avril,vendredi,2023 fiscale,Trimestre 2,23,Semaine #23 du 3 avril 2023 au 9 avril 2023,Semaine #23 du 3 avril 2023 au 9 avril 2023,6,23,Avril,2023,3 avril 2023
2023-04-08,2023,4,Avril,samedi,2023 fiscale,Trimestre 2,23,Semaine #23 du 3 avril 2023 au 9 avril 2023,Semaine #23 du 3 avril 2023 au 9 avril 2023,6,23,Avril,2023,3 avril 2023
2023-04-09,2023,4,Avril,dimanche,2023 fiscale,Trimestre 2,23,Semaine #23 du 3 avril 2023 au 9 avril 2023,Semaine #23 du 3 avril 2023 au 9 avril 2023,6,23,Avril,2023,3 avril 2023
2023-04-10,2023,4,Avril,lundi,2023 fiscale,Trimestre 2,24,Semaine #24 du 10 avril 2023 au 16 avril 2023,Semaine #24 du 10 avril 2023 au 16 avril 2023,6,24,Avril,2023,10 avril 2023
2023-04-11,2023,4,Avril,mardi,2023 fiscale,Trimestre 2,24,Semaine #24 du 10 avril 2023 au 16 avril 2023,Semaine #24 du 10 avril 2023 au 16 avril 2023,6,24,Avril,2023,10 avril 2023
2023-04-12,2023,4,Avril,mercredi,2023 fiscale,Trimestre 2,24,Semaine #24 du 10 avril 2023 au 16 avril 2023,Semaine #24 du 10 avril 2023 au 16 avril 2023,6,24,Avril,2023,10 avril 2023
2023-04-13,2023,4,Avril,jeudi,2023 fiscale,Trimestre 2,24,Semaine #24 du 10 avril 2023 au 16 avril 2023,Semaine #24 du 10 avril 2023 au 16 avril 2023,6,24,Avril,2023,10 avril 2023
2023-04-14,2023,4,Avril,vendredi,2023 fiscale,Trimestre 2,24,Semaine #24 du 10 avril 2023 au 16 avril 2023,Semaine #24 du 10 avril 2023 au 16 avril 2023,6,24,Avril,2023,10 avril 2023
2023-04-15,2023,4,Avril,samedi,2023 fiscale,Trimestre 2,24,Semaine #24 du 10 avril 2023 au 16 avril 2023,Semaine #24 du 10 avril 2023 au 16 avril 2023,6,24,Avril,2023,10 avril 2023
2023-04-16,2023,4,Avril,dimanche,2023 fiscale,Trimestre 2,24,Semaine #24 du 10 avril 2023 au 16 avril 2023,Semaine #24 du 10 avril 2023 au 16 avril 2023,6,24,Avril,2023,10 avril 2023
2023-04-17,2023,4,Avril,lundi,2023 fiscale,Trimestre 2,25,Semaine #25 du 17 avril 2023 au 23 avril 2023,Semaine #25 du 17 avril 2023 au 23 avril 2023,6,25,Avril,2023,17 avril 2023
2023-04-18,2023,4,Avril,mardi,2023 fiscale,Trimestre 2,25,Semaine #25 du 17 avril 2023 au 23 avril 2023,Semaine #25 du 17 avril 2023 au 23 avril 2023,6,25,Avril,2023,17 avril 2023
2023-04-19,2023,4,Avril,mercredi,2023 fiscale,Trimestre 2,25,Semaine #25 du 17 avril 2023 au 23 avril 2023,Semaine #25 du 17 avril 2023 au 23 avril 2023,6,25,Avril,2023,17 avril 2023
2023-04-20,2023,4,Avril,jeudi,2023 fiscale,Trimestre 2,25,Semaine #25 du 17 avril 2023 au 23 avril 2023,Semaine #25 du 17 avril 2023 au 23 avril 2023,6,25,Avril,2023,17 avril 2023
2023-04-21,2023,4,Avril,vendredi,2023 fiscale,Trimestre 2,25,Semaine #25 du 17 avril 2023 au 23 avril 2023,Semaine #25 du 17 avril 2023 au 23 avril 2023,6,25,Avril,2023,17 avril 2023
2023-04-22,2023,4,Avril,samedi,2023 fiscale,Trimestre 2,25,Semaine #25 du 17 avril 2023 au 23 avril 2023,Semaine #25 du 17 avril 2023 au 23 avril 2023,6,25,Avril,2023,17 avril 2023
2023-04-23,2023,4,Avril,dimanche,2023 fiscale,Trimestre 2,25,Semaine #25 du 17 avril 2023 au 23 avril 2023,Semaine #25 du 17 avril 2023 au 23 avril 2023,6,25,Avril,2023,17 avril 2023
2023-04-24,2023,4,Avril,lundi,2023 fiscale,Trimestre 2,26,Semaine #26 du 24 avril 2023 au 30 avril 2023,Semaine #26 du 24 avril 2023 au 30 avril 2023,6,26,Avril,2023,24 avril 2023
2023-04-25,2023,4,Avril,mardi,2023 fiscale,Trimestre 2,26,Semaine #26 du 24 avril 2023 au 30 avril 2023,Semaine #26 du 24 avril 2023 au 30 avril 2023,6,26,Avril,2023,24 avril 2023
2023-04-26,2023,4,Avril,mercredi,2023 fiscale,Trimestre 2,26,Semaine #26 du 24 avril 2023 au 30 avril 2023,Semaine #26 du 24 avril 2023 au 30 avril 2023,6,26,Avril,2023,24 avril 2023
2023-04-27,2023,4,Avril,jeudi,2023 fiscale,Trimestre 2,26,Semaine #26 du 24 avril 2023 au 30 avril 2023,Semaine #26 du 24 avril 2023 au 30 avril 2023,6,26,Avril,2023,24 avril 2023
2023-04-28,2023,4,Avril,vendredi,2023 fiscale,Trimestre 2,26,Semaine #26 du 24 avril 2023 au 30 avril 2023,Semaine #26 du 24 avril 2023 au 30 avril 2023,6,26,Avril,2023,24 avril 2023
2023-04-29,2023,4,Avril,samedi,2023 fiscale,Trimestre 2,26,Semaine #26 du 24 avril 2023 au 30 avril 2023,Semaine #26 du 24 avril 2023 au 30 avril 2023,6,26,Avril,2023,24 avril 2023
2023-04-30,2023,4,Avril,dimanche,2023 fiscale,Trimestre 2,26,Semaine #26 du 24 avril 2023 au 30 avril 2023,Semaine #26 du 24 avril 2023 au 30 avril 2023,6,26,Avril,2023,24 avril 2023
2023-05-01,2023,5,Mai,lundi,2023 fiscale,Trimestre 3,27,Semaine #27 du 1 mai 2023 au 7 mai 2023,Semaine #27 du 1 mai 2023 au 7 mai 2023,7,27,Mai,2023,1 mai 2023
2023-05-02,2023,5,Mai,mardi,2023 fiscale,Trimestre 3,27,Semaine #27 du 1 mai 2023 au 7 mai 2023,Semaine #27 du 1 mai 2023 au 7 mai 2023,7,27,Mai,2023,1 mai 2023
2023-05-03,2023,5,Mai,mercredi,2023 fiscale,Trimestre 3,27,Semaine #27 du 1 mai 2023 au 7 mai 2023,Semaine #27 du 1 mai 2023 au 7 mai 2023,7,27,Mai,2023,1 mai 2023
2023-05-04,2023,5,Mai,jeudi,2023 fiscale,Trimestre 3,27,Semaine #27 du 1 mai 2023 au 7 mai 2023,Semaine #27 du 1 mai 2023 au 7 mai 2023,7,27,Mai,2023,1 mai 2023
2023-05-05,2023,5,Mai,vendredi,2023 fiscale,Trimestre 3,27,Semaine #27 du 1 mai 2023 au 7 mai 2023,Semaine #27 du 1 mai 2023 au 7 mai 2023,7,27,Mai,2023,1 mai 2023
2023-05-06,2023,5,Mai,samedi,2023 fiscale,Trimestre 3,27,Semaine #27 du 1 mai 2023 au 7 mai 2023,Semaine #27 du 1 mai 2023 au 7 mai 2023,7,27,Mai,2023,1 mai 2023
2023-05-07,2023,5,Mai,dimanche,2023 fiscale,Trimestre 3,27,Semaine #27 du 1 mai 2023 au 7 mai 2023,Semaine #27 du 1 mai 2023 au 7 mai 2023,7,27,Mai,2023,1 mai 2023
2023-05-08,2023,5,Mai,lundi,2023 fiscale,Trimestre 3,28,Semaine #28 du 8 mai 2023 au 14 mai 2023,Semaine #28 du 8 mai 2023 au 14 mai 2023,7,28,Mai,2023,8 mai 2023
2023-05-09,2023,5,Mai,mardi,2023 fiscale,Trimestre 3,28,Semaine #28 du 8 mai 2023 au 14 mai 2023,Semaine #28 du 8 mai 2023 au 14 mai 2023,7,28,Mai,2023,8 mai 2023
2023-05-10,2023,5,Mai,mercredi,2023 fiscale,Trimestre 3,28,Semaine #28 du 8 mai 2023 au 14 mai 2023,Semaine #28 du 8 mai 2023 au 14 mai 2023,7,28,Mai,2023,8 mai 2023
2023-05-11,2023,5,Mai,jeudi,2023 fiscale,Trimestre 3,28,Semaine #28 du 8 mai 2023 au 14 mai 2023,Semaine #28 du 8 mai 2023 au 14 mai 2023,7,28,Mai,2023,8 mai 2023
2023-05-12,2023,5,Mai,vendredi,2023 fiscale,Trimestre 3,28,Semaine #28 du 8 mai 2023 au 14 mai 2023,Semaine #28 du 8 mai 2023 au 14 mai 2023,7,28,Mai,2023,8 mai 2023
2023-05-13,2023,5,Mai,samedi,2023 fiscale,Trimestre 3,28,Semaine #28 du 8 mai 2023 au 14 mai 2023,Semaine #28 du 8 mai 2023 au 14 mai 2023,7,28,Mai,2023,8 mai 2023
2023-05-14,2023,5,Mai,dimanche,2023 fiscale,Trimestre 3,28,Semaine #28 du 8 mai 2023 au 14 mai 2023,Semaine #28 du 8 mai 2023 au 14 mai 2023,7,28,Mai,2023,8 mai 2023
2023-05-15,2023,5,Mai,lundi,2023 fiscale,Trimestre 3,29,Semaine #29 du 15 mai 2023 au 21 mai 2023,Semaine #29 du 15 mai 2023 au 21 mai 2023,7,29,Mai,2023,15 mai 2023
2023-05-16,2023,5,Mai,mardi,2023 fiscale,Trimestre 3,29,Semaine #29 du 15 mai 2023 au 21 mai 2023,Semaine #29 du 15 mai 2023 au 21 mai 2023,7,29,Mai,2023,15 mai 2023
2023-05-17,2023,5,Mai,mercredi,2023 fiscale,Trimestre 3,29,Semaine #29 du 15 mai 2023 au 21 mai 2023,Semaine #29 du 15 mai 2023 au 21 mai 2023,7,29,Mai,2023,15 mai 2023
2023-05-18,2023,5,Mai,jeudi,2023 fiscale,Trimestre 3,29,Semaine #29 du 15 mai 2023 au 21 mai 2023,Semaine #29 du 15 mai 2023 au 21 mai 2023,7,29,Mai,2023,15 mai 2023
2023-05-19,2023,5,Mai,vendredi,2023 fiscale,Trimestre 3,29,Semaine #29 du 15 mai 2023 au 21 mai 2023,Semaine #29 du 15 mai 2023 au 21 mai 2023,7,29,Mai,2023,15 mai 2023
2023-05-20,2023,5,Mai,samedi,2023 fiscale,Trimestre 3,29,Semaine #29 du 15 mai 2023 au 21 mai 2023,Semaine #29 du 15 mai 2023 au 21 mai 2023,7,29,Mai,2023,15 mai 2023
2023-05-21,2023,5,Mai,dimanche,2023 fiscale,Trimestre 3,29,Semaine #29 du 15 mai 2023 au 21 mai 2023,Semaine #29 du 15 mai 2023 au 21 mai 2023,7,29,Mai,2023,15 mai 2023
2023-05-22,2023,5,Mai,lundi,2023 fiscale,Trimestre 3,30,Semaine #30 du 22 mai 2023 au 28 mai 2023,Semaine #30 du 22 mai 2023 au 28 mai 2023,7,30,Mai,2023,22 mai 2023
2023-05-23,2023,5,Mai,mardi,2023 fiscale,Trimestre 3,30,Semaine #30 du 22 mai 2023 au 28 mai 2023,Semaine #30 du 22 mai 2023 au 28 mai 2023,7,30,Mai,2023,22 mai 2023
2023-05-24,2023,5,Mai,mercredi,2023 fiscale,Trimestre 3,30,Semaine #30 du 22 mai 2023 au 28 mai 2023,Semaine #30 du 22 mai 2023 au 28 mai 2023,7,30,Mai,2023,22 mai 2023
2023-05-25,2023,5,Mai,jeudi,2023 fiscale,Trimestre 3,30,Semaine #30 du 22 mai 2023 au 28 mai 2023,Semaine #30 du 22 mai 2023 au 28 mai 2023,7,30,Mai,2023,22 mai 2023
2023-05-26,2023,5,Mai,vendredi,2023 fiscale,Trimestre 3,30,Semaine #30 du 22 mai 2023 au 28 mai 2023,Semaine #30 du 22 mai 2023 au 28 mai 2023,7,30,Mai,2023,22 mai 2023
2023-05-27,2023,5,Mai,samedi,2023 fiscale,Trimestre 3,30,Semaine #30 du 22 mai 2023 au 28 mai 2023,Semaine #30 du 22 mai 2023 au 28 mai 2023,7,30,Mai,2023,22 mai 2023
2023-05-28,2023,5,Mai,dimanche,2023 fiscale,Trimestre 3,30,Semaine #30 du 22 mai 2023 au 28 mai 2023,Semaine #30 du 22 mai 2023 au 28 mai 2023,7,30,Mai,2023,22 mai 2023
2023-05-29,2023,5,Mai,lundi,2023 fiscale,Trimestre 3,31,Semaine #31 du 29 mai 2023 au 4 juin 2023,Semaine #31 du 29 mai 2023 au 4 juin 2023,7,31,Mai,2023,29 mai 2023
2023-05-30,2023,5,Mai,mardi,2023 fiscale,Trimestre 3,31,Semaine #31 du 29 mai 2023 au 4 juin 2023,Semaine #31 du 29 mai 2023 au 4 juin 2023,7,31,Mai,2023,29 mai 2023
2023-05-31,2023,5,Mai,mercredi,2023 fiscale,Trimestre 3,31,Semaine #31 du 29 mai 2023 au 4 juin 2023,Semaine #31 du 29 mai 2023 au 4 juin 2023,7,31,Mai,2023,29 mai 2023
2023-06-01,2023,6,Juin,jeudi,2023 fiscale,Trimestre 3,31,Semaine #31 du 29 mai 2023 au 4 juin 2023,Semaine #31 du 29 mai 2023 au 4 juin 2023,8,31,Juin,2023,29 mai 2023
2023-06-02,2023,6,Juin,vendredi,2023 fiscale,Trimestre 3,31,Semaine #31 du 29 mai 2023 au 4 juin 2023,Semaine #31 du 29 mai 2023 au 4 juin 2023,8,31,Juin,2023,29 mai 2023
2023-06-03,2023,6,Juin,samedi,2023 fiscale,Trimestre 3,31,Semaine #31 du 29 mai 2023 au 4 juin 2023,Semaine #31 du 29 mai 2023 au 4 juin 2023,8,31,Juin,2023,29 mai 2023
2023-06-04,2023,6,Juin,dimanche,2023 fiscale,Trimestre 3,31,Semaine #31 du 29 mai 2023 au 4 juin 2023,Semaine #31 du 29 mai 2023 au 4 juin 2023,8,31,Juin,2023,29 mai 2023
2023-06-05,2023,6,Juin,lundi,2023 fiscale,Trimestre 3,32,Semaine #32 du 5 juin 2023 au 11 juin 2023,Semaine #32 du 5 juin 2023 au 11 juin 2023,8,32,Juin,2023,5 juin 2023
2023-06-06,2023,6,Juin,mardi,2023 fiscale,Trimestre 3,32,Semaine #32 du 5 juin 2023 au 11 juin 2023,Semaine #32 du 5 juin 2023 au 11 juin 2023,8,32,Juin,2023,5 juin 2023
2023-06-07,2023,6,Juin,mercredi,2023 fiscale,Trimestre 3,32,Semaine #32 du 5 juin 2023 au 11 juin 2023,Semaine #32 du 5 juin 2023 au 11 juin 2023,8,32,Juin,2023,5 juin 2023
2023-06-08,2023,6,Juin,jeudi,2023 fiscale,Trimestre 3,32,Semaine #32 du 5 juin 2023 au 11 juin 2023,Semaine #32 du 5 juin 2023 au 11 juin 2023,8,32,Juin,2023,5 juin 2023
2023-06-09,2023,6,Juin,vendredi,2023 fiscale,Trimestre 3,32,Semaine #32 du 5 juin 2023 au 11 juin 2023,Semaine #32 du 5 juin 2023 au 11 juin 2023,8,32,Juin,2023,5 juin 2023
2023-06-10,2023,6,Juin,samedi,2023 fiscale,Trimestre 3,32,Semaine #32 du 5 juin 2023 au 11 juin 2023,Semaine #32 du 5 juin 2023 au 11 juin 2023,8,32,Juin,2023,5 juin 2023
2023-06-11,2023,6,Juin,dimanche,2023 fiscale,Trimestre 3,32,Semaine #32 du 5 juin 2023 au 11 juin 2023,Semaine #32 du 5 juin 2023 au 11 juin 2023,8,32,Juin,2023,5 juin 2023
2023-06-12,2023,6,Juin,lundi,2023 fiscale,Trimestre 3,33,Semaine #33 du 12 juin 2023 au 18 juin 2023,Semaine #33 du 12 juin 2023 au 18 juin 2023,8,33,Juin,2023,12 juin 2023
2023-06-13,2023,6,Juin,mardi,2023 fiscale,Trimestre 3,33,Semaine #33 du 12 juin 2023 au 18 juin 2023,Semaine #33 du 12 juin 2023 au 18 juin 2023,8,33,Juin,2023,12 juin 2023
2023-06-14,2023,6,Juin,mercredi,2023 fiscale,Trimestre 3,33,Semaine #33 du 12 juin 2023 au 18 juin 2023,Semaine #33 du 12 juin 2023 au 18 juin 2023,8,33,Juin,2023,12 juin 2023
2023-06-15,2023,6,Juin,jeudi,2023 fiscale,Trimestre 3,33,Semaine #33 du 12 juin 2023 au 18 juin 2023,Semaine #33 du 12 juin 2023 au 18 juin 2023,8,33,Juin,2023,12 juin 2023
2023-06-16,2023,6,Juin,vendredi,2023 fiscale,Trimestre 3,33,Semaine #33 du 12 juin 2023 au 18 juin 2023,Semaine #33 du 12 juin 2023 au 18 juin 2023,8,33,Juin,2023,12 juin 2023
2023-06-17,2023,6,Juin,samedi,2023 fiscale,Trimestre 3,33,Semaine #33 du 12 juin 2023 au 18 juin 2023,Semaine #33 du 12 juin 2023 au 18 juin 2023,8,33,Juin,2023,12 juin 2023
2023-06-18,2023,6,Juin,dimanche,2023 fiscale,Trimestre 3,33,Semaine #33 du 12 juin 2023 au 18 juin 2023,Semaine #33 du 12 juin 2023 au 18 juin 2023,8,33,Juin,2023,12 juin 2023
2023-06-19,2023,6,Juin,lundi,2023 fiscale,Trimestre 3,34,Semaine #34 du 19 juin 2023 au 25 juin 2023,Semaine #34 du 19 juin 2023 au 25 juin 2023,8,34,Juin,2023,19 juin 2023
2023-06-20,2023,6,Juin,mardi,2023 fiscale,Trimestre 3,34,Semaine #34 du 19 juin 2023 au 25 juin 2023,Semaine #34 du 19 juin 2023 au 25 juin 2023,8,34,Juin,2023,19 juin 2023
2023-06-21,2023,6,Juin,mercredi,2023 fiscale,Trimestre 3,34,Semaine #34 du 19 juin 2023 au 25 juin 2023,Semaine #34 du 19 juin 2023 au 25 juin 2023,8,34,Juin,2023,19 juin 2023
2023-06-22,2023,6,Juin,jeudi,2023 fiscale,Trimestre 3,34,Semaine #34 du 19 juin 2023 au 25 juin 2023,Semaine #34 du 19 juin 2023 au 25 juin 2023,8,34,Juin,2023,19 juin 2023
2023-06-23,2023,6,Juin,vendredi,2023 fiscale,Trimestre 3,34,Semaine #34 du 19 juin 2023 au 25 juin 2023,Semaine #34 du 19 juin 2023 au 25 juin 2023,8,34,Juin,2023,19 juin 2023
2023-06-24,2023,6,Juin,samedi,2023 fiscale,Trimestre 3,34,Semaine #34 du 19 juin 2023 au 25 juin 2023,Semaine #34 du 19 juin 2023 au 25 juin 2023,8,34,Juin,2023,19 juin 2023
2023-06-25,2023,6,Juin,dimanche,2023 fiscale,Trimestre 3,34,Semaine #34 du 19 juin 2023 au 25 juin 2023,Semaine #34 du 19 juin 2023 au 25 juin 2023,8,34,Juin,2023,19 juin 2023
2023-06-26,2023,6,Juin,lundi,2023 fiscale,Trimestre 3,35,Semaine #35 du 26 juin 2023 au 2 juillet 2023,Semaine #35 du 26 juin 2023 au 2 juillet 2023,8,35,Juin,2023,26 juin 2023
2023-06-27,2023,6,Juin,mardi,2023 fiscale,Trimestre 3,35,Semaine #35 du 26 juin 2023 au 2 juillet 2023,Semaine #35 du 26 juin 2023 au 2 juillet 2023,8,35,Juin,2023,26 juin 2023
2023-06-28,2023,6,Juin,mercredi,2023 fiscale,Trimestre 3,35,Semaine #35 du 26 juin 2023 au 2 juillet 2023,Semaine #35 du 26 juin 2023 au 2 juillet 2023,8,35,Juin,2023,26 juin 2023
2023-06-29,2023,6,Juin,jeudi,2023 fiscale,Trimestre 3,35,Semaine #35 du 26 juin 2023 au 2 juillet 2023,Semaine #35 du 26 juin 2023 au 2 juillet 2023,8,35,Juin,2023,26 juin 2023
2023-06-30,2023,6,Juin,vendredi,2023 fiscale,Trimestre 3,35,Semaine #35 du 26 juin 2023 au 2 juillet 2023,Semaine #35 du 26 juin 2023 au 2 juillet 2023,8,35,Juin,2023,26 juin 2023
2023-07-01,2023,7,Juillet,samedi,2023 fiscale,Trimestre 3,35,Semaine #35 du 26 juin 2023 au 2 juillet 2023,Semaine #35 du 26 juin 2023 au 2 juillet 2023,9,35,Juillet,2023,26 juin 2023
2023-07-02,2023,7,Juillet,dimanche,2023 fiscale,Trimestre 3,35,Semaine #35 du 26 juin 2023 au 2 juillet 2023,Semaine #35 du 26 juin 2023 au 2 juillet 2023,9,35,Juillet,2023,26 juin 2023
2023-07-03,2023,7,Juillet,lundi,2023 fiscale,Trimestre 3,36,Semaine #36 du 3 juillet 2023 au 9 juillet 2023,Semaine #36 du 3 juillet 2023 au 9 juillet 2023,9,36,Juillet,2023,3 juillet 2023
2023-07-04,2023,7,Juillet,mardi,2023 fiscale,Trimestre 3,36,Semaine #36 du 3 juillet 2023 au 9 juillet 2023,Semaine #36 du 3 juillet 2023 au 9 juillet 2023,9,36,Juillet,2023,3 juillet 2023
2023-07-05,2023,7,Juillet,mercredi,2023 fiscale,Trimestre 3,36,Semaine #36 du 3 juillet 2023 au 9 juillet 2023,Semaine #36 du 3 juillet 2023 au 9 juillet 2023,9,36,Juillet,2023,3 juillet 2023
2023-07-06,2023,7,Juillet,jeudi,2023 fiscale,Trimestre 3,36,Semaine #36 du 3 juillet 2023 au 9 juillet 2023,Semaine #36 du 3 juillet 2023 au 9 juillet 2023,9,36,Juillet,2023,3 juillet 2023
2023-07-07,2023,7,Juillet,vendredi,2023 fiscale,Trimestre 3,36,Semaine #36 du 3 juillet 2023 au 9 juillet 2023,Semaine #36 du 3 juillet 2023 au 9 juillet 2023,9,36,Juillet,2023,3 juillet 2023
2023-07-08,2023,7,Juillet,samedi,2023 fiscale,Trimestre 3,36,Semaine #36 du 3 juillet 2023 au 9 juillet 2023,Semaine #36 du 3 juillet 2023 au 9 juillet 2023,9,36,Juillet,2023,3 juillet 2023
2023-07-09,2023,7,Juillet,dimanche,2023 fiscale,Trimestre 3,36,Semaine #36 du 3 juillet 2023 au 9 juillet 2023,Semaine #36 du 3 juillet 2023 au 9 juillet 2023,9,36,Juillet,2023,3 juillet 2023
2023-07-10,2023,7,Juillet,lundi,2023 fiscale,Trimestre 3,37,Semaine #37 du 10 juillet 2023 au 16 juillet 2023,Semaine #37 du 10 juillet 2023 au 16 juillet 2023,9,37,Juillet,2023,10 juillet 2023
2023-07-11,2023,7,Juillet,mardi,2023 fiscale,Trimestre 3,37,Semaine #37 du 10 juillet 2023 au 16 juillet 2023,Semaine #37 du 10 juillet 2023 au 16 juillet 2023,9,37,Juillet,2023,10 juillet 2023
2023-07-12,2023,7,Juillet,mercredi,2023 fiscale,Trimestre 3,37,Semaine #37 du 10 juillet 2023 au 16 juillet 2023,Semaine #37 du 10 juillet 2023 au 16 juillet 2023,9,37,Juillet,2023,10 juillet 2023
2023-07-13,2023,7,Juillet,jeudi,2023 fiscale,Trimestre 3,37,Semaine #37 du 10 juillet 2023 au 16 juillet 2023,Semaine #37 du 10 juillet 2023 au 16 juillet 2023,9,37,Juillet,2023,10 juillet 2023
2023-07-14,2023,7,Juillet,vendredi,2023 fiscale,Trimestre 3,37,Semaine #37 du 10 juillet 2023 au 16 juillet 2023,Semaine #37 du 10 juillet 2023 au 16 juillet 2023,9,37,Juillet,2023,10 juillet 2023
2023-07-15,2023,7,Juillet,samedi,2023 fiscale,Trimestre 3,37,Semaine #37 du 10 juillet 2023 au 16 juillet 2023,Semaine #37 du 10 juillet 2023 au 16 juillet 2023,9,37,Juillet,2023,10 juillet 2023
2023-07-16,2023,7,Juillet,dimanche,2023 fiscale,Trimestre 3,37,Semaine #37 du 10 juillet 2023 au 16 juillet 2023,Semaine #37 du 10 juillet 2023 au 16 juillet 2023,9,37,Juillet,2023,10 juillet 2023
2023-07-17,2023,7,Juillet,lundi,2023 fiscale,Trimestre 3,38,Semaine #38 du 17 juillet 2023 au 23 juillet 2023,Semaine #38 du 17 juillet 2023 au 23 juillet 2023,9,38,Juillet,2023,17 juillet 2023
2023-07-18,2023,7,Juillet,mardi,2023 fiscale,Trimestre 3,38,Semaine #38 du 17 juillet 2023 au 23 juillet 2023,Semaine #38 du 17 juillet 2023 au 23 juillet 2023,9,38,Juillet,2023,17 juillet 2023
2023-07-19,2023,7,Juillet,mercredi,2023 fiscale,Trimestre 3,38,Semaine #38 du 17 juillet 2023 au 23 juillet 2023,Semaine #38 du 17 juillet 2023 au 23 juillet 2023,9,38,Juillet,2023,17 juillet 2023
2023-07-20,2023,7,Juillet,jeudi,2023 fiscale,Trimestre 3,38,Semaine #38 du 17 juillet 2023 au 23 juillet 2023,Semaine #38 du 17 juillet 2023 au 23 juillet 2023,9,38,Juillet,2023,17 juillet 2023
2023-07-21,2023,7,Juillet,vendredi,2023 fiscale,Trimestre 3,38,Semaine #38 du 17 juillet 2023 au 23 juillet 2023,Semaine #38 du 17 juillet 2023 au 23 juillet 2023,9,38,Juillet,2023,17 juillet 2023
2023-07-22,2023,7,Juillet,samedi,2023 fiscale,Trimestre 3,38,Semaine #38 du 17 juillet 2023 au 23 juillet 2023,Semaine #38 du 17 juillet 2023 au 23 juillet 2023,9,38,Juillet,2023,17 juillet 2023
2023-07-23,2023,7,Juillet,dimanche,2023 fiscale,Trimestre 3,38,Semaine #38 du 17 juillet 2023 au 23 juillet 2023,Semaine #38 du 17 juillet 2023 au 23 juillet 2023,9,38,Juillet,2023,17 juillet 2023
2023-07-24,2023,7,Juillet,lundi,2023 fiscale,Trimestre 3,39,Semaine #39 du 24 juillet 2023 au 30 juillet 2023,Semaine #39 du 24 juillet 2023 au 30 juillet 2023,9,39,Juillet,2023,24 juillet 2023
2023-07-25,2023,7,Juillet,mardi,2023 fiscale,Trimestre 3,39,Semaine #39 du 24 juillet 2023 au 30 juillet 2023,Semaine #39 du 24 juillet 2023 au 30 juillet 2023,9,39,Juillet,2023,24 juillet 2023
2023-07-26,2023,7,Juillet,mercredi,2023 fiscale,Trimestre 3,39,Semaine #39 du 24 juillet 2023 au 30 juillet 2023,Semaine #39 du 24 juillet 2023 au 30 juillet 2023,9,39,Juillet,2023,24 juillet 2023
2023-07-27,2023,7,Juillet,jeudi,2023 fiscale,Trimestre 3,39,Semaine #39 du 24 juillet 2023 au 30 juillet 2023,Semaine #39 du 24 juillet 2023 au 30 juillet 2023,9,39,Juillet,2023,24 juillet 2023
2023-07-28,2023,7,Juillet,vendredi,2023 fiscale,Trimestre 3,39,Semaine #39 du 24 juillet 2023 au 30 juillet 2023,Semaine #39 du 24 juillet 2023 au 30 juillet 2023,9,39,Juillet,2023,24 juillet 2023
2023-07-29,2023,7,Juillet,samedi,2023 fiscale,Trimestre 3,39,Semaine #39 du 24 juillet 2023 au 30 juillet 2023,Semaine #39 du 24 juillet 2023 au 30 juillet 2023,9,39,Juillet,2023,24 juillet 2023
2023-07-30,2023,7,Juillet,dimanche,2023 fiscale,Trimestre 3,39,Semaine #39 du 24 juillet 2023 au 30 juillet 2023,Semaine #39 du 24 juillet 2023 au 30 juillet 2023,9,39,Juillet,2023,24 juillet 2023
2023-07-31,2023,7,Juillet,lundi,2023 fiscale,Trimestre 3,40,Semaine #40 du 31 juillet 2023 au 6 août 2023,Semaine #40 du 31 juillet 2023 au 6 août 2023,9,40,Juillet,2023,31 juillet 2023
2023-08-01,2023,8,Août,mardi,2023 fiscale,Trimestre 4,40,Semaine #40 du 31 juillet 2023 au 6 août 2023,Semaine #40 du 31 juillet 2023 au 6 août 2023,10,40,Août,2023,31 juillet 2023
2023-08-02,2023,8,Août,mercredi,2023 fiscale,Trimestre 4,40,Semaine #40 du 31 juillet 2023 au 6 août 2023,Semaine #40 du 31 juillet 2023 au 6 août 2023,10,40,Août,2023,31 juillet 2023
2023-08-03,2023,8,Août,jeudi,2023 fiscale,Trimestre 4,40,Semaine #40 du 31 juillet 2023 au 6 août 2023,Semaine #40 du 31 juillet 2023 au 6 août 2023,10,40,Août,2023,31 juillet 2023
2023-08-04,2023,8,Août,vendredi,2023 fiscale,Trimestre 4,40,Semaine #40 du 31 juillet 2023 au 6 août 2023,Semaine #40 du 31 juillet 2023 au 6 août 2023,10,40,Août,2023,31 juillet 2023
2023-08-05,2023,8,Août,samedi,2023 fiscale,Trimestre 4,40,Semaine #40 du 31 juillet 2023 au 6 août 2023,Semaine #40 du 31 juillet 2023 au 6 août 2023,10,40,Août,2023,31 juillet 2023
2023-08-06,2023,8,Août,dimanche,2023 fiscale,Trimestre 4,40,Semaine #40 du 31 juillet 2023 au 6 août 2023,Semaine #40 du 31 juillet 2023 au 6 août 2023,10,40,Août,2023,31 juillet 2023
2023-08-07,2023,8,Août,lundi,2023 fiscale,Trimestre 4,41,Semaine #41 du 7 août 2023 au 13 août 2023,Semaine #41 du 7 août 2023 au 13 août 2023,10,41,Août,2023,7 août 2023
2023-08-08,2023,8,Août,mardi,2023 fiscale,Trimestre 4,41,Semaine #41 du 7 août 2023 au 13 août 2023,Semaine #41 du 7 août 2023 au 13 août 2023,10,41,Août,2023,7 août 2023
2023-08-09,2023,8,Août,mercredi,2023 fiscale,Trimestre 4,41,Semaine #41 du 7 août 2023 au 13 août 2023,Semaine #41 du 7 août 2023 au 13 août 2023,10,41,Août,2023,7 août 2023
2023-08-10,2023,8,Août,jeudi,2023 fiscale,Trimestre 4,41,Semaine #41 du 7 août 2023 au 13 août 2023,Semaine #41 du 7 août 2023 au 13 août 2023,10,41,Août,2023,7 août 2023
2023-08-11,2023,8,Août,vendredi,2023 fiscale,Trimestre 4,41,Semaine #41 du 7 août 2023 au 13 août 2023,Semaine #41 du 7 août 2023 au 13 août 2023,10,41,Août,2023,7 août 2023
2023-08-12,2023,8,Août,samedi,2023 fiscale,Trimestre 4,41,Semaine #41 du 7 août 2023 au 13 août 2023,Semaine #41 du 7 août 2023 au 13 août 2023,10,41,Août,2023,7 août 2023
2023-08-13,2023,8,Août,dimanche,2023 fiscale,Trimestre 4,41,Semaine #41 du 7 août 2023 au 13 août 2023,Semaine #41 du 7 août 2023 au 13 août 2023,10,41,Août,2023,7 août 2023
2023-08-14,2023,8,Août,lundi,2023 fiscale,Trimestre 4,42,Semaine #42 du 14 août 2023 au 20 août 2023,Semaine #42 du 14 août 2023 au 20 août 2023,10,42,Août,2023,14 août 2023
2023-08-15,2023,8,Août,mardi,2023 fiscale,Trimestre 4,42,Semaine #42 du 14 août 2023 au 20 août 2023,Semaine #42 du 14 août 2023 au 20 août 2023,10,42,Août,2023,14 août 2023
2023-08-16,2023,8,Août,mercredi,2023 fiscale,Trimestre 4,42,Semaine #42 du 14 août 2023 au 20 août 2023,Semaine #42 du 14 août 2023 au 20 août 2023,10,42,Août,2023,14 août 2023
2023-08-17,2023,8,Août,jeudi,2023 fiscale,Trimestre 4,42,Semaine #42 du 14 août 2023 au 20 août 2023,Semaine #42 du 14 août 2023 au 20 août 2023,10,42,Août,2023,14 août 2023
2023-08-18,2023,8,Août,vendredi,2023 fiscale,Trimestre 4,42,Semaine #42 du 14 août 2023 au 20 août 2023,Semaine #42 du 14 août 2023 au 20 août 2023,10,42,Août,2023,14 août 2023
2023-08-19,2023,8,Août,samedi,2023 fiscale,Trimestre 4,42,Semaine #42 du 14 août 2023 au 20 août 2023,Semaine #42 du 14 août 2023 au 20 août 2023,10,42,Août,2023,14 août 2023
2023-08-20,2023,8,Août,dimanche,2023 fiscale,Trimestre 4,42,Semaine #42 du 14 août 2023 au 20 août 2023,Semaine #42 du 14 août 2023 au 20 août 2023,10,42,Août,2023,14 août 2023
2023-08-21,2023,8,Août,lundi,2023 fiscale,Trimestre 4,43,Semaine #43 du 21 août 2023 au 27 août 2023,Semaine #43 du 21 août 2023 au 27 août 2023,10,43,Août,2023,21 août 2023
2023-08-22,2023,8,Août,mardi,2023 fiscale,Trimestre 4,43,Semaine #43 du 21 août 2023 au 27 août 2023,Semaine #43 du 21 août 2023 au 27 août 2023,10,43,Août,2023,21 août 2023
2023-08-23,2023,8,Août,mercredi,2023 fiscale,Trimestre 4,43,Semaine #43 du 21 août 2023 au 27 août 2023,Semaine #43 du 21 août 2023 au 27 août 2023,10,43,Août,2023,21 août 2023
2023-08-24,2023,8,Août,jeudi,2023 fiscale,Trimestre 4,43,Semaine #43 du 21 août 2023 au 27 août 2023,Semaine #43 du 21 août 2023 au 27 août 2023,10,43,Août,2023,21 août 2023
2023-08-25,2023,8,Août,vendredi,2023 fiscale,Trimestre 4,43,Semaine #43 du 21 août 2023 au 27 août 2023,Semaine #43 du 21 août 2023 au 27 août 2023,10,43,Août,2023,21 août 2023
2023-08-26,2023,8,Août,samedi,2023 fiscale,Trimestre 4,43,Semaine #43 du 21 août 2023 au 27 août 2023,Semaine #43 du 21 août 2023 au 27 août 2023,10,43,Août,2023,21 août 2023
2023-08-27,2023,8,Août,dimanche,2023 fiscale,Trimestre 4,43,Semaine #43 du 21 août 2023 au 27 août 2023,Semaine #43 du 21 août 2023 au 27 août 2023,10,43,Août,2023,21 août 2023
2023-08-28,2023,8,Août,lundi,2023 fiscale,Trimestre 4,44,Semaine #44 du 28 août 2023 au 3 septembre 2023,Semaine #44 du 28 août 2023 au 3 sept 2023,10,44,Août,2023,28 août 2023
2023-08-29,2023,8,Août,mardi,2023 fiscale,Trimestre 4,44,Semaine #44 du 28 août 2023 au 3 septembre 2023,Semaine #44 du 28 août 2023 au 3 sept 2023,10,44,Août,2023,28 août 2023
2023-08-30,2023,8,Août,mercredi,2023 fiscale,Trimestre 4,44,Semaine #44 du 28 août 2023 au 3 septembre 2023,Semaine #44 du 28 août 2023 au 3 sept 2023,10,44,Août,2023,28 août 2023
2023-08-31,2023,8,Août,jeudi,2023 fiscale,Trimestre 4,44,Semaine #44 du 28 août 2023 au 3 septembre 2023,Semaine #44 du 28 août 2023 au 3 sept 2023,10,44,Août,2023,28 août 2023
2023-09-01,2023,9,Septembre,vendredi,2023 fiscale,Trimestre 4,44,Semaine #44 du 28 août 2023 au 3 septembre 2023,Semaine #44 du 28 août 2023 au 3 sept 2023,11,44,Septembre,2023,28 août 2023
2023-09-02,2023,9,Septembre,samedi,2023 fiscale,Trimestre 4,44,Semaine #44 du 28 août 2023 au 3 septembre 2023,Semaine #44 du 28 août 2023 au 3 sept 2023,11,44,Septembre,2023,28 août 2023
2023-09-03,2023,9,Septembre,dimanche,2023 fiscale,Trimestre 4,44,Semaine #44 du 28 août 2023 au 3 septembre 2023,Semaine #44 du 28 août 2023 au 3 sept 2023,11,44,Septembre,2023,28 août 2023
2023-09-04,2023,9,Septembre,lundi,2023 fiscale,Trimestre 4,45,Semaine #45 du 4 septembre 2023 au 10 septembre 2023,Semaine #45 du 4 sept 2023 au 10 sept 2023,11,45,Septembre,2023,4 septembre 2023
2023-09-05,2023,9,Septembre,mardi,2023 fiscale,Trimestre 4,45,Semaine #45 du 4 septembre 2023 au 10 septembre 2023,Semaine #45 du 4 sept 2023 au 10 sept 2023,11,45,Septembre,2023,4 septembre 2023
2023-09-06,2023,9,Septembre,mercredi,2023 fiscale,Trimestre 4,45,Semaine #45 du 4 septembre 2023 au 10 septembre 2023,Semaine #45 du 4 sept 2023 au 10 sept 2023,11,45,Septembre,2023,4 septembre 2023
2023-09-07,2023,9,Septembre,jeudi,2023 fiscale,Trimestre 4,45,Semaine #45 du 4 septembre 2023 au 10 septembre 2023,Semaine #45 du 4 sept 2023 au 10 sept 2023,11,45,Septembre,2023,4 septembre 2023
2023-09-08,2023,9,Septembre,vendredi,2023 fiscale,Trimestre 4,45,Semaine #45 du 4 septembre 2023 au 10 septembre 2023,Semaine #45 du 4 sept 2023 au 10 sept 2023,11,45,Septembre,2023,4 septembre 2023
2023-09-09,2023,9,Septembre,samedi,2023 fiscale,Trimestre 4,45,Semaine #45 du 4 septembre 2023 au 10 septembre 2023,Semaine #45 du 4 sept 2023 au 10 sept 2023,11,45,Septembre,2023,4 septembre 2023
2023-09-10,2023,9,Septembre,dimanche,2023 fiscale,Trimestre 4,45,Semaine #45 du 4 septembre 2023 au 10 septembre 2023,Semaine #45 du 4 sept 2023 au 10 sept 2023,11,45,Septembre,2023,4 septembre 2023
2023-09-11,2023,9,Septembre,lundi,2023 fiscale,Trimestre 4,46,Semaine #46 du 11 septembre 2023 au 17 septembre 2023,Semaine #46 du 11 sept 2023 au 17 sept 2023,11,46,Septembre,2023,11 septembre 2023
2023-09-12,2023,9,Septembre,mardi,2023 fiscale,Trimestre 4,46,Semaine #46 du 11 septembre 2023 au 17 septembre 2023,Semaine #46 du 11 sept 2023 au 17 sept 2023,11,46,Septembre,2023,11 septembre 2023
2023-09-13,2023,9,Septembre,mercredi,2023 fiscale,Trimestre 4,46,Semaine #46 du 11 septembre 2023 au 17 septembre 2023,Semaine #46 du 11 sept 2023 au 17 sept 2023,11,46,Septembre,2023,11 septembre 2023
2023-09-14,2023,9,Septembre,jeudi,2023 fiscale,Trimestre 4,46,Semaine #46 du 11 septembre 2023 au 17 septembre 2023,Semaine #46 du 11 sept 2023 au 17 sept 2023,11,46,Septembre,2023,11 septembre 2023
2023-09-15,2023,9,Septembre,vendredi,2023 fiscale,Trimestre 4,46,Semaine #46 du 11 septembre 2023 au 17 septembre 2023,Semaine #46 du 11 sept 2023 au 17 sept 2023,11,46,Septembre,2023,11 septembre 2023
2023-09-16,2023,9,Septembre,samedi,2023 fiscale,Trimestre 4,46,Semaine #46 du 11 septembre 2023 au 17 septembre 2023,Semaine #46 du 11 sept 2023 au 17 sept 2023,11,46,Septembre,2023,11 septembre 2023
2023-09-17,2023,9,Septembre,dimanche,2023 fiscale,Trimestre 4,46,Semaine #46 du 11 septembre 2023 au 17 septembre 2023,Semaine #46 du 11 sept 2023 au 17 sept 2023,11,46,Septembre,2023,11 septembre 2023
2023-09-18,2023,9,Septembre,lundi,2023 fiscale,Trimestre 4,47,Semaine #47 du 18 septembre 2023 au 24 septembre 2023,Semaine #47 du 18 sept 2023 au 24 sept 2023,11,47,Septembre,2023,18 septembre 2023
2023-09-19,2023,9,Septembre,mardi,2023 fiscale,Trimestre 4,47,Semaine #47 du 18 septembre 2023 au 24 septembre 2023,Semaine #47 du 18 sept 2023 au 24 sept 2023,11,47,Septembre,2023,18 septembre 2023
2023-09-20,2023,9,Septembre,mercredi,2023 fiscale,Trimestre 4,47,Semaine #47 du 18 septembre 2023 au 24 septembre 2023,Semaine #47 du 18 sept 2023 au 24 sept 2023,11,47,Septembre,2023,18 septembre 2023
2023-09-21,2023,9,Septembre,jeudi,2023 fiscale,Trimestre 4,47,Semaine #47 du 18 septembre 2023 au 24 septembre 2023,Semaine #47 du 18 sept 2023 au 24 sept 2023,11,47,Septembre,2023,18 septembre 2023
2023-09-22,2023,9,Septembre,vendredi,2023 fiscale,Trimestre 4,47,Semaine #47 du 18 septembre 2023 au 24 septembre 2023,Semaine #47 du 18 sept 2023 au 24 sept 2023,11,47,Septembre,2023,18 septembre 2023
2023-09-23,2023,9,Septembre,samedi,2023 fiscale,Trimestre 4,47,Semaine #47 du 18 septembre 2023 au 24 septembre 2023,Semaine #47 du 18 sept 2023 au 24 sept 2023,11,47,Septembre,2023,18 septembre 2023
2023-09-24,2023,9,Septembre,dimanche,2023 fiscale,Trimestre 4,47,Semaine #47 du 18 septembre 2023 au 24 septembre 2023,Semaine #47 du 18 sept 2023 au 24 sept 2023,11,47,Septembre,2023,18 septembre 2023
2023-09-25,2023,9,Septembre,lundi,2023 fiscale,Trimestre 4,48,Semaine #48 du 25 septembre 2023 au 1 octobre 2023,Semaine #48 du 25 sept 2023 au 1 oct 2023,11,48,Septembre,2023,25 septembre 2023
2023-09-26,2023,9,Septembre,mardi,2023 fiscale,Trimestre 4,48,Semaine #48 du 25 septembre 2023 au 1 octobre 2023,Semaine #48 du 25 sept 2023 au 1 oct 2023,11,48,Septembre,2023,25 septembre 2023
2023-09-27,2023,9,Septembre,mercredi,2023 fiscale,Trimestre 4,48,Semaine #48 du 25 septembre 2023 au 1 octobre 2023,Semaine #48 du 25 sept 2023 au 1 oct 2023,11,48,Septembre,2023,25 septembre 2023
2023-09-28,2023,9,Septembre,jeudi,2023 fiscale,Trimestre 4,48,Semaine #48 du 25 septembre 2023 au 1 octobre 2023,Semaine #48 du 25 sept 2023 au 1 oct 2023,11,48,Septembre,2023,25 septembre 2023
2023-09-29,2023,9,Septembre,vendredi,2023 fiscale,Trimestre 4,48,Semaine #48 du 25 septembre 2023 au 1 octobre 2023,Semaine #48 du 25 sept 2023 au 1 oct 2023,11,48,Septembre,2023,25 septembre 2023
2023-09-30,2023,9,Septembre,samedi,2023 fiscale,Trimestre 4,48,Semaine #48 du 25 septembre 2023 au 1 octobre 2023,Semaine #48 du 25 sept 2023 au 1 oct 2023,11,48,Septembre,2023,25 septembre 2023
2023-10-01,2023,10,Octobre,dimanche,2023 fiscale,Trimestre 4,48,Semaine #48 du 25 septembre 2023 au 1 octobre 2023,Semaine #48 du 25 sept 2023 au 1 oct 2023,12,48,Octobre,2023,25 septembre 2023
2023-10-02,2023,10,Octobre,lundi,2023 fiscale,Trimestre 4,49,Semaine #49 du 2 octobre 2023 au 8 octobre 2023,Semaine #49 du 2 oct 2023 au 8 oct 2023,12,49,Octobre,2023,2 octobre 2023
2023-10-03,2023,10,Octobre,mardi,2023 fiscale,Trimestre 4,49,Semaine #49 du 2 octobre 2023 au 8 octobre 2023,Semaine #49 du 2 oct 2023 au 8 oct 2023,12,49,Octobre,2023,2 octobre 2023
2023-10-04,2023,10,Octobre,mercredi,2023 fiscale,Trimestre 4,49,Semaine #49 du 2 octobre 2023 au 8 octobre 2023,Semaine #49 du 2 oct 2023 au 8 oct 2023,12,49,Octobre,2023,2 octobre 2023
2023-10-05,2023,10,Octobre,jeudi,2023 fiscale,Trimestre 4,49,Semaine #49 du 2 octobre 2023 au 8 octobre 2023,Semaine #49 du 2 oct 2023 au 8 oct 2023,12,49,Octobre,2023,2 octobre 2023
2023-10-06,2023,10,Octobre,vendredi,2023 fiscale,Trimestre 4,49,Semaine #49 du 2 octobre 2023 au 8 octobre 2023,Semaine #49 du 2 oct 2023 au 8 oct 2023,12,49,Octobre,2023,2 octobre 2023
2023-10-07,2023,10,Octobre,samedi,2023 fiscale,Trimestre 4,49,Semaine #49 du 2 octobre 2023 au 8 octobre 2023,Semaine #49 du 2 oct 2023 au 8 oct 2023,12,49,Octobre,2023,2 octobre 2023
2023-10-08,2023,10,Octobre,dimanche,2023 fiscale,Trimestre 4,49,Semaine #49 du 2 octobre 2023 au 8 octobre 2023,Semaine #49 du 2 oct 2023 au 8 oct 2023,12,49,Octobre,2023,2 octobre 2023
2023-10-09,2023,10,Octobre,lundi,2023 fiscale,Trimestre 4,50,Semaine #50 du 9 octobre 2023 au 15 octobre 2023,Semaine #50 du 9 oct 2023 au 15 oct 2023,12,50,Octobre,2023,9 octobre 2023
2023-10-10,2023,10,Octobre,mardi,2023 fiscale,Trimestre 4,50,Semaine #50 du 9 octobre 2023 au 15 octobre 2023,Semaine #50 du 9 oct 2023 au 15 oct 2023,12,50,Octobre,2023,9 octobre 2023
2023-10-11,2023,10,Octobre,mercredi,2023 fiscale,Trimestre 4,50,Semaine #50 du 9 octobre 2023 au 15 octobre 2023,Semaine #50 du 9 oct 2023 au 15 oct 2023,12,50,Octobre,2023,9 octobre 2023
2023-10-12,2023,10,Octobre,jeudi,2023 fiscale,Trimestre 4,50,Semaine #50 du 9 octobre 2023 au 15 octobre 2023,Semaine #50 du 9 oct 2023 au 15 oct 2023,12,50,Octobre,2023,9 octobre 2023
2023-10-13,2023,10,Octobre,vendredi,2023 fiscale,Trimestre 4,50,Semaine #50 du 9 octobre 2023 au 15 octobre 2023,Semaine #50 du 9 oct 2023 au 15 oct 2023,12,50,Octobre,2023,9 octobre 2023
2023-10-14,2023,10,Octobre,samedi,2023 fiscale,Trimestre 4,50,Semaine #50 du 9 octobre 2023 au 15 octobre 2023,Semaine #50 du 9 oct 2023 au 15 oct 2023,12,50,Octobre,2023,9 octobre 2023
2023-10-15,2023,10,Octobre,dimanche,2023 fiscale,Trimestre 4,50,Semaine #50 du 9 octobre 2023 au 15 octobre 2023,Semaine #50 du 9 oct 2023 au 15 oct 2023,12,50,Octobre,2023,9 octobre 2023
2023-10-16,2023,10,Octobre,lundi,2023 fiscale,Trimestre 4,51,Semaine #51 du 16 octobre 2023 au 22 octobre 2023,Semaine #51 du 16 oct 2023 au 22 oct 2023,12,51,Octobre,2023,16 octobre 2023
2023-10-17,2023,10,Octobre,mardi,2023 fiscale,Trimestre 4,51,Semaine #51 du 16 octobre 2023 au 22 octobre 2023,Semaine #51 du 16 oct 2023 au 22 oct 2023,12,51,Octobre,2023,16 octobre 2023
2023-10-18,2023,10,Octobre,mercredi,2023 fiscale,Trimestre 4,51,Semaine #51 du 16 octobre 2023 au 22 octobre 2023,Semaine #51 du 16 oct 2023 au 22 oct 2023,12,51,Octobre,2023,16 octobre 2023
2023-10-19,2023,10,Octobre,jeudi,2023 fiscale,Trimestre 4,51,Semaine #51 du 16 octobre 2023 au 22 octobre 2023,Semaine #51 du 16 oct 2023 au 22 oct 2023,12,51,Octobre,2023,16 octobre 2023
2023-10-20,2023,10,Octobre,vendredi,2023 fiscale,Trimestre 4,51,Semaine #51 du 16 octobre 2023 au 22 octobre 2023,Semaine #51 du 16 oct 2023 au 22 oct 2023,12,51,Octobre,2023,16 octobre 2023
2023-10-21,2023,10,Octobre,samedi,2023 fiscale,Trimestre 4,51,Semaine #51 du 16 octobre 2023 au 22 octobre 2023,Semaine #51 du 16 oct 2023 au 22 oct 2023,12,51,Octobre,2023,16 octobre 2023
2023-10-22,2023,10,Octobre,dimanche,2023 fiscale,Trimestre 4,51,Semaine #51 du 16 octobre 2023 au 22 octobre 2023,Semaine #51 du 16 oct 2023 au 22 oct 2023,12,51,Octobre,2023,16 octobre 2023
2023-10-23,2023,10,Octobre,lundi,2023 fiscale,Trimestre 4,52,Semaine #52 du 23 octobre 2023 au 29 octobre 2023,Semaine #52 du 23 oct 2023 au 29 oct 2023,12,52,Octobre,2023,23 octobre 2023
2023-10-24,2023,10,Octobre,mardi,2023 fiscale,Trimestre 4,52,Semaine #52 du 23 octobre 2023 au 29 octobre 2023,Semaine #52 du 23 oct 2023 au 29 oct 2023,12,52,Octobre,2023,23 octobre 2023
2023-10-25,2023,10,Octobre,mercredi,2023 fiscale,Trimestre 4,52,Semaine #52 du 23 octobre 2023 au 29 octobre 2023,Semaine #52 du 23 oct 2023 au 29 oct 2023,12,52,Octobre,2023,23 octobre 2023
2023-10-26,2023,10,Octobre,jeudi,2023 fiscale,Trimestre 4,52,Semaine #52 du 23 octobre 2023 au 29 octobre 2023,Semaine #52 du 23 oct 2023 au 29 oct 2023,12,52,Octobre,2023,23 octobre 2023
2023-10-27,2023,10,Octobre,vendredi,2023 fiscale,Trimestre 4,52,Semaine #52 du 23 octobre 2023 au 29 octobre 2023,Semaine #52 du 23 oct 2023 au 29 oct 2023,12,52,Octobre,2023,23 octobre 2023
2023-10-28,2023,10,Octobre,samedi,2023 fiscale,Trimestre 4,52,Semaine #52 du 23 octobre 2023 au 29 octobre 2023,Semaine #52 du 23 oct 2023 au 29 oct 2023,12,52,Octobre,2023,23 octobre 2023
2023-10-29,2023,10,Octobre,dimanche,2023 fiscale,Trimestre 4,52,Semaine #52 du 23 octobre 2023 au 29 octobre 2023,Semaine #52 du 23 oct 2023 au 29 oct 2023,12,52,Octobre,2023,23 octobre 2023
2023-10-30,2023,10,Octobre,lundi,2023 fiscale,Trimestre 4,53,Semaine #53 du 30 octobre 2023 au 5 novembre 2023,Semaine #53 du 30 oct 2023 au 5 nov 2023,12,53,Octobre,2023,30 octobre 2023
2023-10-31,2023,10,Octobre,mardi,2023 fiscale,Trimestre 4,53,Semaine #53 du 30 octobre 2023 au 5 novembre 2023,Semaine #53 du 30 oct 2023 au 5 nov 2023,12,53,Octobre,2023,30 octobre 2023
2023-11-01,2023,11,Novembre,mercredi,2023 fiscale,Trimestre 1,53,Semaine #53 du 30 octobre 2023 au 5 novembre 2023,Semaine #53 du 30 oct 2023 au 5 nov 2023,1,53,Octobre,2023,30 octobre 2023
2023-11-02,2023,11,Novembre,jeudi,2023 fiscale,Trimestre 1,53,Semaine #53 du 30 octobre 2023 au 5 novembre 2023,Semaine #53 du 30 oct 2023 au 5 nov 2023,1,53,Octobre,2023,30 octobre 2023
2023-11-03,2023,11,Novembre,vendredi,2023 fiscale,Trimestre 1,53,Semaine #53 du 30 octobre 2023 au 5 novembre 2023,Semaine #53 du 30 oct 2023 au 5 nov 2023,1,53,Octobre,2023,30 octobre 2023
2023-11-04,2023,11,Novembre,samedi,2023 fiscale,Trimestre 1,53,Semaine #53 du 30 octobre 2023 au 5 novembre 2023,Semaine #53 du 30 oct 2023 au 5 nov 2023,1,53,Octobre,2023,30 octobre 2023
2023-11-05,2023,11,Novembre,dimanche,2023 fiscale,Trimestre 1,53,Semaine #53 du 30 octobre 2023 au 5 novembre 2023,Semaine #53 du 30 oct 2023 au 5 nov 2023,1,53,Octobre,2023,30 octobre 2023
2023-11-06,2023,11,Novembre,lundi,2024 fiscale,Trimestre 1,1,Semaine #1 du 6 novembre 2023 au 12 novembre 2023,Semaine #1 du 6 nov 2023 au 12 nov 2023,1,1,Novembre,2024,6 novembre 2023
2023-11-07,2023,11,Novembre,mardi,2024 fiscale,Trimestre 1,1,Semaine #1 du 6 novembre 2023 au 12 novembre 2023,Semaine #1 du 6 nov 2023 au 12 nov 2023,1,1,Novembre,2024,6 novembre 2023
2023-11-08,2023,11,Novembre,mercredi,2024 fiscale,Trimestre 1,1,Semaine #1 du 6 novembre 2023 au 12 novembre 2023,Semaine #1 du 6 nov 2023 au 12 nov 2023,1,1,Novembre,2024,6 novembre 2023
2023-11-09,2023,11,Novembre,jeudi,2024 fiscale,Trimestre 1,1,Semaine #1 du 6 novembre 2023 au 12 novembre 2023,Semaine #1 du 6 nov 2023 au 12 nov 2023,1,1,Novembre,2024,6 novembre 2023
2023-11-10,2023,11,Novembre,vendredi,2024 fiscale,Trimestre 1,1,Semaine #1 du 6 novembre 2023 au 12 novembre 2023,Semaine #1 du 6 nov 2023 au 12 nov 2023,1,1,Novembre,2024,6 novembre 2023
2023-11-11,2023,11,Novembre,samedi,2024 fiscale,Trimestre 1,1,Semaine #1 du 6 novembre 2023 au 12 novembre 2023,Semaine #1 du 6 nov 2023 au 12 nov 2023,1,1,Novembre,2024,6 novembre 2023
2023-11-12,2023,11,Novembre,dimanche,2024 fiscale,Trimestre 1,1,Semaine #1 du 6 novembre 2023 au 12 novembre 2023,Semaine #1 du 6 nov 2023 au 12 nov 2023,1,1,Novembre,2024,6 novembre 2023
2023-11-13,2023,11,Novembre,lundi,2024 fiscale,Trimestre 1,2,Semaine #2 du 13 novembre 2023 au 19 novembre 2023,Semaine #2 du 13 nov 2023 au 19 nov 2023,1,2,Novembre,2024,13 novembre 2023
2023-11-14,2023,11,Novembre,mardi,2024 fiscale,Trimestre 1,2,Semaine #2 du 13 novembre 2023 au 19 novembre 2023,Semaine #2 du 13 nov 2023 au 19 nov 2023,1,2,Novembre,2024,13 novembre 2023
2023-11-15,2023,11,Novembre,mercredi,2024 fiscale,Trimestre 1,2,Semaine #2 du 13 novembre 2023 au 19 novembre 2023,Semaine #2 du 13 nov 2023 au 19 nov 2023,1,2,Novembre,2024,13 novembre 2023
2023-11-16,2023,11,Novembre,jeudi,2024 fiscale,Trimestre 1,2,Semaine #2 du 13 novembre 2023 au 19 novembre 2023,Semaine #2 du 13 nov 2023 au 19 nov 2023,1,2,Novembre,2024,13 novembre 2023
2023-11-17,2023,11,Novembre,vendredi,2024 fiscale,Trimestre 1,2,Semaine #2 du 13 novembre 2023 au 19 novembre 2023,Semaine #2 du 13 nov 2023 au 19 nov 2023,1,2,Novembre,2024,13 novembre 2023
2023-11-18,2023,11,Novembre,samedi,2024 fiscale,Trimestre 1,2,Semaine #2 du 13 novembre 2023 au 19 novembre 2023,Semaine #2 du 13 nov 2023 au 19 nov 2023,1,2,Novembre,2024,13 novembre 2023
2023-11-19,2023,11,Novembre,dimanche,2024 fiscale,Trimestre 1,2,Semaine #2 du 13 novembre 2023 au 19 novembre 2023,Semaine #2 du 13 nov 2023 au 19 nov 2023,1,2,Novembre,2024,13 novembre 2023
2023-11-20,2023,11,Novembre,lundi,2024 fiscale,Trimestre 1,3,Semaine #3 du 20 novembre 2023 au 26 novembre 2023,Semaine #3 du 20 nov 2023 au 26 nov 2023,1,3,Novembre,2024,20 novembre 2023
2023-11-21,2023,11,Novembre,mardi,2024 fiscale,Trimestre 1,3,Semaine #3 du 20 novembre 2023 au 26 novembre 2023,Semaine #3 du 20 nov 2023 au 26 nov 2023,1,3,Novembre,2024,20 novembre 2023
2023-11-22,2023,11,Novembre,mercredi,2024 fiscale,Trimestre 1,3,Semaine #3 du 20 novembre 2023 au 26 novembre 2023,Semaine #3 du 20 nov 2023 au 26 nov 2023,1,3,Novembre,2024,20 novembre 2023
2023-11-23,2023,11,Novembre,jeudi,2024 fiscale,Trimestre 1,3,Semaine #3 du 20 novembre 2023 au 26 novembre 2023,Semaine #3 du 20 nov 2023 au 26 nov 2023,1,3,Novembre,2024,20 novembre 2023
2023-11-24,2023,11,Novembre,vendredi,2024 fiscale,Trimestre 1,3,Semaine #3 du 20 novembre 2023 au 26 novembre 2023,Semaine #3 du 20 nov 2023 au 26 nov 2023,1,3,Novembre,2024,20 novembre 2023
2023-11-25,2023,11,Novembre,samedi,2024 fiscale,Trimestre 1,3,Semaine #3 du 20 novembre 2023 au 26 novembre 2023,Semaine #3 du 20 nov 2023 au 26 nov 2023,1,3,Novembre,2024,20 novembre 2023
2023-11-26,2023,11,Novembre,dimanche,2024 fiscale,Trimestre 1,3,Semaine #3 du 20 novembre 2023 au 26 novembre 2023,Semaine #3 du 20 nov 2023 au 26 nov 2023,1,3,Novembre,2024,20 novembre 2023
2023-11-27,2023,11,Novembre,lundi,2024 fiscale,Trimestre 1,4,Semaine #4 du 27 novembre 2023 au 3 décembre 2023,Semaine #4 du 27 nov 2023 au 3 déc 2023,1,4,Novembre,2024,27 novembre 2023
2023-11-28,2023,11,Novembre,mardi,2024 fiscale,Trimestre 1,4,Semaine #4 du 27 novembre 2023 au 3 décembre 2023,Semaine #4 du 27 nov 2023 au 3 déc 2023,1,4,Novembre,2024,27 novembre 2023
2023-11-29,2023,11,Novembre,mercredi,2024 fiscale,Trimestre 1,4,Semaine #4 du 27 novembre 2023 au 3 décembre 2023,Semaine #4 du 27 nov 2023 au 3 déc 2023,1,4,Novembre,2024,27 novembre 2023
2023-11-30,2023,11,Novembre,jeudi,2024 fiscale,Trimestre 1,4,Semaine #4 du 27 novembre 2023 au 3 décembre 2023,Semaine #4 du 27 nov 2023 au 3 déc 2023,1,4,Novembre,2024,27 novembre 2023
2023-12-01,2023,12,Décembre,vendredi,2024 fiscale,Trimestre 1,4,Semaine #4 du 27 novembre 2023 au 3 décembre 2023,Semaine #4 du 27 nov 2023 au 3 déc 2023,2,4,Décembre,2024,27 novembre 2023
2023-12-02,2023,12,Décembre,samedi,2024 fiscale,Trimestre 1,4,Semaine #4 du 27 novembre 2023 au 3 décembre 2023,Semaine #4 du 27 nov 2023 au 3 déc 2023,2,4,Décembre,2024,27 novembre 2023
2023-12-03,2023,12,Décembre,dimanche,2024 fiscale,Trimestre 1,4,Semaine #4 du 27 novembre 2023 au 3 décembre 2023,Semaine #4 du 27 nov 2023 au 3 déc 2023,2,4,Décembre,2024,27 novembre 2023
2023-12-04,2023,12,Décembre,lundi,2024 fiscale,Trimestre 1,5,Semaine #5 du 4 décembre 2023 au 10 décembre 2023,Semaine #5 du 4 déc 2023 au 10 déc 2023,2,5,Décembre,2024,4 décembre 2023
2023-12-05,2023,12,Décembre,mardi,2024 fiscale,Trimestre 1,5,Semaine #5 du 4 décembre 2023 au 10 décembre 2023,Semaine #5 du 4 déc 2023 au 10 déc 2023,2,5,Décembre,2024,4 décembre 2023
2023-12-06,2023,12,Décembre,mercredi,2024 fiscale,Trimestre 1,5,Semaine #5 du 4 décembre 2023 au 10 décembre 2023,Semaine #5 du 4 déc 2023 au 10 déc 2023,2,5,Décembre,2024,4 décembre 2023
2023-12-07,2023,12,Décembre,jeudi,2024 fiscale,Trimestre 1,5,Semaine #5 du 4 décembre 2023 au 10 décembre 2023,Semaine #5 du 4 déc 2023 au 10 déc 2023,2,5,Décembre,2024,4 décembre 2023
2023-12-08,2023,12,Décembre,vendredi,2024 fiscale,Trimestre 1,5,Semaine #5 du 4 décembre 2023 au 10 décembre 2023,Semaine #5 du 4 déc 2023 au 10 déc 2023,2,5,Décembre,2024,4 décembre 2023
2023-12-09,2023,12,Décembre,samedi,2024 fiscale,Trimestre 1,5,Semaine #5 du 4 décembre 2023 au 10 décembre 2023,Semaine #5 du 4 déc 2023 au 10 déc 2023,2,5,Décembre,2024,4 décembre 2023
2023-12-10,2023,12,Décembre,dimanche,2024 fiscale,Trimestre 1,5,Semaine #5 du 4 décembre 2023 au 10 décembre 2023,Semaine #5 du 4 déc 2023 au 10 déc 2023,2,5,Décembre,2024,4 décembre 2023
2023-12-11,2023,12,Décembre,lundi,2024 fiscale,Trimestre 1,6,Semaine #6 du 11 décembre 2023 au 17 décembre 2023,Semaine #6 du 11 déc 2023 au 17 déc 2023,2,6,Décembre,2024,11 décembre 2023
2023-12-12,2023,12,Décembre,mardi,2024 fiscale,Trimestre 1,6,Semaine #6 du 11 décembre 2023 au 17 décembre 2023,Semaine #6 du 11 déc 2023 au 17 déc 2023,2,6,Décembre,2024,11 décembre 2023
2023-12-13,2023,12,Décembre,mercredi,2024 fiscale,Trimestre 1,6,Semaine #6 du 11 décembre 2023 au 17 décembre 2023,Semaine #6 du 11 déc 2023 au 17 déc 2023,2,6,Décembre,2024,11 décembre 2023
2023-12-14,2023,12,Décembre,jeudi,2024 fiscale,Trimestre 1,6,Semaine #6 du 11 décembre 2023 au 17 décembre 2023,Semaine #6 du 11 déc 2023 au 17 déc 2023,2,6,Décembre,2024,11 décembre 2023
2023-12-15,2023,12,Décembre,vendredi,2024 fiscale,Trimestre 1,6,Semaine #6 du 11 décembre 2023 au 17 décembre 2023,Semaine #6 du 11 déc 2023 au 17 déc 2023,2,6,Décembre,2024,11 décembre 2023
2023-12-16,2023,12,Décembre,samedi,2024 fiscale,Trimestre 1,6,Semaine #6 du 11 décembre 2023 au 17 décembre 2023,Semaine #6 du 11 déc 2023 au 17 déc 2023,2,6,Décembre,2024,11 décembre 2023
2023-12-17,2023,12,Décembre,dimanche,2024 fiscale,Trimestre 1,6,Semaine #6 du 11 décembre 2023 au 17 décembre 2023,Semaine #6 du 11 déc 2023 au 17 déc 2023,2,6,Décembre,2024,11 décembre 2023
2023-12-18,2023,12,Décembre,lundi,2024 fiscale,Trimestre 1,7,Semaine #7 du 18 décembre 2023 au 24 décembre 2023,Semaine #7 du 18 déc 2023 au 24 déc 2023,2,7,Décembre,2024,18 décembre 2023
2023-12-19,2023,12,Décembre,mardi,2024 fiscale,Trimestre 1,7,Semaine #7 du 18 décembre 2023 au 24 décembre 2023,Semaine #7 du 18 déc 2023 au 24 déc 2023,2,7,Décembre,2024,18 décembre 2023
2023-12-20,2023,12,Décembre,mercredi,2024 fiscale,Trimestre 1,7,Semaine #7 du 18 décembre 2023 au 24 décembre 2023,Semaine #7 du 18 déc 2023 au 24 déc 2023,2,7,Décembre,2024,18 décembre 2023
2023-12-21,2023,12,Décembre,jeudi,2024 fiscale,Trimestre 1,7,Semaine #7 du 18 décembre 2023 au 24 décembre 2023,Semaine #7 du 18 déc 2023 au 24 déc 2023,2,7,Décembre,2024,18 décembre 2023
2023-12-22,2023,12,Décembre,vendredi,2024 fiscale,Trimestre 1,7,Semaine #7 du 18 décembre 2023 au 24 décembre 2023,Semaine #7 du 18 déc 2023 au 24 déc 2023,2,7,Décembre,2024,18 décembre 2023
2023-12-23,2023,12,Décembre,samedi,2024 fiscale,Trimestre 1,7,Semaine #7 du 18 décembre 2023 au 24 décembre 2023,Semaine #7 du 18 déc 2023 au 24 déc 2023,2,7,Décembre,2024,18 décembre 2023
2023-12-24,2023,12,Décembre,dimanche,2024 fiscale,Trimestre 1,7,Semaine #7 du 18 décembre 2023 au 24 décembre 2023,Semaine #7 du 18 déc 2023 au 24 déc 2023,2,7,Décembre,2024,18 décembre 2023
2023-12-25,2023,12,Décembre,lundi,2024 fiscale,Trimestre 1,8,Semaine #8 du 25 décembre 2023 au 31 décembre 2023,Semaine #8 du 25 déc 2023 au 31 déc 2023,2,8,Décembre,2024,25 décembre 2023
2023-12-26,2023,12,Décembre,mardi,2024 fiscale,Trimestre 1,8,Semaine #8 du 25 décembre 2023 au 31 décembre 2023,Semaine #8 du 25 déc 2023 au 31 déc 2023,2,8,Décembre,2024,25 décembre 2023
2023-12-27,2023,12,Décembre,mercredi,2024 fiscale,Trimestre 1,8,Semaine #8 du 25 décembre 2023 au 31 décembre 2023,Semaine #8 du 25 déc 2023 au 31 déc 2023,2,8,Décembre,2024,25 décembre 2023
2023-12-28,2023,12,Décembre,jeudi,2024 fiscale,Trimestre 1,8,Semaine #8 du 25 décembre 2023 au 31 décembre 2023,Semaine #8 du 25 déc 2023 au 31 déc 2023,2,8,Décembre,2024,25 décembre 2023
2023-12-29,2023,12,Décembre,vendredi,2024 fiscale,Trimestre 1,8,Semaine #8 du 25 décembre 2023 au 31 décembre 2023,Semaine #8 du 25 déc 2023 au 31 déc 2023,2,8,Décembre,2024,25 décembre 2023
2023-12-30,2023,12,Décembre,samedi,2024 fiscale,Trimestre 1,8,Semaine #8 du 25 décembre 2023 au 31 décembre 2023,Semaine #8 du 25 déc 2023 au 31 déc 2023,2,8,Décembre,2024,25 décembre 2023
2023-12-31,2023,12,Décembre,dimanche,2024 fiscale,Trimestre 1,8,Semaine #8 du 25 décembre 2023 au 31 décembre 2023,Semaine #8 du 25 déc 2023 au 31 déc 2023,2,8,Décembre,2024,25 décembre 2023
2024-01-01,2024,1,Janvier,lundi,2024 fiscale,Trimestre 1,9,Semaine #9 du 1 janvier 2024 au 7 janvier 2024,Semaine #9 du 1 jan 2024 au 7 jan 2024,3,9,Janvier,2024,1 janvier 2024
2024-01-02,2024,1,Janvier,mardi,2024 fiscale,Trimestre 1,9,Semaine #9 du 1 janvier 2024 au 7 janvier 2024,Semaine #9 du 1 jan 2024 au 7 jan 2024,3,9,Janvier,2024,1 janvier 2024
2024-01-03,2024,1,Janvier,mercredi,2024 fiscale,Trimestre 1,9,Semaine #9 du 1 janvier 2024 au 7 janvier 2024,Semaine #9 du 1 jan 2024 au 7 jan 2024,3,9,Janvier,2024,1 janvier 2024
2024-01-04,2024,1,Janvier,jeudi,2024 fiscale,Trimestre 1,9,Semaine #9 du 1 janvier 2024 au 7 janvier 2024,Semaine #9 du 1 jan 2024 au 7 jan 2024,3,9,Janvier,2024,1 janvier 2024
2024-01-05,2024,1,Janvier,vendredi,2024 fiscale,Trimestre 1,9,Semaine #9 du 1 janvier 2024 au 7 janvier 2024,Semaine #9 du 1 jan 2024 au 7 jan 2024,3,9,Janvier,2024,1 janvier 2024
2024-01-06,2024,1,Janvier,samedi,2024 fiscale,Trimestre 1,9,Semaine #9 du 1 janvier 2024 au 7 janvier 2024,Semaine #9 du 1 jan 2024 au 7 jan 2024,3,9,Janvier,2024,1 janvier 2024
2024-01-07,2024,1,Janvier,dimanche,2024 fiscale,Trimestre 1,9,Semaine #9 du 1 janvier 2024 au 7 janvier 2024,Semaine #9 du 1 jan 2024 au 7 jan 2024,3,9,Janvier,2024,1 janvier 2024
2024-01-08,2024,1,Janvier,lundi,2024 fiscale,Trimestre 1,10,Semaine #10 du 8 janvier 2024 au 14 janvier 2024,Semaine #10 du 8 jan 2024 au 14 jan 2024,3,10,Janvier,2024,8 janvier 2024
2024-01-09,2024,1,Janvier,mardi,2024 fiscale,Trimestre 1,10,Semaine #10 du 8 janvier 2024 au 14 janvier 2024,Semaine #10 du 8 jan 2024 au 14 jan 2024,3,10,Janvier,2024,8 janvier 2024
2024-01-10,2024,1,Janvier,mercredi,2024 fiscale,Trimestre 1,10,Semaine #10 du 8 janvier 2024 au 14 janvier 2024,Semaine #10 du 8 jan 2024 au 14 jan 2024,3,10,Janvier,2024,8 janvier 2024
2024-01-11,2024,1,Janvier,jeudi,2024 fiscale,Trimestre 1,10,Semaine #10 du 8 janvier 2024 au 14 janvier 2024,Semaine #10 du 8 jan 2024 au 14 jan 2024,3,10,Janvier,2024,8 janvier 2024
2024-01-12,2024,1,Janvier,vendredi,2024 fiscale,Trimestre 1,10,Semaine #10 du 8 janvier 2024 au 14 janvier 2024,Semaine #10 du 8 jan 2024 au 14 jan 2024,3,10,Janvier,2024,8 janvier 2024
2024-01-13,2024,1,Janvier,samedi,2024 fiscale,Trimestre 1,10,Semaine #10 du 8 janvier 2024 au 14 janvier 2024,Semaine #10 du 8 jan 2024 au 14 jan 2024,3,10,Janvier,2024,8 janvier 2024
2024-01-14,2024,1,Janvier,dimanche,2024 fiscale,Trimestre 1,10,Semaine #10 du 8 janvier 2024 au 14 janvier 2024,Semaine #10 du 8 jan 2024 au 14 jan 2024,3,10,Janvier,2024,8 janvier 2024
2024-01-15,2024,1,Janvier,lundi,2024 fiscale,Trimestre 1,11,Semaine #11 du 15 janvier 2024 au 21 janvier 2024,Semaine #11 du 15 jan 2024 au 21 jan 2024,3,11,Janvier,2024,15 janvier 2024
2024-01-16,2024,1,Janvier,mardi,2024 fiscale,Trimestre 1,11,Semaine #11 du 15 janvier 2024 au 21 janvier 2024,Semaine #11 du 15 jan 2024 au 21 jan 2024,3,11,Janvier,2024,15 janvier 2024
2024-01-17,2024,1,Janvier,mercredi,2024 fiscale,Trimestre 1,11,Semaine #11 du 15 janvier 2024 au 21 janvier 2024,Semaine #11 du 15 jan 2024 au 21 jan 2024,3,11,Janvier,2024,15 janvier 2024
2024-01-18,2024,1,Janvier,jeudi,2024 fiscale,Trimestre 1,11,Semaine #11 du 15 janvier 2024 au 21 janvier 2024,Semaine #11 du 15 jan 2024 au 21 jan 2024,3,11,Janvier,2024,15 janvier 2024
2024-01-19,2024,1,Janvier,vendredi,2024 fiscale,Trimestre 1,11,Semaine #11 du 15 janvier 2024 au 21 janvier 2024,Semaine #11 du 15 jan 2024 au 21 jan 2024,3,11,Janvier,2024,15 janvier 2024
2024-01-20,2024,1,Janvier,samedi,2024 fiscale,Trimestre 1,11,Semaine #11 du 15 janvier 2024 au 21 janvier 2024,Semaine #11 du 15 jan 2024 au 21 jan 2024,3,11,Janvier,2024,15 janvier 2024
2024-01-21,2024,1,Janvier,dimanche,2024 fiscale,Trimestre 1,11,Semaine #11 du 15 janvier 2024 au 21 janvier 2024,Semaine #11 du 15 jan 2024 au 21 jan 2024,3,11,Janvier,2024,15 janvier 2024
2024-01-22,2024,1,Janvier,lundi,2024 fiscale,Trimestre 1,12,Semaine #12 du 22 janvier 2024 au 28 janvier 2024,Semaine #12 du 22 jan 2024 au 28 jan 2024,3,12,Janvier,2024,22 janvier 2024
2024-01-23,2024,1,Janvier,mardi,2024 fiscale,Trimestre 1,12,Semaine #12 du 22 janvier 2024 au 28 janvier 2024,Semaine #12 du 22 jan 2024 au 28 jan 2024,3,12,Janvier,2024,22 janvier 2024
2024-01-24,2024,1,Janvier,mercredi,2024 fiscale,Trimestre 1,12,Semaine #12 du 22 janvier 2024 au 28 janvier 2024,Semaine #12 du 22 jan 2024 au 28 jan 2024,3,12,Janvier,2024,22 janvier 2024
2024-01-25,2024,1,Janvier,jeudi,2024 fiscale,Trimestre 1,12,Semaine #12 du 22 janvier 2024 au 28 janvier 2024,Semaine #12 du 22 jan 2024 au 28 jan 2024,3,12,Janvier,2024,22 janvier 2024
2024-01-26,2024,1,Janvier,vendredi,2024 fiscale,Trimestre 1,12,Semaine #12 du 22 janvier 2024 au 28 janvier 2024,Semaine #12 du 22 jan 2024 au 28 jan 2024,3,12,Janvier,2024,22 janvier 2024
2024-01-27,2024,1,Janvier,samedi,2024 fiscale,Trimestre 1,12,Semaine #12 du 22 janvier 2024 au 28 janvier 2024,Semaine #12 du 22 jan 2024 au 28 jan 2024,3,12,Janvier,2024,22 janvier 2024
2024-01-28,2024,1,Janvier,dimanche,2024 fiscale,Trimestre 1,12,Semaine #12 du 22 janvier 2024 au 28 janvier 2024,Semaine #12 du 22 jan 2024 au 28 jan 2024,3,12,Janvier,2024,22 janvier 2024
2024-01-29,2024,1,Janvier,lundi,2024 fiscale,Trimestre 1,13,Semaine #13 du 29 janvier 2024 au 4 février 2024,Semaine #13 du 29 jan 2024 au 4 fév 2024,3,13,Janvier,2024,29 janvier 2024
2024-01-30,2024,1,Janvier,mardi,2024 fiscale,Trimestre 1,13,Semaine #13 du 29 janvier 2024 au 4 février 2024,Semaine #13 du 29 jan 2024 au 4 fév 2024,3,13,Janvier,2024,29 janvier 2024
2024-01-31,2024,1,Janvier,mercredi,2024 fiscale,Trimestre 1,13,Semaine #13 du 29 janvier 2024 au 4 février 2024,Semaine #13 du 29 jan 2024 au 4 fév 2024,3,13,Janvier,2024,29 janvier 2024
2024-02-01,2024,2,Février,jeudi,2024 fiscale,Trimestre 2,13,Semaine #13 du 29 janvier 2024 au 4 février 2024,Semaine #13 du 29 jan 2024 au 4 fév 2024,4,13,Février,2024,29 janvier 2024
2024-02-02,2024,2,Février,vendredi,2024 fiscale,Trimestre 2,13,Semaine #13 du 29 janvier 2024 au 4 février 2024,Semaine #13 du 29 jan 2024 au 4 fév 2024,4,13,Février,2024,29 janvier 2024
2024-02-03,2024,2,Février,samedi,2024 fiscale,Trimestre 2,13,Semaine #13 du 29 janvier 2024 au 4 février 2024,Semaine #13 du 29 jan 2024 au 4 fév 2024,4,13,Février,2024,29 janvier 2024
2024-02-04,2024,2,Février,dimanche,2024 fiscale,Trimestre 2,13,Semaine #13 du 29 janvier 2024 au 4 février 2024,Semaine #13 du 29 jan 2024 au 4 fév 2024,4,13,Février,2024,29 janvier 2024
2024-02-05,2024,2,Février,lundi,2024 fiscale,Trimestre 2,14,Semaine #14 du 5 février 2024 au 11 février 2024,Semaine #14 du 5 fév 2024 au 11 fév 2024,4,14,Février,2024,5 février 2024
2024-02-06,2024,2,Février,mardi,2024 fiscale,Trimestre 2,14,Semaine #14 du 5 février 2024 au 11 février 2024,Semaine #14 du 5 fév 2024 au 11 fév 2024,4,14,Février,2024,5 février 2024
2024-02-07,2024,2,Février,mercredi,2024 fiscale,Trimestre 2,14,Semaine #14 du 5 février 2024 au 11 février 2024,Semaine #14 du 5 fév 2024 au 11 fév 2024,4,14,Février,2024,5 février 2024
2024-02-08,2024,2,Février,jeudi,2024 fiscale,Trimestre 2,14,Semaine #14 du 5 février 2024 au 11 février 2024,Semaine #14 du 5 fév 2024 au 11 fév 2024,4,14,Février,2024,5 février 2024
2024-02-09,2024,2,Février,vendredi,2024 fiscale,Trimestre 2,14,Semaine #14 du 5 février 2024 au 11 février 2024,Semaine #14 du 5 fév 2024 au 11 fév 2024,4,14,Février,2024,5 février 2024
2024-02-10,2024,2,Février,samedi,2024 fiscale,Trimestre 2,14,Semaine #14 du 5 février 2024 au 11 février 2024,Semaine #14 du 5 fév 2024 au 11 fév 2024,4,14,Février,2024,5 février 2024
2024-02-11,2024,2,Février,dimanche,2024 fiscale,Trimestre 2,14,Semaine #14 du 5 février 2024 au 11 février 2024,Semaine #14 du 5 fév 2024 au 11 fév 2024,4,14,Février,2024,5 février 2024
2024-02-12,2024,2,Février,lundi,2024 fiscale,Trimestre 2,15,Semaine #15 du 12 février 2024 au 18 février 2024,Semaine #15 du 12 fév 2024 au 18 fév 2024,4,15,Février,2024,12 février 2024
2024-02-13,2024,2,Février,mardi,2024 fiscale,Trimestre 2,15,Semaine #15 du 12 février 2024 au 18 février 2024,Semaine #15 du 12 fév 2024 au 18 fév 2024,4,15,Février,2024,12 février 2024
2024-02-14,2024,2,Février,mercredi,2024 fiscale,Trimestre 2,15,Semaine #15 du 12 février 2024 au 18 février 2024,Semaine #15 du 12 fév 2024 au 18 fév 2024,4,15,Février,2024,12 février 2024
2024-02-15,2024,2,Février,jeudi,2024 fiscale,Trimestre 2,15,Semaine #15 du 12 février 2024 au 18 février 2024,Semaine #15 du 12 fév 2024 au 18 fév 2024,4,15,Février,2024,12 février 2024
2024-02-16,2024,2,Février,vendredi,2024 fiscale,Trimestre 2,15,Semaine #15 du 12 février 2024 au 18 février 2024,Semaine #15 du 12 fév 2024 au 18 fév 2024,4,15,Février,2024,12 février 2024
2024-02-17,2024,2,Février,samedi,2024 fiscale,Trimestre 2,15,Semaine #15 du 12 février 2024 au 18 février 2024,Semaine #15 du 12 fév 2024 au 18 fév 2024,4,15,Février,2024,12 février 2024
2024-02-18,2024,2,Février,dimanche,2024 fiscale,Trimestre 2,15,Semaine #15 du 12 février 2024 au 18 février 2024,Semaine #15 du 12 fév 2024 au 18 fév 2024,4,15,Février,2024,12 février 2024
2024-02-19,2024,2,Février,lundi,2024 fiscale,Trimestre 2,16,Semaine #16 du 19 février 2024 au 25 février 2024,Semaine #16 du 19 fév 2024 au 25 fév 2024,4,16,Février,2024,19 février 2024
2024-02-20,2024,2,Février,mardi,2024 fiscale,Trimestre 2,16,Semaine #16 du 19 février 2024 au 25 février 2024,Semaine #16 du 19 fév 2024 au 25 fév 2024,4,16,Février,2024,19 février 2024
2024-02-21,2024,2,Février,mercredi,2024 fiscale,Trimestre 2,16,Semaine #16 du 19 février 2024 au 25 février 2024,Semaine #16 du 19 fév 2024 au 25 fév 2024,4,16,Février,2024,19 février 2024
2024-02-22,2024,2,Février,jeudi,2024 fiscale,Trimestre 2,16,Semaine #16 du 19 février 2024 au 25 février 2024,Semaine #16 du 19 fév 2024 au 25 fév 2024,4,16,Février,2024,19 février 2024
2024-02-23,2024,2,Février,vendredi,2024 fiscale,Trimestre 2,16,Semaine #16 du 19 février 2024 au 25 février 2024,Semaine #16 du 19 fév 2024 au 25 fév 2024,4,16,Février,2024,19 février 2024
2024-02-24,2024,2,Février,samedi,2024 fiscale,Trimestre 2,16,Semaine #16 du 19 février 2024 au 25 février 2024,Semaine #16 du 19 fév 2024 au 25 fév 2024,4,16,Février,2024,19 février 2024
2024-02-25,2024,2,Février,dimanche,2024 fiscale,Trimestre 2,16,Semaine #16 du 19 février 2024 au 25 février 2024,Semaine #16 du 19 fév 2024 au 25 fév 2024,4,16,Février,2024,19 février 2024
2024-02-26,2024,2,Février,lundi,2024 fiscale,Trimestre 2,17,Semaine #17 du 26 février 2024 au 3 mars 2024,Semaine #17 du 26 fév 2024 au 3 mars 2024,4,17,Février,2024,26 février 2024
2024-02-27,2024,2,Février,mardi,2024 fiscale,Trimestre 2,17,Semaine #17 du 26 février 2024 au 3 mars 2024,Semaine #17 du 26 fév 2024 au 3 mars 2024,4,17,Février,2024,26 février 2024
2024-02-28,2024,2,Février,mercredi,2024 fiscale,Trimestre 2,17,Semaine #17 du 26 février 2024 au 3 mars 2024,Semaine #17 du 26 fév 2024 au 3 mars 2024,4,17,Février,2024,26 février 2024
2024-02-29,2024,2,Février,jeudi,2024 fiscale,Trimestre 2,17,Semaine #17 du 26 février 2024 au 3 mars 2024,Semaine #17 du 26 fév 2024 au 3 mars 2024,4,17,Février,2024,26 février 2024
2024-03-01,2024,3,Mars,vendredi,2024 fiscale,Trimestre 2,17,Semaine #17 du 26 février 2024 au 3 mars 2024,Semaine #17 du 26 fév 2024 au 3 mars 2024,5,17,Mars,2024,26 février 2024
2024-03-02,2024,3,Mars,samedi,2024 fiscale,Trimestre 2,17,Semaine #17 du 26 février 2024 au 3 mars 2024,Semaine #17 du 26 fév 2024 au 3 mars 2024,5,17,Mars,2024,26 février 2024
2024-03-03,2024,3,Mars,dimanche,2024 fiscale,Trimestre 2,17,Semaine #17 du 26 février 2024 au 3 mars 2024,Semaine #17 du 26 fév 2024 au 3 mars 2024,5,17,Mars,2024,26 février 2024
2024-03-04,2024,3,Mars,lundi,2024 fiscale,Trimestre 2,18,Semaine #18 du 4 mars 2024 au 10 mars 2024,Semaine #18 du 4 mars 2024 au 10 mars 2024,5,18,Mars,2024,4 mars 2024
2024-03-05,2024,3,Mars,mardi,2024 fiscale,Trimestre 2,18,Semaine #18 du 4 mars 2024 au 10 mars 2024,Semaine #18 du 4 mars 2024 au 10 mars 2024,5,18,Mars,2024,4 mars 2024
2024-03-06,2024,3,Mars,mercredi,2024 fiscale,Trimestre 2,18,Semaine #18 du 4 mars 2024 au 10 mars 2024,Semaine #18 du 4 mars 2024 au 10 mars 2024,5,18,Mars,2024,4 mars 2024
2024-03-07,2024,3,Mars,jeudi,2024 fiscale,Trimestre 2,18,Semaine #18 du 4 mars 2024 au 10 mars 2024,Semaine #18 du 4 mars 2024 au 10 mars 2024,5,18,Mars,2024,4 mars 2024
2024-03-08,2024,3,Mars,vendredi,2024 fiscale,Trimestre 2,18,Semaine #18 du 4 mars 2024 au 10 mars 2024,Semaine #18 du 4 mars 2024 au 10 mars 2024,5,18,Mars,2024,4 mars 2024
2024-03-09,2024,3,Mars,samedi,2024 fiscale,Trimestre 2,18,Semaine #18 du 4 mars 2024 au 10 mars 2024,Semaine #18 du 4 mars 2024 au 10 mars 2024,5,18,Mars,2024,4 mars 2024
2024-03-10,2024,3,Mars,dimanche,2024 fiscale,Trimestre 2,18,Semaine #18 du 4 mars 2024 au 10 mars 2024,Semaine #18 du 4 mars 2024 au 10 mars 2024,5,18,Mars,2024,4 mars 2024
2024-03-11,2024,3,Mars,lundi,2024 fiscale,Trimestre 2,19,Semaine #19 du 11 mars 2024 au 17 mars 2024,Semaine #19 du 11 mars 2024 au 17 mars 2024,5,19,Mars,2024,11 mars 2024
2024-03-12,2024,3,Mars,mardi,2024 fiscale,Trimestre 2,19,Semaine #19 du 11 mars 2024 au 17 mars 2024,Semaine #19 du 11 mars 2024 au 17 mars 2024,5,19,Mars,2024,11 mars 2024
2024-03-13,2024,3,Mars,mercredi,2024 fiscale,Trimestre 2,19,Semaine #19 du 11 mars 2024 au 17 mars 2024,Semaine #19 du 11 mars 2024 au 17 mars 2024,5,19,Mars,2024,11 mars 2024
2024-03-14,2024,3,Mars,jeudi,2024 fiscale,Trimestre 2,19,Semaine #19 du 11 mars 2024 au 17 mars 2024,Semaine #19 du 11 mars 2024 au 17 mars 2024,5,19,Mars,2024,11 mars 2024
2024-03-15,2024,3,Mars,vendredi,2024 fiscale,Trimestre 2,19,Semaine #19 du 11 mars 2024 au 17 mars 2024,Semaine #19 du 11 mars 2024 au 17 mars 2024,5,19,Mars,2024,11 mars 2024
2024-03-16,2024,3,Mars,samedi,2024 fiscale,Trimestre 2,19,Semaine #19 du 11 mars 2024 au 17 mars 2024,Semaine #19 du 11 mars 2024 au 17 mars 2024,5,19,Mars,2024,11 mars 2024
2024-03-17,2024,3,Mars,dimanche,2024 fiscale,Trimestre 2,19,Semaine #19 du 11 mars 2024 au 17 mars 2024,Semaine #19 du 11 mars 2024 au 17 mars 2024,5,19,Mars,2024,11 mars 2024
2024-03-18,2024,3,Mars,lundi,2024 fiscale,Trimestre 2,20,Semaine #20 du 18 mars 2024 au 24 mars 2024,Semaine #20 du 18 mars 2024 au 24 mars 2024,5,20,Mars,2024,18 mars 2024
2024-03-19,2024,3,Mars,mardi,2024 fiscale,Trimestre 2,20,Semaine #20 du 18 mars 2024 au 24 mars 2024,Semaine #20 du 18 mars 2024 au 24 mars 2024,5,20,Mars,2024,18 mars 2024
2024-03-20,2024,3,Mars,mercredi,2024 fiscale,Trimestre 2,20,Semaine #20 du 18 mars 2024 au 24 mars 2024,Semaine #20 du 18 mars 2024 au 24 mars 2024,5,20,Mars,2024,18 mars 2024
2024-03-21,2024,3,Mars,jeudi,2024 fiscale,Trimestre 2,20,Semaine #20 du 18 mars 2024 au 24 mars 2024,Semaine #20 du 18 mars 2024 au 24 mars 2024,5,20,Mars,2024,18 mars 2024
2024-03-22,2024,3,Mars,vendredi,2024 fiscale,Trimestre 2,20,Semaine #20 du 18 mars 2024 au 24 mars 2024,Semaine #20 du 18 mars 2024 au 24 mars 2024,5,20,Mars,2024,18 mars 2024
2024-03-23,2024,3,Mars,samedi,2024 fiscale,Trimestre 2,20,Semaine #20 du 18 mars 2024 au 24 mars 2024,Semaine #20 du 18 mars 2024 au 24 mars 2024,5,20,Mars,2024,18 mars 2024
2024-03-24,2024,3,Mars,dimanche,2024 fiscale,Trimestre 2,20,Semaine #20 du 18 mars 2024 au 24 mars 2024,Semaine #20 du 18 mars 2024 au 24 mars 2024,5,20,Mars,2024,18 mars 2024
2024-03-25,2024,3,Mars,lundi,2024 fiscale,Trimestre 2,21,Semaine #21 du 25 mars 2024 au 31 mars 2024,Semaine #21 du 25 mars 2024 au 31 mars 2024,5,21,Mars,2024,25 mars 2024
2024-03-26,2024,3,Mars,mardi,2024 fiscale,Trimestre 2,21,Semaine #21 du 25 mars 2024 au 31 mars 2024,Semaine #21 du 25 mars 2024 au 31 mars 2024,5,21,Mars,2024,25 mars 2024
2024-03-27,2024,3,Mars,mercredi,2024 fiscale,Trimestre 2,21,Semaine #21 du 25 mars 2024 au 31 mars 2024,Semaine #21 du 25 mars 2024 au 31 mars 2024,5,21,Mars,2024,25 mars 2024
2024-03-28,2024,3,Mars,jeudi,2024 fiscale,Trimestre 2,21,Semaine #21 du 25 mars 2024 au 31 mars 2024,Semaine #21 du 25 mars 2024 au 31 mars 2024,5,21,Mars,2024,25 mars 2024
2024-03-29,2024,3,Mars,vendredi,2024 fiscale,Trimestre 2,21,Semaine #21 du 25 mars 2024 au 31 mars 2024,Semaine #21 du 25 mars 2024 au 31 mars 2024,5,21,Mars,2024,25 mars 2024
2024-03-30,2024,3,Mars,samedi,2024 fiscale,Trimestre 2,21,Semaine #21 du 25 mars 2024 au 31 mars 2024,Semaine #21 du 25 mars 2024 au 31 mars 2024,5,21,Mars,2024,25 mars 2024
2024-03-31,2024,3,Mars,dimanche,2024 fiscale,Trimestre 2,21,Semaine #21 du 25 mars 2024 au 31 mars 2024,Semaine #21 du 25 mars 2024 au 31 mars 2024,5,21,Mars,2024,25 mars 2024
2024-04-01,2024,4,Avril,lundi,2024 fiscale,Trimestre 2,22,Semaine #22 du 1 avril 2024 au 7 avril 2024,Semaine #22 du 1 avril 2024 au 7 avril 2024,6,22,Avril,2024,1 avril 2024
2024-04-02,2024,4,Avril,mardi,2024 fiscale,Trimestre 2,22,Semaine #22 du 1 avril 2024 au 7 avril 2024,Semaine #22 du 1 avril 2024 au 7 avril 2024,6,22,Avril,2024,1 avril 2024
2024-04-03,2024,4,Avril,mercredi,2024 fiscale,Trimestre 2,22,Semaine #22 du 1 avril 2024 au 7 avril 2024,Semaine #22 du 1 avril 2024 au 7 avril 2024,6,22,Avril,2024,1 avril 2024
2024-04-04,2024,4,Avril,jeudi,2024 fiscale,Trimestre 2,22,Semaine #22 du 1 avril 2024 au 7 avril 2024,Semaine #22 du 1 avril 2024 au 7 avril 2024,6,22,Avril,2024,1 avril 2024
2024-04-05,2024,4,Avril,vendredi,2024 fiscale,Trimestre 2,22,Semaine #22 du 1 avril 2024 au 7 avril 2024,Semaine #22 du 1 avril 2024 au 7 avril 2024,6,22,Avril,2024,1 avril 2024
2024-04-06,2024,4,Avril,samedi,2024 fiscale,Trimestre 2,22,Semaine #22 du 1 avril 2024 au 7 avril 2024,Semaine #22 du 1 avril 2024 au 7 avril 2024,6,22,Avril,2024,1 avril 2024
2024-04-07,2024,4,Avril,dimanche,2024 fiscale,Trimestre 2,22,Semaine #22 du 1 avril 2024 au 7 avril 2024,Semaine #22 du 1 avril 2024 au 7 avril 2024,6,22,Avril,2024,1 avril 2024
2024-04-08,2024,4,Avril,lundi,2024 fiscale,Trimestre 2,23,Semaine #23 du 8 avril 2024 au 14 avril 2024,Semaine #23 du 8 avril 2024 au 14 avril 2024,6,23,Avril,2024,8 avril 2024
2024-04-09,2024,4,Avril,mardi,2024 fiscale,Trimestre 2,23,Semaine #23 du 8 avril 2024 au 14 avril 2024,Semaine #23 du 8 avril 2024 au 14 avril 2024,6,23,Avril,2024,8 avril 2024
2024-04-10,2024,4,Avril,mercredi,2024 fiscale,Trimestre 2,23,Semaine #23 du 8 avril 2024 au 14 avril 2024,Semaine #23 du 8 avril 2024 au 14 avril 2024,6,23,Avril,2024,8 avril 2024
2024-04-11,2024,4,Avril,jeudi,2024 fiscale,Trimestre 2,23,Semaine #23 du 8 avril 2024 au 14 avril 2024,Semaine #23 du 8 avril 2024 au 14 avril 2024,6,23,Avril,2024,8 avril 2024
2024-04-12,2024,4,Avril,vendredi,2024 fiscale,Trimestre 2,23,Semaine #23 du 8 avril 2024 au 14 avril 2024,Semaine #23 du 8 avril 2024 au 14 avril 2024,6,23,Avril,2024,8 avril 2024
2024-04-13,2024,4,Avril,samedi,2024 fiscale,Trimestre 2,23,Semaine #23 du 8 avril 2024 au 14 avril 2024,Semaine #23 du 8 avril 2024 au 14 avril 2024,6,23,Avril,2024,8 avril 2024
2024-04-14,2024,4,Avril,dimanche,2024 fiscale,Trimestre 2,23,Semaine #23 du 8 avril 2024 au 14 avril 2024,Semaine #23 du 8 avril 2024 au 14 avril 2024,6,23,Avril,2024,8 avril 2024
2024-04-15,2024,4,Avril,lundi,2024 fiscale,Trimestre 2,24,Semaine #24 du 15 avril 2024 au 21 avril 2024,Semaine #24 du 15 avril 2024 au 21 avril 2024,6,24,Avril,2024,15 avril 2024
2024-04-16,2024,4,Avril,mardi,2024 fiscale,Trimestre 2,24,Semaine #24 du 15 avril 2024 au 21 avril 2024,Semaine #24 du 15 avril 2024 au 21 avril 2024,6,24,Avril,2024,15 avril 2024
2024-04-17,2024,4,Avril,mercredi,2024 fiscale,Trimestre 2,24,Semaine #24 du 15 avril 2024 au 21 avril 2024,Semaine #24 du 15 avril 2024 au 21 avril 2024,6,24,Avril,2024,15 avril 2024
2024-04-18,2024,4,Avril,jeudi,2024 fiscale,Trimestre 2,24,Semaine #24 du 15 avril 2024 au 21 avril 2024,Semaine #24 du 15 avril 2024 au 21 avril 2024,6,24,Avril,2024,15 avril 2024
2024-04-19,2024,4,Avril,vendredi,2024 fiscale,Trimestre 2,24,Semaine #24 du 15 avril 2024 au 21 avril 2024,Semaine #24 du 15 avril 2024 au 21 avril 2024,6,24,Avril,2024,15 avril 2024
2024-04-20,2024,4,Avril,samedi,2024 fiscale,Trimestre 2,24,Semaine #24 du 15 avril 2024 au 21 avril 2024,Semaine #24 du 15 avril 2024 au 21 avril 2024,6,24,Avril,2024,15 avril 2024
2024-04-21,2024,4,Avril,dimanche,2024 fiscale,Trimestre 2,24,Semaine #24 du 15 avril 2024 au 21 avril 2024,Semaine #24 du 15 avril 2024 au 21 avril 2024,6,24,Avril,2024,15 avril 2024
2024-04-22,2024,4,Avril,lundi,2024 fiscale,Trimestre 2,25,Semaine #25 du 22 avril 2024 au 28 avril 2024,Semaine #25 du 22 avril 2024 au 28 avril 2024,6,25,Avril,2024,22 avril 2024
2024-04-23,2024,4,Avril,mardi,2024 fiscale,Trimestre 2,25,Semaine #25 du 22 avril 2024 au 28 avril 2024,Semaine #25 du 22 avril 2024 au 28 avril 2024,6,25,Avril,2024,22 avril 2024
2024-04-24,2024,4,Avril,mercredi,2024 fiscale,Trimestre 2,25,Semaine #25 du 22 avril 2024 au 28 avril 2024,Semaine #25 du 22 avril 2024 au 28 avril 2024,6,25,Avril,2024,22 avril 2024
2024-04-25,2024,4,Avril,jeudi,2024 fiscale,Trimestre 2,25,Semaine #25 du 22 avril 2024 au 28 avril 2024,Semaine #25 du 22 avril 2024 au 28 avril 2024,6,25,Avril,2024,22 avril 2024
2024-04-26,2024,4,Avril,vendredi,2024 fiscale,Trimestre 2,25,Semaine #25 du 22 avril 2024 au 28 avril 2024,Semaine #25 du 22 avril 2024 au 28 avril 2024,6,25,Avril,2024,22 avril 2024
2024-04-27,2024,4,Avril,samedi,2024 fiscale,Trimestre 2,25,Semaine #25 du 22 avril 2024 au 28 avril 2024,Semaine #25 du 22 avril 2024 au 28 avril 2024,6,25,Avril,2024,22 avril 2024
2024-04-28,2024,4,Avril,dimanche,2024 fiscale,Trimestre 2,25,Semaine #25 du 22 avril 2024 au 28 avril 2024,Semaine #25 du 22 avril 2024 au 28 avril 2024,6,25,Avril,2024,22 avril 2024
2024-04-29,2024,4,Avril,lundi,2024 fiscale,Trimestre 2,26,Semaine #26 du 29 avril 2024 au 5 mai 2024,Semaine #26 du 29 avril 2024 au 5 mai 2024,6,26,Avril,2024,29 avril 2024
2024-04-30,2024,4,Avril,mardi,2024 fiscale,Trimestre 2,26,Semaine #26 du 29 avril 2024 au 5 mai 2024,Semaine #26 du 29 avril 2024 au 5 mai 2024,6,26,Avril,2024,29 avril 2024
2024-05-01,2024,5,Mai,mercredi,2024 fiscale,Trimestre 3,26,Semaine #26 du 29 avril 2024 au 5 mai 2024,Semaine #26 du 29 avril 2024 au 5 mai 2024,7,26,Mai,2024,29 avril 2024
2024-05-02,2024,5,Mai,jeudi,2024 fiscale,Trimestre 3,26,Semaine #26 du 29 avril 2024 au 5 mai 2024,Semaine #26 du 29 avril 2024 au 5 mai 2024,7,26,Mai,2024,29 avril 2024
2024-05-03,2024,5,Mai,vendredi,2024 fiscale,Trimestre 3,26,Semaine #26 du 29 avril 2024 au 5 mai 2024,Semaine #26 du 29 avril 2024 au 5 mai 2024,7,26,Mai,2024,29 avril 2024
2024-05-04,2024,5,Mai,samedi,2024 fiscale,Trimestre 3,26,Semaine #26 du 29 avril 2024 au 5 mai 2024,Semaine #26 du 29 avril 2024 au 5 mai 2024,7,26,Mai,2024,29 avril 2024
2024-05-05,2024,5,Mai,dimanche,2024 fiscale,Trimestre 3,26,Semaine #26 du 29 avril 2024 au 5 mai 2024,Semaine #26 du 29 avril 2024 au 5 mai 2024,7,26,Mai,2024,29 avril 2024
2024-05-06,2024,5,Mai,lundi,2024 fiscale,Trimestre 3,27,Semaine #27 du 6 mai 2024 au 12 mai 2024,Semaine #27 du 6 mai 2024 au 12 mai 2024,7,27,Mai,2024,6 mai 2024
2024-05-07,2024,5,Mai,mardi,2024 fiscale,Trimestre 3,27,Semaine #27 du 6 mai 2024 au 12 mai 2024,Semaine #27 du 6 mai 2024 au 12 mai 2024,7,27,Mai,2024,6 mai 2024
2024-05-08,2024,5,Mai,mercredi,2024 fiscale,Trimestre 3,27,Semaine #27 du 6 mai 2024 au 12 mai 2024,Semaine #27 du 6 mai 2024 au 12 mai 2024,7,27,Mai,2024,6 mai 2024
2024-05-09,2024,5,Mai,jeudi,2024 fiscale,Trimestre 3,27,Semaine #27 du 6 mai 2024 au 12 mai 2024,Semaine #27 du 6 mai 2024 au 12 mai 2024,7,27,Mai,2024,6 mai 2024
2024-05-10,2024,5,Mai,vendredi,2024 fiscale,Trimestre 3,27,Semaine #27 du 6 mai 2024 au 12 mai 2024,Semaine #27 du 6 mai 2024 au 12 mai 2024,7,27,Mai,2024,6 mai 2024
2024-05-11,2024,5,Mai,samedi,2024 fiscale,Trimestre 3,27,Semaine #27 du 6 mai 2024 au 12 mai 2024,Semaine #27 du 6 mai 2024 au 12 mai 2024,7,27,Mai,2024,6 mai 2024
2024-05-12,2024,5,Mai,dimanche,2024 fiscale,Trimestre 3,27,Semaine #27 du 6 mai 2024 au 12 mai 2024,Semaine #27 du 6 mai 2024 au 12 mai 2024,7,27,Mai,2024,6 mai 2024
2024-05-13,2024,5,Mai,lundi,2024 fiscale,Trimestre 3,28,Semaine #28 du 13 mai 2024 au 19 mai 2024,Semaine #28 du 13 mai 2024 au 19 mai 2024,7,28,Mai,2024,13 mai 2024
2024-05-14,2024,5,Mai,mardi,2024 fiscale,Trimestre 3,28,Semaine #28 du 13 mai 2024 au 19 mai 2024,Semaine #28 du 13 mai 2024 au 19 mai 2024,7,28,Mai,2024,13 mai 2024
2024-05-15,2024,5,Mai,mercredi,2024 fiscale,Trimestre 3,28,Semaine #28 du 13 mai 2024 au 19 mai 2024,Semaine #28 du 13 mai 2024 au 19 mai 2024,7,28,Mai,2024,13 mai 2024
2024-05-16,2024,5,Mai,jeudi,2024 fiscale,Trimestre 3,28,Semaine #28 du 13 mai 2024 au 19 mai 2024,Semaine #28 du 13 mai 2024 au 19 mai 2024,7,28,Mai,2024,13 mai 2024
2024-05-17,2024,5,Mai,vendredi,2024 fiscale,Trimestre 3,28,Semaine #28 du 13 mai 2024 au 19 mai 2024,Semaine #28 du 13 mai 2024 au 19 mai 2024,7,28,Mai,2024,13 mai 2024
2024-05-18,2024,5,Mai,samedi,2024 fiscale,Trimestre 3,28,Semaine #28 du 13 mai 2024 au 19 mai 2024,Semaine #28 du 13 mai 2024 au 19 mai 2024,7,28,Mai,2024,13 mai 2024
2024-05-19,2024,5,Mai,dimanche,2024 fiscale,Trimestre 3,28,Semaine #28 du 13 mai 2024 au 19 mai 2024,Semaine #28 du 13 mai 2024 au 19 mai 2024,7,28,Mai,2024,13 mai 2024
2024-05-20,2024,5,Mai,lundi,2024 fiscale,Trimestre 3,29,Semaine #29 du 20 mai 2024 au 26 mai 2024,Semaine #29 du 20 mai 2024 au 26 mai 2024,7,29,Mai,2024,20 mai 2024
2024-05-21,2024,5,Mai,mardi,2024 fiscale,Trimestre 3,29,Semaine #29 du 20 mai 2024 au 26 mai 2024,Semaine #29 du 20 mai 2024 au 26 mai 2024,7,29,Mai,2024,20 mai 2024
2024-05-22,2024,5,Mai,mercredi,2024 fiscale,Trimestre 3,29,Semaine #29 du 20 mai 2024 au 26 mai 2024,Semaine #29 du 20 mai 2024 au 26 mai 2024,7,29,Mai,2024,20 mai 2024
2024-05-23,2024,5,Mai,jeudi,2024 fiscale,Trimestre 3,29,Semaine #29 du 20 mai 2024 au 26 mai 2024,Semaine #29 du 20 mai 2024 au 26 mai 2024,7,29,Mai,2024,20 mai 2024
2024-05-24,2024,5,Mai,vendredi,2024 fiscale,Trimestre 3,29,Semaine #29 du 20 mai 2024 au 26 mai 2024,Semaine #29 du 20 mai 2024 au 26 mai 2024,7,29,Mai,2024,20 mai 2024
2024-05-25,2024,5,Mai,samedi,2024 fiscale,Trimestre 3,29,Semaine #29 du 20 mai 2024 au 26 mai 2024,Semaine #29 du 20 mai 2024 au 26 mai 2024,7,29,Mai,2024,20 mai 2024
2024-05-26,2024,5,Mai,dimanche,2024 fiscale,Trimestre 3,29,Semaine #29 du 20 mai 2024 au 26 mai 2024,Semaine #29 du 20 mai 2024 au 26 mai 2024,7,29,Mai,2024,20 mai 2024
2024-05-27,2024,5,Mai,lundi,2024 fiscale,Trimestre 3,30,Semaine #30 du 27 mai 2024 au 2 juin 2024,Semaine #30 du 27 mai 2024 au 2 juin 2024,7,30,Mai,2024,27 mai 2024
2024-05-28,2024,5,Mai,mardi,2024 fiscale,Trimestre 3,30,Semaine #30 du 27 mai 2024 au 2 juin 2024,Semaine #30 du 27 mai 2024 au 2 juin 2024,7,30,Mai,2024,27 mai 2024
2024-05-29,2024,5,Mai,mercredi,2024 fiscale,Trimestre 3,30,Semaine #30 du 27 mai 2024 au 2 juin 2024,Semaine #30 du 27 mai 2024 au 2 juin 2024,7,30,Mai,2024,27 mai 2024
2024-05-30,2024,5,Mai,jeudi,2024 fiscale,Trimestre 3,30,Semaine #30 du 27 mai 2024 au 2 juin 2024,Semaine #30 du 27 mai 2024 au 2 juin 2024,7,30,Mai,2024,27 mai 2024
2024-05-31,2024,5,Mai,vendredi,2024 fiscale,Trimestre 3,30,Semaine #30 du 27 mai 2024 au 2 juin 2024,Semaine #30 du 27 mai 2024 au 2 juin 2024,7,30,Mai,2024,27 mai 2024
2024-06-01,2024,6,Juin,samedi,2024 fiscale,Trimestre 3,30,Semaine #30 du 27 mai 2024 au 2 juin 2024,Semaine #30 du 27 mai 2024 au 2 juin 2024,8,30,Juin,2024,27 mai 2024
2024-06-02,2024,6,Juin,dimanche,2024 fiscale,Trimestre 3,30,Semaine #30 du 27 mai 2024 au 2 juin 2024,Semaine #30 du 27 mai 2024 au 2 juin 2024,8,30,Juin,2024,27 mai 2024
2024-06-03,2024,6,Juin,lundi,2024 fiscale,Trimestre 3,31,Semaine #31 du 3 juin 2024 au 9 juin 2024,Semaine #31 du 3 juin 2024 au 9 juin 2024,8,31,Juin,2024,3 juin 2024
2024-06-04,2024,6,Juin,mardi,2024 fiscale,Trimestre 3,31,Semaine #31 du 3 juin 2024 au 9 juin 2024,Semaine #31 du 3 juin 2024 au 9 juin 2024,8,31,Juin,2024,3 juin 2024
2024-06-05,2024,6,Juin,mercredi,2024 fiscale,Trimestre 3,31,Semaine #31 du 3 juin 2024 au 9 juin 2024,Semaine #31 du 3 juin 2024 au 9 juin 2024,8,31,Juin,2024,3 juin 2024
2024-06-06,2024,6,Juin,jeudi,2024 fiscale,Trimestre 3,31,Semaine #31 du 3 juin 2024 au 9 juin 2024,Semaine #31 du 3 juin 2024 au 9 juin 2024,8,31,Juin,2024,3 juin 2024
2024-06-07,2024,6,Juin,vendredi,2024 fiscale,Trimestre 3,31,Semaine #31 du 3 juin 2024 au 9 juin 2024,Semaine #31 du 3 juin 2024 au 9 juin 2024,8,31,Juin,2024,3 juin 2024
2024-06-08,2024,6,Juin,samedi,2024 fiscale,Trimestre 3,31,Semaine #31 du 3 juin 2024 au 9 juin 2024,Semaine #31 du 3 juin 2024 au 9 juin 2024,8,31,Juin,2024,3 juin 2024
2024-06-09,2024,6,Juin,dimanche,2024 fiscale,Trimestre 3,31,Semaine #31 du 3 juin 2024 au 9 juin 2024,Semaine #31 du 3 juin 2024 au 9 juin 2024,8,31,Juin,2024,3 juin 2024
2024-06-10,2024,6,Juin,lundi,2024 fiscale,Trimestre 3,32,Semaine #32 du 10 juin 2024 au 16 juin 2024,Semaine #32 du 10 juin 2024 au 16 juin 2024,8,32,Juin,2024,10 juin 2024
2024-06-11,2024,6,Juin,mardi,2024 fiscale,Trimestre 3,32,Semaine #32 du 10 juin 2024 au 16 juin 2024,Semaine #32 du 10 juin 2024 au 16 juin 2024,8,32,Juin,2024,10 juin 2024
2024-06-12,2024,6,Juin,mercredi,2024 fiscale,Trimestre 3,32,Semaine #32 du 10 juin 2024 au 16 juin 2024,Semaine #32 du 10 juin 2024 au 16 juin 2024,8,32,Juin,2024,10 juin 2024
2024-06-13,2024,6,Juin,jeudi,2024 fiscale,Trimestre 3,32,Semaine #32 du 10 juin 2024 au 16 juin 2024,Semaine #32 du 10 juin 2024 au 16 juin 2024,8,32,Juin,2024,10 juin 2024
2024-06-14,2024,6,Juin,vendredi,2024 fiscale,Trimestre 3,32,Semaine #32 du 10 juin 2024 au 16 juin 2024,Semaine #32 du 10 juin 2024 au 16 juin 2024,8,32,Juin,2024,10 juin 2024
2024-06-15,2024,6,Juin,samedi,2024 fiscale,Trimestre 3,32,Semaine #32 du 10 juin 2024 au 16 juin 2024,Semaine #32 du 10 juin 2024 au 16 juin 2024,8,32,Juin,2024,10 juin 2024
2024-06-16,2024,6,Juin,dimanche,2024 fiscale,Trimestre 3,32,Semaine #32 du 10 juin 2024 au 16 juin 2024,Semaine #32 du 10 juin 2024 au 16 juin 2024,8,32,Juin,2024,10 juin 2024
2024-06-17,2024,6,Juin,lundi,2024 fiscale,Trimestre 3,33,Semaine #33 du 17 juin 2024 au 23 juin 2024,Semaine #33 du 17 juin 2024 au 23 juin 2024,8,33,Juin,2024,17 juin 2024
2024-06-18,2024,6,Juin,mardi,2024 fiscale,Trimestre 3,33,Semaine #33 du 17 juin 2024 au 23 juin 2024,Semaine #33 du 17 juin 2024 au 23 juin 2024,8,33,Juin,2024,17 juin 2024
2024-06-19,2024,6,Juin,mercredi,2024 fiscale,Trimestre 3,33,Semaine #33 du 17 juin 2024 au 23 juin 2024,Semaine #33 du 17 juin 2024 au 23 juin 2024,8,33,Juin,2024,17 juin 2024
2024-06-20,2024,6,Juin,jeudi,2024 fiscale,Trimestre 3,33,Semaine #33 du 17 juin 2024 au 23 juin 2024,Semaine #33 du 17 juin 2024 au 23 juin 2024,8,33,Juin,2024,17 juin 2024
2024-06-21,2024,6,Juin,vendredi,2024 fiscale,Trimestre 3,33,Semaine #33 du 17 juin 2024 au 23 juin 2024,Semaine #33 du 17 juin 2024 au 23 juin 2024,8,33,Juin,2024,17 juin 2024
2024-06-22,2024,6,Juin,samedi,2024 fiscale,Trimestre 3,33,Semaine #33 du 17 juin 2024 au 23 juin 2024,Semaine #33 du 17 juin 2024 au 23 juin 2024,8,33,Juin,2024,17 juin 2024
2024-06-23,2024,6,Juin,dimanche,2024 fiscale,Trimestre 3,33,Semaine #33 du 17 juin 2024 au 23 juin 2024,Semaine #33 du 17 juin 2024 au 23 juin 2024,8,33,Juin,2024,17 juin 2024
2024-06-24,2024,6,Juin,lundi,2024 fiscale,Trimestre 3,34,Semaine #34 du 24 juin 2024 au 30 juin 2024,Semaine #34 du 24 juin 2024 au 30 juin 2024,8,34,Juin,2024,24 juin 2024
2024-06-25,2024,6,Juin,mardi,2024 fiscale,Trimestre 3,34,Semaine #34 du 24 juin 2024 au 30 juin 2024,Semaine #34 du 24 juin 2024 au 30 juin 2024,8,34,Juin,2024,24 juin 2024
2024-06-26,2024,6,Juin,mercredi,2024 fiscale,Trimestre 3,34,Semaine #34 du 24 juin 2024 au 30 juin 2024,Semaine #34 du 24 juin 2024 au 30 juin 2024,8,34,Juin,2024,24 juin 2024
2024-06-27,2024,6,Juin,jeudi,2024 fiscale,Trimestre 3,34,Semaine #34 du 24 juin 2024 au 30 juin 2024,Semaine #34 du 24 juin 2024 au 30 juin 2024,8,34,Juin,2024,24 juin 2024
2024-06-28,2024,6,Juin,vendredi,2024 fiscale,Trimestre 3,34,Semaine #34 du 24 juin 2024 au 30 juin 2024,Semaine #34 du 24 juin 2024 au 30 juin 2024,8,34,Juin,2024,24 juin 2024
2024-06-29,2024,6,Juin,samedi,2024 fiscale,Trimestre 3,34,Semaine #34 du 24 juin 2024 au 30 juin 2024,Semaine #34 du 24 juin 2024 au 30 juin 2024,8,34,Juin,2024,24 juin 2024
2024-06-30,2024,6,Juin,dimanche,2024 fiscale,Trimestre 3,34,Semaine #34 du 24 juin 2024 au 30 juin 2024,Semaine #34 du 24 juin 2024 au 30 juin 2024,8,34,Juin,2024,24 juin 2024
2024-07-01,2024,7,Juillet,lundi,2024 fiscale,Trimestre 3,35,Semaine #35 du 1 juillet 2024 au 7 juillet 2024,Semaine #35 du 1 juillet 2024 au 7 juillet 2024,9,35,Juillet,2024,1 juillet 2024
2024-07-02,2024,7,Juillet,mardi,2024 fiscale,Trimestre 3,35,Semaine #35 du 1 juillet 2024 au 7 juillet 2024,Semaine #35 du 1 juillet 2024 au 7 juillet 2024,9,35,Juillet,2024,1 juillet 2024
2024-07-03,2024,7,Juillet,mercredi,2024 fiscale,Trimestre 3,35,Semaine #35 du 1 juillet 2024 au 7 juillet 2024,Semaine #35 du 1 juillet 2024 au 7 juillet 2024,9,35,Juillet,2024,1 juillet 2024
2024-07-04,2024,7,Juillet,jeudi,2024 fiscale,Trimestre 3,35,Semaine #35 du 1 juillet 2024 au 7 juillet 2024,Semaine #35 du 1 juillet 2024 au 7 juillet 2024,9,35,Juillet,2024,1 juillet 2024
2024-07-05,2024,7,Juillet,vendredi,2024 fiscale,Trimestre 3,35,Semaine #35 du 1 juillet 2024 au 7 juillet 2024,Semaine #35 du 1 juillet 2024 au 7 juillet 2024,9,35,Juillet,2024,1 juillet 2024
2024-07-06,2024,7,Juillet,samedi,2024 fiscale,Trimestre 3,35,Semaine #35 du 1 juillet 2024 au 7 juillet 2024,Semaine #35 du 1 juillet 2024 au 7 juillet 2024,9,35,Juillet,2024,1 juillet 2024
2024-07-07,2024,7,Juillet,dimanche,2024 fiscale,Trimestre 3,35,Semaine #35 du 1 juillet 2024 au 7 juillet 2024,Semaine #35 du 1 juillet 2024 au 7 juillet 2024,9,35,Juillet,2024,1 juillet 2024
2024-07-08,2024,7,Juillet,lundi,2024 fiscale,Trimestre 3,36,Semaine #36 du 8 juillet 2024 au 14 juillet 2024,Semaine #36 du 8 juillet 2024 au 14 juillet 2024,9,36,Juillet,2024,8 juillet 2024
2024-07-09,2024,7,Juillet,mardi,2024 fiscale,Trimestre 3,36,Semaine #36 du 8 juillet 2024 au 14 juillet 2024,Semaine #36 du 8 juillet 2024 au 14 juillet 2024,9,36,Juillet,2024,8 juillet 2024
2024-07-10,2024,7,Juillet,mercredi,2024 fiscale,Trimestre 3,36,Semaine #36 du 8 juillet 2024 au 14 juillet 2024,Semaine #36 du 8 juillet 2024 au 14 juillet 2024,9,36,Juillet,2024,8 juillet 2024
2024-07-11,2024,7,Juillet,jeudi,2024 fiscale,Trimestre 3,36,Semaine #36 du 8 juillet 2024 au 14 juillet 2024,Semaine #36 du 8 juillet 2024 au 14 juillet 2024,9,36,Juillet,2024,8 juillet 2024
2024-07-12,2024,7,Juillet,vendredi,2024 fiscale,Trimestre 3,36,Semaine #36 du 8 juillet 2024 au 14 juillet 2024,Semaine #36 du 8 juillet 2024 au 14 juillet 2024,9,36,Juillet,2024,8 juillet 2024
2024-07-13,2024,7,Juillet,samedi,2024 fiscale,Trimestre 3,36,Semaine #36 du 8 juillet 2024 au 14 juillet 2024,Semaine #36 du 8 juillet 2024 au 14 juillet 2024,9,36,Juillet,2024,8 juillet 2024
2024-07-14,2024,7,Juillet,dimanche,2024 fiscale,Trimestre 3,36,Semaine #36 du 8 juillet 2024 au 14 juillet 2024,Semaine #36 du 8 juillet 2024 au 14 juillet 2024,9,36,Juillet,2024,8 juillet 2024
2024-07-15,2024,7,Juillet,lundi,2024 fiscale,Trimestre 3,37,Semaine #37 du 15 juillet 2024 au 21 juillet 2024,Semaine #37 du 15 juillet 2024 au 21 juillet 2024,9,37,Juillet,2024,15 juillet 2024
2024-07-16,2024,7,Juillet,mardi,2024 fiscale,Trimestre 3,37,Semaine #37 du 15 juillet 2024 au 21 juillet 2024,Semaine #37 du 15 juillet 2024 au 21 juillet 2024,9,37,Juillet,2024,15 juillet 2024
2024-07-17,2024,7,Juillet,mercredi,2024 fiscale,Trimestre 3,37,Semaine #37 du 15 juillet 2024 au 21 juillet 2024,Semaine #37 du 15 juillet 2024 au 21 juillet 2024,9,37,Juillet,2024,15 juillet 2024
2024-07-18,2024,7,Juillet,jeudi,2024 fiscale,Trimestre 3,37,Semaine #37 du 15 juillet 2024 au 21 juillet 2024,Semaine #37 du 15 juillet 2024 au 21 juillet 2024,9,37,Juillet,2024,15 juillet 2024
2024-07-19,2024,7,Juillet,vendredi,2024 fiscale,Trimestre 3,37,Semaine #37 du 15 juillet 2024 au 21 juillet 2024,Semaine #37 du 15 juillet 2024 au 21 juillet 2024,9,37,Juillet,2024,15 juillet 2024
2024-07-20,2024,7,Juillet,samedi,2024 fiscale,Trimestre 3,37,Semaine #37 du 15 juillet 2024 au 21 juillet 2024,Semaine #37 du 15 juillet 2024 au 21 juillet 2024,9,37,Juillet,2024,15 juillet 2024
2024-07-21,2024,7,Juillet,dimanche,2024 fiscale,Trimestre 3,37,Semaine #37 du 15 juillet 2024 au 21 juillet 2024,Semaine #37 du 15 juillet 2024 au 21 juillet 2024,9,37,Juillet,2024,15 juillet 2024
2024-07-22,2024,7,Juillet,lundi,2024 fiscale,Trimestre 3,38,Semaine #38 du 22 juillet 2024 au 28 juillet 2024,Semaine #38 du 22 juillet 2024 au 28 juillet 2024,9,38,Juillet,2024,22 juillet 2024
2024-07-23,2024,7,Juillet,mardi,2024 fiscale,Trimestre 3,38,Semaine #38 du 22 juillet 2024 au 28 juillet 2024,Semaine #38 du 22 juillet 2024 au 28 juillet 2024,9,38,Juillet,2024,22 juillet 2024
2024-07-24,2024,7,Juillet,mercredi,2024 fiscale,Trimestre 3,38,Semaine #38 du 22 juillet 2024 au 28 juillet 2024,Semaine #38 du 22 juillet 2024 au 28 juillet 2024,9,38,Juillet,2024,22 juillet 2024
2024-07-25,2024,7,Juillet,jeudi,2024 fiscale,Trimestre 3,38,Semaine #38 du 22 juillet 2024 au 28 juillet 2024,Semaine #38 du 22 juillet 2024 au 28 juillet 2024,9,38,Juillet,2024,22 juillet 2024
2024-07-26,2024,7,Juillet,vendredi,2024 fiscale,Trimestre 3,38,Semaine #38 du 22 juillet 2024 au 28 juillet 2024,Semaine #38 du 22 juillet 2024 au 28 juillet 2024,9,38,Juillet,2024,22 juillet 2024
2024-07-27,2024,7,Juillet,samedi,2024 fiscale,Trimestre 3,38,Semaine #38 du 22 juillet 2024 au 28 juillet 2024,Semaine #38 du 22 juillet 2024 au 28 juillet 2024,9,38,Juillet,2024,22 juillet 2024
2024-07-28,2024,7,Juillet,dimanche,2024 fiscale,Trimestre 3,38,Semaine #38 du 22 juillet 2024 au 28 juillet 2024,Semaine #38 du 22 juillet 2024 au 28 juillet 2024,9,38,Juillet,2024,22 juillet 2024
2024-07-29,2024,7,Juillet,lundi,2024 fiscale,Trimestre 3,39,Semaine #39 du 29 juillet 2024 au 4 août 2024,Semaine #39 du 29 juillet 2024 au 4 août 2024,9,39,Juillet,2024,29 juillet 2024
2024-07-30,2024,7,Juillet,mardi,2024 fiscale,Trimestre 3,39,Semaine #39 du 29 juillet 2024 au 4 août 2024,Semaine #39 du 29 juillet 2024 au 4 août 2024,9,39,Juillet,2024,29 juillet 2024
2024-07-31,2024,7,Juillet,mercredi,2024 fiscale,Trimestre 3,39,Semaine #39 du 29 juillet 2024 au 4 août 2024,Semaine #39 du 29 juillet 2024 au 4 août 2024,9,39,Juillet,2024,29 juillet 2024
2024-08-01,2024,8,Août,jeudi,2024 fiscale,Trimestre 4,39,Semaine #39 du 29 juillet 2024 au 4 août 2024,Semaine #39 du 29 juillet 2024 au 4 août 2024,10,39,Août,2024,29 juillet 2024
2024-08-02,2024,8,Août,vendredi,2024 fiscale,Trimestre 4,39,Semaine #39 du 29 juillet 2024 au 4 août 2024,Semaine #39 du 29 juillet 2024 au 4 août 2024,10,39,Août,2024,29 juillet 2024
2024-08-03,2024,8,Août,samedi,2024 fiscale,Trimestre 4,39,Semaine #39 du 29 juillet 2024 au 4 août 2024,Semaine #39 du 29 juillet 2024 au 4 août 2024,10,39,Août,2024,29 juillet 2024
2024-08-04,2024,8,Août,dimanche,2024 fiscale,Trimestre 4,39,Semaine #39 du 29 juillet 2024 au 4 août 2024,Semaine #39 du 29 juillet 2024 au 4 août 2024,10,39,Août,2024,29 juillet 2024
2024-08-05,2024,8,Août,lundi,2024 fiscale,Trimestre 4,40,Semaine #40 du 5 août 2024 au 11 août 2024,Semaine #40 du 5 août 2024 au 11 août 2024,10,40,Août,2024,5 août 2024
2024-08-06,2024,8,Août,mardi,2024 fiscale,Trimestre 4,40,Semaine #40 du 5 août 2024 au 11 août 2024,Semaine #40 du 5 août 2024 au 11 août 2024,10,40,Août,2024,5 août 2024
2024-08-07,2024,8,Août,mercredi,2024 fiscale,Trimestre 4,40,Semaine #40 du 5 août 2024 au 11 août 2024,Semaine #40 du 5 août 2024 au 11 août 2024,10,40,Août,2024,5 août 2024
2024-08-08,2024,8,Août,jeudi,2024 fiscale,Trimestre 4,40,Semaine #40 du 5 août 2024 au 11 août 2024,Semaine #40 du 5 août 2024 au 11 août 2024,10,40,Août,2024,5 août 2024
2024-08-09,2024,8,Août,vendredi,2024 fiscale,Trimestre 4,40,Semaine #40 du 5 août 2024 au 11 août 2024,Semaine #40 du 5 août 2024 au 11 août 2024,10,40,Août,2024,5 août 2024
2024-08-10,2024,8,Août,samedi,2024 fiscale,Trimestre 4,40,Semaine #40 du 5 août 2024 au 11 août 2024,Semaine #40 du 5 août 2024 au 11 août 2024,10,40,Août,2024,5 août 2024
2024-08-11,2024,8,Août,dimanche,2024 fiscale,Trimestre 4,40,Semaine #40 du 5 août 2024 au 11 août 2024,Semaine #40 du 5 août 2024 au 11 août 2024,10,40,Août,2024,5 août 2024
2024-08-12,2024,8,Août,lundi,2024 fiscale,Trimestre 4,41,Semaine #41 du 12 août 2024 au 18 août 2024,Semaine #41 du 12 août 2024 au 18 août 2024,10,41,Août,2024,12 août 2024
2024-08-13,2024,8,Août,mardi,2024 fiscale,Trimestre 4,41,Semaine #41 du 12 août 2024 au 18 août 2024,Semaine #41 du 12 août 2024 au 18 août 2024,10,41,Août,2024,12 août 2024
2024-08-14,2024,8,Août,mercredi,2024 fiscale,Trimestre 4,41,Semaine #41 du 12 août 2024 au 18 août 2024,Semaine #41 du 12 août 2024 au 18 août 2024,10,41,Août,2024,12 août 2024
2024-08-15,2024,8,Août,jeudi,2024 fiscale,Trimestre 4,41,Semaine #41 du 12 août 2024 au 18 août 2024,Semaine #41 du 12 août 2024 au 18 août 2024,10,41,Août,2024,12 août 2024
2024-08-16,2024,8,Août,vendredi,2024 fiscale,Trimestre 4,41,Semaine #41 du 12 août 2024 au 18 août 2024,Semaine #41 du 12 août 2024 au 18 août 2024,10,41,Août,2024,12 août 2024
2024-08-17,2024,8,Août,samedi,2024 fiscale,Trimestre 4,41,Semaine #41 du 12 août 2024 au 18 août 2024,Semaine #41 du 12 août 2024 au 18 août 2024,10,41,Août,2024,12 août 2024
2024-08-18,2024,8,Août,dimanche,2024 fiscale,Trimestre 4,41,Semaine #41 du 12 août 2024 au 18 août 2024,Semaine #41 du 12 août 2024 au 18 août 2024,10,41,Août,2024,12 août 2024
2024-08-19,2024,8,Août,lundi,2024 fiscale,Trimestre 4,42,Semaine #42 du 19 août 2024 au 25 août 2024,Semaine #42 du 19 août 2024 au 25 août 2024,10,42,Août,2024,19 août 2024
2024-08-20,2024,8,Août,mardi,2024 fiscale,Trimestre 4,42,Semaine #42 du 19 août 2024 au 25 août 2024,Semaine #42 du 19 août 2024 au 25 août 2024,10,42,Août,2024,19 août 2024
2024-08-21,2024,8,Août,mercredi,2024 fiscale,Trimestre 4,42,Semaine #42 du 19 août 2024 au 25 août 2024,Semaine #42 du 19 août 2024 au 25 août 2024,10,42,Août,2024,19 août 2024
2024-08-22,2024,8,Août,jeudi,2024 fiscale,Trimestre 4,42,Semaine #42 du 19 août 2024 au 25 août 2024,Semaine #42 du 19 août 2024 au 25 août 2024,10,42,Août,2024,19 août 2024
2024-08-23,2024,8,Août,vendredi,2024 fiscale,Trimestre 4,42,Semaine #42 du 19 août 2024 au 25 août 2024,Semaine #42 du 19 août 2024 au 25 août 2024,10,42,Août,2024,19 août 2024
2024-08-24,2024,8,Août,samedi,2024 fiscale,Trimestre 4,42,Semaine #42 du 19 août 2024 au 25 août 2024,Semaine #42 du 19 août 2024 au 25 août 2024,10,42,Août,2024,19 août 2024
2024-08-25,2024,8,Août,dimanche,2024 fiscale,Trimestre 4,42,Semaine #42 du 19 août 2024 au 25 août 2024,Semaine #42 du 19 août 2024 au 25 août 2024,10,42,Août,2024,19 août 2024
2024-08-26,2024,8,Août,lundi,2024 fiscale,Trimestre 4,43,Semaine #43 du 26 août 2024 au 1 septembre 2024,Semaine #43 du 26 août 2024 au 1 sept 2024,10,43,Août,2024,26 août 2024
2024-08-27,2024,8,Août,mardi,2024 fiscale,Trimestre 4,43,Semaine #43 du 26 août 2024 au 1 septembre 2024,Semaine #43 du 26 août 2024 au 1 sept 2024,10,43,Août,2024,26 août 2024
2024-08-28,2024,8,Août,mercredi,2024 fiscale,Trimestre 4,43,Semaine #43 du 26 août 2024 au 1 septembre 2024,Semaine #43 du 26 août 2024 au 1 sept 2024,10,43,Août,2024,26 août 2024
2024-08-29,2024,8,Août,jeudi,2024 fiscale,Trimestre 4,43,Semaine #43 du 26 août 2024 au 1 septembre 2024,Semaine #43 du 26 août 2024 au 1 sept 2024,10,43,Août,2024,26 août 2024
2024-08-30,2024,8,Août,vendredi,2024 fiscale,Trimestre 4,43,Semaine #43 du 26 août 2024 au 1 septembre 2024,Semaine #43 du 26 août 2024 au 1 sept 2024,10,43,Août,2024,26 août 2024
2024-08-31,2024,8,Août,samedi,2024 fiscale,Trimestre 4,43,Semaine #43 du 26 août 2024 au 1 septembre 2024,Semaine #43 du 26 août 2024 au 1 sept 2024,10,43,Août,2024,26 août 2024
2024-09-01,2024,9,Septembre,dimanche,2024 fiscale,Trimestre 4,43,Semaine #43 du 26 août 2024 au 1 septembre 2024,Semaine #43 du 26 août 2024 au 1 sept 2024,11,43,Septembre,2024,26 août 2024
2024-09-02,2024,9,Septembre,lundi,2024 fiscale,Trimestre 4,44,Semaine #44 du 2 septembre 2024 au 8 septembre 2024,Semaine #44 du 2 sept 2024 au 8 sept 2024,11,44,Septembre,2024,2 septembre 2024
2024-09-03,2024,9,Septembre,mardi,2024 fiscale,Trimestre 4,44,Semaine #44 du 2 septembre 2024 au 8 septembre 2024,Semaine #44 du 2 sept 2024 au 8 sept 2024,11,44,Septembre,2024,2 septembre 2024
2024-09-04,2024,9,Septembre,mercredi,2024 fiscale,Trimestre 4,44,Semaine #44 du 2 septembre 2024 au 8 septembre 2024,Semaine #44 du 2 sept 2024 au 8 sept 2024,11,44,Septembre,2024,2 septembre 2024
2024-09-05,2024,9,Septembre,jeudi,2024 fiscale,Trimestre 4,44,Semaine #44 du 2 septembre 2024 au 8 septembre 2024,Semaine #44 du 2 sept 2024 au 8 sept 2024,11,44,Septembre,2024,2 septembre 2024
2024-09-06,2024,9,Septembre,vendredi,2024 fiscale,Trimestre 4,44,Semaine #44 du 2 septembre 2024 au 8 septembre 2024,Semaine #44 du 2 sept 2024 au 8 sept 2024,11,44,Septembre,2024,2 septembre 2024
2024-09-07,2024,9,Septembre,samedi,2024 fiscale,Trimestre 4,44,Semaine #44 du 2 septembre 2024 au 8 septembre 2024,Semaine #44 du 2 sept 2024 au 8 sept 2024,11,44,Septembre,2024,2 septembre 2024
2024-09-08,2024,9,Septembre,dimanche,2024 fiscale,Trimestre 4,44,Semaine #44 du 2 septembre 2024 au 8 septembre 2024,Semaine #44 du 2 sept 2024 au 8 sept 2024,11,44,Septembre,2024,2 septembre 2024
2024-09-09,2024,9,Septembre,lundi,2024 fiscale,Trimestre 4,45,Semaine #45 du 9 septembre 2024 au 15 septembre 2024,Semaine #45 du 9 sept 2024 au 15 sept 2024,11,45,Septembre,2024,9 septembre 2024
2024-09-10,2024,9,Septembre,mardi,2024 fiscale,Trimestre 4,45,Semaine #45 du 9 septembre 2024 au 15 septembre 2024,Semaine #45 du 9 sept 2024 au 15 sept 2024,11,45,Septembre,2024,9 septembre 2024
2024-09-11,2024,9,Septembre,mercredi,2024 fiscale,Trimestre 4,45,Semaine #45 du 9 septembre 2024 au 15 septembre 2024,Semaine #45 du 9 sept 2024 au 15 sept 2024,11,45,Septembre,2024,9 septembre 2024
2024-09-12,2024,9,Septembre,jeudi,2024 fiscale,Trimestre 4,45,Semaine #45 du 9 septembre 2024 au 15 septembre 2024,Semaine #45 du 9 sept 2024 au 15 sept 2024,11,45,Septembre,2024,9 septembre 2024
2024-09-13,2024,9,Septembre,vendredi,2024 fiscale,Trimestre 4,45,Semaine #45 du 9 septembre 2024 au 15 septembre 2024,Semaine #45 du 9 sept 2024 au 15 sept 2024,11,45,Septembre,2024,9 septembre 2024
2024-09-14,2024,9,Septembre,samedi,2024 fiscale,Trimestre 4,45,Semaine #45 du 9 septembre 2024 au 15 septembre 2024,Semaine #45 du 9 sept 2024 au 15 sept 2024,11,45,Septembre,2024,9 septembre 2024
2024-09-15,2024,9,Septembre,dimanche,2024 fiscale,Trimestre 4,45,Semaine #45 du 9 septembre 2024 au 15 septembre 2024,Semaine #45 du 9 sept 2024 au 15 sept 2024,11,45,Septembre,2024,9 septembre 2024
2024-09-16,2024,9,Septembre,lundi,2024 fiscale,Trimestre 4,46,Semaine #46 du 16 septembre 2024 au 22 septembre 2024,Semaine #46 du 16 sept 2024 au 22 sept 2024,11,46,Septembre,2024,16 septembre 2024
2024-09-17,2024,9,Septembre,mardi,2024 fiscale,Trimestre 4,46,Semaine #46 du 16 septembre 2024 au 22 septembre 2024,Semaine #46 du 16 sept 2024 au 22 sept 2024,11,46,Septembre,2024,16 septembre 2024
2024-09-18,2024,9,Septembre,mercredi,2024 fiscale,Trimestre 4,46,Semaine #46 du 16 septembre 2024 au 22 septembre 2024,Semaine #46 du 16 sept 2024 au 22 sept 2024,11,46,Septembre,2024,16 septembre 2024
2024-09-19,2024,9,Septembre,jeudi,2024 fiscale,Trimestre 4,46,Semaine #46 du 16 septembre 2024 au 22 septembre 2024,Semaine #46 du 16 sept 2024 au 22 sept 2024,11,46,Septembre,2024,16 septembre 2024
2024-09-20,2024,9,Septembre,vendredi,2024 fiscale,Trimestre 4,46,Semaine #46 du 16 septembre 2024 au 22 septembre 2024,Semaine #46 du 16 sept 2024 au 22 sept 2024,11,46,Septembre,2024,16 septembre 2024
2024-09-21,2024,9,Septembre,samedi,2024 fiscale,Trimestre 4,46,Semaine #46 du 16 septembre 2024 au 22 septembre 2024,Semaine #46 du 16 sept 2024 au 22 sept 2024,11,46,Septembre,2024,16 septembre 2024
2024-09-22,2024,9,Septembre,dimanche,2024 fiscale,Trimestre 4,46,Semaine #46 du 16 septembre 2024 au 22 septembre 2024,Semaine #46 du 16 sept 2024 au 22 sept 2024,11,46,Septembre,2024,16 septembre 2024
2024-09-23,2024,9,Septembre,lundi,2024 fiscale,Trimestre 4,47,Semaine #47 du 23 septembre 2024 au 29 septembre 2024,Semaine #47 du 23 sept 2024 au 29 sept 2024,11,47,Septembre,2024,23 septembre 2024
2024-09-24,2024,9,Septembre,mardi,2024 fiscale,Trimestre 4,47,Semaine #47 du 23 septembre 2024 au 29 septembre 2024,Semaine #47 du 23 sept 2024 au 29 sept 2024,11,47,Septembre,2024,23 septembre 2024
2024-09-25,2024,9,Septembre,mercredi,2024 fiscale,Trimestre 4,47,Semaine #47 du 23 septembre 2024 au 29 septembre 2024,Semaine #47 du 23 sept 2024 au 29 sept 2024,11,47,Septembre,2024,23 septembre 2024
2024-09-26,2024,9,Septembre,jeudi,2024 fiscale,Trimestre 4,47,Semaine #47 du 23 septembre 2024 au 29 septembre 2024,Semaine #47 du 23 sept 2024 au 29 sept 2024,11,47,Septembre,2024,23 septembre 2024
2024-09-27,2024,9,Septembre,vendredi,2024 fiscale,Trimestre 4,47,Semaine #47 du 23 septembre 2024 au 29 septembre 2024,Semaine #47 du 23 sept 2024 au 29 sept 2024,11,47,Septembre,2024,23 septembre 2024
2024-09-28,2024,9,Septembre,samedi,2024 fiscale,Trimestre 4,47,Semaine #47 du 23 septembre 2024 au 29 septembre 2024,Semaine #47 du 23 sept 2024 au 29 sept 2024,11,47,Septembre,2024,23 septembre 2024
2024-09-29,2024,9,Septembre,dimanche,2024 fiscale,Trimestre 4,47,Semaine #47 du 23 septembre 2024 au 29 septembre 2024,Semaine #47 du 23 sept 2024 au 29 sept 2024,11,47,Septembre,2024,23 septembre 2024
2024-09-30,2024,9,Septembre,lundi,2024 fiscale,Trimestre 4,48,Semaine #48 du 30 septembre 2024 au 6 octobre 2024,Semaine #48 du 30 sept 2024 au 6 oct 2024,11,48,Septembre,2024,30 septembre 2024
2024-10-01,2024,10,Octobre,mardi,2024 fiscale,Trimestre 4,48,Semaine #48 du 30 septembre 2024 au 6 octobre 2024,Semaine #48 du 30 sept 2024 au 6 oct 2024,12,48,Octobre,2024,30 septembre 2024
2024-10-02,2024,10,Octobre,mercredi,2024 fiscale,Trimestre 4,48,Semaine #48 du 30 septembre 2024 au 6 octobre 2024,Semaine #48 du 30 sept 2024 au 6 oct 2024,12,48,Octobre,2024,30 septembre 2024
2024-10-03,2024,10,Octobre,jeudi,2024 fiscale,Trimestre 4,48,Semaine #48 du 30 septembre 2024 au 6 octobre 2024,Semaine #48 du 30 sept 2024 au 6 oct 2024,12,48,Octobre,2024,30 septembre 2024
2024-10-04,2024,10,Octobre,vendredi,2024 fiscale,Trimestre 4,48,Semaine #48 du 30 septembre 2024 au 6 octobre 2024,Semaine #48 du 30 sept 2024 au 6 oct 2024,12,48,Octobre,2024,30 septembre 2024
2024-10-05,2024,10,Octobre,samedi,2024 fiscale,Trimestre 4,48,Semaine #48 du 30 septembre 2024 au 6 octobre 2024,Semaine #48 du 30 sept 2024 au 6 oct 2024,12,48,Octobre,2024,30 septembre 2024
2024-10-06,2024,10,Octobre,dimanche,2024 fiscale,Trimestre 4,48,Semaine #48 du 30 septembre 2024 au 6 octobre 2024,Semaine #48 du 30 sept 2024 au 6 oct 2024,12,48,Octobre,2024,30 septembre 2024
2024-10-07,2024,10,Octobre,lundi,2024 fiscale,Trimestre 4,49,Semaine #49 du 7 octobre 2024 au 13 octobre 2024,Semaine #49 du 7 oct 2024 au 13 oct 2024,12,49,Octobre,2024,7 octobre 2024
2024-10-08,2024,10,Octobre,mardi,2024 fiscale,Trimestre 4,49,Semaine #49 du 7 octobre 2024 au 13 octobre 2024,Semaine #49 du 7 oct 2024 au 13 oct 2024,12,49,Octobre,2024,7 octobre 2024
2024-10-09,2024,10,Octobre,mercredi,2024 fiscale,Trimestre 4,49,Semaine #49 du 7 octobre 2024 au 13 octobre 2024,Semaine #49 du 7 oct 2024 au 13 oct 2024,12,49,Octobre,2024,7 octobre 2024
2024-10-10,2024,10,Octobre,jeudi,2024 fiscale,Trimestre 4,49,Semaine #49 du 7 octobre 2024 au 13 octobre 2024,Semaine #49 du 7 oct 2024 au 13 oct 2024,12,49,Octobre,2024,7 octobre 2024
2024-10-11,2024,10,Octobre,vendredi,2024 fiscale,Trimestre 4,49,Semaine #49 du 7 octobre 2024 au 13 octobre 2024,Semaine #49 du 7 oct 2024 au 13 oct 2024,12,49,Octobre,2024,7 octobre 2024
2024-10-12,2024,10,Octobre,samedi,2024 fiscale,Trimestre 4,49,Semaine #49 du 7 octobre 2024 au 13 octobre 2024,Semaine #49 du 7 oct 2024 au 13 oct 2024,12,49,Octobre,2024,7 octobre 2024
2024-10-13,2024,10,Octobre,dimanche,2024 fiscale,Trimestre 4,49,Semaine #49 du 7 octobre 2024 au 13 octobre 2024,Semaine #49 du 7 oct 2024 au 13 oct 2024,12,49,Octobre,2024,7 octobre 2024
2024-10-14,2024,10,Octobre,lundi,2024 fiscale,Trimestre 4,50,Semaine #50 du 14 octobre 2024 au 20 octobre 2024,Semaine #50 du 14 oct 2024 au 20 oct 2024,12,50,Octobre,2024,14 octobre 2024
2024-10-15,2024,10,Octobre,mardi,2024 fiscale,Trimestre 4,50,Semaine #50 du 14 octobre 2024 au 20 octobre 2024,Semaine #50 du 14 oct 2024 au 20 oct 2024,12,50,Octobre,2024,14 octobre 2024
2024-10-16,2024,10,Octobre,mercredi,2024 fiscale,Trimestre 4,50,Semaine #50 du 14 octobre 2024 au 20 octobre 2024,Semaine #50 du 14 oct 2024 au 20 oct 2024,12,50,Octobre,2024,14 octobre 2024
2024-10-17,2024,10,Octobre,jeudi,2024 fiscale,Trimestre 4,50,Semaine #50 du 14 octobre 2024 au 20 octobre 2024,Semaine #50 du 14 oct 2024 au 20 oct 2024,12,50,Octobre,2024,14 octobre 2024
2024-10-18,2024,10,Octobre,vendredi,2024 fiscale,Trimestre 4,50,Semaine #50 du 14 octobre 2024 au 20 octobre 2024,Semaine #50 du 14 oct 2024 au 20 oct 2024,12,50,Octobre,2024,14 octobre 2024
2024-10-19,2024,10,Octobre,samedi,2024 fiscale,Trimestre 4,50,Semaine #50 du 14 octobre 2024 au 20 octobre 2024,Semaine #50 du 14 oct 2024 au 20 oct 2024,12,50,Octobre,2024,14 octobre 2024
2024-10-20,2024,10,Octobre,dimanche,2024 fiscale,Trimestre 4,50,Semaine #50 du 14 octobre 2024 au 20 octobre 2024,Semaine #50 du 14 oct 2024 au 20 oct 2024,12,50,Octobre,2024,14 octobre 2024
2024-10-21,2024,10,Octobre,lundi,2024 fiscale,Trimestre 4,51,Semaine #51 du 21 octobre 2024 au 27 octobre 2024,Semaine #51 du 21 oct 2024 au 27 oct 2024,12,51,Octobre,2024,21 octobre 2024
2024-10-22,2024,10,Octobre,mardi,2024 fiscale,Trimestre 4,51,Semaine #51 du 21 octobre 2024 au 27 octobre 2024,Semaine #51 du 21 oct 2024 au 27 oct 2024,12,51,Octobre,2024,21 octobre 2024
2024-10-23,2024,10,Octobre,mercredi,2024 fiscale,Trimestre 4,51,Semaine #51 du 21 octobre 2024 au 27 octobre 2024,Semaine #51 du 21 oct 2024 au 27 oct 2024,12,51,Octobre,2024,21 octobre 2024
2024-10-24,2024,10,Octobre,jeudi,2024 fiscale,Trimestre 4,51,Semaine #51 du 21 octobre 2024 au 27 octobre 2024,Semaine #51 du 21 oct 2024 au 27 oct 2024,12,51,Octobre,2024,21 octobre 2024
2024-10-25,2024,10,Octobre,vendredi,2024 fiscale,Trimestre 4,51,Semaine #51 du 21 octobre 2024 au 27 octobre 2024,Semaine #51 du 21 oct 2024 au 27 oct 2024,12,51,Octobre,2024,21 octobre 2024
2024-10-26,2024,10,Octobre,samedi,2024 fiscale,Trimestre 4,51,Semaine #51 du 21 octobre 2024 au 27 octobre 2024,Semaine #51 du 21 oct 2024 au 27 oct 2024,12,51,Octobre,2024,21 octobre 2024
2024-10-27,2024,10,Octobre,dimanche,2024 fiscale,Trimestre 4,51,Semaine #51 du 21 octobre 2024 au 27 octobre 2024,Semaine #51 du 21 oct 2024 au 27 oct 2024,12,51,Octobre,2024,21 octobre 2024
2024-10-28,2024,10,Octobre,lundi,2024 fiscale,Trimestre 4,52,Semaine #52 du 28 octobre 2024 au 3 novembre 2024,Semaine #52 du 28 oct 2024 au 3 nov 2024,12,52,Octobre,2024,28 octobre 2024
2024-10-29,2024,10,Octobre,mardi,2024 fiscale,Trimestre 4,52,Semaine #52 du 28 octobre 2024 au 3 novembre 2024,Semaine #52 du 28 oct 2024 au 3 nov 2024,12,52,Octobre,2024,28 octobre 2024
2024-10-30,2024,10,Octobre,mercredi,2024 fiscale,Trimestre 4,52,Semaine #52 du 28 octobre 2024 au 3 novembre 2024,Semaine #52 du 28 oct 2024 au 3 nov 2024,12,52,Octobre,2024,28 octobre 2024
2024-10-31,2024,10,Octobre,jeudi,2024 fiscale,Trimestre 4,52,Semaine #52 du 28 octobre 2024 au 3 novembre 2024,Semaine #52 du 28 oct 2024 au 3 nov 2024,12,52,Octobre,2024,28 octobre 2024
2024-11-01,2024,11,Novembre,vendredi,2024 fiscale,Trimestre 1,52,Semaine #52 du 28 octobre 2024 au 3 novembre 2024,Semaine #52 du 28 oct 2024 au 3 nov 2024,1,52,Octobre,2024,28 octobre 2024
2024-11-02,2024,11,Novembre,samedi,2024 fiscale,Trimestre 1,52,Semaine #52 du 28 octobre 2024 au 3 novembre 2024,Semaine #52 du 28 oct 2024 au 3 nov 2024,1,52,Octobre,2024,28 octobre 2024
2024-11-03,2024,11,Novembre,dimanche,2024 fiscale,Trimestre 1,52,Semaine #52 du 28 octobre 2024 au 3 novembre 2024,Semaine #52 du 28 oct 2024 au 3 nov 2024,1,52,Octobre,2024,28 octobre 2024
2024-11-04,2024,11,Novembre,lundi,2025 fiscale,Trimestre 1,1,Semaine #1 du 4 novembre 2024 au 10 novembre 2024,Semaine #1 du 4 nov 2024 au 10 nov 2024,1,1,Novembre,2025,4 novembre 2024
2024-11-05,2024,11,Novembre,mardi,2025 fiscale,Trimestre 1,1,Semaine #1 du 4 novembre 2024 au 10 novembre 2024,Semaine #1 du 4 nov 2024 au 10 nov 2024,1,1,Novembre,2025,4 novembre 2024
2024-11-06,2024,11,Novembre,mercredi,2025 fiscale,Trimestre 1,1,Semaine #1 du 4 novembre 2024 au 10 novembre 2024,Semaine #1 du 4 nov 2024 au 10 nov 2024,1,1,Novembre,2025,4 novembre 2024
2024-11-07,2024,11,Novembre,jeudi,2025 fiscale,Trimestre 1,1,Semaine #1 du 4 novembre 2024 au 10 novembre 2024,Semaine #1 du 4 nov 2024 au 10 nov 2024,1,1,Novembre,2025,4 novembre 2024
2024-11-08,2024,11,Novembre,vendredi,2025 fiscale,Trimestre 1,1,Semaine #1 du 4 novembre 2024 au 10 novembre 2024,Semaine #1 du 4 nov 2024 au 10 nov 2024,1,1,Novembre,2025,4 novembre 2024
2024-11-09,2024,11,Novembre,samedi,2025 fiscale,Trimestre 1,1,Semaine #1 du 4 novembre 2024 au 10 novembre 2024,Semaine #1 du 4 nov 2024 au 10 nov 2024,1,1,Novembre,2025,4 novembre 2024
2024-11-10,2024,11,Novembre,dimanche,2025 fiscale,Trimestre 1,1,Semaine #1 du 4 novembre 2024 au 10 novembre 2024,Semaine #1 du 4 nov 2024 au 10 nov 2024,1,1,Novembre,2025,4 novembre 2024
2024-11-11,2024,11,Novembre,lundi,2025 fiscale,Trimestre 1,2,Semaine #2 du 11 novembre 2024 au 17 novembre 2024,Semaine #2 du 11 nov 2024 au 17 nov 2024,1,2,Novembre,2025,11 novembre 2024
2024-11-12,2024,11,Novembre,mardi,2025 fiscale,Trimestre 1,2,Semaine #2 du 11 novembre 2024 au 17 novembre 2024,Semaine #2 du 11 nov 2024 au 17 nov 2024,1,2,Novembre,2025,11 novembre 2024
2024-11-13,2024,11,Novembre,mercredi,2025 fiscale,Trimestre 1,2,Semaine #2 du 11 novembre 2024 au 17 novembre 2024,Semaine #2 du 11 nov 2024 au 17 nov 2024,1,2,Novembre,2025,11 novembre 2024
2024-11-14,2024,11,Novembre,jeudi,2025 fiscale,Trimestre 1,2,Semaine #2 du 11 novembre 2024 au 17 novembre 2024,Semaine #2 du 11 nov 2024 au 17 nov 2024,1,2,Novembre,2025,11 novembre 2024
2024-11-15,2024,11,Novembre,vendredi,2025 fiscale,Trimestre 1,2,Semaine #2 du 11 novembre 2024 au 17 novembre 2024,Semaine #2 du 11 nov 2024 au 17 nov 2024,1,2,Novembre,2025,11 novembre 2024
2024-11-16,2024,11,Novembre,samedi,2025 fiscale,Trimestre 1,2,Semaine #2 du 11 novembre 2024 au 17 novembre 2024,Semaine #2 du 11 nov 2024 au 17 nov 2024,1,2,Novembre,2025,11 novembre 2024
2024-11-17,2024,11,Novembre,dimanche,2025 fiscale,Trimestre 1,2,Semaine #2 du 11 novembre 2024 au 17 novembre 2024,Semaine #2 du 11 nov 2024 au 17 nov 2024,1,2,Novembre,2025,11 novembre 2024
2024-11-18,2024,11,Novembre,lundi,2025 fiscale,Trimestre 1,3,Semaine #3 du 18 novembre 2024 au 24 novembre 2024,Semaine #3 du 18 nov 2024 au 24 nov 2024,1,3,Novembre,2025,18 novembre 2024
2024-11-19,2024,11,Novembre,mardi,2025 fiscale,Trimestre 1,3,Semaine #3 du 18 novembre 2024 au 24 novembre 2024,Semaine #3 du 18 nov 2024 au 24 nov 2024,1,3,Novembre,2025,18 novembre 2024
2024-11-20,2024,11,Novembre,mercredi,2025 fiscale,Trimestre 1,3,Semaine #3 du 18 novembre 2024 au 24 novembre 2024,Semaine #3 du 18 nov 2024 au 24 nov 2024,1,3,Novembre,2025,18 novembre 2024
2024-11-21,2024,11,Novembre,jeudi,2025 fiscale,Trimestre 1,3,Semaine #3 du 18 novembre 2024 au 24 novembre 2024,Semaine #3 du 18 nov 2024 au 24 nov 2024,1,3,Novembre,2025,18 novembre 2024
2024-11-22,2024,11,Novembre,vendredi,2025 fiscale,Trimestre 1,3,Semaine #3 du 18 novembre 2024 au 24 novembre 2024,Semaine #3 du 18 nov 2024 au 24 nov 2024,1,3,Novembre,2025,18 novembre 2024
2024-11-23,2024,11,Novembre,samedi,2025 fiscale,Trimestre 1,3,Semaine #3 du 18 novembre 2024 au 24 novembre 2024,Semaine #3 du 18 nov 2024 au 24 nov 2024,1,3,Novembre,2025,18 novembre 2024
2024-11-24,2024,11,Novembre,dimanche,2025 fiscale,Trimestre 1,3,Semaine #3 du 18 novembre 2024 au 24 novembre 2024,Semaine #3 du 18 nov 2024 au 24 nov 2024,1,3,Novembre,2025,18 novembre 2024
2024-11-25,2024,11,Novembre,lundi,2025 fiscale,Trimestre 1,4,Semaine #4 du 25 novembre 2024 au 1 décembre 2024,Semaine #4 du 25 nov 2024 au 1 déc 2024,1,4,Novembre,2025,25 novembre 2024
2024-11-26,2024,11,Novembre,mardi,2025 fiscale,Trimestre 1,4,Semaine #4 du 25 novembre 2024 au 1 décembre 2024,Semaine #4 du 25 nov 2024 au 1 déc 2024,1,4,Novembre,2025,25 novembre 2024
2024-11-27,2024,11,Novembre,mercredi,2025 fiscale,Trimestre 1,4,Semaine #4 du 25 novembre 2024 au 1 décembre 2024,Semaine #4 du 25 nov 2024 au 1 déc 2024,1,4,Novembre,2025,25 novembre 2024
2024-11-28,2024,11,Novembre,jeudi,2025 fiscale,Trimestre 1,4,Semaine #4 du 25 novembre 2024 au 1 décembre 2024,Semaine #4 du 25 nov 2024 au 1 déc 2024,1,4,Novembre,2025,25 novembre 2024
2024-11-29,2024,11,Novembre,vendredi,2025 fiscale,Trimestre 1,4,Semaine #4 du 25 novembre 2024 au 1 décembre 2024,Semaine #4 du 25 nov 2024 au 1 déc 2024,1,4,Novembre,2025,25 novembre 2024
2024-11-30,2024,11,Novembre,samedi,2025 fiscale,Trimestre 1,4,Semaine #4 du 25 novembre 2024 au 1 décembre 2024,Semaine #4 du 25 nov 2024 au 1 déc 2024,1,4,Novembre,2025,25 novembre 2024
2024-12-01,2024,12,Décembre,dimanche,2025 fiscale,Trimestre 1,4,Semaine #4 du 25 novembre 2024 au 1 décembre 2024,Semaine #4 du 25 nov 2024 au 1 déc 2024,2,4,Décembre,2025,25 novembre 2024
2024-12-02,2024,12,Décembre,lundi,2025 fiscale,Trimestre 1,5,Semaine #5 du 2 décembre 2024 au 8 décembre 2024,Semaine #5 du 2 déc 2024 au 8 déc 2024,2,5,Décembre,2025,2 décembre 2024
2024-12-03,2024,12,Décembre,mardi,2025 fiscale,Trimestre 1,5,Semaine #5 du 2 décembre 2024 au 8 décembre 2024,Semaine #5 du 2 déc 2024 au 8 déc 2024,2,5,Décembre,2025,2 décembre 2024
2024-12-04,2024,12,Décembre,mercredi,2025 fiscale,Trimestre 1,5,Semaine #5 du 2 décembre 2024 au 8 décembre 2024,Semaine #5 du 2 déc 2024 au 8 déc 2024,2,5,Décembre,2025,2 décembre 2024
2024-12-05,2024,12,Décembre,jeudi,2025 fiscale,Trimestre 1,5,Semaine #5 du 2 décembre 2024 au 8 décembre 2024,Semaine #5 du 2 déc 2024 au 8 déc 2024,2,5,Décembre,2025,2 décembre 2024
2024-12-06,2024,12,Décembre,vendredi,2025 fiscale,Trimestre 1,5,Semaine #5 du 2 décembre 2024 au 8 décembre 2024,Semaine #5 du 2 déc 2024 au 8 déc 2024,2,5,Décembre,2025,2 décembre 2024
2024-12-07,2024,12,Décembre,samedi,2025 fiscale,Trimestre 1,5,Semaine #5 du 2 décembre 2024 au 8 décembre 2024,Semaine #5 du 2 déc 2024 au 8 déc 2024,2,5,Décembre,2025,2 décembre 2024
2024-12-08,2024,12,Décembre,dimanche,2025 fiscale,Trimestre 1,5,Semaine #5 du 2 décembre 2024 au 8 décembre 2024,Semaine #5 du 2 déc 2024 au 8 déc 2024,2,5,Décembre,2025,2 décembre 2024
2024-12-09,2024,12,Décembre,lundi,2025 fiscale,Trimestre 1,6,Semaine #6 du 9 décembre 2024 au 15 décembre 2024,Semaine #6 du 9 déc 2024 au 15 déc 2024,2,6,Décembre,2025,9 décembre 2024
2024-12-10,2024,12,Décembre,mardi,2025 fiscale,Trimestre 1,6,Semaine #6 du 9 décembre 2024 au 15 décembre 2024,Semaine #6 du 9 déc 2024 au 15 déc 2024,2,6,Décembre,2025,9 décembre 2024
2024-12-11,2024,12,Décembre,mercredi,2025 fiscale,Trimestre 1,6,Semaine #6 du 9 décembre 2024 au 15 décembre 2024,Semaine #6 du 9 déc 2024 au 15 déc 2024,2,6,Décembre,2025,9 décembre 2024
2024-12-12,2024,12,Décembre,jeudi,2025 fiscale,Trimestre 1,6,Semaine #6 du 9 décembre 2024 au 15 décembre 2024,Semaine #6 du 9 déc 2024 au 15 déc 2024,2,6,Décembre,2025,9 décembre 2024
2024-12-13,2024,12,Décembre,vendredi,2025 fiscale,Trimestre 1,6,Semaine #6 du 9 décembre 2024 au 15 décembre 2024,Semaine #6 du 9 déc 2024 au 15 déc 2024,2,6,Décembre,2025,9 décembre 2024
2024-12-14,2024,12,Décembre,samedi,2025 fiscale,Trimestre 1,6,Semaine #6 du 9 décembre 2024 au 15 décembre 2024,Semaine #6 du 9 déc 2024 au 15 déc 2024,2,6,Décembre,2025,9 décembre 2024
2024-12-15,2024,12,Décembre,dimanche,2025 fiscale,Trimestre 1,6,Semaine #6 du 9 décembre 2024 au 15 décembre 2024,Semaine #6 du 9 déc 2024 au 15 déc 2024,2,6,Décembre,2025,9 décembre 2024
2024-12-16,2024,12,Décembre,lundi,2025 fiscale,Trimestre 1,7,Semaine #7 du 16 décembre 2024 au 22 décembre 2024,Semaine #7 du 16 déc 2024 au 22 déc 2024,2,7,Décembre,2025,16 décembre 2024
2024-12-17,2024,12,Décembre,mardi,2025 fiscale,Trimestre 1,7,Semaine #7 du 16 décembre 2024 au 22 décembre 2024,Semaine #7 du 16 déc 2024 au 22 déc 2024,2,7,Décembre,2025,16 décembre 2024
2024-12-18,2024,12,Décembre,mercredi,2025 fiscale,Trimestre 1,7,Semaine #7 du 16 décembre 2024 au 22 décembre 2024,Semaine #7 du 16 déc 2024 au 22 déc 2024,2,7,Décembre,2025,16 décembre 2024
2024-12-19,2024,12,Décembre,jeudi,2025 fiscale,Trimestre 1,7,Semaine #7 du 16 décembre 2024 au 22 décembre 2024,Semaine #7 du 16 déc 2024 au 22 déc 2024,2,7,Décembre,2025,16 décembre 2024
2024-12-20,2024,12,Décembre,vendredi,2025 fiscale,Trimestre 1,7,Semaine #7 du 16 décembre 2024 au 22 décembre 2024,Semaine #7 du 16 déc 2024 au 22 déc 2024,2,7,Décembre,2025,16 décembre 2024
2024-12-21,2024,12,Décembre,samedi,2025 fiscale,Trimestre 1,7,Semaine #7 du 16 décembre 2024 au 22 décembre 2024,Semaine #7 du 16 déc 2024 au 22 déc 2024,2,7,Décembre,2025,16 décembre 2024
2024-12-22,2024,12,Décembre,dimanche,2025 fiscale,Trimestre 1,7,Semaine #7 du 16 décembre 2024 au 22 décembre 2024,Semaine #7 du 16 déc 2024 au 22 déc 2024,2,7,Décembre,2025,16 décembre 2024
2024-12-23,2024,12,Décembre,lundi,2025 fiscale,Trimestre 1,8,Semaine #8 du 23 décembre 2024 au 29 décembre 2024,Semaine #8 du 23 déc 2024 au 29 déc 2024,2,8,Décembre,2025,23 décembre 2024
2024-12-24,2024,12,Décembre,mardi,2025 fiscale,Trimestre 1,8,Semaine #8 du 23 décembre 2024 au 29 décembre 2024,Semaine #8 du 23 déc 2024 au 29 déc 2024,2,8,Décembre,2025,23 décembre 2024
2024-12-25,2024,12,Décembre,mercredi,2025 fiscale,Trimestre 1,8,Semaine #8 du 23 décembre 2024 au 29 décembre 2024,Semaine #8 du 23 déc 2024 au 29 déc 2024,2,8,Décembre,2025,23 décembre 2024
2024-12-26,2024,12,Décembre,jeudi,2025 fiscale,Trimestre 1,8,Semaine #8 du 23 décembre 2024 au 29 décembre 2024,Semaine #8 du 23 déc 2024 au 29 déc 2024,2,8,Décembre,2025,23 décembre 2024
2024-12-27,2024,12,Décembre,vendredi,2025 fiscale,Trimestre 1,8,Semaine #8 du 23 décembre 2024 au 29 décembre 2024,Semaine #8 du 23 déc 2024 au 29 déc 2024,2,8,Décembre,2025,23 décembre 2024
2024-12-28,2024,12,Décembre,samedi,2025 fiscale,Trimestre 1,8,Semaine #8 du 23 décembre 2024 au 29 décembre 2024,Semaine #8 du 23 déc 2024 au 29 déc 2024,2,8,Décembre,2025,23 décembre 2024
2024-12-29,2024,12,Décembre,dimanche,2025 fiscale,Trimestre 1,8,Semaine #8 du 23 décembre 2024 au 29 décembre 2024,Semaine #8 du 23 déc 2024 au 29 déc 2024,2,8,Décembre,2025,23 décembre 2024
2024-12-30,2024,12,Décembre,lundi,2025 fiscale,Trimestre 1,9,Semaine #9 du 30 décembre 2024 au 5 janvier 2025,Semaine #9 du 30 déc 2024 au 5 jan 2025,2,9,Décembre,2025,30 décembre 2024
2024-12-31,2024,12,Décembre,mardi,2025 fiscale,Trimestre 1,9,Semaine #9 du 30 décembre 2024 au 5 janvier 2025,Semaine #9 du 30 déc 2024 au 5 jan 2025,2,9,Décembre,2025,30 décembre 2024
2025-01-01,2025,1,Janvier,mercredi,2025 fiscale,Trimestre 1,9,Semaine #9 du 30 décembre 2024 au 5 janvier 2025,Semaine #9 du 30 déc 2024 au 5 jan 2025,3,9,Janvier,2025,30 décembre 2024
2025-01-02,2025,1,Janvier,jeudi,2025 fiscale,Trimestre 1,9,Semaine #9 du 30 décembre 2024 au 5 janvier 2025,Semaine #9 du 30 déc 2024 au 5 jan 2025,3,9,Janvier,2025,30 décembre 2024
2025-01-03,2025,1,Janvier,vendredi,2025 fiscale,Trimestre 1,9,Semaine #9 du 30 décembre 2024 au 5 janvier 2025,Semaine #9 du 30 déc 2024 au 5 jan 2025,3,9,Janvier,2025,30 décembre 2024
2025-01-04,2025,1,Janvier,samedi,2025 fiscale,Trimestre 1,9,Semaine #9 du 30 décembre 2024 au 5 janvier 2025,Semaine #9 du 30 déc 2024 au 5 jan 2025,3,9,Janvier,2025,30 décembre 2024
2025-01-05,2025,1,Janvier,dimanche,2025 fiscale,Trimestre 1,9,Semaine #9 du 30 décembre 2024 au 5 janvier 2025,Semaine #9 du 30 déc 2024 au 5 jan 2025,3,9,Janvier,2025,30 décembre 2024
2025-01-06,2025,1,Janvier,lundi,2025 fiscale,Trimestre 1,10,Semaine #10 du 6 janvier 2025 au 12 janvier 2025,Semaine #10 du 6 jan 2025 au 12 jan 2025,3,10,Janvier,2025,6 janvier 2025
2025-01-07,2025,1,Janvier,mardi,2025 fiscale,Trimestre 1,10,Semaine #10 du 6 janvier 2025 au 12 janvier 2025,Semaine #10 du 6 jan 2025 au 12 jan 2025,3,10,Janvier,2025,6 janvier 2025
2025-01-08,2025,1,Janvier,mercredi,2025 fiscale,Trimestre 1,10,Semaine #10 du 6 janvier 2025 au 12 janvier 2025,Semaine #10 du 6 jan 2025 au 12 jan 2025,3,10,Janvier,2025,6 janvier 2025
2025-01-09,2025,1,Janvier,jeudi,2025 fiscale,Trimestre 1,10,Semaine #10 du 6 janvier 2025 au 12 janvier 2025,Semaine #10 du 6 jan 2025 au 12 jan 2025,3,10,Janvier,2025,6 janvier 2025
2025-01-10,2025,1,Janvier,vendredi,2025 fiscale,Trimestre 1,10,Semaine #10 du 6 janvier 2025 au 12 janvier 2025,Semaine #10 du 6 jan 2025 au 12 jan 2025,3,10,Janvier,2025,6 janvier 2025
2025-01-11,2025,1,Janvier,samedi,2025 fiscale,Trimestre 1,10,Semaine #10 du 6 janvier 2025 au 12 janvier 2025,Semaine #10 du 6 jan 2025 au 12 jan 2025,3,10,Janvier,2025,6 janvier 2025
2025-01-12,2025,1,Janvier,dimanche,2025 fiscale,Trimestre 1,10,Semaine #10 du 6 janvier 2025 au 12 janvier 2025,Semaine #10 du 6 jan 2025 au 12 jan 2025,3,10,Janvier,2025,6 janvier 2025
2025-01-13,2025,1,Janvier,lundi,2025 fiscale,Trimestre 1,11,Semaine #11 du 13 janvier 2025 au 19 janvier 2025,Semaine #11 du 13 jan 2025 au 19 jan 2025,3,11,Janvier,2025,13 janvier 2025
2025-01-14,2025,1,Janvier,mardi,2025 fiscale,Trimestre 1,11,Semaine #11 du 13 janvier 2025 au 19 janvier 2025,Semaine #11 du 13 jan 2025 au 19 jan 2025,3,11,Janvier,2025,13 janvier 2025
2025-01-15,2025,1,Janvier,mercredi,2025 fiscale,Trimestre 1,11,Semaine #11 du 13 janvier 2025 au 19 janvier 2025,Semaine #11 du 13 jan 2025 au 19 jan 2025,3,11,Janvier,2025,13 janvier 2025
2025-01-16,2025,1,Janvier,jeudi,2025 fiscale,Trimestre 1,11,Semaine #11 du 13 janvier 2025 au 19 janvier 2025,Semaine #11 du 13 jan 2025 au 19 jan 2025,3,11,Janvier,2025,13 janvier 2025
2025-01-17,2025,1,Janvier,vendredi,2025 fiscale,Trimestre 1,11,Semaine #11 du 13 janvier 2025 au 19 janvier 2025,Semaine #11 du 13 jan 2025 au 19 jan 2025,3,11,Janvier,2025,13 janvier 2025
2025-01-18,2025,1,Janvier,samedi,2025 fiscale,Trimestre 1,11,Semaine #11 du 13 janvier 2025 au 19 janvier 2025,Semaine #11 du 13 jan 2025 au 19 jan 2025,3,11,Janvier,2025,13 janvier 2025
2025-01-19,2025,1,Janvier,dimanche,2025 fiscale,Trimestre 1,11,Semaine #11 du 13 janvier 2025 au 19 janvier 2025,Semaine #11 du 13 jan 2025 au 19 jan 2025,3,11,Janvier,2025,13 janvier 2025
2025-01-20,2025,1,Janvier,lundi,2025 fiscale,Trimestre 1,12,Semaine #12 du 20 janvier 2025 au 26 janvier 2025,Semaine #12 du 20 jan 2025 au 26 jan 2025,3,12,Janvier,2025,20 janvier 2025
2025-01-21,2025,1,Janvier,mardi,2025 fiscale,Trimestre 1,12,Semaine #12 du 20 janvier 2025 au 26 janvier 2025,Semaine #12 du 20 jan 2025 au 26 jan 2025,3,12,Janvier,2025,20 janvier 2025
2025-01-22,2025,1,Janvier,mercredi,2025 fiscale,Trimestre 1,12,Semaine #12 du 20 janvier 2025 au 26 janvier 2025,Semaine #12 du 20 jan 2025 au 26 jan 2025,3,12,Janvier,2025,20 janvier 2025
2025-01-23,2025,1,Janvier,jeudi,2025 fiscale,Trimestre 1,12,Semaine #12 du 20 janvier 2025 au 26 janvier 2025,Semaine #12 du 20 jan 2025 au 26 jan 2025,3,12,Janvier,2025,20 janvier 2025
2025-01-24,2025,1,Janvier,vendredi,2025 fiscale,Trimestre 1,12,Semaine #12 du 20 janvier 2025 au 26 janvier 2025,Semaine #12 du 20 jan 2025 au 26 jan 2025,3,12,Janvier,2025,20 janvier 2025
2025-01-25,2025,1,Janvier,samedi,2025 fiscale,Trimestre 1,12,Semaine #12 du 20 janvier 2025 au 26 janvier 2025,Semaine #12 du 20 jan 2025 au 26 jan 2025,3,12,Janvier,2025,20 janvier 2025
2025-01-26,2025,1,Janvier,dimanche,2025 fiscale,Trimestre 1,12,Semaine #12 du 20 janvier 2025 au 26 janvier 2025,Semaine #12 du 20 jan 2025 au 26 jan 2025,3,12,Janvier,2025,20 janvier 2025
2025-01-27,2025,1,Janvier,lundi,2025 fiscale,Trimestre 1,13,Semaine #13 du 27 janvier 2025 au 2 février 2025,Semaine #13 du 27 jan 2025 au 2 fév 2025,3,13,Janvier,2025,27 janvier 2025
2025-01-28,2025,1,Janvier,mardi,2025 fiscale,Trimestre 1,13,Semaine #13 du 27 janvier 2025 au 2 février 2025,Semaine #13 du 27 jan 2025 au 2 fév 2025,3,13,Janvier,2025,27 janvier 2025
2025-01-29,2025,1,Janvier,mercredi,2025 fiscale,Trimestre 1,13,Semaine #13 du 27 janvier 2025 au 2 février 2025,Semaine #13 du 27 jan 2025 au 2 fév 2025,3,13,Janvier,2025,27 janvier 2025
2025-01-30,2025,1,Janvier,jeudi,2025 fiscale,Trimestre 1,13,Semaine #13 du 27 janvier 2025 au 2 février 2025,Semaine #13 du 27 jan 2025 au 2 fév 2025,3,13,Janvier,2025,27 janvier 2025
2025-01-31,2025,1,Janvier,vendredi,2025 fiscale,Trimestre 1,13,Semaine #13 du 27 janvier 2025 au 2 février 2025,Semaine #13 du 27 jan 2025 au 2 fév 2025,3,13,Janvier,2025,27 janvier 2025
2025-02-01,2025,2,Février,samedi,2025 fiscale,Trimestre 2,13,Semaine #13 du 27 janvier 2025 au 2 février 2025,Semaine #13 du 27 jan 2025 au 2 fév 2025,4,13,Février,2025,27 janvier 2025
2025-02-02,2025,2,Février,dimanche,2025 fiscale,Trimestre 2,13,Semaine #13 du 27 janvier 2025 au 2 février 2025,Semaine #13 du 27 jan 2025 au 2 fév 2025,4,13,Février,2025,27 janvier 2025
2025-02-03,2025,2,Février,lundi,2025 fiscale,Trimestre 2,14,Semaine #14 du 3 février 2025 au 9 février 2025,Semaine #14 du 3 fév 2025 au 9 fév 2025,4,14,Février,2025,3 février 2025
2025-02-04,2025,2,Février,mardi,2025 fiscale,Trimestre 2,14,Semaine #14 du 3 février 2025 au 9 février 2025,Semaine #14 du 3 fév 2025 au 9 fév 2025,4,14,Février,2025,3 février 2025
2025-02-05,2025,2,Février,mercredi,2025 fiscale,Trimestre 2,14,Semaine #14 du 3 février 2025 au 9 février 2025,Semaine #14 du 3 fév 2025 au 9 fév 2025,4,14,Février,2025,3 février 2025
2025-02-06,2025,2,Février,jeudi,2025 fiscale,Trimestre 2,14,Semaine #14 du 3 février 2025 au 9 février 2025,Semaine #14 du 3 fév 2025 au 9 fév 2025,4,14,Février,2025,3 février 2025
2025-02-07,2025,2,Février,vendredi,2025 fiscale,Trimestre 2,14,Semaine #14 du 3 février 2025 au 9 février 2025,Semaine #14 du 3 fév 2025 au 9 fév 2025,4,14,Février,2025,3 février 2025
2025-02-08,2025,2,Février,samedi,2025 fiscale,Trimestre 2,14,Semaine #14 du 3 février 2025 au 9 février 2025,Semaine #14 du 3 fév 2025 au 9 fév 2025,4,14,Février,2025,3 février 2025
2025-02-09,2025,2,Février,dimanche,2025 fiscale,Trimestre 2,14,Semaine #14 du 3 février 2025 au 9 février 2025,Semaine #14 du 3 fév 2025 au 9 fév 2025,4,14,Février,2025,3 février 2025
2025-02-10,2025,2,Février,lundi,2025 fiscale,Trimestre 2,15,Semaine #15 du 10 février 2025 au 16 février 2025,Semaine #15 du 10 fév 2025 au 16 fév 2025,4,15,Février,2025,10 février 2025
2025-02-11,2025,2,Février,mardi,2025 fiscale,Trimestre 2,15,Semaine #15 du 10 février 2025 au 16 février 2025,Semaine #15 du 10 fév 2025 au 16 fév 2025,4,15,Février,2025,10 février 2025
2025-02-12,2025,2,Février,mercredi,2025 fiscale,Trimestre 2,15,Semaine #15 du 10 février 2025 au 16 février 2025,Semaine #15 du 10 fév 2025 au 16 fév 2025,4,15,Février,2025,10 février 2025
2025-02-13,2025,2,Février,jeudi,2025 fiscale,Trimestre 2,15,Semaine #15 du 10 février 2025 au 16 février 2025,Semaine #15 du 10 fév 2025 au 16 fév 2025,4,15,Février,2025,10 février 2025
2025-02-14,2025,2,Février,vendredi,2025 fiscale,Trimestre 2,15,Semaine #15 du 10 février 2025 au 16 février 2025,Semaine #15 du 10 fév 2025 au 16 fév 2025,4,15,Février,2025,10 février 2025
2025-02-15,2025,2,Février,samedi,2025 fiscale,Trimestre 2,15,Semaine #15 du 10 février 2025 au 16 février 2025,Semaine #15 du 10 fév 2025 au 16 fév 2025,4,15,Février,2025,10 février 2025
2025-02-16,2025,2,Février,dimanche,2025 fiscale,Trimestre 2,15,Semaine #15 du 10 février 2025 au 16 février 2025,Semaine #15 du 10 fév 2025 au 16 fév 2025,4,15,Février,2025,10 février 2025
2025-02-17,2025,2,Février,lundi,2025 fiscale,Trimestre 2,16,Semaine #16 du 17 février 2025 au 23 février 2025,Semaine #16 du 17 fév 2025 au 23 fév 2025,4,16,Février,2025,17 février 2025
2025-02-18,2025,2,Février,mardi,2025 fiscale,Trimestre 2,16,Semaine #16 du 17 février 2025 au 23 février 2025,Semaine #16 du 17 fév 2025 au 23 fév 2025,4,16,Février,2025,17 février 2025
2025-02-19,2025,2,Février,mercredi,2025 fiscale,Trimestre 2,16,Semaine #16 du 17 février 2025 au 23 février 2025,Semaine #16 du 17 fév 2025 au 23 fév 2025,4,16,Février,2025,17 février 2025
2025-02-20,2025,2,Février,jeudi,2025 fiscale,Trimestre 2,16,Semaine #16 du 17 février 2025 au 23 février 2025,Semaine #16 du 17 fév 2025 au 23 fév 2025,4,16,Février,2025,17 février 2025
2025-02-21,2025,2,Février,vendredi,2025 fiscale,Trimestre 2,16,Semaine #16 du 17 février 2025 au 23 février 2025,Semaine #16 du 17 fév 2025 au 23 fév 2025,4,16,Février,2025,17 février 2025
2025-02-22,2025,2,Février,samedi,2025 fiscale,Trimestre 2,16,Semaine #16 du 17 février 2025 au 23 février 2025,Semaine #16 du 17 fév 2025 au 23 fév 2025,4,16,Février,2025,17 février 2025
2025-02-23,2025,2,Février,dimanche,2025 fiscale,Trimestre 2,16,Semaine #16 du 17 février 2025 au 23 février 2025,Semaine #16 du 17 fév 2025 au 23 fév 2025,4,16,Février,2025,17 février 2025
2025-02-24,2025,2,Février,lundi,2025 fiscale,Trimestre 2,17,Semaine #17 du 24 février 2025 au 2 mars 2025,Semaine #17 du 24 fév 2025 au 2 mars 2025,4,17,Février,2025,24 février 2025
2025-02-25,2025,2,Février,mardi,2025 fiscale,Trimestre 2,17,Semaine #17 du 24 février 2025 au 2 mars 2025,Semaine #17 du 24 fév 2025 au 2 mars 2025,4,17,Février,2025,24 février 2025
2025-02-26,2025,2,Février,mercredi,2025 fiscale,Trimestre 2,17,Semaine #17 du 24 février 2025 au 2 mars 2025,Semaine #17 du 24 fév 2025 au 2 mars 2025,4,17,Février,2025,24 février 2025
2025-02-27,2025,2,Février,jeudi,2025 fiscale,Trimestre 2,17,Semaine #17 du 24 février 2025 au 2 mars 2025,Semaine #17 du 24 fév 2025 au 2 mars 2025,4,17,Février,2025,24 février 2025
2025-02-28,2025,2,Février,vendredi,2025 fiscale,Trimestre 2,17,Semaine #17 du 24 février 2025 au 2 mars 2025,Semaine #17 du 24 fév 2025 au 2 mars 2025,4,17,Février,2025,24 février 2025
2025-03-01,2025,3,Mars,samedi,2025 fiscale,Trimestre 2,17,Semaine #17 du 24 février 2025 au 2 mars 2025,Semaine #17 du 24 fév 2025 au 2 mars 2025,5,17,Mars,2025,24 février 2025
2025-03-02,2025,3,Mars,dimanche,2025 fiscale,Trimestre 2,17,Semaine #17 du 24 février 2025 au 2 mars 2025,Semaine #17 du 24 fév 2025 au 2 mars 2025,5,17,Mars,2025,24 février 2025
2025-03-03,2025,3,Mars,lundi,2025 fiscale,Trimestre 2,18,Semaine #18 du 3 mars 2025 au 9 mars 2025,Semaine #18 du 3 mars 2025 au 9 mars 2025,5,18,Mars,2025,3 mars 2025
2025-03-04,2025,3,Mars,mardi,2025 fiscale,Trimestre 2,18,Semaine #18 du 3 mars 2025 au 9 mars 2025,Semaine #18 du 3 mars 2025 au 9 mars 2025,5,18,Mars,2025,3 mars 2025
2025-03-05,2025,3,Mars,mercredi,2025 fiscale,Trimestre 2,18,Semaine #18 du 3 mars 2025 au 9 mars 2025,Semaine #18 du 3 mars 2025 au 9 mars 2025,5,18,Mars,2025,3 mars 2025
2025-03-06,2025,3,Mars,jeudi,2025 fiscale,Trimestre 2,18,Semaine #18 du 3 mars 2025 au 9 mars 2025,Semaine #18 du 3 mars 2025 au 9 mars 2025,5,18,Mars,2025,3 mars 2025
2025-03-07,2025,3,Mars,vendredi,2025 fiscale,Trimestre 2,18,Semaine #18 du 3 mars 2025 au 9 mars 2025,Semaine #18 du 3 mars 2025 au 9 mars 2025,5,18,Mars,2025,3 mars 2025
2025-03-08,2025,3,Mars,samedi,2025 fiscale,Trimestre 2,18,Semaine #18 du 3 mars 2025 au 9 mars 2025,Semaine #18 du 3 mars 2025 au 9 mars 2025,5,18,Mars,2025,3 mars 2025
2025-03-09,2025,3,Mars,dimanche,2025 fiscale,Trimestre 2,18,Semaine #18 du 3 mars 2025 au 9 mars 2025,Semaine #18 du 3 mars 2025 au 9 mars 2025,5,18,Mars,2025,3 mars 2025
2025-03-10,2025,3,Mars,lundi,2025 fiscale,Trimestre 2,19,Semaine #19 du 10 mars 2025 au 16 mars 2025,Semaine #19 du 10 mars 2025 au 16 mars 2025,5,19,Mars,2025,10 mars 2025
2025-03-11,2025,3,Mars,mardi,2025 fiscale,Trimestre 2,19,Semaine #19 du 10 mars 2025 au 16 mars 2025,Semaine #19 du 10 mars 2025 au 16 mars 2025,5,19,Mars,2025,10 mars 2025
2025-03-12,2025,3,Mars,mercredi,2025 fiscale,Trimestre 2,19,Semaine #19 du 10 mars 2025 au 16 mars 2025,Semaine #19 du 10 mars 2025 au 16 mars 2025,5,19,Mars,2025,10 mars 2025
2025-03-13,2025,3,Mars,jeudi,2025 fiscale,Trimestre 2,19,Semaine #19 du 10 mars 2025 au 16 mars 2025,Semaine #19 du 10 mars 2025 au 16 mars 2025,5,19,Mars,2025,10 mars 2025
2025-03-14,2025,3,Mars,vendredi,2025 fiscale,Trimestre 2,19,Semaine #19 du 10 mars 2025 au 16 mars 2025,Semaine #19 du 10 mars 2025 au 16 mars 2025,5,19,Mars,2025,10 mars 2025
2025-03-15,2025,3,Mars,samedi,2025 fiscale,Trimestre 2,19,Semaine #19 du 10 mars 2025 au 16 mars 2025,Semaine #19 du 10 mars 2025 au 16 mars 2025,5,19,Mars,2025,10 mars 2025
2025-03-16,2025,3,Mars,dimanche,2025 fiscale,Trimestre 2,19,Semaine #19 du 10 mars 2025 au 16 mars 2025,Semaine #19 du 10 mars 2025 au 16 mars 2025,5,19,Mars,2025,10 mars 2025
2025-03-17,2025,3,Mars,lundi,2025 fiscale,Trimestre 2,20,Semaine #20 du 17 mars 2025 au 23 mars 2025,Semaine #20 du 17 mars 2025 au 23 mars 2025,5,20,Mars,2025,17 mars 2025
2025-03-18,2025,3,Mars,mardi,2025 fiscale,Trimestre 2,20,Semaine #20 du 17 mars 2025 au 23 mars 2025,Semaine #20 du 17 mars 2025 au 23 mars 2025,5,20,Mars,2025,17 mars 2025
2025-03-19,2025,3,Mars,mercredi,2025 fiscale,Trimestre 2,20,Semaine #20 du 17 mars 2025 au 23 mars 2025,Semaine #20 du 17 mars 2025 au 23 mars 2025,5,20,Mars,2025,17 mars 2025
2025-03-20,2025,3,Mars,jeudi,2025 fiscale,Trimestre 2,20,Semaine #20 du 17 mars 2025 au 23 mars 2025,Semaine #20 du 17 mars 2025 au 23 mars 2025,5,20,Mars,2025,17 mars 2025
2025-03-21,2025,3,Mars,vendredi,2025 fiscale,Trimestre 2,20,Semaine #20 du 17 mars 2025 au 23 mars 2025,Semaine #20 du 17 mars 2025 au 23 mars 2025,5,20,Mars,2025,17 mars 2025
2025-03-22,2025,3,Mars,samedi,2025 fiscale,Trimestre 2,20,Semaine #20 du 17 mars 2025 au 23 mars 2025,Semaine #20 du 17 mars 2025 au 23 mars 2025,5,20,Mars,2025,17 mars 2025
2025-03-23,2025,3,Mars,dimanche,2025 fiscale,Trimestre 2,20,Semaine #20 du 17 mars 2025 au 23 mars 2025,Semaine #20 du 17 mars 2025 au 23 mars 2025,5,20,Mars,2025,17 mars 2025
2025-03-24,2025,3,Mars,lundi,2025 fiscale,Trimestre 2,21,Semaine #21 du 24 mars 2025 au 30 mars 2025,Semaine #21 du 24 mars 2025 au 30 mars 2025,5,21,Mars,2025,24 mars 2025
2025-03-25,2025,3,Mars,mardi,2025 fiscale,Trimestre 2,21,Semaine #21 du 24 mars 2025 au 30 mars 2025,Semaine #21 du 24 mars 2025 au 30 mars 2025,5,21,Mars,2025,24 mars 2025
2025-03-26,2025,3,Mars,mercredi,2025 fiscale,Trimestre 2,21,Semaine #21 du 24 mars 2025 au 30 mars 2025,Semaine #21 du 24 mars 2025 au 30 mars 2025,5,21,Mars,2025,24 mars 2025
2025-03-27,2025,3,Mars,jeudi,2025 fiscale,Trimestre 2,21,Semaine #21 du 24 mars 2025 au 30 mars 2025,Semaine #21 du 24 mars 2025 au 30 mars 2025,5,21,Mars,2025,24 mars 2025
2025-03-28,2025,3,Mars,vendredi,2025 fiscale,Trimestre 2,21,Semaine #21 du 24 mars 2025 au 30 mars 2025,Semaine #21 du 24 mars 2025 au 30 mars 2025,5,21,Mars,2025,24 mars 2025
2025-03-29,2025,3,Mars,samedi,2025 fiscale,Trimestre 2,21,Semaine #21 du 24 mars 2025 au 30 mars 2025,Semaine #21 du 24 mars 2025 au 30 mars 2025,5,21,Mars,2025,24 mars 2025
2025-03-30,2025,3,Mars,dimanche,2025 fiscale,Trimestre 2,21,Semaine #21 du 24 mars 2025 au 30 mars 2025,Semaine #21 du 24 mars 2025 au 30 mars 2025,5,21,Mars,2025,24 mars 2025
2025-03-31,2025,3,Mars,lundi,2025 fiscale,Trimestre 2,22,Semaine #22 du 31 mars 2025 au 6 avril 2025,Semaine #22 du 31 mars 2025 au 6 avril 2025,5,22,Mars,2025,31 mars 2025
2025-04-01,2025,4,Avril,mardi,2025 fiscale,Trimestre 2,22,Semaine #22 du 31 mars 2025 au 6 avril 2025,Semaine #22 du 31 mars 2025 au 6 avril 2025,6,22,Avril,2025,31 mars 2025
2025-04-02,2025,4,Avril,mercredi,2025 fiscale,Trimestre 2,22,Semaine #22 du 31 mars 2025 au 6 avril 2025,Semaine #22 du 31 mars 2025 au 6 avril 2025,6,22,Avril,2025,31 mars 2025
2025-04-03,2025,4,Avril,jeudi,2025 fiscale,Trimestre 2,22,Semaine #22 du 31 mars 2025 au 6 avril 2025,Semaine #22 du 31 mars 2025 au 6 avril 2025,6,22,Avril,2025,31 mars 2025
2025-04-04,2025,4,Avril,vendredi,2025 fiscale,Trimestre 2,22,Semaine #22 du 31 mars 2025 au 6 avril 2025,Semaine #22 du 31 mars 2025 au 6 avril 2025,6,22,Avril,2025,31 mars 2025
2025-04-05,2025,4,Avril,samedi,2025 fiscale,Trimestre 2,22,Semaine #22 du 31 mars 2025 au 6 avril 2025,Semaine #22 du 31 mars 2025 au 6 avril 2025,6,22,Avril,2025,31 mars 2025
2025-04-06,2025,4,Avril,dimanche,2025 fiscale,Trimestre 2,22,Semaine #22 du 31 mars 2025 au 6 avril 2025,Semaine #22 du 31 mars 2025 au 6 avril 2025,6,22,Avril,2025,31 mars 2025
2025-04-07,2025,4,Avril,lundi,2025 fiscale,Trimestre 2,23,Semaine #23 du 7 avril 2025 au 13 avril 2025,Semaine #23 du 7 avril 2025 au 13 avril 2025,6,23,Avril,2025,7 avril 2025
2025-04-08,2025,4,Avril,mardi,2025 fiscale,Trimestre 2,23,Semaine #23 du 7 avril 2025 au 13 avril 2025,Semaine #23 du 7 avril 2025 au 13 avril 2025,6,23,Avril,2025,7 avril 2025
2025-04-09,2025,4,Avril,mercredi,2025 fiscale,Trimestre 2,23,Semaine #23 du 7 avril 2025 au 13 avril 2025,Semaine #23 du 7 avril 2025 au 13 avril 2025,6,23,Avril,2025,7 avril 2025
2025-04-10,2025,4,Avril,jeudi,2025 fiscale,Trimestre 2,23,Semaine #23 du 7 avril 2025 au 13 avril 2025,Semaine #23 du 7 avril 2025 au 13 avril 2025,6,23,Avril,2025,7 avril 2025
2025-04-11,2025,4,Avril,vendredi,2025 fiscale,Trimestre 2,23,Semaine #23 du 7 avril 2025 au 13 avril 2025,Semaine #23 du 7 avril 2025 au 13 avril 2025,6,23,Avril,2025,7 avril 2025
2025-04-12,2025,4,Avril,samedi,2025 fiscale,Trimestre 2,23,Semaine #23 du 7 avril 2025 au 13 avril 2025,Semaine #23 du 7 avril 2025 au 13 avril 2025,6,23,Avril,2025,7 avril 2025
2025-04-13,2025,4,Avril,dimanche,2025 fiscale,Trimestre 2,23,Semaine #23 du 7 avril 2025 au 13 avril 2025,Semaine #23 du 7 avril 2025 au 13 avril 2025,6,23,Avril,2025,7 avril 2025
2025-04-14,2025,4,Avril,lundi,2025 fiscale,Trimestre 2,24,Semaine #24 du 14 avril 2025 au 20 avril 2025,Semaine #24 du 14 avril 2025 au 20 avril 2025,6,24,Avril,2025,14 avril 2025
2025-04-15,2025,4,Avril,mardi,2025 fiscale,Trimestre 2,24,Semaine #24 du 14 avril 2025 au 20 avril 2025,Semaine #24 du 14 avril 2025 au 20 avril 2025,6,24,Avril,2025,14 avril 2025
2025-04-16,2025,4,Avril,mercredi,2025 fiscale,Trimestre 2,24,Semaine #24 du 14 avril 2025 au 20 avril 2025,Semaine #24 du 14 avril 2025 au 20 avril 2025,6,24,Avril,2025,14 avril 2025
2025-04-17,2025,4,Avril,jeudi,2025 fiscale,Trimestre 2,24,Semaine #24 du 14 avril 2025 au 20 avril 2025,Semaine #24 du 14 avril 2025 au 20 avril 2025,6,24,Avril,2025,14 avril 2025
2025-04-18,2025,4,Avril,vendredi,2025 fiscale,Trimestre 2,24,Semaine #24 du 14 avril 2025 au 20 avril 2025,Semaine #24 du 14 avril 2025 au 20 avril 2025,6,24,Avril,2025,14 avril 2025
2025-04-19,2025,4,Avril,samedi,2025 fiscale,Trimestre 2,24,Semaine #24 du 14 avril 2025 au 20 avril 2025,Semaine #24 du 14 avril 2025 au 20 avril 2025,6,24,Avril,2025,14 avril 2025
2025-04-20,2025,4,Avril,dimanche,2025 fiscale,Trimestre 2,24,Semaine #24 du 14 avril 2025 au 20 avril 2025,Semaine #24 du 14 avril 2025 au 20 avril 2025,6,24,Avril,2025,14 avril 2025
2025-04-21,2025,4,Avril,lundi,2025 fiscale,Trimestre 2,25,Semaine #25 du 21 avril 2025 au 27 avril 2025,Semaine #25 du 21 avril 2025 au 27 avril 2025,6,25,Avril,2025,21 avril 2025
2025-04-22,2025,4,Avril,mardi,2025 fiscale,Trimestre 2,25,Semaine #25 du 21 avril 2025 au 27 avril 2025,Semaine #25 du 21 avril 2025 au 27 avril 2025,6,25,Avril,2025,21 avril 2025
2025-04-23,2025,4,Avril,mercredi,2025 fiscale,Trimestre 2,25,Semaine #25 du 21 avril 2025 au 27 avril 2025,Semaine #25 du 21 avril 2025 au 27 avril 2025,6,25,Avril,2025,21 avril 2025
2025-04-24,2025,4,Avril,jeudi,2025 fiscale,Trimestre 2,25,Semaine #25 du 21 avril 2025 au 27 avril 2025,Semaine #25 du 21 avril 2025 au 27 avril 2025,6,25,Avril,2025,21 avril 2025
2025-04-25,2025,4,Avril,vendredi,2025 fiscale,Trimestre 2,25,Semaine #25 du 21 avril 2025 au 27 avril 2025,Semaine #25 du 21 avril 2025 au 27 avril 2025,6,25,Avril,2025,21 avril 2025
2025-04-26,2025,4,Avril,samedi,2025 fiscale,Trimestre 2,25,Semaine #25 du 21 avril 2025 au 27 avril 2025,Semaine #25 du 21 avril 2025 au 27 avril 2025,6,25,Avril,2025,21 avril 2025
2025-04-27,2025,4,Avril,dimanche,2025 fiscale,Trimestre 2,25,Semaine #25 du 21 avril 2025 au 27 avril 2025,Semaine #25 du 21 avril 2025 au 27 avril 2025,6,25,Avril,2025,21 avril 2025
2025-04-28,2025,4,Avril,lundi,2025 fiscale,Trimestre 2,26,Semaine #26 du 28 avril 2025 au 4 mai 2025,Semaine #26 du 28 avril 2025 au 4 mai 2025,6,26,Avril,2025,28 avril 2025
2025-04-29,2025,4,Avril,mardi,2025 fiscale,Trimestre 2,26,Semaine #26 du 28 avril 2025 au 4 mai 2025,Semaine #26 du 28 avril 2025 au 4 mai 2025,6,26,Avril,2025,28 avril 2025
2025-04-30,2025,4,Avril,mercredi,2025 fiscale,Trimestre 2,26,Semaine #26 du 28 avril 2025 au 4 mai 2025,Semaine #26 du 28 avril 2025 au 4 mai 2025,6,26,Avril,2025,28 avril 2025
2025-05-01,2025,5,Mai,jeudi,2025 fiscale,Trimestre 3,26,Semaine #26 du 28 avril 2025 au 4 mai 2025,Semaine #26 du 28 avril 2025 au 4 mai 2025,7,26,Mai,2025,28 avril 2025
2025-05-02,2025,5,Mai,vendredi,2025 fiscale,Trimestre 3,26,Semaine #26 du 28 avril 2025 au 4 mai 2025,Semaine #26 du 28 avril 2025 au 4 mai 2025,7,26,Mai,2025,28 avril 2025
2025-05-03,2025,5,Mai,samedi,2025 fiscale,Trimestre 3,26,Semaine #26 du 28 avril 2025 au 4 mai 2025,Semaine #26 du 28 avril 2025 au 4 mai 2025,7,26,Mai,2025,28 avril 2025
2025-05-04,2025,5,Mai,dimanche,2025 fiscale,Trimestre 3,26,Semaine #26 du 28 avril 2025 au 4 mai 2025,Semaine #26 du 28 avril 2025 au 4 mai 2025,7,26,Mai,2025,28 avril 2025
2025-05-05,2025,5,Mai,lundi,2025 fiscale,Trimestre 3,27,Semaine #27 du 5 mai 2025 au 11 mai 2025,Semaine #27 du 5 mai 2025 au 11 mai 2025,7,27,Mai,2025,5 mai 2025
2025-05-06,2025,5,Mai,mardi,2025 fiscale,Trimestre 3,27,Semaine #27 du 5 mai 2025 au 11 mai 2025,Semaine #27 du 5 mai 2025 au 11 mai 2025,7,27,Mai,2025,5 mai 2025
2025-05-07,2025,5,Mai,mercredi,2025 fiscale,Trimestre 3,27,Semaine #27 du 5 mai 2025 au 11 mai 2025,Semaine #27 du 5 mai 2025 au 11 mai 2025,7,27,Mai,2025,5 mai 2025
2025-05-08,2025,5,Mai,jeudi,2025 fiscale,Trimestre 3,27,Semaine #27 du 5 mai 2025 au 11 mai 2025,Semaine #27 du 5 mai 2025 au 11 mai 2025,7,27,Mai,2025,5 mai 2025
2025-05-09,2025,5,Mai,vendredi,2025 fiscale,Trimestre 3,27,Semaine #27 du 5 mai 2025 au 11 mai 2025,Semaine #27 du 5 mai 2025 au 11 mai 2025,7,27,Mai,2025,5 mai 2025
2025-05-10,2025,5,Mai,samedi,2025 fiscale,Trimestre 3,27,Semaine #27 du 5 mai 2025 au 11 mai 2025,Semaine #27 du 5 mai 2025 au 11 mai 2025,7,27,Mai,2025,5 mai 2025
2025-05-11,2025,5,Mai,dimanche,2025 fiscale,Trimestre 3,27,Semaine #27 du 5 mai 2025 au 11 mai 2025,Semaine #27 du 5 mai 2025 au 11 mai 2025,7,27,Mai,2025,5 mai 2025
2025-05-12,2025,5,Mai,lundi,2025 fiscale,Trimestre 3,28,Semaine #28 du 12 mai 2025 au 18 mai 2025,Semaine #28 du 12 mai 2025 au 18 mai 2025,7,28,Mai,2025,12 mai 2025
2025-05-13,2025,5,Mai,mardi,2025 fiscale,Trimestre 3,28,Semaine #28 du 12 mai 2025 au 18 mai 2025,Semaine #28 du 12 mai 2025 au 18 mai 2025,7,28,Mai,2025,12 mai 2025
2025-05-14,2025,5,Mai,mercredi,2025 fiscale,Trimestre 3,28,Semaine #28 du 12 mai 2025 au 18 mai 2025,Semaine #28 du 12 mai 2025 au 18 mai 2025,7,28,Mai,2025,12 mai 2025
2025-05-15,2025,5,Mai,jeudi,2025 fiscale,Trimestre 3,28,Semaine #28 du 12 mai 2025 au 18 mai 2025,Semaine #28 du 12 mai 2025 au 18 mai 2025,7,28,Mai,2025,12 mai 2025
2025-05-16,2025,5,Mai,vendredi,2025 fiscale,Trimestre 3,28,Semaine #28 du 12 mai 2025 au 18 mai 2025,Semaine #28 du 12 mai 2025 au 18 mai 2025,7,28,Mai,2025,12 mai 2025
2025-05-17,2025,5,Mai,samedi,2025 fiscale,Trimestre 3,28,Semaine #28 du 12 mai 2025 au 18 mai 2025,Semaine #28 du 12 mai 2025 au 18 mai 2025,7,28,Mai,2025,12 mai 2025
2025-05-18,2025,5,Mai,dimanche,2025 fiscale,Trimestre 3,28,Semaine #28 du 12 mai 2025 au 18 mai 2025,Semaine #28 du 12 mai 2025 au 18 mai 2025,7,28,Mai,2025,12 mai 2025
2025-05-19,2025,5,Mai,lundi,2025 fiscale,Trimestre 3,29,Semaine #29 du 19 mai 2025 au 25 mai 2025,Semaine #29 du 19 mai 2025 au 25 mai 2025,7,29,Mai,2025,19 mai 2025
2025-05-20,2025,5,Mai,mardi,2025 fiscale,Trimestre 3,29,Semaine #29 du 19 mai 2025 au 25 mai 2025,Semaine #29 du 19 mai 2025 au 25 mai 2025,7,29,Mai,2025,19 mai 2025
2025-05-21,2025,5,Mai,mercredi,2025 fiscale,Trimestre 3,29,Semaine #29 du 19 mai 2025 au 25 mai 2025,Semaine #29 du 19 mai 2025 au 25 mai 2025,7,29,Mai,2025,19 mai 2025
2025-05-22,2025,5,Mai,jeudi,2025 fiscale,Trimestre 3,29,Semaine #29 du 19 mai 2025 au 25 mai 2025,Semaine #29 du 19 mai 2025 au 25 mai 2025,7,29,Mai,2025,19 mai 2025
2025-05-23,2025,5,Mai,vendredi,2025 fiscale,Trimestre 3,29,Semaine #29 du 19 mai 2025 au 25 mai 2025,Semaine #29 du 19 mai 2025 au 25 mai 2025,7,29,Mai,2025,19 mai 2025
2025-05-24,2025,5,Mai,samedi,2025 fiscale,Trimestre 3,29,Semaine #29 du 19 mai 2025 au 25 mai 2025,Semaine #29 du 19 mai 2025 au 25 mai 2025,7,29,Mai,2025,19 mai 2025
2025-05-25,2025,5,Mai,dimanche,2025 fiscale,Trimestre 3,29,Semaine #29 du 19 mai 2025 au 25 mai 2025,Semaine #29 du 19 mai 2025 au 25 mai 2025,7,29,Mai,2025,19 mai 2025
2025-05-26,2025,5,Mai,lundi,2025 fiscale,Trimestre 3,30,Semaine #30 du 26 mai 2025 au 1 juin 2025,Semaine #30 du 26 mai 2025 au 1 juin 2025,7,30,Mai,2025,26 mai 2025
2025-05-27,2025,5,Mai,mardi,2025 fiscale,Trimestre 3,30,Semaine #30 du 26 mai 2025 au 1 juin 2025,Semaine #30 du 26 mai 2025 au 1 juin 2025,7,30,Mai,2025,26 mai 2025
2025-05-28,2025,5,Mai,mercredi,2025 fiscale,Trimestre 3,30,Semaine #30 du 26 mai 2025 au 1 juin 2025,Semaine #30 du 26 mai 2025 au 1 juin 2025,7,30,Mai,2025,26 mai 2025
2025-05-29,2025,5,Mai,jeudi,2025 fiscale,Trimestre 3,30,Semaine #30 du 26 mai 2025 au 1 juin 2025,Semaine #30 du 26 mai 2025 au 1 juin 2025,7,30,Mai,2025,26 mai 2025
2025-05-30,2025,5,Mai,vendredi,2025 fiscale,Trimestre 3,30,Semaine #30 du 26 mai 2025 au 1 juin 2025,Semaine #30 du 26 mai 2025 au 1 juin 2025,7,30,Mai,2025,26 mai 2025
2025-05-31,2025,5,Mai,samedi,2025 fiscale,Trimestre 3,30,Semaine #30 du 26 mai 2025 au 1 juin 2025,Semaine #30 du 26 mai 2025 au 1 juin 2025,7,30,Mai,2025,26 mai 2025
2025-06-01,2025,6,Juin,dimanche,2025 fiscale,Trimestre 3,30,Semaine #30 du 26 mai 2025 au 1 juin 2025,Semaine #30 du 26 mai 2025 au 1 juin 2025,8,30,Juin,2025,26 mai 2025
2025-06-02,2025,6,Juin,lundi,2025 fiscale,Trimestre 3,31,Semaine #31 du 2 juin 2025 au 8 juin 2025,Semaine #31 du 2 juin 2025 au 8 juin 2025,8,31,Juin,2025,2 juin 2025
2025-06-03,2025,6,Juin,mardi,2025 fiscale,Trimestre 3,31,Semaine #31 du 2 juin 2025 au 8 juin 2025,Semaine #31 du 2 juin 2025 au 8 juin 2025,8,31,Juin,2025,2 juin 2025
2025-06-04,2025,6,Juin,mercredi,2025 fiscale,Trimestre 3,31,Semaine #31 du 2 juin 2025 au 8 juin 2025,Semaine #31 du 2 juin 2025 au 8 juin 2025,8,31,Juin,2025,2 juin 2025
2025-06-05,2025,6,Juin,jeudi,2025 fiscale,Trimestre 3,31,Semaine #31 du 2 juin 2025 au 8 juin 2025,Semaine #31 du 2 juin 2025 au 8 juin 2025,8,31,Juin,2025,2 juin 2025
2025-06-06,2025,6,Juin,vendredi,2025 fiscale,Trimestre 3,31,Semaine #31 du 2 juin 2025 au 8 juin 2025,Semaine #31 du 2 juin 2025 au 8 juin 2025,8,31,Juin,2025,2 juin 2025
2025-06-07,2025,6,Juin,samedi,2025 fiscale,Trimestre 3,31,Semaine #31 du 2 juin 2025 au 8 juin 2025,Semaine #31 du 2 juin 2025 au 8 juin 2025,8,31,Juin,2025,2 juin 2025
2025-06-08,2025,6,Juin,dimanche,2025 fiscale,Trimestre 3,31,Semaine #31 du 2 juin 2025 au 8 juin 2025,Semaine #31 du 2 juin 2025 au 8 juin 2025,8,31,Juin,2025,2 juin 2025
2025-06-09,2025,6,Juin,lundi,2025 fiscale,Trimestre 3,32,Semaine #32 du 9 juin 2025 au 15 juin 2025,Semaine #32 du 9 juin 2025 au 15 juin 2025,8,32,Juin,2025,9 juin 2025
2025-06-10,2025,6,Juin,mardi,2025 fiscale,Trimestre 3,32,Semaine #32 du 9 juin 2025 au 15 juin 2025,Semaine #32 du 9 juin 2025 au 15 juin 2025,8,32,Juin,2025,9 juin 2025
2025-06-11,2025,6,Juin,mercredi,2025 fiscale,Trimestre 3,32,Semaine #32 du 9 juin 2025 au 15 juin 2025,Semaine #32 du 9 juin 2025 au 15 juin 2025,8,32,Juin,2025,9 juin 2025
2025-06-12,2025,6,Juin,jeudi,2025 fiscale,Trimestre 3,32,Semaine #32 du 9 juin 2025 au 15 juin 2025,Semaine #32 du 9 juin 2025 au 15 juin 2025,8,32,Juin,2025,9 juin 2025
2025-06-13,2025,6,Juin,vendredi,2025 fiscale,Trimestre 3,32,Semaine #32 du 9 juin 2025 au 15 juin 2025,Semaine #32 du 9 juin 2025 au 15 juin 2025,8,32,Juin,2025,9 juin 2025
2025-06-14,2025,6,Juin,samedi,2025 fiscale,Trimestre 3,32,Semaine #32 du 9 juin 2025 au 15 juin 2025,Semaine #32 du 9 juin 2025 au 15 juin 2025,8,32,Juin,2025,9 juin 2025
2025-06-15,2025,6,Juin,dimanche,2025 fiscale,Trimestre 3,32,Semaine #32 du 9 juin 2025 au 15 juin 2025,Semaine #32 du 9 juin 2025 au 15 juin 2025,8,32,Juin,2025,9 juin 2025
2025-06-16,2025,6,Juin,lundi,2025 fiscale,Trimestre 3,33,Semaine #33 du 16 juin 2025 au 22 juin 2025,Semaine #33 du 16 juin 2025 au 22 juin 2025,8,33,Juin,2025,16 juin 2025
2025-06-17,2025,6,Juin,mardi,2025 fiscale,Trimestre 3,33,Semaine #33 du 16 juin 2025 au 22 juin 2025,Semaine #33 du 16 juin 2025 au 22 juin 2025,8,33,Juin,2025,16 juin 2025
2025-06-18,2025,6,Juin,mercredi,2025 fiscale,Trimestre 3,33,Semaine #33 du 16 juin 2025 au 22 juin 2025,Semaine #33 du 16 juin 2025 au 22 juin 2025,8,33,Juin,2025,16 juin 2025
2025-06-19,2025,6,Juin,jeudi,2025 fiscale,Trimestre 3,33,Semaine #33 du 16 juin 2025 au 22 juin 2025,Semaine #33 du 16 juin 2025 au 22 juin 2025,8,33,Juin,2025,16 juin 2025
2025-06-20,2025,6,Juin,vendredi,2025 fiscale,Trimestre 3,33,Semaine #33 du 16 juin 2025 au 22 juin 2025,Semaine #33 du 16 juin 2025 au 22 juin 2025,8,33,Juin,2025,16 juin 2025
2025-06-21,2025,6,Juin,samedi,2025 fiscale,Trimestre 3,33,Semaine #33 du 16 juin 2025 au 22 juin 2025,Semaine #33 du 16 juin 2025 au 22 juin 2025,8,33,Juin,2025,16 juin 2025
2025-06-22,2025,6,Juin,dimanche,2025 fiscale,Trimestre 3,33,Semaine #33 du 16 juin 2025 au 22 juin 2025,Semaine #33 du 16 juin 2025 au 22 juin 2025,8,33,Juin,2025,16 juin 2025
2025-06-23,2025,6,Juin,lundi,2025 fiscale,Trimestre 3,34,Semaine #34 du 23 juin 2025 au 29 juin 2025,Semaine #34 du 23 juin 2025 au 29 juin 2025,8,34,Juin,2025,23 juin 2025
2025-06-24,2025,6,Juin,mardi,2025 fiscale,Trimestre 3,34,Semaine #34 du 23 juin 2025 au 29 juin 2025,Semaine #34 du 23 juin 2025 au 29 juin 2025,8,34,Juin,2025,23 juin 2025
2025-06-25,2025,6,Juin,mercredi,2025 fiscale,Trimestre 3,34,Semaine #34 du 23 juin 2025 au 29 juin 2025,Semaine #34 du 23 juin 2025 au 29 juin 2025,8,34,Juin,2025,23 juin 2025
2025-06-26,2025,6,Juin,jeudi,2025 fiscale,Trimestre 3,34,Semaine #34 du 23 juin 2025 au 29 juin 2025,Semaine #34 du 23 juin 2025 au 29 juin 2025,8,34,Juin,2025,23 juin 2025
2025-06-27,2025,6,Juin,vendredi,2025 fiscale,Trimestre 3,34,Semaine #34 du 23 juin 2025 au 29 juin 2025,Semaine #34 du 23 juin 2025 au 29 juin 2025,8,34,Juin,2025,23 juin 2025
2025-06-28,2025,6,Juin,samedi,2025 fiscale,Trimestre 3,34,Semaine #34 du 23 juin 2025 au 29 juin 2025,Semaine #34 du 23 juin 2025 au 29 juin 2025,8,34,Juin,2025,23 juin 2025
2025-06-29,2025,6,Juin,dimanche,2025 fiscale,Trimestre 3,34,Semaine #34 du 23 juin 2025 au 29 juin 2025,Semaine #34 du 23 juin 2025 au 29 juin 2025,8,34,Juin,2025,23 juin 2025
2025-06-30,2025,6,Juin,lundi,2025 fiscale,Trimestre 3,35,Semaine #35 du 30 juin 2025 au 6 juillet 2025,Semaine #35 du 30 juin 2025 au 6 juillet 2025,8,35,Juin,2025,30 juin 2025
2025-07-01,2025,7,Juillet,mardi,2025 fiscale,Trimestre 3,35,Semaine #35 du 30 juin 2025 au 6 juillet 2025,Semaine #35 du 30 juin 2025 au 6 juillet 2025,9,35,Juillet,2025,30 juin 2025
2025-07-02,2025,7,Juillet,mercredi,2025 fiscale,Trimestre 3,35,Semaine #35 du 30 juin 2025 au 6 juillet 2025,Semaine #35 du 30 juin 2025 au 6 juillet 2025,9,35,Juillet,2025,30 juin 2025
2025-07-03,2025,7,Juillet,jeudi,2025 fiscale,Trimestre 3,35,Semaine #35 du 30 juin 2025 au 6 juillet 2025,Semaine #35 du 30 juin 2025 au 6 juillet 2025,9,35,Juillet,2025,30 juin 2025
2025-07-04,2025,7,Juillet,vendredi,2025 fiscale,Trimestre 3,35,Semaine #35 du 30 juin 2025 au 6 juillet 2025,Semaine #35 du 30 juin 2025 au 6 juillet 2025,9,35,Juillet,2025,30 juin 2025
2025-07-05,2025,7,Juillet,samedi,2025 fiscale,Trimestre 3,35,Semaine #35 du 30 juin 2025 au 6 juillet 2025,Semaine #35 du 30 juin 2025 au 6 juillet 2025,9,35,Juillet,2025,30 juin 2025
2025-07-06,2025,7,Juillet,dimanche,2025 fiscale,Trimestre 3,35,Semaine #35 du 30 juin 2025 au 6 juillet 2025,Semaine #35 du 30 juin 2025 au 6 juillet 2025,9,35,Juillet,2025,30 juin 2025
2025-07-07,2025,7,Juillet,lundi,2025 fiscale,Trimestre 3,36,Semaine #36 du 7 juillet 2025 au 13 juillet 2025,Semaine #36 du 7 juillet 2025 au 13 juillet 2025,9,36,Juillet,2025,7 juillet 2025
2025-07-08,2025,7,Juillet,mardi,2025 fiscale,Trimestre 3,36,Semaine #36 du 7 juillet 2025 au 13 juillet 2025,Semaine #36 du 7 juillet 2025 au 13 juillet 2025,9,36,Juillet,2025,7 juillet 2025
2025-07-09,2025,7,Juillet,mercredi,2025 fiscale,Trimestre 3,36,Semaine #36 du 7 juillet 2025 au 13 juillet 2025,Semaine #36 du 7 juillet 2025 au 13 juillet 2025,9,36,Juillet,2025,7 juillet 2025
2025-07-10,2025,7,Juillet,jeudi,2025 fiscale,Trimestre 3,36,Semaine #36 du 7 juillet 2025 au 13 juillet 2025,Semaine #36 du 7 juillet 2025 au 13 juillet 2025,9,36,Juillet,2025,7 juillet 2025
2025-07-11,2025,7,Juillet,vendredi,2025 fiscale,Trimestre 3,36,Semaine #36 du 7 juillet 2025 au 13 juillet 2025,Semaine #36 du 7 juillet 2025 au 13 juillet 2025,9,36,Juillet,2025,7 juillet 2025
2025-07-12,2025,7,Juillet,samedi,2025 fiscale,Trimestre 3,36,Semaine #36 du 7 juillet 2025 au 13 juillet 2025,Semaine #36 du 7 juillet 2025 au 13 juillet 2025,9,36,Juillet,2025,7 juillet 2025
2025-07-13,2025,7,Juillet,dimanche,2025 fiscale,Trimestre 3,36,Semaine #36 du 7 juillet 2025 au 13 juillet 2025,Semaine #36 du 7 juillet 2025 au 13 juillet 2025,9,36,Juillet,2025,7 juillet 2025
2025-07-14,2025,7,Juillet,lundi,2025 fiscale,Trimestre 3,37,Semaine #37 du 14 juillet 2025 au 20 juillet 2025,Semaine #37 du 14 juillet 2025 au 20 juillet 2025,9,37,Juillet,2025,14 juillet 2025
2025-07-15,2025,7,Juillet,mardi,2025 fiscale,Trimestre 3,37,Semaine #37 du 14 juillet 2025 au 20 juillet 2025,Semaine #37 du 14 juillet 2025 au 20 juillet 2025,9,37,Juillet,2025,14 juillet 2025
2025-07-16,2025,7,Juillet,mercredi,2025 fiscale,Trimestre 3,37,Semaine #37 du 14 juillet 2025 au 20 juillet 2025,Semaine #37 du 14 juillet 2025 au 20 juillet 2025,9,37,Juillet,2025,14 juillet 2025
2025-07-17,2025,7,Juillet,jeudi,2025 fiscale,Trimestre 3,37,Semaine #37 du 14 juillet 2025 au 20 juillet 2025,Semaine #37 du 14 juillet 2025 au 20 juillet 2025,9,37,Juillet,2025,14 juillet 2025
2025-07-18,2025,7,Juillet,vendredi,2025 fiscale,Trimestre 3,37,Semaine #37 du 14 juillet 2025 au 20 juillet 2025,Semaine #37 du 14 juillet 2025 au 20 juillet 2025,9,37,Juillet,2025,14 juillet 2025
2025-07-19,2025,7,Juillet,samedi,2025 fiscale,Trimestre 3,37,Semaine #37 du 14 juillet 2025 au 20 juillet 2025,Semaine #37 du 14 juillet 2025 au 20 juillet 2025,9,37,Juillet,2025,14 juillet 2025
2025-07-20,2025,7,Juillet,dimanche,2025 fiscale,Trimestre 3,37,Semaine #37 du 14 juillet 2025 au 20 juillet 2025,Semaine #37 du 14 juillet 2025 au 20 juillet 2025,9,37,Juillet,2025,14 juillet 2025
2025-07-21,2025,7,Juillet,lundi,2025 fiscale,Trimestre 3,38,Semaine #38 du 21 juillet 2025 au 27 juillet 2025,Semaine #38 du 21 juillet 2025 au 27 juillet 2025,9,38,Juillet,2025,21 juillet 2025
2025-07-22,2025,7,Juillet,mardi,2025 fiscale,Trimestre 3,38,Semaine #38 du 21 juillet 2025 au 27 juillet 2025,Semaine #38 du 21 juillet 2025 au 27 juillet 2025,9,38,Juillet,2025,21 juillet 2025
2025-07-23,2025,7,Juillet,mercredi,2025 fiscale,Trimestre 3,38,Semaine #38 du 21 juillet 2025 au 27 juillet 2025,Semaine #38 du 21 juillet 2025 au 27 juillet 2025,9,38,Juillet,2025,21 juillet 2025
2025-07-24,2025,7,Juillet,jeudi,2025 fiscale,Trimestre 3,38,Semaine #38 du 21 juillet 2025 au 27 juillet 2025,Semaine #38 du 21 juillet 2025 au 27 juillet 2025,9,38,Juillet,2025,21 juillet 2025
2025-07-25,2025,7,Juillet,vendredi,2025 fiscale,Trimestre 3,38,Semaine #38 du 21 juillet 2025 au 27 juillet 2025,Semaine #38 du 21 juillet 2025 au 27 juillet 2025,9,38,Juillet,2025,21 juillet 2025
2025-07-26,2025,7,Juillet,samedi,2025 fiscale,Trimestre 3,38,Semaine #38 du 21 juillet 2025 au 27 juillet 2025,Semaine #38 du 21 juillet 2025 au 27 juillet 2025,9,38,Juillet,2025,21 juillet 2025
2025-07-27,2025,7,Juillet,dimanche,2025 fiscale,Trimestre 3,38,Semaine #38 du 21 juillet 2025 au 27 juillet 2025,Semaine #38 du 21 juillet 2025 au 27 juillet 2025,9,38,Juillet,2025,21 juillet 2025
2025-07-28,2025,7,Juillet,lundi,2025 fiscale,Trimestre 3,39,Semaine #39 du 28 juillet 2025 au 3 août 2025,Semaine #39 du 28 juillet 2025 au 3 août 2025,9,39,Juillet,2025,28 juillet 2025
2025-07-29,2025,7,Juillet,mardi,2025 fiscale,Trimestre 3,39,Semaine #39 du 28 juillet 2025 au 3 août 2025,Semaine #39 du 28 juillet 2025 au 3 août 2025,9,39,Juillet,2025,28 juillet 2025
2025-07-30,2025,7,Juillet,mercredi,2025 fiscale,Trimestre 3,39,Semaine #39 du 28 juillet 2025 au 3 août 2025,Semaine #39 du 28 juillet 2025 au 3 août 2025,9,39,Juillet,2025,28 juillet 2025
2025-07-31,2025,7,Juillet,jeudi,2025 fiscale,Trimestre 3,39,Semaine #39 du 28 juillet 2025 au 3 août 2025,Semaine #39 du 28 juillet 2025 au 3 août 2025,9,39,Juillet,2025,28 juillet 2025
2025-08-01,2025,8,Août,vendredi,2025 fiscale,Trimestre 4,39,Semaine #39 du 28 juillet 2025 au 3 août 2025,Semaine #39 du 28 juillet 2025 au 3 août 2025,10,39,Août,2025,28 juillet 2025
2025-08-02,2025,8,Août,samedi,2025 fiscale,Trimestre 4,39,Semaine #39 du 28 juillet 2025 au 3 août 2025,Semaine #39 du 28 juillet 2025 au 3 août 2025,10,39,Août,2025,28 juillet 2025
2025-08-03,2025,8,Août,dimanche,2025 fiscale,Trimestre 4,39,Semaine #39 du 28 juillet 2025 au 3 août 2025,Semaine #39 du 28 juillet 2025 au 3 août 2025,10,39,Août,2025,28 juillet 2025
2025-08-04,2025,8,Août,lundi,2025 fiscale,Trimestre 4,40,Semaine #40 du 4 août 2025 au 10 août 2025,Semaine #40 du 4 août 2025 au 10 août 2025,10,40,Août,2025,4 août 2025
2025-08-05,2025,8,Août,mardi,2025 fiscale,Trimestre 4,40,Semaine #40 du 4 août 2025 au 10 août 2025,Semaine #40 du 4 août 2025 au 10 août 2025,10,40,Août,2025,4 août 2025
2025-08-06,2025,8,Août,mercredi,2025 fiscale,Trimestre 4,40,Semaine #40 du 4 août 2025 au 10 août 2025,Semaine #40 du 4 août 2025 au 10 août 2025,10,40,Août,2025,4 août 2025
2025-08-07,2025,8,Août,jeudi,2025 fiscale,Trimestre 4,40,Semaine #40 du 4 août 2025 au 10 août 2025,Semaine #40 du 4 août 2025 au 10 août 2025,10,40,Août,2025,4 août 2025
2025-08-08,2025,8,Août,vendredi,2025 fiscale,Trimestre 4,40,Semaine #40 du 4 août 2025 au 10 août 2025,Semaine #40 du 4 août 2025 au 10 août 2025,10,40,Août,2025,4 août 2025
2025-08-09,2025,8,Août,samedi,2025 fiscale,Trimestre 4,40,Semaine #40 du 4 août 2025 au 10 août 2025,Semaine #40 du 4 août 2025 au 10 août 2025,10,40,Août,2025,4 août 2025
2025-08-10,2025,8,Août,dimanche,2025 fiscale,Trimestre 4,40,Semaine #40 du 4 août 2025 au 10 août 2025,Semaine #40 du 4 août 2025 au 10 août 2025,10,40,Août,2025,4 août 2025
2025-08-11,2025,8,Août,lundi,2025 fiscale,Trimestre 4,41,Semaine #41 du 11 août 2025 au 17 août 2025,Semaine #41 du 11 août 2025 au 17 août 2025,10,41,Août,2025,11 août 2025
2025-08-12,2025,8,Août,mardi,2025 fiscale,Trimestre 4,41,Semaine #41 du 11 août 2025 au 17 août 2025,Semaine #41 du 11 août 2025 au 17 août 2025,10,41,Août,2025,11 août 2025
2025-08-13,2025,8,Août,mercredi,2025 fiscale,Trimestre 4,41,Semaine #41 du 11 août 2025 au 17 août 2025,Semaine #41 du 11 août 2025 au 17 août 2025,10,41,Août,2025,11 août 2025
2025-08-14,2025,8,Août,jeudi,2025 fiscale,Trimestre 4,41,Semaine #41 du 11 août 2025 au 17 août 2025,Semaine #41 du 11 août 2025 au 17 août 2025,10,41,Août,2025,11 août 2025
2025-08-15,2025,8,Août,vendredi,2025 fiscale,Trimestre 4,41,Semaine #41 du 11 août 2025 au 17 août 2025,Semaine #41 du 11 août 2025 au 17 août 2025,10,41,Août,2025,11 août 2025
2025-08-16,2025,8,Août,samedi,2025 fiscale,Trimestre 4,41,Semaine #41 du 11 août 2025 au 17 août 2025,Semaine #41 du 11 août 2025 au 17 août 2025,10,41,Août,2025,11 août 2025
2025-08-17,2025,8,Août,dimanche,2025 fiscale,Trimestre 4,41,Semaine #41 du 11 août 2025 au 17 août 2025,Semaine #41 du 11 août 2025 au 17 août 2025,10,41,Août,2025,11 août 2025
2025-08-18,2025,8,Août,lundi,2025 fiscale,Trimestre 4,42,Semaine #42 du 18 août 2025 au 24 août 2025,Semaine #42 du 18 août 2025 au 24 août 2025,10,42,Août,2025,18 août 2025
2025-08-19,2025,8,Août,mardi,2025 fiscale,Trimestre 4,42,Semaine #42 du 18 août 2025 au 24 août 2025,Semaine #42 du 18 août 2025 au 24 août 2025,10,42,Août,2025,18 août 2025
2025-08-20,2025,8,Août,mercredi,2025 fiscale,Trimestre 4,42,Semaine #42 du 18 août 2025 au 24 août 2025,Semaine #42 du 18 août 2025 au 24 août 2025,10,42,Août,2025,18 août 2025
2025-08-21,2025,8,Août,jeudi,2025 fiscale,Trimestre 4,42,Semaine #42 du 18 août 2025 au 24 août 2025,Semaine #42 du 18 août 2025 au 24 août 2025,10,42,Août,2025,18 août 2025
2025-08-22,2025,8,Août,vendredi,2025 fiscale,Trimestre 4,42,Semaine #42 du 18 août 2025 au 24 août 2025,Semaine #42 du 18 août 2025 au 24 août 2025,10,42,Août,2025,18 août 2025
2025-08-23,2025,8,Août,samedi,2025 fiscale,Trimestre 4,42,Semaine #42 du 18 août 2025 au 24 août 2025,Semaine #42 du 18 août 2025 au 24 août 2025,10,42,Août,2025,18 août 2025
2025-08-24,2025,8,Août,dimanche,2025 fiscale,Trimestre 4,42,Semaine #42 du 18 août 2025 au 24 août 2025,Semaine #42 du 18 août 2025 au 24 août 2025,10,42,Août,2025,18 août 2025
2025-08-25,2025,8,Août,lundi,2025 fiscale,Trimestre 4,43,Semaine #43 du 25 août 2025 au 31 août 2025,Semaine #43 du 25 août 2025 au 31 août 2025,10,43,Août,2025,25 août 2025
2025-08-26,2025,8,Août,mardi,2025 fiscale,Trimestre 4,43,Semaine #43 du 25 août 2025 au 31 août 2025,Semaine #43 du 25 août 2025 au 31 août 2025,10,43,Août,2025,25 août 2025
2025-08-27,2025,8,Août,mercredi,2025 fiscale,Trimestre 4,43,Semaine #43 du 25 août 2025 au 31 août 2025,Semaine #43 du 25 août 2025 au 31 août 2025,10,43,Août,2025,25 août 2025
2025-08-28,2025,8,Août,jeudi,2025 fiscale,Trimestre 4,43,Semaine #43 du 25 août 2025 au 31 août 2025,Semaine #43 du 25 août 2025 au 31 août 2025,10,43,Août,2025,25 août 2025
2025-08-29,2025,8,Août,vendredi,2025 fiscale,Trimestre 4,43,Semaine #43 du 25 août 2025 au 31 août 2025,Semaine #43 du 25 août 2025 au 31 août 2025,10,43,Août,2025,25 août 2025
2025-08-30,2025,8,Août,samedi,2025 fiscale,Trimestre 4,43,Semaine #43 du 25 août 2025 au 31 août 2025,Semaine #43 du 25 août 2025 au 31 août 2025,10,43,Août,2025,25 août 2025
2025-08-31,2025,8,Août,dimanche,2025 fiscale,Trimestre 4,43,Semaine #43 du 25 août 2025 au 31 août 2025,Semaine #43 du 25 août 2025 au 31 août 2025,10,43,Août,2025,25 août 2025
2025-09-01,2025,9,Septembre,lundi,2025 fiscale,Trimestre 4,44,Semaine #44 du 1 septembre 2025 au 7 septembre 2025,Semaine #44 du 1 sept 2025 au 7 sept 2025,11,44,Septembre,2025,1 septembre 2025
2025-09-02,2025,9,Septembre,mardi,2025 fiscale,Trimestre 4,44,Semaine #44 du 1 septembre 2025 au 7 septembre 2025,Semaine #44 du 1 sept 2025 au 7 sept 2025,11,44,Septembre,2025,1 septembre 2025
2025-09-03,2025,9,Septembre,mercredi,2025 fiscale,Trimestre 4,44,Semaine #44 du 1 septembre 2025 au 7 septembre 2025,Semaine #44 du 1 sept 2025 au 7 sept 2025,11,44,Septembre,2025,1 septembre 2025
2025-09-04,2025,9,Septembre,jeudi,2025 fiscale,Trimestre 4,44,Semaine #44 du 1 septembre 2025 au 7 septembre 2025,Semaine #44 du 1 sept 2025 au 7 sept 2025,11,44,Septembre,2025,1 septembre 2025
2025-09-05,2025,9,Septembre,vendredi,2025 fiscale,Trimestre 4,44,Semaine #44 du 1 septembre 2025 au 7 septembre 2025,Semaine #44 du 1 sept 2025 au 7 sept 2025,11,44,Septembre,2025,1 septembre 2025
2025-09-06,2025,9,Septembre,samedi,2025 fiscale,Trimestre 4,44,Semaine #44 du 1 septembre 2025 au 7 septembre 2025,Semaine #44 du 1 sept 2025 au 7 sept 2025,11,44,Septembre,2025,1 septembre 2025
2025-09-07,2025,9,Septembre,dimanche,2025 fiscale,Trimestre 4,44,Semaine #44 du 1 septembre 2025 au 7 septembre 2025,Semaine #44 du 1 sept 2025 au 7 sept 2025,11,44,Septembre,2025,1 septembre 2025
2025-09-08,2025,9,Septembre,lundi,2025 fiscale,Trimestre 4,45,Semaine #45 du 8 septembre 2025 au 14 septembre 2025,Semaine #45 du 8 sept 2025 au 14 sept 2025,11,45,Septembre,2025,8 septembre 2025
2025-09-09,2025,9,Septembre,mardi,2025 fiscale,Trimestre 4,45,Semaine #45 du 8 septembre 2025 au 14 septembre 2025,Semaine #45 du 8 sept 2025 au 14 sept 2025,11,45,Septembre,2025,8 septembre 2025
2025-09-10,2025,9,Septembre,mercredi,2025 fiscale,Trimestre 4,45,Semaine #45 du 8 septembre 2025 au 14 septembre 2025,Semaine #45 du 8 sept 2025 au 14 sept 2025,11,45,Septembre,2025,8 septembre 2025
2025-09-11,2025,9,Septembre,jeudi,2025 fiscale,Trimestre 4,45,Semaine #45 du 8 septembre 2025 au 14 septembre 2025,Semaine #45 du 8 sept 2025 au 14 sept 2025,11,45,Septembre,2025,8 septembre 2025
2025-09-12,2025,9,Septembre,vendredi,2025 fiscale,Trimestre 4,45,Semaine #45 du 8 septembre 2025 au 14 septembre 2025,Semaine #45 du 8 sept 2025 au 14 sept 2025,11,45,Septembre,2025,8 septembre 2025
2025-09-13,2025,9,Septembre,samedi,2025 fiscale,Trimestre 4,45,Semaine #45 du 8 septembre 2025 au 14 septembre 2025,Semaine #45 du 8 sept 2025 au 14 sept 2025,11,45,Septembre,2025,8 septembre 2025
2025-09-14,2025,9,Septembre,dimanche,2025 fiscale,Trimestre 4,45,Semaine #45 du 8 septembre 2025 au 14 septembre 2025,Semaine #45 du 8 sept 2025 au 14 sept 2025,11,45,Septembre,2025,8 septembre 2025
2025-09-15,2025,9,Septembre,lundi,2025 fiscale,Trimestre 4,46,Semaine #46 du 15 septembre 2025 au 21 septembre 2025,Semaine #46 du 15 sept 2025 au 21 sept 2025,11,46,Septembre,2025,15 septembre 2025
2025-09-16,2025,9,Septembre,mardi,2025 fiscale,Trimestre 4,46,Semaine #46 du 15 septembre 2025 au 21 septembre 2025,Semaine #46 du 15 sept 2025 au 21 sept 2025,11,46,Septembre,2025,15 septembre 2025
2025-09-17,2025,9,Septembre,mercredi,2025 fiscale,Trimestre 4,46,Semaine #46 du 15 septembre 2025 au 21 septembre 2025,Semaine #46 du 15 sept 2025 au 21 sept 2025,11,46,Septembre,2025,15 septembre 2025
2025-09-18,2025,9,Septembre,jeudi,2025 fiscale,Trimestre 4,46,Semaine #46 du 15 septembre 2025 au 21 septembre 2025,Semaine #46 du 15 sept 2025 au 21 sept 2025,11,46,Septembre,2025,15 septembre 2025
2025-09-19,2025,9,Septembre,vendredi,2025 fiscale,Trimestre 4,46,Semaine #46 du 15 septembre 2025 au 21 septembre 2025,Semaine #46 du 15 sept 2025 au 21 sept 2025,11,46,Septembre,2025,15 septembre 2025
2025-09-20,2025,9,Septembre,samedi,2025 fiscale,Trimestre 4,46,Semaine #46 du 15 septembre 2025 au 21 septembre 2025,Semaine #46 du 15 sept 2025 au 21 sept 2025,11,46,Septembre,2025,15 septembre 2025
2025-09-21,2025,9,Septembre,dimanche,2025 fiscale,Trimestre 4,46,Semaine #46 du 15 septembre 2025 au 21 septembre 2025,Semaine #46 du 15 sept 2025 au 21 sept 2025,11,46,Septembre,2025,15 septembre 2025
2025-09-22,2025,9,Septembre,lundi,2025 fiscale,Trimestre 4,47,Semaine #47 du 22 septembre 2025 au 28 septembre 2025,Semaine #47 du 22 sept 2025 au 28 sept 2025,11,47,Septembre,2025,22 septembre 2025
2025-09-23,2025,9,Septembre,mardi,2025 fiscale,Trimestre 4,47,Semaine #47 du 22 septembre 2025 au 28 septembre 2025,Semaine #47 du 22 sept 2025 au 28 sept 2025,11,47,Septembre,2025,22 septembre 2025
2025-09-24,2025,9,Septembre,mercredi,2025 fiscale,Trimestre 4,47,Semaine #47 du 22 septembre 2025 au 28 septembre 2025,Semaine #47 du 22 sept 2025 au 28 sept 2025,11,47,Septembre,2025,22 septembre 2025
2025-09-25,2025,9,Septembre,jeudi,2025 fiscale,Trimestre 4,47,Semaine #47 du 22 septembre 2025 au 28 septembre 2025,Semaine #47 du 22 sept 2025 au 28 sept 2025,11,47,Septembre,2025,22 septembre 2025
2025-09-26,2025,9,Septembre,vendredi,2025 fiscale,Trimestre 4,47,Semaine #47 du 22 septembre 2025 au 28 septembre 2025,Semaine #47 du 22 sept 2025 au 28 sept 2025,11,47,Septembre,2025,22 septembre 2025
2025-09-27,2025,9,Septembre,samedi,2025 fiscale,Trimestre 4,47,Semaine #47 du 22 septembre 2025 au 28 septembre 2025,Semaine #47 du 22 sept 2025 au 28 sept 2025,11,47,Septembre,2025,22 septembre 2025
2025-09-28,2025,9,Septembre,dimanche,2025 fiscale,Trimestre 4,47,Semaine #47 du 22 septembre 2025 au 28 septembre 2025,Semaine #47 du 22 sept 2025 au 28 sept 2025,11,47,Septembre,2025,22 septembre 2025
2025-09-29,2025,9,Septembre,lundi,2025 fiscale,Trimestre 4,48,Semaine #48 du 29 septembre 2025 au 5 octobre 2025,Semaine #48 du 29 sept 2025 au 5 oct 2025,11,48,Septembre,2025,29 septembre 2025
2025-09-30,2025,9,Septembre,mardi,2025 fiscale,Trimestre 4,48,Semaine #48 du 29 septembre 2025 au 5 octobre 2025,Semaine #48 du 29 sept 2025 au 5 oct 2025,11,48,Septembre,2025,29 septembre 2025
2025-10-01,2025,10,Octobre,mercredi,2025 fiscale,Trimestre 4,48,Semaine #48 du 29 septembre 2025 au 5 octobre 2025,Semaine #48 du 29 sept 2025 au 5 oct 2025,12,48,Octobre,2025,29 septembre 2025
2025-10-02,2025,10,Octobre,jeudi,2025 fiscale,Trimestre 4,48,Semaine #48 du 29 septembre 2025 au 5 octobre 2025,Semaine #48 du 29 sept 2025 au 5 oct 2025,12,48,Octobre,2025,29 septembre 2025
2025-10-03,2025,10,Octobre,vendredi,2025 fiscale,Trimestre 4,48,Semaine #48 du 29 septembre 2025 au 5 octobre 2025,Semaine #48 du 29 sept 2025 au 5 oct 2025,12,48,Octobre,2025,29 septembre 2025
2025-10-04,2025,10,Octobre,samedi,2025 fiscale,Trimestre 4,48,Semaine #48 du 29 septembre 2025 au 5 octobre 2025,Semaine #48 du 29 sept 2025 au 5 oct 2025,12,48,Octobre,2025,29 septembre 2025
2025-10-05,2025,10,Octobre,dimanche,2025 fiscale,Trimestre 4,48,Semaine #48 du 29 septembre 2025 au 5 octobre 2025,Semaine #48 du 29 sept 2025 au 5 oct 2025,12,48,Octobre,2025,29 septembre 2025
2025-10-06,2025,10,Octobre,lundi,2025 fiscale,Trimestre 4,49,Semaine #49 du 6 octobre 2025 au 12 octobre 2025,Semaine #49 du 6 oct 2025 au 12 oct 2025,12,49,Octobre,2025,6 octobre 2025
2025-10-07,2025,10,Octobre,mardi,2025 fiscale,Trimestre 4,49,Semaine #49 du 6 octobre 2025 au 12 octobre 2025,Semaine #49 du 6 oct 2025 au 12 oct 2025,12,49,Octobre,2025,6 octobre 2025
2025-10-08,2025,10,Octobre,mercredi,2025 fiscale,Trimestre 4,49,Semaine #49 du 6 octobre 2025 au 12 octobre 2025,Semaine #49 du 6 oct 2025 au 12 oct 2025,12,49,Octobre,2025,6 octobre 2025
2025-10-09,2025,10,Octobre,jeudi,2025 fiscale,Trimestre 4,49,Semaine #49 du 6 octobre 2025 au 12 octobre 2025,Semaine #49 du 6 oct 2025 au 12 oct 2025,12,49,Octobre,2025,6 octobre 2025
2025-10-10,2025,10,Octobre,vendredi,2025 fiscale,Trimestre 4,49,Semaine #49 du 6 octobre 2025 au 12 octobre 2025,Semaine #49 du 6 oct 2025 au 12 oct 2025,12,49,Octobre,2025,6 octobre 2025
2025-10-11,2025,10,Octobre,samedi,2025 fiscale,Trimestre 4,49,Semaine #49 du 6 octobre 2025 au 12 octobre 2025,Semaine #49 du 6 oct 2025 au 12 oct 2025,12,49,Octobre,2025,6 octobre 2025
2025-10-12,2025,10,Octobre,dimanche,2025 fiscale,Trimestre 4,49,Semaine #49 du 6 octobre 2025 au 12 octobre 2025,Semaine #49 du 6 oct 2025 au 12 oct 2025,12,49,Octobre,2025,6 octobre 2025
2025-10-13,2025,10,Octobre,lundi,2025 fiscale,Trimestre 4,50,Semaine #50 du 13 octobre 2025 au 19 octobre 2025,Semaine #50 du 13 oct 2025 au 19 oct 2025,12,50,Octobre,2025,13 octobre 2025
2025-10-14,2025,10,Octobre,mardi,2025 fiscale,Trimestre 4,50,Semaine #50 du 13 octobre 2025 au 19 octobre 2025,Semaine #50 du 13 oct 2025 au 19 oct 2025,12,50,Octobre,2025,13 octobre 2025
2025-10-15,2025,10,Octobre,mercredi,2025 fiscale,Trimestre 4,50,Semaine #50 du 13 octobre 2025 au 19 octobre 2025,Semaine #50 du 13 oct 2025 au 19 oct 2025,12,50,Octobre,2025,13 octobre 2025
2025-10-16,2025,10,Octobre,jeudi,2025 fiscale,Trimestre 4,50,Semaine #50 du 13 octobre 2025 au 19 octobre 2025,Semaine #50 du 13 oct 2025 au 19 oct 2025,12,50,Octobre,2025,13 octobre 2025
2025-10-17,2025,10,Octobre,vendredi,2025 fiscale,Trimestre 4,50,Semaine #50 du 13 octobre 2025 au 19 octobre 2025,Semaine #50 du 13 oct 2025 au 19 oct 2025,12,50,Octobre,2025,13 octobre 2025
2025-10-18,2025,10,Octobre,samedi,2025 fiscale,Trimestre 4,50,Semaine #50 du 13 octobre 2025 au 19 octobre 2025,Semaine #50 du 13 oct 2025 au 19 oct 2025,12,50,Octobre,2025,13 octobre 2025
2025-10-19,2025,10,Octobre,dimanche,2025 fiscale,Trimestre 4,50,Semaine #50 du 13 octobre 2025 au 19 octobre 2025,Semaine #50 du 13 oct 2025 au 19 oct 2025,12,50,Octobre,2025,13 octobre 2025
2025-10-20,2025,10,Octobre,lundi,2025 fiscale,Trimestre 4,51,Semaine #51 du 20 octobre 2025 au 26 octobre 2025,Semaine #51 du 20 oct 2025 au 26 oct 2025,12,51,Octobre,2025,20 octobre 2025
2025-10-21,2025,10,Octobre,mardi,2025 fiscale,Trimestre 4,51,Semaine #51 du 20 octobre 2025 au 26 octobre 2025,Semaine #51 du 20 oct 2025 au 26 oct 2025,12,51,Octobre,2025,20 octobre 2025
2025-10-22,2025,10,Octobre,mercredi,2025 fiscale,Trimestre 4,51,Semaine #51 du 20 octobre 2025 au 26 octobre 2025,Semaine #51 du 20 oct 2025 au 26 oct 2025,12,51,Octobre,2025,20 octobre 2025
2025-10-23,2025,10,Octobre,jeudi,2025 fiscale,Trimestre 4,51,Semaine #51 du 20 octobre 2025 au 26 octobre 2025,Semaine #51 du 20 oct 2025 au 26 oct 2025,12,51,Octobre,2025,20 octobre 2025
2025-10-24,2025,10,Octobre,vendredi,2025 fiscale,Trimestre 4,51,Semaine #51 du 20 octobre 2025 au 26 octobre 2025,Semaine #51 du 20 oct 2025 au 26 oct 2025,12,51,Octobre,2025,20 octobre 2025
2025-10-25,2025,10,Octobre,samedi,2025 fiscale,Trimestre 4,51,Semaine #51 du 20 octobre 2025 au 26 octobre 2025,Semaine #51 du 20 oct 2025 au 26 oct 2025,12,51,Octobre,2025,20 octobre 2025
2025-10-26,2025,10,Octobre,dimanche,2025 fiscale,Trimestre 4,51,Semaine #51 du 20 octobre 2025 au 26 octobre 2025,Semaine #51 du 20 oct 2025 au 26 oct 2025,12,51,Octobre,2025,20 octobre 2025
2025-10-27,2025,10,Octobre,lundi,2025 fiscale,Trimestre 4,52,Semaine #52 du 27 octobre 2025 au 2 novembre 2025,Semaine #52 du 27 oct 2025 au 2 nov 2025,12,52,Octobre,2025,27 octobre 2025
2025-10-28,2025,10,Octobre,mardi,2025 fiscale,Trimestre 4,52,Semaine #52 du 27 octobre 2025 au 2 novembre 2025,Semaine #52 du 27 oct 2025 au 2 nov 2025,12,52,Octobre,2025,27 octobre 2025
2025-10-29,2025,10,Octobre,mercredi,2025 fiscale,Trimestre 4,52,Semaine #52 du 27 octobre 2025 au 2 novembre 2025,Semaine #52 du 27 oct 2025 au 2 nov 2025,12,52,Octobre,2025,27 octobre 2025
2025-10-30,2025,10,Octobre,jeudi,2025 fiscale,Trimestre 4,52,Semaine #52 du 27 octobre 2025 au 2 novembre 2025,Semaine #52 du 27 oct 2025 au 2 nov 2025,12,52,Octobre,2025,27 octobre 2025
2025-10-31,2025,10,Octobre,vendredi,2025 fiscale,Trimestre 4,52,Semaine #52 du 27 octobre 2025 au 2 novembre 2025,Semaine #52 du 27 oct 2025 au 2 nov 2025,12,52,Octobre,2025,27 octobre 2025
2025-11-01,2025,11,Novembre,samedi,2025 fiscale,Trimestre 1,52,Semaine #52 du 27 octobre 2025 au 2 novembre 2025,Semaine #52 du 27 oct 2025 au 2 nov 2025,1,52,Octobre,2025,27 octobre 2025
2025-11-02,2025,11,Novembre,dimanche,2025 fiscale,Trimestre 1,52,Semaine #52 du 27 octobre 2025 au 2 novembre 2025,Semaine #52 du 27 oct 2025 au 2 nov 2025,1,52,Octobre,2025,27 octobre 2025
2025-11-03,2025,11,Novembre,lundi,2026 fiscale,Trimestre 1,1,Semaine #1 du 3 novembre 2025 au 9 novembre 2025,Semaine #1 du 3 nov 2025 au 9 nov 2025,1,1,Novembre,2026,3 novembre 2025
2025-11-04,2025,11,Novembre,mardi,2026 fiscale,Trimestre 1,1,Semaine #1 du 3 novembre 2025 au 9 novembre 2025,Semaine #1 du 3 nov 2025 au 9 nov 2025,1,1,Novembre,2026,3 novembre 2025
2025-11-05,2025,11,Novembre,mercredi,2026 fiscale,Trimestre 1,1,Semaine #1 du 3 novembre 2025 au 9 novembre 2025,Semaine #1 du 3 nov 2025 au 9 nov 2025,1,1,Novembre,2026,3 novembre 2025
2025-11-06,2025,11,Novembre,jeudi,2026 fiscale,Trimestre 1,1,Semaine #1 du 3 novembre 2025 au 9 novembre 2025,Semaine #1 du 3 nov 2025 au 9 nov 2025,1,1,Novembre,2026,3 novembre 2025
2025-11-07,2025,11,Novembre,vendredi,2026 fiscale,Trimestre 1,1,Semaine #1 du 3 novembre 2025 au 9 novembre 2025,Semaine #1 du 3 nov 2025 au 9 nov 2025,1,1,Novembre,2026,3 novembre 2025
2025-11-08,2025,11,Novembre,samedi,2026 fiscale,Trimestre 1,1,Semaine #1 du 3 novembre 2025 au 9 novembre 2025,Semaine #1 du 3 nov 2025 au 9 nov 2025,1,1,Novembre,2026,3 novembre 2025
2025-11-09,2025,11,Novembre,dimanche,2026 fiscale,Trimestre 1,1,Semaine #1 du 3 novembre 2025 au 9 novembre 2025,Semaine #1 du 3 nov 2025 au 9 nov 2025,1,1,Novembre,2026,3 novembre 2025
2025-11-10,2025,11,Novembre,lundi,2026 fiscale,Trimestre 1,2,Semaine #2 du 10 novembre 2025 au 16 novembre 2025,Semaine #2 du 10 nov 2025 au 16 nov 2025,1,2,Novembre,2026,10 novembre 2025
2025-11-11,2025,11,Novembre,mardi,2026 fiscale,Trimestre 1,2,Semaine #2 du 10 novembre 2025 au 16 novembre 2025,Semaine #2 du 10 nov 2025 au 16 nov 2025,1,2,Novembre,2026,10 novembre 2025
2025-11-12,2025,11,Novembre,mercredi,2026 fiscale,Trimestre 1,2,Semaine #2 du 10 novembre 2025 au 16 novembre 2025,Semaine #2 du 10 nov 2025 au 16 nov 2025,1,2,Novembre,2026,10 novembre 2025
2025-11-13,2025,11,Novembre,jeudi,2026 fiscale,Trimestre 1,2,Semaine #2 du 10 novembre 2025 au 16 novembre 2025,Semaine #2 du 10 nov 2025 au 16 nov 2025,1,2,Novembre,2026,10 novembre 2025
2025-11-14,2025,11,Novembre,vendredi,2026 fiscale,Trimestre 1,2,Semaine #2 du 10 novembre 2025 au 16 novembre 2025,Semaine #2 du 10 nov 2025 au 16 nov 2025,1,2,Novembre,2026,10 novembre 2025
2025-11-15,2025,11,Novembre,samedi,2026 fiscale,Trimestre 1,2,Semaine #2 du 10 novembre 2025 au 16 novembre 2025,Semaine #2 du 10 nov 2025 au 16 nov 2025,1,2,Novembre,2026,10 novembre 2025
2025-11-16,2025,11,Novembre,dimanche,2026 fiscale,Trimestre 1,2,Semaine #2 du 10 novembre 2025 au 16 novembre 2025,Semaine #2 du 10 nov 2025 au 16 nov 2025,1,2,Novembre,2026,10 novembre 2025
2025-11-17,2025,11,Novembre,lundi,2026 fiscale,Trimestre 1,3,Semaine #3 du 17 novembre 2025 au 23 novembre 2025,Semaine #3 du 17 nov 2025 au 23 nov 2025,1,3,Novembre,2026,17 novembre 2025
2025-11-18,2025,11,Novembre,mardi,2026 fiscale,Trimestre 1,3,Semaine #3 du 17 novembre 2025 au 23 novembre 2025,Semaine #3 du 17 nov 2025 au 23 nov 2025,1,3,Novembre,2026,17 novembre 2025
2025-11-19,2025,11,Novembre,mercredi,2026 fiscale,Trimestre 1,3,Semaine #3 du 17 novembre 2025 au 23 novembre 2025,Semaine #3 du 17 nov 2025 au 23 nov 2025,1,3,Novembre,2026,17 novembre 2025
2025-11-20,2025,11,Novembre,jeudi,2026 fiscale,Trimestre 1,3,Semaine #3 du 17 novembre 2025 au 23 novembre 2025,Semaine #3 du 17 nov 2025 au 23 nov 2025,1,3,Novembre,2026,17 novembre 2025
2025-11-21,2025,11,Novembre,vendredi,2026 fiscale,Trimestre 1,3,Semaine #3 du 17 novembre 2025 au 23 novembre 2025,Semaine #3 du 17 nov 2025 au 23 nov 2025,1,3,Novembre,2026,17 novembre 2025
2025-11-22,2025,11,Novembre,samedi,2026 fiscale,Trimestre 1,3,Semaine #3 du 17 novembre 2025 au 23 novembre 2025,Semaine #3 du 17 nov 2025 au 23 nov 2025,1,3,Novembre,2026,17 novembre 2025
2025-11-23,2025,11,Novembre,dimanche,2026 fiscale,Trimestre 1,3,Semaine #3 du 17 novembre 2025 au 23 novembre 2025,Semaine #3 du 17 nov 2025 au 23 nov 2025,1,3,Novembre,2026,17 novembre 2025
2025-11-24,2025,11,Novembre,lundi,2026 fiscale,Trimestre 1,4,Semaine #4 du 24 novembre 2025 au 30 novembre 2025,Semaine #4 du 24 nov 2025 au 30 nov 2025,1,4,Novembre,2026,24 novembre 2025
2025-11-25,2025,11,Novembre,mardi,2026 fiscale,Trimestre 1,4,Semaine #4 du 24 novembre 2025 au 30 novembre 2025,Semaine #4 du 24 nov 2025 au 30 nov 2025,1,4,Novembre,2026,24 novembre 2025
2025-11-26,2025,11,Novembre,mercredi,2026 fiscale,Trimestre 1,4,Semaine #4 du 24 novembre 2025 au 30 novembre 2025,Semaine #4 du 24 nov 2025 au 30 nov 2025,1,4,Novembre,2026,24 novembre 2025
2025-11-27,2025,11,Novembre,jeudi,2026 fiscale,Trimestre 1,4,Semaine #4 du 24 novembre 2025 au 30 novembre 2025,Semaine #4 du 24 nov 2025 au 30 nov 2025,1,4,Novembre,2026,24 novembre 2025
2025-11-28,2025,11,Novembre,vendredi,2026 fiscale,Trimestre 1,4,Semaine #4 du 24 novembre 2025 au 30 novembre 2025,Semaine #4 du 24 nov 2025 au 30 nov 2025,1,4,Novembre,2026,24 novembre 2025
2025-11-29,2025,11,Novembre,samedi,2026 fiscale,Trimestre 1,4,Semaine #4 du 24 novembre 2025 au 30 novembre 2025,Semaine #4 du 24 nov 2025 au 30 nov 2025,1,4,Novembre,2026,24 novembre 2025
2025-11-30,2025,11,Novembre,dimanche,2026 fiscale,Trimestre 1,4,Semaine #4 du 24 novembre 2025 au 30 novembre 2025,Semaine #4 du 24 nov 2025 au 30 nov 2025,1,4,Novembre,2026,24 novembre 2025
2025-12-01,2025,12,Décembre,lundi,2026 fiscale,Trimestre 1,5,Semaine #5 du 1 décembre 2025 au 7 décembre 2025,Semaine #5 du 1 déc 2025 au 7 déc 2025,2,5,Décembre,2026,1 décembre 2025
2025-12-02,2025,12,Décembre,mardi,2026 fiscale,Trimestre 1,5,Semaine #5 du 1 décembre 2025 au 7 décembre 2025,Semaine #5 du 1 déc 2025 au 7 déc 2025,2,5,Décembre,2026,1 décembre 2025
2025-12-03,2025,12,Décembre,mercredi,2026 fiscale,Trimestre 1,5,Semaine #5 du 1 décembre 2025 au 7 décembre 2025,Semaine #5 du 1 déc 2025 au 7 déc 2025,2,5,Décembre,2026,1 décembre 2025
2025-12-04,2025,12,Décembre,jeudi,2026 fiscale,Trimestre 1,5,Semaine #5 du 1 décembre 2025 au 7 décembre 2025,Semaine #5 du 1 déc 2025 au 7 déc 2025,2,5,Décembre,2026,1 décembre 2025
2025-12-05,2025,12,Décembre,vendredi,2026 fiscale,Trimestre 1,5,Semaine #5 du 1 décembre 2025 au 7 décembre 2025,Semaine #5 du 1 déc 2025 au 7 déc 2025,2,5,Décembre,2026,1 décembre 2025
2025-12-06,2025,12,Décembre,samedi,2026 fiscale,Trimestre 1,5,Semaine #5 du 1 décembre 2025 au 7 décembre 2025,Semaine #5 du 1 déc 2025 au 7 déc 2025,2,5,Décembre,2026,1 décembre 2025
2025-12-07,2025,12,Décembre,dimanche,2026 fiscale,Trimestre 1,5,Semaine #5 du 1 décembre 2025 au 7 décembre 2025,Semaine #5 du 1 déc 2025 au 7 déc 2025,2,5,Décembre,2026,1 décembre 2025
2025-12-08,2025,12,Décembre,lundi,2026 fiscale,Trimestre 1,6,Semaine #6 du 8 décembre 2025 au 14 décembre 2025,Semaine #6 du 8 déc 2025 au 14 déc 2025,2,6,Décembre,2026,8 décembre 2025
2025-12-09,2025,12,Décembre,mardi,2026 fiscale,Trimestre 1,6,Semaine #6 du 8 décembre 2025 au 14 décembre 2025,Semaine #6 du 8 déc 2025 au 14 déc 2025,2,6,Décembre,2026,8 décembre 2025
2025-12-10,2025,12,Décembre,mercredi,2026 fiscale,Trimestre 1,6,Semaine #6 du 8 décembre 2025 au 14 décembre 2025,Semaine #6 du 8 déc 2025 au 14 déc 2025,2,6,Décembre,2026,8 décembre 2025
2025-12-11,2025,12,Décembre,jeudi,2026 fiscale,Trimestre 1,6,Semaine #6 du 8 décembre 2025 au 14 décembre 2025,Semaine #6 du 8 déc 2025 au 14 déc 2025,2,6,Décembre,2026,8 décembre 2025
2025-12-12,2025,12,Décembre,vendredi,2026 fiscale,Trimestre 1,6,Semaine #6 du 8 décembre 2025 au 14 décembre 2025,Semaine #6 du 8 déc 2025 au 14 déc 2025,2,6,Décembre,2026,8 décembre 2025
2025-12-13,2025,12,Décembre,samedi,2026 fiscale,Trimestre 1,6,Semaine #6 du 8 décembre 2025 au 14 décembre 2025,Semaine #6 du 8 déc 2025 au 14 déc 2025,2,6,Décembre,2026,8 décembre 2025
2025-12-14,2025,12,Décembre,dimanche,2026 fiscale,Trimestre 1,6,Semaine #6 du 8 décembre 2025 au 14 décembre 2025,Semaine #6 du 8 déc 2025 au 14 déc 2025,2,6,Décembre,2026,8 décembre 2025
2025-12-15,2025,12,Décembre,lundi,2026 fiscale,Trimestre 1,7,Semaine #7 du 15 décembre 2025 au 21 décembre 2025,Semaine #7 du 15 déc 2025 au 21 déc 2025,2,7,Décembre,2026,15 décembre 2025
2025-12-16,2025,12,Décembre,mardi,2026 fiscale,Trimestre 1,7,Semaine #7 du 15 décembre 2025 au 21 décembre 2025,Semaine #7 du 15 déc 2025 au 21 déc 2025,2,7,Décembre,2026,15 décembre 2025
2025-12-17,2025,12,Décembre,mercredi,2026 fiscale,Trimestre 1,7,Semaine #7 du 15 décembre 2025 au 21 décembre 2025,Semaine #7 du 15 déc 2025 au 21 déc 2025,2,7,Décembre,2026,15 décembre 2025
2025-12-18,2025,12,Décembre,jeudi,2026 fiscale,Trimestre 1,7,Semaine #7 du 15 décembre 2025 au 21 décembre 2025,Semaine #7 du 15 déc 2025 au 21 déc 2025,2,7,Décembre,2026,15 décembre 2025
2025-12-19,2025,12,Décembre,vendredi,2026 fiscale,Trimestre 1,7,Semaine #7 du 15 décembre 2025 au 21 décembre 2025,Semaine #7 du 15 déc 2025 au 21 déc 2025,2,7,Décembre,2026,15 décembre 2025
2025-12-20,2025,12,Décembre,samedi,2026 fiscale,Trimestre 1,7,Semaine #7 du 15 décembre 2025 au 21 décembre 2025,Semaine #7 du 15 déc 2025 au 21 déc 2025,2,7,Décembre,2026,15 décembre 2025
2025-12-21,2025,12,Décembre,dimanche,2026 fiscale,Trimestre 1,7,Semaine #7 du 15 décembre 2025 au 21 décembre 2025,Semaine #7 du 15 déc 2025 au 21 déc 2025,2,7,Décembre,2026,15 décembre 2025
2025-12-22,2025,12,Décembre,lundi,2026 fiscale,Trimestre 1,8,Semaine #8 du 22 décembre 2025 au 28 décembre 2025,Semaine #8 du 22 déc 2025 au 28 déc 2025,2,8,Décembre,2026,22 décembre 2025
2025-12-23,2025,12,Décembre,mardi,2026 fiscale,Trimestre 1,8,Semaine #8 du 22 décembre 2025 au 28 décembre 2025,Semaine #8 du 22 déc 2025 au 28 déc 2025,2,8,Décembre,2026,22 décembre 2025
2025-12-24,2025,12,Décembre,mercredi,2026 fiscale,Trimestre 1,8,Semaine #8 du 22 décembre 2025 au 28 décembre 2025,Semaine #8 du 22 déc 2025 au 28 déc 2025,2,8,Décembre,2026,22 décembre 2025
2025-12-25,2025,12,Décembre,jeudi,2026 fiscale,Trimestre 1,8,Semaine #8 du 22 décembre 2025 au 28 décembre 2025,Semaine #8 du 22 déc 2025 au 28 déc 2025,2,8,Décembre,2026,22 décembre 2025
2025-12-26,2025,12,Décembre,vendredi,2026 fiscale,Trimestre 1,8,Semaine #8 du 22 décembre 2025 au 28 décembre 2025,Semaine #8 du 22 déc 2025 au 28 déc 2025,2,8,Décembre,2026,22 décembre 2025
2025-12-27,2025,12,Décembre,samedi,2026 fiscale,Trimestre 1,8,Semaine #8 du 22 décembre 2025 au 28 décembre 2025,Semaine #8 du 22 déc 2025 au 28 déc 2025,2,8,Décembre,2026,22 décembre 2025
2025-12-28,2025,12,Décembre,dimanche,2026 fiscale,Trimestre 1,8,Semaine #8 du 22 décembre 2025 au 28 décembre 2025,Semaine #8 du 22 déc 2025 au 28 déc 2025,2,8,Décembre,2026,22 décembre 2025
2025-12-29,2025,12,Décembre,lundi,2026 fiscale,Trimestre 1,9,Semaine #9 du 29 décembre 2025 au 4 janvier 2026,Semaine #9 du 29 déc 2025 au 4 jan 2026,2,9,Décembre,2026,29 décembre 2025
2025-12-30,2025,12,Décembre,mardi,2026 fiscale,Trimestre 1,9,Semaine #9 du 29 décembre 2025 au 4 janvier 2026,Semaine #9 du 29 déc 2025 au 4 jan 2026,2,9,Décembre,2026,29 décembre 2025
2025-12-31,2025,12,Décembre,mercredi,2026 fiscale,Trimestre 1,9,Semaine #9 du 29 décembre 2025 au 4 janvier 2026,Semaine #9 du 29 déc 2025 au 4 jan 2026,2,9,Décembre,2026,29 décembre 2025
2026-01-01,2026,1,Janvier,jeudi,2026 fiscale,Trimestre 1,9,Semaine #9 du 29 décembre 2025 au 4 janvier 2026,Semaine #9 du 29 déc 2025 au 4 jan 2026,3,9,Janvier,2026,29 décembre 2025
2026-01-02,2026,1,Janvier,vendredi,2026 fiscale,Trimestre 1,9,Semaine #9 du 29 décembre 2025 au 4 janvier 2026,Semaine #9 du 29 déc 2025 au 4 jan 2026,3,9,Janvier,2026,29 décembre 2025
2026-01-03,2026,1,Janvier,samedi,2026 fiscale,Trimestre 1,9,Semaine #9 du 29 décembre 2025 au 4 janvier 2026,Semaine #9 du 29 déc 2025 au 4 jan 2026,3,9,Janvier,2026,29 décembre 2025
2026-01-04,2026,1,Janvier,dimanche,2026 fiscale,Trimestre 1,9,Semaine #9 du 29 décembre 2025 au 4 janvier 2026,Semaine #9 du 29 déc 2025 au 4 jan 2026,3,9,Janvier,2026,29 décembre 2025
2026-01-05,2026,1,Janvier,lundi,2026 fiscale,Trimestre 1,10,Semaine #10 du 5 janvier 2026 au 11 janvier 2026,Semaine #10 du 5 jan 2026 au 11 jan 2026,3,10,Janvier,2026,5 janvier 2026
2026-01-06,2026,1,Janvier,mardi,2026 fiscale,Trimestre 1,10,Semaine #10 du 5 janvier 2026 au 11 janvier 2026,Semaine #10 du 5 jan 2026 au 11 jan 2026,3,10,Janvier,2026,5 janvier 2026
2026-01-07,2026,1,Janvier,mercredi,2026 fiscale,Trimestre 1,10,Semaine #10 du 5 janvier 2026 au 11 janvier 2026,Semaine #10 du 5 jan 2026 au 11 jan 2026,3,10,Janvier,2026,5 janvier 2026
2026-01-08,2026,1,Janvier,jeudi,2026 fiscale,Trimestre 1,10,Semaine #10 du 5 janvier 2026 au 11 janvier 2026,Semaine #10 du 5 jan 2026 au 11 jan 2026,3,10,Janvier,2026,5 janvier 2026
2026-01-09,2026,1,Janvier,vendredi,2026 fiscale,Trimestre 1,10,Semaine #10 du 5 janvier 2026 au 11 janvier 2026,Semaine #10 du 5 jan 2026 au 11 jan 2026,3,10,Janvier,2026,5 janvier 2026
2026-01-10,2026,1,Janvier,samedi,2026 fiscale,Trimestre 1,10,Semaine #10 du 5 janvier 2026 au 11 janvier 2026,Semaine #10 du 5 jan 2026 au 11 jan 2026,3,10,Janvier,2026,5 janvier 2026
2026-01-11,2026,1,Janvier,dimanche,2026 fiscale,Trimestre 1,10,Semaine #10 du 5 janvier 2026 au 11 janvier 2026,Semaine #10 du 5 jan 2026 au 11 jan 2026,3,10,Janvier,2026,5 janvier 2026
2026-01-12,2026,1,Janvier,lundi,2026 fiscale,Trimestre 1,11,Semaine #11 du 12 janvier 2026 au 18 janvier 2026,Semaine #11 du 12 jan 2026 au 18 jan 2026,3,11,Janvier,2026,12 janvier 2026
2026-01-13,2026,1,Janvier,mardi,2026 fiscale,Trimestre 1,11,Semaine #11 du 12 janvier 2026 au 18 janvier 2026,Semaine #11 du 12 jan 2026 au 18 jan 2026,3,11,Janvier,2026,12 janvier 2026
2026-01-14,2026,1,Janvier,mercredi,2026 fiscale,Trimestre 1,11,Semaine #11 du 12 janvier 2026 au 18 janvier 2026,Semaine #11 du 12 jan 2026 au 18 jan 2026,3,11,Janvier,2026,12 janvier 2026
2026-01-15,2026,1,Janvier,jeudi,2026 fiscale,Trimestre 1,11,Semaine #11 du 12 janvier 2026 au 18 janvier 2026,Semaine #11 du 12 jan 2026 au 18 jan 2026,3,11,Janvier,2026,12 janvier 2026
2026-01-16,2026,1,Janvier,vendredi,2026 fiscale,Trimestre 1,11,Semaine #11 du 12 janvier 2026 au 18 janvier 2026,Semaine #11 du 12 jan 2026 au 18 jan 2026,3,11,Janvier,2026,12 janvier 2026
2026-01-17,2026,1,Janvier,samedi,2026 fiscale,Trimestre 1,11,Semaine #11 du 12 janvier 2026 au 18 janvier 2026,Semaine #11 du 12 jan 2026 au 18 jan 2026,3,11,Janvier,2026,12 janvier 2026
2026-01-18,2026,1,Janvier,dimanche,2026 fiscale,Trimestre 1,11,Semaine #11 du 12 janvier 2026 au 18 janvier 2026,Semaine #11 du 12 jan 2026 au 18 jan 2026,3,11,Janvier,2026,12 janvier 2026
2026-01-19,2026,1,Janvier,lundi,2026 fiscale,Trimestre 1,12,Semaine #12 du 19 janvier 2026 au 25 janvier 2026,Semaine #12 du 19 jan 2026 au 25 jan 2026,3,12,Janvier,2026,19 janvier 2026
2026-01-20,2026,1,Janvier,mardi,2026 fiscale,Trimestre 1,12,Semaine #12 du 19 janvier 2026 au 25 janvier 2026,Semaine #12 du 19 jan 2026 au 25 jan 2026,3,12,Janvier,2026,19 janvier 2026
2026-01-21,2026,1,Janvier,mercredi,2026 fiscale,Trimestre 1,12,Semaine #12 du 19 janvier 2026 au 25 janvier 2026,Semaine #12 du 19 jan 2026 au 25 jan 2026,3,12,Janvier,2026,19 janvier 2026
2026-01-22,2026,1,Janvier,jeudi,2026 fiscale,Trimestre 1,12,Semaine #12 du 19 janvier 2026 au 25 janvier 2026,Semaine #12 du 19 jan 2026 au 25 jan 2026,3,12,Janvier,2026,19 janvier 2026
2026-01-23,2026,1,Janvier,vendredi,2026 fiscale,Trimestre 1,12,Semaine #12 du 19 janvier 2026 au 25 janvier 2026,Semaine #12 du 19 jan 2026 au 25 jan 2026,3,12,Janvier,2026,19 janvier 2026
2026-01-24,2026,1,Janvier,samedi,2026 fiscale,Trimestre 1,12,Semaine #12 du 19 janvier 2026 au 25 janvier 2026,Semaine #12 du 19 jan 2026 au 25 jan 2026,3,12,Janvier,2026,19 janvier 2026
2026-01-25,2026,1,Janvier,dimanche,2026 fiscale,Trimestre 1,12,Semaine #12 du 19 janvier 2026 au 25 janvier 2026,Semaine #12 du 19 jan 2026 au 25 jan 2026,3,12,Janvier,2026,19 janvier 2026
2026-01-26,2026,1,Janvier,lundi,2026 fiscale,Trimestre 1,13,Semaine #13 du 26 janvier 2026 au 1 février 2026,Semaine #13 du 26 jan 2026 au 1 fév 2026,3,13,Janvier,2026,26 janvier 2026
2026-01-27,2026,1,Janvier,mardi,2026 fiscale,Trimestre 1,13,Semaine #13 du 26 janvier 2026 au 1 février 2026,Semaine #13 du 26 jan 2026 au 1 fév 2026,3,13,Janvier,2026,26 janvier 2026
2026-01-28,2026,1,Janvier,mercredi,2026 fiscale,Trimestre 1,13,Semaine #13 du 26 janvier 2026 au 1 février 2026,Semaine #13 du 26 jan 2026 au 1 fév 2026,3,13,Janvier,2026,26 janvier 2026
2026-01-29,2026,1,Janvier,jeudi,2026 fiscale,Trimestre 1,13,Semaine #13 du 26 janvier 2026 au 1 février 2026,Semaine #13 du 26 jan 2026 au 1 fév 2026,3,13,Janvier,2026,26 janvier 2026
2026-01-30,2026,1,Janvier,vendredi,2026 fiscale,Trimestre 1,13,Semaine #13 du 26 janvier 2026 au 1 février 2026,Semaine #13 du 26 jan 2026 au 1 fév 2026,3,13,Janvier,2026,26 janvier 2026
2026-01-31,2026,1,Janvier,samedi,2026 fiscale,Trimestre 1,13,Semaine #13 du 26 janvier 2026 au 1 février 2026,Semaine #13 du 26 jan 2026 au 1 fév 2026,3,13,Janvier,2026,26 janvier 2026
2026-02-01,2026,2,Février,dimanche,2026 fiscale,Trimestre 2,13,Semaine #13 du 26 janvier 2026 au 1 février 2026,Semaine #13 du 26 jan 2026 au 1 fév 2026,4,13,Février,2026,26 janvier 2026
2026-02-02,2026,2,Février,lundi,2026 fiscale,Trimestre 2,14,Semaine #14 du 2 février 2026 au 8 février 2026,Semaine #14 du 2 fév 2026 au 8 fév 2026,4,14,Février,2026,2 février 2026
2026-02-03,2026,2,Février,mardi,2026 fiscale,Trimestre 2,14,Semaine #14 du 2 février 2026 au 8 février 2026,Semaine #14 du 2 fév 2026 au 8 fév 2026,4,14,Février,2026,2 février 2026
2026-02-04,2026,2,Février,mercredi,2026 fiscale,Trimestre 2,14,Semaine #14 du 2 février 2026 au 8 février 2026,Semaine #14 du 2 fév 2026 au 8 fév 2026,4,14,Février,2026,2 février 2026
2026-02-05,2026,2,Février,jeudi,2026 fiscale,Trimestre 2,14,Semaine #14 du 2 février 2026 au 8 février 2026,Semaine #14 du 2 fév 2026 au 8 fév 2026,4,14,Février,2026,2 février 2026
2026-02-06,2026,2,Février,vendredi,2026 fiscale,Trimestre 2,14,Semaine #14 du 2 février 2026 au 8 février 2026,Semaine #14 du 2 fév 2026 au 8 fév 2026,4,14,Février,2026,2 février 2026
2026-02-07,2026,2,Février,samedi,2026 fiscale,Trimestre 2,14,Semaine #14 du 2 février 2026 au 8 février 2026,Semaine #14 du 2 fév 2026 au 8 fév 2026,4,14,Février,2026,2 février 2026
2026-02-08,2026,2,Février,dimanche,2026 fiscale,Trimestre 2,14,Semaine #14 du 2 février 2026 au 8 février 2026,Semaine #14 du 2 fév 2026 au 8 fév 2026,4,14,Février,2026,2 février 2026
2026-02-09,2026,2,Février,lundi,2026 fiscale,Trimestre 2,15,Semaine #15 du 9 février 2026 au 15 février 2026,Semaine #15 du 9 fév 2026 au 15 fév 2026,4,15,Février,2026,9 février 2026
2026-02-10,2026,2,Février,mardi,2026 fiscale,Trimestre 2,15,Semaine #15 du 9 février 2026 au 15 février 2026,Semaine #15 du 9 fév 2026 au 15 fév 2026,4,15,Février,2026,9 février 2026
2026-02-11,2026,2,Février,mercredi,2026 fiscale,Trimestre 2,15,Semaine #15 du 9 février 2026 au 15 février 2026,Semaine #15 du 9 fév 2026 au 15 fév 2026,4,15,Février,2026,9 février 2026
2026-02-12,2026,2,Février,jeudi,2026 fiscale,Trimestre 2,15,Semaine #15 du 9 février 2026 au 15 février 2026,Semaine #15 du 9 fév 2026 au 15 fév 2026,4,15,Février,2026,9 février 2026
2026-02-13,2026,2,Février,vendredi,2026 fiscale,Trimestre 2,15,Semaine #15 du 9 février 2026 au 15 février 2026,Semaine #15 du 9 fév 2026 au 15 fév 2026,4,15,Février,2026,9 février 2026
2026-02-14,2026,2,Février,samedi,2026 fiscale,Trimestre 2,15,Semaine #15 du 9 février 2026 au 15 février 2026,Semaine #15 du 9 fév 2026 au 15 fév 2026,4,15,Février,2026,9 février 2026
2026-02-15,2026,2,Février,dimanche,2026 fiscale,Trimestre 2,15,Semaine #15 du 9 février 2026 au 15 février 2026,Semaine #15 du 9 fév 2026 au 15 fév 2026,4,15,Février,2026,9 février 2026
2026-02-16,2026,2,Février,lundi,2026 fiscale,Trimestre 2,16,Semaine #16 du 16 février 2026 au 22 février 2026,Semaine #16 du 16 fév 2026 au 22 fév 2026,4,16,Février,2026,16 février 2026
2026-02-17,2026,2,Février,mardi,2026 fiscale,Trimestre 2,16,Semaine #16 du 16 février 2026 au 22 février 2026,Semaine #16 du 16 fév 2026 au 22 fév 2026,4,16,Février,2026,16 février 2026
2026-02-18,2026,2,Février,mercredi,2026 fiscale,Trimestre 2,16,Semaine #16 du 16 février 2026 au 22 février 2026,Semaine #16 du 16 fév 2026 au 22 fév 2026,4,16,Février,2026,16 février 2026
2026-02-19,2026,2,Février,jeudi,2026 fiscale,Trimestre 2,16,Semaine #16 du 16 février 2026 au 22 février 2026,Semaine #16 du 16 fév 2026 au 22 fév 2026,4,16,Février,2026,16 février 2026
2026-02-20,2026,2,Février,vendredi,2026 fiscale,Trimestre 2,16,Semaine #16 du 16 février 2026 au 22 février 2026,Semaine #16 du 16 fév 2026 au 22 fév 2026,4,16,Février,2026,16 février 2026
2026-02-21,2026,2,Février,samedi,2026 fiscale,Trimestre 2,16,Semaine #16 du 16 février 2026 au 22 février 2026,Semaine #16 du 16 fév 2026 au 22 fév 2026,4,16,Février,2026,16 février 2026
2026-02-22,2026,2,Février,dimanche,2026 fiscale,Trimestre 2,16,Semaine #16 du 16 février 2026 au 22 février 2026,Semaine #16 du 16 fév 2026 au 22 fév 2026,4,16,Février,2026,16 février 2026
2026-02-23,2026,2,Février,lundi,2026 fiscale,Trimestre 2,17,Semaine #17 du 23 février 2026 au 1 mars 2026,Semaine #17 du 23 fév 2026 au 1 mars 2026,4,17,Février,2026,23 février 2026
2026-02-24,2026,2,Février,mardi,2026 fiscale,Trimestre 2,17,Semaine #17 du 23 février 2026 au 1 mars 2026,Semaine #17 du 23 fév 2026 au 1 mars 2026,4,17,Février,2026,23 février 2026
2026-02-25,2026,2,Février,mercredi,2026 fiscale,Trimestre 2,17,Semaine #17 du 23 février 2026 au 1 mars 2026,Semaine #17 du 23 fév 2026 au 1 mars 2026,4,17,Février,2026,23 février 2026
2026-02-26,2026,2,Février,jeudi,2026 fiscale,Trimestre 2,17,Semaine #17 du 23 février 2026 au 1 mars 2026,Semaine #17 du 23 fév 2026 au 1 mars 2026,4,17,Février,2026,23 février 2026
2026-02-27,2026,2,Février,vendredi,2026 fiscale,Trimestre 2,17,Semaine #17 du 23 février 2026 au 1 mars 2026,Semaine #17 du 23 fév 2026 au 1 mars 2026,4,17,Février,2026,23 février 2026
2026-02-28,2026,2,Février,samedi,2026 fiscale,Trimestre 2,17,Semaine #17 du 23 février 2026 au 1 mars 2026,Semaine #17 du 23 fév 2026 au 1 mars 2026,4,17,Février,2026,23 février 2026
2026-03-01,2026,3,Mars,dimanche,2026 fiscale,Trimestre 2,17,Semaine #17 du 23 février 2026 au 1 mars 2026,Semaine #17 du 23 fév 2026 au 1 mars 2026,5,17,Mars,2026,23 février 2026
2026-03-02,2026,3,Mars,lundi,2026 fiscale,Trimestre 2,18,Semaine #18 du 2 mars 2026 au 8 mars 2026,Semaine #18 du 2 mars 2026 au 8 mars 2026,5,18,Mars,2026,2 mars 2026
2026-03-03,2026,3,Mars,mardi,2026 fiscale,Trimestre 2,18,Semaine #18 du 2 mars 2026 au 8 mars 2026,Semaine #18 du 2 mars 2026 au 8 mars 2026,5,18,Mars,2026,2 mars 2026
2026-03-04,2026,3,Mars,mercredi,2026 fiscale,Trimestre 2,18,Semaine #18 du 2 mars 2026 au 8 mars 2026,Semaine #18 du 2 mars 2026 au 8 mars 2026,5,18,Mars,2026,2 mars 2026
2026-03-05,2026,3,Mars,jeudi,2026 fiscale,Trimestre 2,18,Semaine #18 du 2 mars 2026 au 8 mars 2026,Semaine #18 du 2 mars 2026 au 8 mars 2026,5,18,Mars,2026,2 mars 2026
2026-03-06,2026,3,Mars,vendredi,2026 fiscale,Trimestre 2,18,Semaine #18 du 2 mars 2026 au 8 mars 2026,Semaine #18 du 2 mars 2026 au 8 mars 2026,5,18,Mars,2026,2 mars 2026
2026-03-07,2026,3,Mars,samedi,2026 fiscale,Trimestre 2,18,Semaine #18 du 2 mars 2026 au 8 mars 2026,Semaine #18 du 2 mars 2026 au 8 mars 2026,5,18,Mars,2026,2 mars 2026
2026-03-08,2026,3,Mars,dimanche,2026 fiscale,Trimestre 2,18,Semaine #18 du 2 mars 2026 au 8 mars 2026,Semaine #18 du 2 mars 2026 au 8 mars 2026,5,18,Mars,2026,2 mars 2026
2026-03-09,2026,3,Mars,lundi,2026 fiscale,Trimestre 2,19,Semaine #19 du 9 mars 2026 au 15 mars 2026,Semaine #19 du 9 mars 2026 au 15 mars 2026,5,19,Mars,2026,9 mars 2026
2026-03-10,2026,3,Mars,mardi,2026 fiscale,Trimestre 2,19,Semaine #19 du 9 mars 2026 au 15 mars 2026,Semaine #19 du 9 mars 2026 au 15 mars 2026,5,19,Mars,2026,9 mars 2026
2026-03-11,2026,3,Mars,mercredi,2026 fiscale,Trimestre 2,19,Semaine #19 du 9 mars 2026 au 15 mars 2026,Semaine #19 du 9 mars 2026 au 15 mars 2026,5,19,Mars,2026,9 mars 2026
2026-03-12,2026,3,Mars,jeudi,2026 fiscale,Trimestre 2,19,Semaine #19 du 9 mars 2026 au 15 mars 2026,Semaine #19 du 9 mars 2026 au 15 mars 2026,5,19,Mars,2026,9 mars 2026
2026-03-13,2026,3,Mars,vendredi,2026 fiscale,Trimestre 2,19,Semaine #19 du 9 mars 2026 au 15 mars 2026,Semaine #19 du 9 mars 2026 au 15 mars 2026,5,19,Mars,2026,9 mars 2026
2026-03-14,2026,3,Mars,samedi,2026 fiscale,Trimestre 2,19,Semaine #19 du 9 mars 2026 au 15 mars 2026,Semaine #19 du 9 mars 2026 au 15 mars 2026,5,19,Mars,2026,9 mars 2026
2026-03-15,2026,3,Mars,dimanche,2026 fiscale,Trimestre 2,19,Semaine #19 du 9 mars 2026 au 15 mars 2026,Semaine #19 du 9 mars 2026 au 15 mars 2026,5,19,Mars,2026,9 mars 2026
2026-03-16,2026,3,Mars,lundi,2026 fiscale,Trimestre 2,20,Semaine #20 du 16 mars 2026 au 22 mars 2026,Semaine #20 du 16 mars 2026 au 22 mars 2026,5,20,Mars,2026,16 mars 2026
2026-03-17,2026,3,Mars,mardi,2026 fiscale,Trimestre 2,20,Semaine #20 du 16 mars 2026 au 22 mars 2026,Semaine #20 du 16 mars 2026 au 22 mars 2026,5,20,Mars,2026,16 mars 2026
2026-03-18,2026,3,Mars,mercredi,2026 fiscale,Trimestre 2,20,Semaine #20 du 16 mars 2026 au 22 mars 2026,Semaine #20 du 16 mars 2026 au 22 mars 2026,5,20,Mars,2026,16 mars 2026
2026-03-19,2026,3,Mars,jeudi,2026 fiscale,Trimestre 2,20,Semaine #20 du 16 mars 2026 au 22 mars 2026,Semaine #20 du 16 mars 2026 au 22 mars 2026,5,20,Mars,2026,16 mars 2026
2026-03-20,2026,3,Mars,vendredi,2026 fiscale,Trimestre 2,20,Semaine #20 du 16 mars 2026 au 22 mars 2026,Semaine #20 du 16 mars 2026 au 22 mars 2026,5,20,Mars,2026,16 mars 2026
2026-03-21,2026,3,Mars,samedi,2026 fiscale,Trimestre 2,20,Semaine #20 du 16 mars 2026 au 22 mars 2026,Semaine #20 du 16 mars 2026 au 22 mars 2026,5,20,Mars,2026,16 mars 2026
2026-03-22,2026,3,Mars,dimanche,2026 fiscale,Trimestre 2,20,Semaine #20 du 16 mars 2026 au 22 mars 2026,Semaine #20 du 16 mars 2026 au 22 mars 2026,5,20,Mars,2026,16 mars 2026
2026-03-23,2026,3,Mars,lundi,2026 fiscale,Trimestre 2,21,Semaine #21 du 23 mars 2026 au 29 mars 2026,Semaine #21 du 23 mars 2026 au 29 mars 2026,5,21,Mars,2026,23 mars 2026
2026-03-24,2026,3,Mars,mardi,2026 fiscale,Trimestre 2,21,Semaine #21 du 23 mars 2026 au 29 mars 2026,Semaine #21 du 23 mars 2026 au 29 mars 2026,5,21,Mars,2026,23 mars 2026
2026-03-25,2026,3,Mars,mercredi,2026 fiscale,Trimestre 2,21,Semaine #21 du 23 mars 2026 au 29 mars 2026,Semaine #21 du 23 mars 2026 au 29 mars 2026,5,21,Mars,2026,23 mars 2026
2026-03-26,2026,3,Mars,jeudi,2026 fiscale,Trimestre 2,21,Semaine #21 du 23 mars 2026 au 29 mars 2026,Semaine #21 du 23 mars 2026 au 29 mars 2026,5,21,Mars,2026,23 mars 2026
2026-03-27,2026,3,Mars,vendredi,2026 fiscale,Trimestre 2,21,Semaine #21 du 23 mars 2026 au 29 mars 2026,Semaine #21 du 23 mars 2026 au 29 mars 2026,5,21,Mars,2026,23 mars 2026
2026-03-28,2026,3,Mars,samedi,2026 fiscale,Trimestre 2,21,Semaine #21 du 23 mars 2026 au 29 mars 2026,Semaine #21 du 23 mars 2026 au 29 mars 2026,5,21,Mars,2026,23 mars 2026
2026-03-29,2026,3,Mars,dimanche,2026 fiscale,Trimestre 2,21,Semaine #21 du 23 mars 2026 au 29 mars 2026,Semaine #21 du 23 mars 2026 au 29 mars 2026,5,21,Mars,2026,23 mars 2026
2026-03-30,2026,3,Mars,lundi,2026 fiscale,Trimestre 2,22,Semaine #22 du 30 mars 2026 au 5 avril 2026,Semaine #22 du 30 mars 2026 au 5 avril 2026,5,22,Mars,2026,30 mars 2026
2026-03-31,2026,3,Mars,mardi,2026 fiscale,Trimestre 2,22,Semaine #22 du 30 mars 2026 au 5 avril 2026,Semaine #22 du 30 mars 2026 au 5 avril 2026,5,22,Mars,2026,30 mars 2026
2026-04-01,2026,4,Avril,mercredi,2026 fiscale,Trimestre 2,22,Semaine #22 du 30 mars 2026 au 5 avril 2026,Semaine #22 du 30 mars 2026 au 5 avril 2026,6,22,Avril,2026,30 mars 2026
2026-04-02,2026,4,Avril,jeudi,2026 fiscale,Trimestre 2,22,Semaine #22 du 30 mars 2026 au 5 avril 2026,Semaine #22 du 30 mars 2026 au 5 avril 2026,6,22,Avril,2026,30 mars 2026
2026-04-03,2026,4,Avril,vendredi,2026 fiscale,Trimestre 2,22,Semaine #22 du 30 mars 2026 au 5 avril 2026,Semaine #22 du 30 mars 2026 au 5 avril 2026,6,22,Avril,2026,30 mars 2026
2026-04-04,2026,4,Avril,samedi,2026 fiscale,Trimestre 2,22,Semaine #22 du 30 mars 2026 au 5 avril 2026,Semaine #22 du 30 mars 2026 au 5 avril 2026,6,22,Avril,2026,30 mars 2026
2026-04-05,2026,4,Avril,dimanche,2026 fiscale,Trimestre 2,22,Semaine #22 du 30 mars 2026 au 5 avril 2026,Semaine #22 du 30 mars 2026 au 5 avril 2026,6,22,Avril,2026,30 mars 2026
2026-04-06,2026,4,Avril,lundi,2026 fiscale,Trimestre 2,23,Semaine #23 du 6 avril 2026 au 12 avril 2026,Semaine #23 du 6 avril 2026 au 12 avril 2026,6,23,Avril,2026,6 avril 2026
2026-04-07,2026,4,Avril,mardi,2026 fiscale,Trimestre 2,23,Semaine #23 du 6 avril 2026 au 12 avril 2026,Semaine #23 du 6 avril 2026 au 12 avril 2026,6,23,Avril,2026,6 avril 2026
2026-04-08,2026,4,Avril,mercredi,2026 fiscale,Trimestre 2,23,Semaine #23 du 6 avril 2026 au 12 avril 2026,Semaine #23 du 6 avril 2026 au 12 avril 2026,6,23,Avril,2026,6 avril 2026
2026-04-09,2026,4,Avril,jeudi,2026 fiscale,Trimestre 2,23,Semaine #23 du 6 avril 2026 au 12 avril 2026,Semaine #23 du 6 avril 2026 au 12 avril 2026,6,23,Avril,2026,6 avril 2026
2026-04-10,2026,4,Avril,vendredi,2026 fiscale,Trimestre 2,23,Semaine #23 du 6 avril 2026 au 12 avril 2026,Semaine #23 du 6 avril 2026 au 12 avril 2026,6,23,Avril,2026,6 avril 2026
2026-04-11,2026,4,Avril,samedi,2026 fiscale,Trimestre 2,23,Semaine #23 du 6 avril 2026 au 12 avril 2026,Semaine #23 du 6 avril 2026 au 12 avril 2026,6,23,Avril,2026,6 avril 2026
2026-04-12,2026,4,Avril,dimanche,2026 fiscale,Trimestre 2,23,Semaine #23 du 6 avril 2026 au 12 avril 2026,Semaine #23 du 6 avril 2026 au 12 avril 2026,6,23,Avril,2026,6 avril 2026
2026-04-13,2026,4,Avril,lundi,2026 fiscale,Trimestre 2,24,Semaine #24 du 13 avril 2026 au 19 avril 2026,Semaine #24 du 13 avril 2026 au 19 avril 2026,6,24,Avril,2026,13 avril 2026
2026-04-14,2026,4,Avril,mardi,2026 fiscale,Trimestre 2,24,Semaine #24 du 13 avril 2026 au 19 avril 2026,Semaine #24 du 13 avril 2026 au 19 avril 2026,6,24,Avril,2026,13 avril 2026
2026-04-15,2026,4,Avril,mercredi,2026 fiscale,Trimestre 2,24,Semaine #24 du 13 avril 2026 au 19 avril 2026,Semaine #24 du 13 avril 2026 au 19 avril 2026,6,24,Avril,2026,13 avril 2026
2026-04-16,2026,4,Avril,jeudi,2026 fiscale,Trimestre 2,24,Semaine #24 du 13 avril 2026 au 19 avril 2026,Semaine #24 du 13 avril 2026 au 19 avril 2026,6,24,Avril,2026,13 avril 2026
2026-04-17,2026,4,Avril,vendredi,2026 fiscale,Trimestre 2,24,Semaine #24 du 13 avril 2026 au 19 avril 2026,Semaine #24 du 13 avril 2026 au 19 avril 2026,6,24,Avril,2026,13 avril 2026
2026-04-18,2026,4,Avril,samedi,2026 fiscale,Trimestre 2,24,Semaine #24 du 13 avril 2026 au 19 avril 2026,Semaine #24 du 13 avril 2026 au 19 avril 2026,6,24,Avril,2026,13 avril 2026
2026-04-19,2026,4,Avril,dimanche,2026 fiscale,Trimestre 2,24,Semaine #24 du 13 avril 2026 au 19 avril 2026,Semaine #24 du 13 avril 2026 au 19 avril 2026,6,24,Avril,2026,13 avril 2026
2026-04-20,2026,4,Avril,lundi,2026 fiscale,Trimestre 2,25,Semaine #25 du 20 avril 2026 au 26 avril 2026,Semaine #25 du 20 avril 2026 au 26 avril 2026,6,25,Avril,2026,20 avril 2026
2026-04-21,2026,4,Avril,mardi,2026 fiscale,Trimestre 2,25,Semaine #25 du 20 avril 2026 au 26 avril 2026,Semaine #25 du 20 avril 2026 au 26 avril 2026,6,25,Avril,2026,20 avril 2026
2026-04-22,2026,4,Avril,mercredi,2026 fiscale,Trimestre 2,25,Semaine #25 du 20 avril 2026 au 26 avril 2026,Semaine #25 du 20 avril 2026 au 26 avril 2026,6,25,Avril,2026,20 avril 2026
2026-04-23,2026,4,Avril,jeudi,2026 fiscale,Trimestre 2,25,Semaine #25 du 20 avril 2026 au 26 avril 2026,Semaine #25 du 20 avril 2026 au 26 avril 2026,6,25,Avril,2026,20 avril 2026
2026-04-24,2026,4,Avril,vendredi,2026 fiscale,Trimestre 2,25,Semaine #25 du 20 avril 2026 au 26 avril 2026,Semaine #25 du 20 avril 2026 au 26 avril 2026,6,25,Avril,2026,20 avril 2026
2026-04-25,2026,4,Avril,samedi,2026 fiscale,Trimestre 2,25,Semaine #25 du 20 avril 2026 au 26 avril 2026,Semaine #25 du 20 avril 2026 au 26 avril 2026,6,25,Avril,2026,20 avril 2026
2026-04-26,2026,4,Avril,dimanche,2026 fiscale,Trimestre 2,25,Semaine #25 du 20 avril 2026 au 26 avril 2026,Semaine #25 du 20 avril 2026 au 26 avril 2026,6,25,Avril,2026,20 avril 2026
2026-04-27,2026,4,Avril,lundi,2026 fiscale,Trimestre 2,26,Semaine #26 du 27 avril 2026 au 3 mai 2026,Semaine #26 du 27 avril 2026 au 3 mai 2026,6,26,Avril,2026,27 avril 2026
2026-04-28,2026,4,Avril,mardi,2026 fiscale,Trimestre 2,26,Semaine #26 du 27 avril 2026 au 3 mai 2026,Semaine #26 du 27 avril 2026 au 3 mai 2026,6,26,Avril,2026,27 avril 2026
2026-04-29,2026,4,Avril,mercredi,2026 fiscale,Trimestre 2,26,Semaine #26 du 27 avril 2026 au 3 mai 2026,Semaine #26 du 27 avril 2026 au 3 mai 2026,6,26,Avril,2026,27 avril 2026
2026-04-30,2026,4,Avril,jeudi,2026 fiscale,Trimestre 2,26,Semaine #26 du 27 avril 2026 au 3 mai 2026,Semaine #26 du 27 avril 2026 au 3 mai 2026,6,26,Avril,2026,27 avril 2026
2026-05-01,2026,5,Mai,vendredi,2026 fiscale,Trimestre 3,26,Semaine #26 du 27 avril 2026 au 3 mai 2026,Semaine #26 du 27 avril 2026 au 3 mai 2026,7,26,Mai,2026,27 avril 2026
2026-05-02,2026,5,Mai,samedi,2026 fiscale,Trimestre 3,26,Semaine #26 du 27 avril 2026 au 3 mai 2026,Semaine #26 du 27 avril 2026 au 3 mai 2026,7,26,Mai,2026,27 avril 2026
2026-05-03,2026,5,Mai,dimanche,2026 fiscale,Trimestre 3,26,Semaine #26 du 27 avril 2026 au 3 mai 2026,Semaine #26 du 27 avril 2026 au 3 mai 2026,7,26,Mai,2026,27 avril 2026
2026-05-04,2026,5,Mai,lundi,2026 fiscale,Trimestre 3,27,Semaine #27 du 4 mai 2026 au 10 mai 2026,Semaine #27 du 4 mai 2026 au 10 mai 2026,7,27,Mai,2026,4 mai 2026
2026-05-05,2026,5,Mai,mardi,2026 fiscale,Trimestre 3,27,Semaine #27 du 4 mai 2026 au 10 mai 2026,Semaine #27 du 4 mai 2026 au 10 mai 2026,7,27,Mai,2026,4 mai 2026
2026-05-06,2026,5,Mai,mercredi,2026 fiscale,Trimestre 3,27,Semaine #27 du 4 mai 2026 au 10 mai 2026,Semaine #27 du 4 mai 2026 au 10 mai 2026,7,27,Mai,2026,4 mai 2026
2026-05-07,2026,5,Mai,jeudi,2026 fiscale,Trimestre 3,27,Semaine #27 du 4 mai 2026 au 10 mai 2026,Semaine #27 du 4 mai 2026 au 10 mai 2026,7,27,Mai,2026,4 mai 2026
2026-05-08,2026,5,Mai,vendredi,2026 fiscale,Trimestre 3,27,Semaine #27 du 4 mai 2026 au 10 mai 2026,Semaine #27 du 4 mai 2026 au 10 mai 2026,7,27,Mai,2026,4 mai 2026
2026-05-09,2026,5,Mai,samedi,2026 fiscale,Trimestre 3,27,Semaine #27 du 4 mai 2026 au 10 mai 2026,Semaine #27 du 4 mai 2026 au 10 mai 2026,7,27,Mai,2026,4 mai 2026
2026-05-10,2026,5,Mai,dimanche,2026 fiscale,Trimestre 3,27,Semaine #27 du 4 mai 2026 au 10 mai 2026,Semaine #27 du 4 mai 2026 au 10 mai 2026,7,27,Mai,2026,4 mai 2026
2026-05-11,2026,5,Mai,lundi,2026 fiscale,Trimestre 3,28,Semaine #28 du 11 mai 2026 au 17 mai 2026,Semaine #28 du 11 mai 2026 au 17 mai 2026,7,28,Mai,2026,11 mai 2026
2026-05-12,2026,5,Mai,mardi,2026 fiscale,Trimestre 3,28,Semaine #28 du 11 mai 2026 au 17 mai 2026,Semaine #28 du 11 mai 2026 au 17 mai 2026,7,28,Mai,2026,11 mai 2026
2026-05-13,2026,5,Mai,mercredi,2026 fiscale,Trimestre 3,28,Semaine #28 du 11 mai 2026 au 17 mai 2026,Semaine #28 du 11 mai 2026 au 17 mai 2026,7,28,Mai,2026,11 mai 2026
2026-05-14,2026,5,Mai,jeudi,2026 fiscale,Trimestre 3,28,Semaine #28 du 11 mai 2026 au 17 mai 2026,Semaine #28 du 11 mai 2026 au 17 mai 2026,7,28,Mai,2026,11 mai 2026
2026-05-15,2026,5,Mai,vendredi,2026 fiscale,Trimestre 3,28,Semaine #28 du 11 mai 2026 au 17 mai 2026,Semaine #28 du 11 mai 2026 au 17 mai 2026,7,28,Mai,2026,11 mai 2026
2026-05-16,2026,5,Mai,samedi,2026 fiscale,Trimestre 3,28,Semaine #28 du 11 mai 2026 au 17 mai 2026,Semaine #28 du 11 mai 2026 au 17 mai 2026,7,28,Mai,2026,11 mai 2026
2026-05-17,2026,5,Mai,dimanche,2026 fiscale,Trimestre 3,28,Semaine #28 du 11 mai 2026 au 17 mai 2026,Semaine #28 du 11 mai 2026 au 17 mai 2026,7,28,Mai,2026,11 mai 2026
2026-05-18,2026,5,Mai,lundi,2026 fiscale,Trimestre 3,29,Semaine #29 du 18 mai 2026 au 24 mai 2026,Semaine #29 du 18 mai 2026 au 24 mai 2026,7,29,Mai,2026,18 mai 2026
2026-05-19,2026,5,Mai,mardi,2026 fiscale,Trimestre 3,29,Semaine #29 du 18 mai 2026 au 24 mai 2026,Semaine #29 du 18 mai 2026 au 24 mai 2026,7,29,Mai,2026,18 mai 2026
2026-05-20,2026,5,Mai,mercredi,2026 fiscale,Trimestre 3,29,Semaine #29 du 18 mai 2026 au 24 mai 2026,Semaine #29 du 18 mai 2026 au 24 mai 2026,7,29,Mai,2026,18 mai 2026
2026-05-21,2026,5,Mai,jeudi,2026 fiscale,Trimestre 3,29,Semaine #29 du 18 mai 2026 au 24 mai 2026,Semaine #29 du 18 mai 2026 au 24 mai 2026,7,29,Mai,2026,18 mai 2026
2026-05-22,2026,5,Mai,vendredi,2026 fiscale,Trimestre 3,29,Semaine #29 du 18 mai 2026 au 24 mai 2026,Semaine #29 du 18 mai 2026 au 24 mai 2026,7,29,Mai,2026,18 mai 2026
2026-05-23,2026,5,Mai,samedi,2026 fiscale,Trimestre 3,29,Semaine #29 du 18 mai 2026 au 24 mai 2026,Semaine #29 du 18 mai 2026 au 24 mai 2026,7,29,Mai,2026,18 mai 2026
2026-05-24,2026,5,Mai,dimanche,2026 fiscale,Trimestre 3,29,Semaine #29 du 18 mai 2026 au 24 mai 2026,Semaine #29 du 18 mai 2026 au 24 mai 2026,7,29,Mai,2026,18 mai 2026
2026-05-25,2026,5,Mai,lundi,2026 fiscale,Trimestre 3,30,Semaine #30 du 25 mai 2026 au 31 mai 2026,Semaine #30 du 25 mai 2026 au 31 mai 2026,7,30,Mai,2026,25 mai 2026
2026-05-26,2026,5,Mai,mardi,2026 fiscale,Trimestre 3,30,Semaine #30 du 25 mai 2026 au 31 mai 2026,Semaine #30 du 25 mai 2026 au 31 mai 2026,7,30,Mai,2026,25 mai 2026
2026-05-27,2026,5,Mai,mercredi,2026 fiscale,Trimestre 3,30,Semaine #30 du 25 mai 2026 au 31 mai 2026,Semaine #30 du 25 mai 2026 au 31 mai 2026,7,30,Mai,2026,25 mai 2026
2026-05-28,2026,5,Mai,jeudi,2026 fiscale,Trimestre 3,30,Semaine #30 du 25 mai 2026 au 31 mai 2026,Semaine #30 du 25 mai 2026 au 31 mai 2026,7,30,Mai,2026,25 mai 2026
2026-05-29,2026,5,Mai,vendredi,2026 fiscale,Trimestre 3,30,Semaine #30 du 25 mai 2026 au 31 mai 2026,Semaine #30 du 25 mai 2026 au 31 mai 2026,7,30,Mai,2026,25 mai 2026
2026-05-30,2026,5,Mai,samedi,2026 fiscale,Trimestre 3,30,Semaine #30 du 25 mai 2026 au 31 mai 2026,Semaine #30 du 25 mai 2026 au 31 mai 2026,7,30,Mai,2026,25 mai 2026
2026-05-31,2026,5,Mai,dimanche,2026 fiscale,Trimestre 3,30,Semaine #30 du 25 mai 2026 au 31 mai 2026,Semaine #30 du 25 mai 2026 au 31 mai 2026,7,30,Mai,2026,25 mai 2026
2026-06-01,2026,6,Juin,lundi,2026 fiscale,Trimestre 3,31,Semaine #31 du 1 juin 2026 au 7 juin 2026,Semaine #31 du 1 juin 2026 au 7 juin 2026,8,31,Juin,2026,1 juin 2026
2026-06-02,2026,6,Juin,mardi,2026 fiscale,Trimestre 3,31,Semaine #31 du 1 juin 2026 au 7 juin 2026,Semaine #31 du 1 juin 2026 au 7 juin 2026,8,31,Juin,2026,1 juin 2026
2026-06-03,2026,6,Juin,mercredi,2026 fiscale,Trimestre 3,31,Semaine #31 du 1 juin 2026 au 7 juin 2026,Semaine #31 du 1 juin 2026 au 7 juin 2026,8,31,Juin,2026,1 juin 2026
2026-06-04,2026,6,Juin,jeudi,2026 fiscale,Trimestre 3,31,Semaine #31 du 1 juin 2026 au 7 juin 2026,Semaine #31 du 1 juin 2026 au 7 juin 2026,8,31,Juin,2026,1 juin 2026
2026-06-05,2026,6,Juin,vendredi,2026 fiscale,Trimestre 3,31,Semaine #31 du 1 juin 2026 au 7 juin 2026,Semaine #31 du 1 juin 2026 au 7 juin 2026,8,31,Juin,2026,1 juin 2026
2026-06-06,2026,6,Juin,samedi,2026 fiscale,Trimestre 3,31,Semaine #31 du 1 juin 2026 au 7 juin 2026,Semaine #31 du 1 juin 2026 au 7 juin 2026,8,31,Juin,2026,1 juin 2026
2026-06-07,2026,6,Juin,dimanche,2026 fiscale,Trimestre 3,31,Semaine #31 du 1 juin 2026 au 7 juin 2026,Semaine #31 du 1 juin 2026 au 7 juin 2026,8,31,Juin,2026,1 juin 2026
2026-06-08,2026,6,Juin,lundi,2026 fiscale,Trimestre 3,32,Semaine #32 du 8 juin 2026 au 14 juin 2026,Semaine #32 du 8 juin 2026 au 14 juin 2026,8,32,Juin,2026,8 juin 2026
2026-06-09,2026,6,Juin,mardi,2026 fiscale,Trimestre 3,32,Semaine #32 du 8 juin 2026 au 14 juin 2026,Semaine #32 du 8 juin 2026 au 14 juin 2026,8,32,Juin,2026,8 juin 2026
2026-06-10,2026,6,Juin,mercredi,2026 fiscale,Trimestre 3,32,Semaine #32 du 8 juin 2026 au 14 juin 2026,Semaine #32 du 8 juin 2026 au 14 juin 2026,8,32,Juin,2026,8 juin 2026
2026-06-11,2026,6,Juin,jeudi,2026 fiscale,Trimestre 3,32,Semaine #32 du 8 juin 2026 au 14 juin 2026,Semaine #32 du 8 juin 2026 au 14 juin 2026,8,32,Juin,2026,8 juin 2026
2026-06-12,2026,6,Juin,vendredi,2026 fiscale,Trimestre 3,32,Semaine #32 du 8 juin 2026 au 14 juin 2026,Semaine #32 du 8 juin 2026 au 14 juin 2026,8,32,Juin,2026,8 juin 2026
2026-06-13,2026,6,Juin,samedi,2026 fiscale,Trimestre 3,32,Semaine #32 du 8 juin 2026 au 14 juin 2026,Semaine #32 du 8 juin 2026 au 14 juin 2026,8,32,Juin,2026,8 juin 2026
2026-06-14,2026,6,Juin,dimanche,2026 fiscale,Trimestre 3,32,Semaine #32 du 8 juin 2026 au 14 juin 2026,Semaine #32 du 8 juin 2026 au 14 juin 2026,8,32,Juin,2026,8 juin 2026
2026-06-15,2026,6,Juin,lundi,2026 fiscale,Trimestre 3,33,Semaine #33 du 15 juin 2026 au 21 juin 2026,Semaine #33 du 15 juin 2026 au 21 juin 2026,8,33,Juin,2026,15 juin 2026
2026-06-16,2026,6,Juin,mardi,2026 fiscale,Trimestre 3,33,Semaine #33 du 15 juin 2026 au 21 juin 2026,Semaine #33 du 15 juin 2026 au 21 juin 2026,8,33,Juin,2026,15 juin 2026
2026-06-17,2026,6,Juin,mercredi,2026 fiscale,Trimestre 3,33,Semaine #33 du 15 juin 2026 au 21 juin 2026,Semaine #33 du 15 juin 2026 au 21 juin 2026,8,33,Juin,2026,15 juin 2026
2026-06-18,2026,6,Juin,jeudi,2026 fiscale,Trimestre 3,33,Semaine #33 du 15 juin 2026 au 21 juin 2026,Semaine #33 du 15 juin 2026 au 21 juin 2026,8,33,Juin,2026,15 juin 2026
2026-06-19,2026,6,Juin,vendredi,2026 fiscale,Trimestre 3,33,Semaine #33 du 15 juin 2026 au 21 juin 2026,Semaine #33 du 15 juin 2026 au 21 juin 2026,8,33,Juin,2026,15 juin 2026
2026-06-20,2026,6,Juin,samedi,2026 fiscale,Trimestre 3,33,Semaine #33 du 15 juin 2026 au 21 juin 2026,Semaine #33 du 15 juin 2026 au 21 juin 2026,8,33,Juin,2026,15 juin 2026
2026-06-21,2026,6,Juin,dimanche,2026 fiscale,Trimestre 3,33,Semaine #33 du 15 juin 2026 au 21 juin 2026,Semaine #33 du 15 juin 2026 au 21 juin 2026,8,33,Juin,2026,15 juin 2026
2026-06-22,2026,6,Juin,lundi,2026 fiscale,Trimestre 3,34,Semaine #34 du 22 juin 2026 au 28 juin 2026,Semaine #34 du 22 juin 2026 au 28 juin 2026,8,34,Juin,2026,22 juin 2026
2026-06-23,2026,6,Juin,mardi,2026 fiscale,Trimestre 3,34,Semaine #34 du 22 juin 2026 au 28 juin 2026,Semaine #34 du 22 juin 2026 au 28 juin 2026,8,34,Juin,2026,22 juin 2026
2026-06-24,2026,6,Juin,mercredi,2026 fiscale,Trimestre 3,34,Semaine #34 du 22 juin 2026 au 28 juin 2026,Semaine #34 du 22 juin 2026 au 28 juin 2026,8,34,Juin,2026,22 juin 2026
2026-06-25,2026,6,Juin,jeudi,2026 fiscale,Trimestre 3,34,Semaine #34 du 22 juin 2026 au 28 juin 2026,Semaine #34 du 22 juin 2026 au 28 juin 2026,8,34,Juin,2026,22 juin 2026
2026-06-26,2026,6,Juin,vendredi,2026 fiscale,Trimestre 3,34,Semaine #34 du 22 juin 2026 au 28 juin 2026,Semaine #34 du 22 juin 2026 au 28 juin 2026,8,34,Juin,2026,22 juin 2026
2026-06-27,2026,6,Juin,samedi,2026 fiscale,Trimestre 3,34,Semaine #34 du 22 juin 2026 au 28 juin 2026,Semaine #34 du 22 juin 2026 au 28 juin 2026,8,34,Juin,2026,22 juin 2026
2026-06-28,2026,6,Juin,dimanche,2026 fiscale,Trimestre 3,34,Semaine #34 du 22 juin 2026 au 28 juin 2026,Semaine #34 du 22 juin 2026 au 28 juin 2026,8,34,Juin,2026,22 juin 2026
2026-06-29,2026,6,Juin,lundi,2026 fiscale,Trimestre 3,35,Semaine #35 du 29 juin 2026 au 5 juillet 2026,Semaine #35 du 29 juin 2026 au 5 juillet 2026,8,35,Juin,2026,29 juin 2026
2026-06-30,2026,6,Juin,mardi,2026 fiscale,Trimestre 3,35,Semaine #35 du 29 juin 2026 au 5 juillet 2026,Semaine #35 du 29 juin 2026 au 5 juillet 2026,8,35,Juin,2026,29 juin 2026
2026-07-01,2026,7,Juillet,mercredi,2026 fiscale,Trimestre 3,35,Semaine #35 du 29 juin 2026 au 5 juillet 2026,Semaine #35 du 29 juin 2026 au 5 juillet 2026,9,35,Juillet,2026,29 juin 2026
2026-07-02,2026,7,Juillet,jeudi,2026 fiscale,Trimestre 3,35,Semaine #35 du 29 juin 2026 au 5 juillet 2026,Semaine #35 du 29 juin 2026 au 5 juillet 2026,9,35,Juillet,2026,29 juin 2026
2026-07-03,2026,7,Juillet,vendredi,2026 fiscale,Trimestre 3,35,Semaine #35 du 29 juin 2026 au 5 juillet 2026,Semaine #35 du 29 juin 2026 au 5 juillet 2026,9,35,Juillet,2026,29 juin 2026
2026-07-04,2026,7,Juillet,samedi,2026 fiscale,Trimestre 3,35,Semaine #35 du 29 juin 2026 au 5 juillet 2026,Semaine #35 du 29 juin 2026 au 5 juillet 2026,9,35,Juillet,2026,29 juin 2026
2026-07-05,2026,7,Juillet,dimanche,2026 fiscale,Trimestre 3,35,Semaine #35 du 29 juin 2026 au 5 juillet 2026,Semaine #35 du 29 juin 2026 au 5 juillet 2026,9,35,Juillet,2026,29 juin 2026
2026-07-06,2026,7,Juillet,lundi,2026 fiscale,Trimestre 3,36,Semaine #36 du 6 juillet 2026 au 12 juillet 2026,Semaine #36 du 6 juillet 2026 au 12 juillet 2026,9,36,Juillet,2026,6 juillet 2026
2026-07-07,2026,7,Juillet,mardi,2026 fiscale,Trimestre 3,36,Semaine #36 du 6 juillet 2026 au 12 juillet 2026,Semaine #36 du 6 juillet 2026 au 12 juillet 2026,9,36,Juillet,2026,6 juillet 2026
2026-07-08,2026,7,Juillet,mercredi,2026 fiscale,Trimestre 3,36,Semaine #36 du 6 juillet 2026 au 12 juillet 2026,Semaine #36 du 6 juillet 2026 au 12 juillet 2026,9,36,Juillet,2026,6 juillet 2026
2026-07-09,2026,7,Juillet,jeudi,2026 fiscale,Trimestre 3,36,Semaine #36 du 6 juillet 2026 au 12 juillet 2026,Semaine #36 du 6 juillet 2026 au 12 juillet 2026,9,36,Juillet,2026,6 juillet 2026
2026-07-10,2026,7,Juillet,vendredi,2026 fiscale,Trimestre 3,36,Semaine #36 du 6 juillet 2026 au 12 juillet 2026,Semaine #36 du 6 juillet 2026 au 12 juillet 2026,9,36,Juillet,2026,6 juillet 2026
2026-07-11,2026,7,Juillet,samedi,2026 fiscale,Trimestre 3,36,Semaine #36 du 6 juillet 2026 au 12 juillet 2026,Semaine #36 du 6 juillet 2026 au 12 juillet 2026,9,36,Juillet,2026,6 juillet 2026
2026-07-12,2026,7,Juillet,dimanche,2026 fiscale,Trimestre 3,36,Semaine #36 du 6 juillet 2026 au 12 juillet 2026,Semaine #36 du 6 juillet 2026 au 12 juillet 2026,9,36,Juillet,2026,6 juillet 2026
2026-07-13,2026,7,Juillet,lundi,2026 fiscale,Trimestre 3,37,Semaine #37 du 13 juillet 2026 au 19 juillet 2026,Semaine #37 du 13 juillet 2026 au 19 juillet 2026,9,37,Juillet,2026,13 juillet 2026
2026-07-14,2026,7,Juillet,mardi,2026 fiscale,Trimestre 3,37,Semaine #37 du 13 juillet 2026 au 19 juillet 2026,Semaine #37 du 13 juillet 2026 au 19 juillet 2026,9,37,Juillet,2026,13 juillet 2026
2026-07-15,2026,7,Juillet,mercredi,2026 fiscale,Trimestre 3,37,Semaine #37 du 13 juillet 2026 au 19 juillet 2026,Semaine #37 du 13 juillet 2026 au 19 juillet 2026,9,37,Juillet,2026,13 juillet 2026
2026-07-16,2026,7,Juillet,jeudi,2026 fiscale,Trimestre 3,37,Semaine #37 du 13 juillet 2026 au 19 juillet 2026,Semaine #37 du 13 juillet 2026 au 19 juillet 2026,9,37,Juillet,2026,13 juillet 2026
2026-07-17,2026,7,Juillet,vendredi,2026 fiscale,Trimestre 3,37,Semaine #37 du 13 juillet 2026 au 19 juillet 2026,Semaine #37 du 13 juillet 2026 au 19 juillet 2026,9,37,Juillet,2026,13 juillet 2026
2026-07-18,2026,7,Juillet,samedi,2026 fiscale,Trimestre 3,37,Semaine #37 du 13 juillet 2026 au 19 juillet 2026,Semaine #37 du 13 juillet 2026 au 19 juillet 2026,9,37,Juillet,2026,13 juillet 2026
2026-07-19,2026,7,Juillet,dimanche,2026 fiscale,Trimestre 3,37,Semaine #37 du 13 juillet 2026 au 19 juillet 2026,Semaine #37 du 13 juillet 2026 au 19 juillet 2026,9,37,Juillet,2026,13 juillet 2026
2026-07-20,2026,7,Juillet,lundi,2026 fiscale,Trimestre 3,38,Semaine #38 du 20 juillet 2026 au 26 juillet 2026,Semaine #38 du 20 juillet 2026 au 26 juillet 2026,9,38,Juillet,2026,20 juillet 2026
2026-07-21,2026,7,Juillet,mardi,2026 fiscale,Trimestre 3,38,Semaine #38 du 20 juillet 2026 au 26 juillet 2026,Semaine #38 du 20 juillet 2026 au 26 juillet 2026,9,38,Juillet,2026,20 juillet 2026
2026-07-22,2026,7,Juillet,mercredi,2026 fiscale,Trimestre 3,38,Semaine #38 du 20 juillet 2026 au 26 juillet 2026,Semaine #38 du 20 juillet 2026 au 26 juillet 2026,9,38,Juillet,2026,20 juillet 2026
2026-07-23,2026,7,Juillet,jeudi,2026 fiscale,Trimestre 3,38,Semaine #38 du 20 juillet 2026 au 26 juillet 2026,Semaine #38 du 20 juillet 2026 au 26 juillet 2026,9,38,Juillet,2026,20 juillet 2026
2026-07-24,2026,7,Juillet,vendredi,2026 fiscale,Trimestre 3,38,Semaine #38 du 20 juillet 2026 au 26 juillet 2026,Semaine #38 du 20 juillet 2026 au 26 juillet 2026,9,38,Juillet,2026,20 juillet 2026
2026-07-25,2026,7,Juillet,samedi,2026 fiscale,Trimestre 3,38,Semaine #38 du 20 juillet 2026 au 26 juillet 2026,Semaine #38 du 20 juillet 2026 au 26 juillet 2026,9,38,Juillet,2026,20 juillet 2026
2026-07-26,2026,7,Juillet,dimanche,2026 fiscale,Trimestre 3,38,Semaine #38 du 20 juillet 2026 au 26 juillet 2026,Semaine #38 du 20 juillet 2026 au 26 juillet 2026,9,38,Juillet,2026,20 juillet 2026
2026-07-27,2026,7,Juillet,lundi,2026 fiscale,Trimestre 3,39,Semaine #39 du 27 juillet 2026 au 2 août 2026,Semaine #39 du 27 juillet 2026 au 2 août 2026,9,39,Juillet,2026,27 juillet 2026
2026-07-28,2026,7,Juillet,mardi,2026 fiscale,Trimestre 3,39,Semaine #39 du 27 juillet 2026 au 2 août 2026,Semaine #39 du 27 juillet 2026 au 2 août 2026,9,39,Juillet,2026,27 juillet 2026
2026-07-29,2026,7,Juillet,mercredi,2026 fiscale,Trimestre 3,39,Semaine #39 du 27 juillet 2026 au 2 août 2026,Semaine #39 du 27 juillet 2026 au 2 août 2026,9,39,Juillet,2026,27 juillet 2026
2026-07-30,2026,7,Juillet,jeudi,2026 fiscale,Trimestre 3,39,Semaine #39 du 27 juillet 2026 au 2 août 2026,Semaine #39 du 27 juillet 2026 au 2 août 2026,9,39,Juillet,2026,27 juillet 2026
2026-07-31,2026,7,Juillet,vendredi,2026 fiscale,Trimestre 3,39,Semaine #39 du 27 juillet 2026 au 2 août 2026,Semaine #39 du 27 juillet 2026 au 2 août 2026,9,39,Juillet,2026,27 juillet 2026
2026-08-01,2026,8,Août,samedi,2026 fiscale,Trimestre 4,39,Semaine #39 du 27 juillet 2026 au 2 août 2026,Semaine #39 du 27 juillet 2026 au 2 août 2026,10,39,Août,2026,27 juillet 2026
2026-08-02,2026,8,Août,dimanche,2026 fiscale,Trimestre 4,39,Semaine #39 du 27 juillet 2026 au 2 août 2026,Semaine #39 du 27 juillet 2026 au 2 août 2026,10,39,Août,2026,27 juillet 2026
2026-08-03,2026,8,Août,lundi,2026 fiscale,Trimestre 4,40,Semaine #40 du 3 août 2026 au 9 août 2026,Semaine #40 du 3 août 2026 au 9 août 2026,10,40,Août,2026,3 août 2026
2026-08-04,2026,8,Août,mardi,2026 fiscale,Trimestre 4,40,Semaine #40 du 3 août 2026 au 9 août 2026,Semaine #40 du 3 août 2026 au 9 août 2026,10,40,Août,2026,3 août 2026
2026-08-05,2026,8,Août,mercredi,2026 fiscale,Trimestre 4,40,Semaine #40 du 3 août 2026 au 9 août 2026,Semaine #40 du 3 août 2026 au 9 août 2026,10,40,Août,2026,3 août 2026
2026-08-06,2026,8,Août,jeudi,2026 fiscale,Trimestre 4,40,Semaine #40 du 3 août 2026 au 9 août 2026,Semaine #40 du 3 août 2026 au 9 août 2026,10,40,Août,2026,3 août 2026
2026-08-07,2026,8,Août,vendredi,2026 fiscale,Trimestre 4,40,Semaine #40 du 3 août 2026 au 9 août 2026,Semaine #40 du 3 août 2026 au 9 août 2026,10,40,Août,2026,3 août 2026
2026-08-08,2026,8,Août,samedi,2026 fiscale,Trimestre 4,40,Semaine #40 du 3 août 2026 au 9 août 2026,Semaine #40 du 3 août 2026 au 9 août 2026,10,40,Août,2026,3 août 2026
2026-08-09,2026,8,Août,dimanche,2026 fiscale,Trimestre 4,40,Semaine #40 du 3 août 2026 au 9 août 2026,Semaine #40 du 3 août 2026 au 9 août 2026,10,40,Août,2026,3 août 2026
2026-08-10,2026,8,Août,lundi,2026 fiscale,Trimestre 4,41,Semaine #41 du 10 août 2026 au 16 août 2026,Semaine #41 du 10 août 2026 au 16 août 2026,10,41,Août,2026,10 août 2026
2026-08-11,2026,8,Août,mardi,2026 fiscale,Trimestre 4,41,Semaine #41 du 10 août 2026 au 16 août 2026,Semaine #41 du 10 août 2026 au 16 août 2026,10,41,Août,2026,10 août 2026
2026-08-12,2026,8,Août,mercredi,2026 fiscale,Trimestre 4,41,Semaine #41 du 10 août 2026 au 16 août 2026,Semaine #41 du 10 août 2026 au 16 août 2026,10,41,Août,2026,10 août 2026
2026-08-13,2026,8,Août,jeudi,2026 fiscale,Trimestre 4,41,Semaine #41 du 10 août 2026 au 16 août 2026,Semaine #41 du 10 août 2026 au 16 août 2026,10,41,Août,2026,10 août 2026
2026-08-14,2026,8,Août,vendredi,2026 fiscale,Trimestre 4,41,Semaine #41 du 10 août 2026 au 16 août 2026,Semaine #41 du 10 août 2026 au 16 août 2026,10,41,Août,2026,10 août 2026
2026-08-15,2026,8,Août,samedi,2026 fiscale,Trimestre 4,41,Semaine #41 du 10 août 2026 au 16 août 2026,Semaine #41 du 10 août 2026 au 16 août 2026,10,41,Août,2026,10 août 2026
2026-08-16,2026,8,Août,dimanche,2026 fiscale,Trimestre 4,41,Semaine #41 du 10 août 2026 au 16 août 2026,Semaine #41 du 10 août 2026 au 16 août 2026,10,41,Août,2026,10 août 2026
2026-08-17,2026,8,Août,lundi,2026 fiscale,Trimestre 4,42,Semaine #42 du 17 août 2026 au 23 août 2026,Semaine #42 du 17 août 2026 au 23 août 2026,10,42,Août,2026,17 août 2026
2026-08-18,2026,8,Août,mardi,2026 fiscale,Trimestre 4,42,Semaine #42 du 17 août 2026 au 23 août 2026,Semaine #42 du 17 août 2026 au 23 août 2026,10,42,Août,2026,17 août 2026
2026-08-19,2026,8,Août,mercredi,2026 fiscale,Trimestre 4,42,Semaine #42 du 17 août 2026 au 23 août 2026,Semaine #42 du 17 août 2026 au 23 août 2026,10,42,Août,2026,17 août 2026
2026-08-20,2026,8,Août,jeudi,2026 fiscale,Trimestre 4,42,Semaine #42 du 17 août 2026 au 23 août 2026,Semaine #42 du 17 août 2026 au 23 août 2026,10,42,Août,2026,17 août 2026
2026-08-21,2026,8,Août,vendredi,2026 fiscale,Trimestre 4,42,Semaine #42 du 17 août 2026 au 23 août 2026,Semaine #42 du 17 août 2026 au 23 août 2026,10,42,Août,2026,17 août 2026
2026-08-22,2026,8,Août,samedi,2026 fiscale,Trimestre 4,42,Semaine #42 du 17 août 2026 au 23 août 2026,Semaine #42 du 17 août 2026 au 23 août 2026,10,42,Août,2026,17 août 2026
2026-08-23,2026,8,Août,dimanche,2026 fiscale,Trimestre 4,42,Semaine #42 du 17 août 2026 au 23 août 2026,Semaine #42 du 17 août 2026 au 23 août 2026,10,42,Août,2026,17 août 2026
2026-08-24,2026,8,Août,lundi,2026 fiscale,Trimestre 4,43,Semaine #43 du 24 août 2026 au 30 août 2026,Semaine #43 du 24 août 2026 au 30 août 2026,10,43,Août,2026,24 août 2026
2026-08-25,2026,8,Août,mardi,2026 fiscale,Trimestre 4,43,Semaine #43 du 24 août 2026 au 30 août 2026,Semaine #43 du 24 août 2026 au 30 août 2026,10,43,Août,2026,24 août 2026
2026-08-26,2026,8,Août,mercredi,2026 fiscale,Trimestre 4,43,Semaine #43 du 24 août 2026 au 30 août 2026,Semaine #43 du 24 août 2026 au 30 août 2026,10,43,Août,2026,24 août 2026
2026-08-27,2026,8,Août,jeudi,2026 fiscale,Trimestre 4,43,Semaine #43 du 24 août 2026 au 30 août 2026,Semaine #43 du 24 août 2026 au 30 août 2026,10,43,Août,2026,24 août 2026
2026-08-28,2026,8,Août,vendredi,2026 fiscale,Trimestre 4,43,Semaine #43 du 24 août 2026 au 30 août 2026,Semaine #43 du 24 août 2026 au 30 août 2026,10,43,Août,2026,24 août 2026
2026-08-29,2026,8,Août,samedi,2026 fiscale,Trimestre 4,43,Semaine #43 du 24 août 2026 au 30 août 2026,Semaine #43 du 24 août 2026 au 30 août 2026,10,43,Août,2026,24 août 2026
2026-08-30,2026,8,Août,dimanche,2026 fiscale,Trimestre 4,43,Semaine #43 du 24 août 2026 au 30 août 2026,Semaine #43 du 24 août 2026 au 30 août 2026,10,43,Août,2026,24 août 2026
2026-08-31,2026,8,Août,lundi,2026 fiscale,Trimestre 4,44,Semaine #44 du 31 août 2026 au 6 septembre 2026,Semaine #44 du 31 août 2026 au 6 sept 2026,10,44,Août,2026,31 août 2026
2026-09-01,2026,9,Septembre,mardi,2026 fiscale,Trimestre 4,44,Semaine #44 du 31 août 2026 au 6 septembre 2026,Semaine #44 du 31 août 2026 au 6 sept 2026,11,44,Septembre,2026,31 août 2026
2026-09-02,2026,9,Septembre,mercredi,2026 fiscale,Trimestre 4,44,Semaine #44 du 31 août 2026 au 6 septembre 2026,Semaine #44 du 31 août 2026 au 6 sept 2026,11,44,Septembre,2026,31 août 2026
2026-09-03,2026,9,Septembre,jeudi,2026 fiscale,Trimestre 4,44,Semaine #44 du 31 août 2026 au 6 septembre 2026,Semaine #44 du 31 août 2026 au 6 sept 2026,11,44,Septembre,2026,31 août 2026
2026-09-04,2026,9,Septembre,vendredi,2026 fiscale,Trimestre 4,44,Semaine #44 du 31 août 2026 au 6 septembre 2026,Semaine #44 du 31 août 2026 au 6 sept 2026,11,44,Septembre,2026,31 août 2026
2026-09-05,2026,9,Septembre,samedi,2026 fiscale,Trimestre 4,44,Semaine #44 du 31 août 2026 au 6 septembre 2026,Semaine #44 du 31 août 2026 au 6 sept 2026,11,44,Septembre,2026,31 août 2026
2026-09-06,2026,9,Septembre,dimanche,2026 fiscale,Trimestre 4,44,Semaine #44 du 31 août 2026 au 6 septembre 2026,Semaine #44 du 31 août 2026 au 6 sept 2026,11,44,Septembre,2026,31 août 2026
2026-09-07,2026,9,Septembre,lundi,2026 fiscale,Trimestre 4,45,Semaine #45 du 7 septembre 2026 au 13 septembre 2026,Semaine #45 du 7 sept 2026 au 13 sept 2026,11,45,Septembre,2026,7 septembre 2026
2026-09-08,2026,9,Septembre,mardi,2026 fiscale,Trimestre 4,45,Semaine #45 du 7 septembre 2026 au 13 septembre 2026,Semaine #45 du 7 sept 2026 au 13 sept 2026,11,45,Septembre,2026,7 septembre 2026
2026-09-09,2026,9,Septembre,mercredi,2026 fiscale,Trimestre 4,45,Semaine #45 du 7 septembre 2026 au 13 septembre 2026,Semaine #45 du 7 sept 2026 au 13 sept 2026,11,45,Septembre,2026,7 septembre 2026
2026-09-10,2026,9,Septembre,jeudi,2026 fiscale,Trimestre 4,45,Semaine #45 du 7 septembre 2026 au 13 septembre 2026,Semaine #45 du 7 sept 2026 au 13 sept 2026,11,45,Septembre,2026,7 septembre 2026
2026-09-11,2026,9,Septembre,vendredi,2026 fiscale,Trimestre 4,45,Semaine #45 du 7 septembre 2026 au 13 septembre 2026,Semaine #45 du 7 sept 2026 au 13 sept 2026,11,45,Septembre,2026,7 septembre 2026
2026-09-12,2026,9,Septembre,samedi,2026 fiscale,Trimestre 4,45,Semaine #45 du 7 septembre 2026 au 13 septembre 2026,Semaine #45 du 7 sept 2026 au 13 sept 2026,11,45,Septembre,2026,7 septembre 2026
2026-09-13,2026,9,Septembre,dimanche,2026 fiscale,Trimestre 4,45,Semaine #45 du 7 septembre 2026 au 13 septembre 2026,Semaine #45 du 7 sept 2026 au 13 sept 2026,11,45,Septembre,2026,7 septembre 2026
2026-09-14,2026,9,Septembre,lundi,2026 fiscale,Trimestre 4,46,Semaine #46 du 14 septembre 2026 au 20 septembre 2026,Semaine #46 du 14 sept 2026 au 20 sept 2026,11,46,Septembre,2026,14 septembre 2026
2026-09-15,2026,9,Septembre,mardi,2026 fiscale,Trimestre 4,46,Semaine #46 du 14 septembre 2026 au 20 septembre 2026,Semaine #46 du 14 sept 2026 au 20 sept 2026,11,46,Septembre,2026,14 septembre 2026
2026-09-16,2026,9,Septembre,mercredi,2026 fiscale,Trimestre 4,46,Semaine #46 du 14 septembre 2026 au 20 septembre 2026,Semaine #46 du 14 sept 2026 au 20 sept 2026,11,46,Septembre,2026,14 septembre 2026
2026-09-17,2026,9,Septembre,jeudi,2026 fiscale,Trimestre 4,46,Semaine #46 du 14 septembre 2026 au 20 septembre 2026,Semaine #46 du 14 sept 2026 au 20 sept 2026,11,46,Septembre,2026,14 septembre 2026
2026-09-18,2026,9,Septembre,vendredi,2026 fiscale,Trimestre 4,46,Semaine #46 du 14 septembre 2026 au 20 septembre 2026,Semaine #46 du 14 sept 2026 au 20 sept 2026,11,46,Septembre,2026,14 septembre 2026
2026-09-19,2026,9,Septembre,samedi,2026 fiscale,Trimestre 4,46,Semaine #46 du 14 septembre 2026 au 20 septembre 2026,Semaine #46 du 14 sept 2026 au 20 sept 2026,11,46,Septembre,2026,14 septembre 2026
2026-09-20,2026,9,Septembre,dimanche,2026 fiscale,Trimestre 4,46,Semaine #46 du 14 septembre 2026 au 20 septembre 2026,Semaine #46 du 14 sept 2026 au 20 sept 2026,11,46,Septembre,2026,14 septembre 2026
2026-09-21,2026,9,Septembre,lundi,2026 fiscale,Trimestre 4,47,Semaine #47 du 21 septembre 2026 au 27 septembre 2026,Semaine #47 du 21 sept 2026 au 27 sept 2026,11,47,Septembre,2026,21 septembre 2026
2026-09-22,2026,9,Septembre,mardi,2026 fiscale,Trimestre 4,47,Semaine #47 du 21 septembre 2026 au 27 septembre 2026,Semaine #47 du 21 sept 2026 au 27 sept 2026,11,47,Septembre,2026,21 septembre 2026
2026-09-23,2026,9,Septembre,mercredi,2026 fiscale,Trimestre 4,47,Semaine #47 du 21 septembre 2026 au 27 septembre 2026,Semaine #47 du 21 sept 2026 au 27 sept 2026,11,47,Septembre,2026,21 septembre 2026
2026-09-24,2026,9,Septembre,jeudi,2026 fiscale,Trimestre 4,47,Semaine #47 du 21 septembre 2026 au 27 septembre 2026,Semaine #47 du 21 sept 2026 au 27 sept 2026,11,47,Septembre,2026,21 septembre 2026
2026-09-25,2026,9,Septembre,vendredi,2026 fiscale,Trimestre 4,47,Semaine #47 du 21 septembre 2026 au 27 septembre 2026,Semaine #47 du 21 sept 2026 au 27 sept 2026,11,47,Septembre,2026,21 septembre 2026
2026-09-26,2026,9,Septembre,samedi,2026 fiscale,Trimestre 4,47,Semaine #47 du 21 septembre 2026 au 27 septembre 2026,Semaine #47 du 21 sept 2026 au 27 sept 2026,11,47,Septembre,2026,21 septembre 2026
2026-09-27,2026,9,Septembre,dimanche,2026 fiscale,Trimestre 4,47,Semaine #47 du 21 septembre 2026 au 27 septembre 2026,Semaine #47 du 21 sept 2026 au 27 sept 2026,11,47,Septembre,2026,21 septembre 2026
2026-09-28,2026,9,Septembre,lundi,2026 fiscale,Trimestre 4,48,Semaine #48 du 28 septembre 2026 au 4 octobre 2026,Semaine #48 du 28 sept 2026 au 4 oct 2026,11,48,Septembre,2026,28 septembre 2026
2026-09-29,2026,9,Septembre,mardi,2026 fiscale,Trimestre 4,48,Semaine #48 du 28 septembre 2026 au 4 octobre 2026,Semaine #48 du 28 sept 2026 au 4 oct 2026,11,48,Septembre,2026,28 septembre 2026
2026-09-30,2026,9,Septembre,mercredi,2026 fiscale,Trimestre 4,48,Semaine #48 du 28 septembre 2026 au 4 octobre 2026,Semaine #48 du 28 sept 2026 au 4 oct 2026,11,48,Septembre,2026,28 septembre 2026
2026-10-01,2026,10,Octobre,jeudi,2026 fiscale,Trimestre 4,48,Semaine #48 du 28 septembre 2026 au 4 octobre 2026,Semaine #48 du 28 sept 2026 au 4 oct 2026,12,48,Octobre,2026,28 septembre 2026
2026-10-02,2026,10,Octobre,vendredi,2026 fiscale,Trimestre 4,48,Semaine #48 du 28 septembre 2026 au 4 octobre 2026,Semaine #48 du 28 sept 2026 au 4 oct 2026,12,48,Octobre,2026,28 septembre 2026
2026-10-03,2026,10,Octobre,samedi,2026 fiscale,Trimestre 4,48,Semaine #48 du 28 septembre 2026 au 4 octobre 2026,Semaine #48 du 28 sept 2026 au 4 oct 2026,12,48,Octobre,2026,28 septembre 2026
2026-10-04,2026,10,Octobre,dimanche,2026 fiscale,Trimestre 4,48,Semaine #48 du 28 septembre 2026 au 4 octobre 2026,Semaine #48 du 28 sept 2026 au 4 oct 2026,12,48,Octobre,2026,28 septembre 2026
2026-10-05,2026,10,Octobre,lundi,2026 fiscale,Trimestre 4,49,Semaine #49 du 5 octobre 2026 au 11 octobre 2026,Semaine #49 du 5 oct 2026 au 11 oct 2026,12,49,Octobre,2026,5 octobre 2026
2026-10-06,2026,10,Octobre,mardi,2026 fiscale,Trimestre 4,49,Semaine #49 du 5 octobre 2026 au 11 octobre 2026,Semaine #49 du 5 oct 2026 au 11 oct 2026,12,49,Octobre,2026,5 octobre 2026
2026-10-07,2026,10,Octobre,mercredi,2026 fiscale,Trimestre 4,49,Semaine #49 du 5 octobre 2026 au 11 octobre 2026,Semaine #49 du 5 oct 2026 au 11 oct 2026,12,49,Octobre,2026,5 octobre 2026
2026-10-08,2026,10,Octobre,jeudi,2026 fiscale,Trimestre 4,49,Semaine #49 du 5 octobre 2026 au 11 octobre 2026,Semaine #49 du 5 oct 2026 au 11 oct 2026,12,49,Octobre,2026,5 octobre 2026
2026-10-09,2026,10,Octobre,vendredi,2026 fiscale,Trimestre 4,49,Semaine #49 du 5 octobre 2026 au 11 octobre 2026,Semaine #49 du 5 oct 2026 au 11 oct 2026,12,49,Octobre,2026,5 octobre 2026
2026-10-10,2026,10,Octobre,samedi,2026 fiscale,Trimestre 4,49,Semaine #49 du 5 octobre 2026 au 11 octobre 2026,Semaine #49 du 5 oct 2026 au 11 oct 2026,12,49,Octobre,2026,5 octobre 2026
2026-10-11,2026,10,Octobre,dimanche,2026 fiscale,Trimestre 4,49,Semaine #49 du 5 octobre 2026 au 11 octobre 2026,Semaine #49 du 5 oct 2026 au 11 oct 2026,12,49,Octobre,2026,5 octobre 2026
2026-10-12,2026,10,Octobre,lundi,2026 fiscale,Trimestre 4,50,Semaine #50 du 12 octobre 2026 au 18 octobre 2026,Semaine #50 du 12 oct 2026 au 18 oct 2026,12,50,Octobre,2026,12 octobre 2026
2026-10-13,2026,10,Octobre,mardi,2026 fiscale,Trimestre 4,50,Semaine #50 du 12 octobre 2026 au 18 octobre 2026,Semaine #50 du 12 oct 2026 au 18 oct 2026,12,50,Octobre,2026,12 octobre 2026
2026-10-14,2026,10,Octobre,mercredi,2026 fiscale,Trimestre 4,50,Semaine #50 du 12 octobre 2026 au 18 octobre 2026,Semaine #50 du 12 oct 2026 au 18 oct 2026,12,50,Octobre,2026,12 octobre 2026
2026-10-15,2026,10,Octobre,jeudi,2026 fiscale,Trimestre 4,50,Semaine #50 du 12 octobre 2026 au 18 octobre 2026,Semaine #50 du 12 oct 2026 au 18 oct 2026,12,50,Octobre,2026,12 octobre 2026
2026-10-16,2026,10,Octobre,vendredi,2026 fiscale,Trimestre 4,50,Semaine #50 du 12 octobre 2026 au 18 octobre 2026,Semaine #50 du 12 oct 2026 au 18 oct 2026,12,50,Octobre,2026,12 octobre 2026
2026-10-17,2026,10,Octobre,samedi,2026 fiscale,Trimestre 4,50,Semaine #50 du 12 octobre 2026 au 18 octobre 2026,Semaine #50 du 12 oct 2026 au 18 oct 2026,12,50,Octobre,2026,12 octobre 2026
2026-10-18,2026,10,Octobre,dimanche,2026 fiscale,Trimestre 4,50,Semaine #50 du 12 octobre 2026 au 18 octobre 2026,Semaine #50 du 12 oct 2026 au 18 oct 2026,12,50,Octobre,2026,12 octobre 2026
2026-10-19,2026,10,Octobre,lundi,2026 fiscale,Trimestre 4,51,Semaine #51 du 19 octobre 2026 au 25 octobre 2026,Semaine #51 du 19 oct 2026 au 25 oct 2026,12,51,Octobre,2026,19 octobre 2026
2026-10-20,2026,10,Octobre,mardi,2026 fiscale,Trimestre 4,51,Semaine #51 du 19 octobre 2026 au 25 octobre 2026,Semaine #51 du 19 oct 2026 au 25 oct 2026,12,51,Octobre,2026,19 octobre 2026
2026-10-21,2026,10,Octobre,mercredi,2026 fiscale,Trimestre 4,51,Semaine #51 du 19 octobre 2026 au 25 octobre 2026,Semaine #51 du 19 oct 2026 au 25 oct 2026,12,51,Octobre,2026,19 octobre 2026
2026-10-22,2026,10,Octobre,jeudi,2026 fiscale,Trimestre 4,51,Semaine #51 du 19 octobre 2026 au 25 octobre 2026,Semaine #51 du 19 oct 2026 au 25 oct 2026,12,51,Octobre,2026,19 octobre 2026
2026-10-23,2026,10,Octobre,vendredi,2026 fiscale,Trimestre 4,51,Semaine #51 du 19 octobre 2026 au 25 octobre 2026,Semaine #51 du 19 oct 2026 au 25 oct 2026,12,51,Octobre,2026,19 octobre 2026
2026-10-24,2026,10,Octobre,samedi,2026 fiscale,Trimestre 4,51,Semaine #51 du 19 octobre 2026 au 25 octobre 2026,Semaine #51 du 19 oct 2026 au 25 oct 2026,12,51,Octobre,2026,19 octobre 2026
2026-10-25,2026,10,Octobre,dimanche,2026 fiscale,Trimestre 4,51,Semaine #51 du 19 octobre 2026 au 25 octobre 2026,Semaine #51 du 19 oct 2026 au 25 oct 2026,12,51,Octobre,2026,19 octobre 2026
2026-10-26,2026,10,Octobre,lundi,2026 fiscale,Trimestre 4,52,Semaine #52 du 26 octobre 2026 au 1 novembre 2026,Semaine #52 du 26 oct 2026 au 1 nov 2026,12,52,Octobre,2026,26 octobre 2026
2026-10-27,2026,10,Octobre,mardi,2026 fiscale,Trimestre 4,52,Semaine #52 du 26 octobre 2026 au 1 novembre 2026,Semaine #52 du 26 oct 2026 au 1 nov 2026,12,52,Octobre,2026,26 octobre 2026
2026-10-28,2026,10,Octobre,mercredi,2026 fiscale,Trimestre 4,52,Semaine #52 du 26 octobre 2026 au 1 novembre 2026,Semaine #52 du 26 oct 2026 au 1 nov 2026,12,52,Octobre,2026,26 octobre 2026
2026-10-29,2026,10,Octobre,jeudi,2026 fiscale,Trimestre 4,52,Semaine #52 du 26 octobre 2026 au 1 novembre 2026,Semaine #52 du 26 oct 2026 au 1 nov 2026,12,52,Octobre,2026,26 octobre 2026
2026-10-30,2026,10,Octobre,vendredi,2026 fiscale,Trimestre 4,52,Semaine #52 du 26 octobre 2026 au 1 novembre 2026,Semaine #52 du 26 oct 2026 au 1 nov 2026,12,52,Octobre,2026,26 octobre 2026
2026-10-31,2026,10,Octobre,samedi,2026 fiscale,Trimestre 4,52,Semaine #52 du 26 octobre 2026 au 1 novembre 2026,Semaine #52 du 26 oct 2026 au 1 nov 2026,12,52,Octobre,2026,26 octobre 2026
2026-11-01,2026,11,Novembre,dimanche,2026 fiscale,Trimestre 1,52,Semaine #52 du 26 octobre 2026 au 1 novembre 2026,Semaine #52 du 26 oct 2026 au 1 nov 2026,1,52,Octobre,2026,26 octobre 2026
2026-11-02,2026,11,Novembre,lundi,2027 fiscale,Trimestre 1,1,Semaine #1 du 2 novembre 2026 au 8 novembre 2026,Semaine #1 du 2 nov 2026 au 8 nov 2026,1,1,Novembre,2027,2 novembre 2026
2026-11-03,2026,11,Novembre,mardi,2027 fiscale,Trimestre 1,1,Semaine #1 du 2 novembre 2026 au 8 novembre 2026,Semaine #1 du 2 nov 2026 au 8 nov 2026,1,1,Novembre,2027,2 novembre 2026
2026-11-04,2026,11,Novembre,mercredi,2027 fiscale,Trimestre 1,1,Semaine #1 du 2 novembre 2026 au 8 novembre 2026,Semaine #1 du 2 nov 2026 au 8 nov 2026,1,1,Novembre,2027,2 novembre 2026
2026-11-05,2026,11,Novembre,jeudi,2027 fiscale,Trimestre 1,1,Semaine #1 du 2 novembre 2026 au 8 novembre 2026,Semaine #1 du 2 nov 2026 au 8 nov 2026,1,1,Novembre,2027,2 novembre 2026
2026-11-06,2026,11,Novembre,vendredi,2027 fiscale,Trimestre 1,1,Semaine #1 du 2 novembre 2026 au 8 novembre 2026,Semaine #1 du 2 nov 2026 au 8 nov 2026,1,1,Novembre,2027,2 novembre 2026
2026-11-07,2026,11,Novembre,samedi,2027 fiscale,Trimestre 1,1,Semaine #1 du 2 novembre 2026 au 8 novembre 2026,Semaine #1 du 2 nov 2026 au 8 nov 2026,1,1,Novembre,2027,2 novembre 2026
2026-11-08,2026,11,Novembre,dimanche,2027 fiscale,Trimestre 1,1,Semaine #1 du 2 novembre 2026 au 8 novembre 2026,Semaine #1 du 2 nov 2026 au 8 nov 2026,1,1,Novembre,2027,2 novembre 2026
2026-11-09,2026,11,Novembre,lundi,2027 fiscale,Trimestre 1,2,Semaine #2 du 9 novembre 2026 au 15 novembre 2026,Semaine #2 du 9 nov 2026 au 15 nov 2026,1,2,Novembre,2027,9 novembre 2026
2026-11-10,2026,11,Novembre,mardi,2027 fiscale,Trimestre 1,2,Semaine #2 du 9 novembre 2026 au 15 novembre 2026,Semaine #2 du 9 nov 2026 au 15 nov 2026,1,2,Novembre,2027,9 novembre 2026
2026-11-11,2026,11,Novembre,mercredi,2027 fiscale,Trimestre 1,2,Semaine #2 du 9 novembre 2026 au 15 novembre 2026,Semaine #2 du 9 nov 2026 au 15 nov 2026,1,2,Novembre,2027,9 novembre 2026
2026-11-12,2026,11,Novembre,jeudi,2027 fiscale,Trimestre 1,2,Semaine #2 du 9 novembre 2026 au 15 novembre 2026,Semaine #2 du 9 nov 2026 au 15 nov 2026,1,2,Novembre,2027,9 novembre 2026
2026-11-13,2026,11,Novembre,vendredi,2027 fiscale,Trimestre 1,2,Semaine #2 du 9 novembre 2026 au 15 novembre 2026,Semaine #2 du 9 nov 2026 au 15 nov 2026,1,2,Novembre,2027,9 novembre 2026
2026-11-14,2026,11,Novembre,samedi,2027 fiscale,Trimestre 1,2,Semaine #2 du 9 novembre 2026 au 15 novembre 2026,Semaine #2 du 9 nov 2026 au 15 nov 2026,1,2,Novembre,2027,9 novembre 2026
2026-11-15,2026,11,Novembre,dimanche,2027 fiscale,Trimestre 1,2,Semaine #2 du 9 novembre 2026 au 15 novembre 2026,Semaine #2 du 9 nov 2026 au 15 nov 2026,1,2,Novembre,2027,9 novembre 2026
2026-11-16,2026,11,Novembre,lundi,2027 fiscale,Trimestre 1,3,Semaine #3 du 16 novembre 2026 au 22 novembre 2026,Semaine #3 du 16 nov 2026 au 22 nov 2026,1,3,Novembre,2027,16 novembre 2026
2026-11-17,2026,11,Novembre,mardi,2027 fiscale,Trimestre 1,3,Semaine #3 du 16 novembre 2026 au 22 novembre 2026,Semaine #3 du 16 nov 2026 au 22 nov 2026,1,3,Novembre,2027,16 novembre 2026
2026-11-18,2026,11,Novembre,mercredi,2027 fiscale,Trimestre 1,3,Semaine #3 du 16 novembre 2026 au 22 novembre 2026,Semaine #3 du 16 nov 2026 au 22 nov 2026,1,3,Novembre,2027,16 novembre 2026
2026-11-19,2026,11,Novembre,jeudi,2027 fiscale,Trimestre 1,3,Semaine #3 du 16 novembre 2026 au 22 novembre 2026,Semaine #3 du 16 nov 2026 au 22 nov 2026,1,3,Novembre,2027,16 novembre 2026
2026-11-20,2026,11,Novembre,vendredi,2027 fiscale,Trimestre 1,3,Semaine #3 du 16 novembre 2026 au 22 novembre 2026,Semaine #3 du 16 nov 2026 au 22 nov 2026,1,3,Novembre,2027,16 novembre 2026
2026-11-21,2026,11,Novembre,samedi,2027 fiscale,Trimestre 1,3,Semaine #3 du 16 novembre 2026 au 22 novembre 2026,Semaine #3 du 16 nov 2026 au 22 nov 2026,1,3,Novembre,2027,16 novembre 2026
2026-11-22,2026,11,Novembre,dimanche,2027 fiscale,Trimestre 1,3,Semaine #3 du 16 novembre 2026 au 22 novembre 2026,Semaine #3 du 16 nov 2026 au 22 nov 2026,1,3,Novembre,2027,16 novembre 2026
2026-11-23,2026,11,Novembre,lundi,2027 fiscale,Trimestre 1,4,Semaine #4 du 23 novembre 2026 au 29 novembre 2026,Semaine #4 du 23 nov 2026 au 29 nov 2026,1,4,Novembre,2027,23 novembre 2026
2026-11-24,2026,11,Novembre,mardi,2027 fiscale,Trimestre 1,4,Semaine #4 du 23 novembre 2026 au 29 novembre 2026,Semaine #4 du 23 nov 2026 au 29 nov 2026,1,4,Novembre,2027,23 novembre 2026
2026-11-25,2026,11,Novembre,mercredi,2027 fiscale,Trimestre 1,4,Semaine #4 du 23 novembre 2026 au 29 novembre 2026,Semaine #4 du 23 nov 2026 au 29 nov 2026,1,4,Novembre,2027,23 novembre 2026
2026-11-26,2026,11,Novembre,jeudi,2027 fiscale,Trimestre 1,4,Semaine #4 du 23 novembre 2026 au 29 novembre 2026,Semaine #4 du 23 nov 2026 au 29 nov 2026,1,4,Novembre,2027,23 novembre 2026
2026-11-27,2026,11,Novembre,vendredi,2027 fiscale,Trimestre 1,4,Semaine #4 du 23 novembre 2026 au 29 novembre 2026,Semaine #4 du 23 nov 2026 au 29 nov 2026,1,4,Novembre,2027,23 novembre 2026
2026-11-28,2026,11,Novembre,samedi,2027 fiscale,Trimestre 1,4,Semaine #4 du 23 novembre 2026 au 29 novembre 2026,Semaine #4 du 23 nov 2026 au 29 nov 2026,1,4,Novembre,2027,23 novembre 2026
2026-11-29,2026,11,Novembre,dimanche,2027 fiscale,Trimestre 1,4,Semaine #4 du 23 novembre 2026 au 29 novembre 2026,Semaine #4 du 23 nov 2026 au 29 nov 2026,1,4,Novembre,2027,23 novembre 2026
2026-11-30,2026,11,Novembre,lundi,2027 fiscale,Trimestre 1,5,Semaine #5 du 30 novembre 2026 au 6 décembre 2026,Semaine #5 du 30 nov 2026 au 6 déc 2026,1,5,Novembre,2027,30 novembre 2026
2026-12-01,2026,12,Décembre,mardi,2027 fiscale,Trimestre 1,5,Semaine #5 du 30 novembre 2026 au 6 décembre 2026,Semaine #5 du 30 nov 2026 au 6 déc 2026,2,5,Décembre,2027,30 novembre 2026
2026-12-02,2026,12,Décembre,mercredi,2027 fiscale,Trimestre 1,5,Semaine #5 du 30 novembre 2026 au 6 décembre 2026,Semaine #5 du 30 nov 2026 au 6 déc 2026,2,5,Décembre,2027,30 novembre 2026
2026-12-03,2026,12,Décembre,jeudi,2027 fiscale,Trimestre 1,5,Semaine #5 du 30 novembre 2026 au 6 décembre 2026,Semaine #5 du 30 nov 2026 au 6 déc 2026,2,5,Décembre,2027,30 novembre 2026
2026-12-04,2026,12,Décembre,vendredi,2027 fiscale,Trimestre 1,5,Semaine #5 du 30 novembre 2026 au 6 décembre 2026,Semaine #5 du 30 nov 2026 au 6 déc 2026,2,5,Décembre,2027,30 novembre 2026
2026-12-05,2026,12,Décembre,samedi,2027 fiscale,Trimestre 1,5,Semaine #5 du 30 novembre 2026 au 6 décembre 2026,Semaine #5 du 30 nov 2026 au 6 déc 2026,2,5,Décembre,2027,30 novembre 2026
2026-12-06,2026,12,Décembre,dimanche,2027 fiscale,Trimestre 1,5,Semaine #5 du 30 novembre 2026 au 6 décembre 2026,Semaine #5 du 30 nov 2026 au 6 déc 2026,2,5,Décembre,2027,30 novembre 2026
2026-12-07,2026,12,Décembre,lundi,2027 fiscale,Trimestre 1,6,Semaine #6 du 7 décembre 2026 au 13 décembre 2026,Semaine #6 du 7 déc 2026 au 13 déc 2026,2,6,Décembre,2027,7 décembre 2026
2026-12-08,2026,12,Décembre,mardi,2027 fiscale,Trimestre 1,6,Semaine #6 du 7 décembre 2026 au 13 décembre 2026,Semaine #6 du 7 déc 2026 au 13 déc 2026,2,6,Décembre,2027,7 décembre 2026
2026-12-09,2026,12,Décembre,mercredi,2027 fiscale,Trimestre 1,6,Semaine #6 du 7 décembre 2026 au 13 décembre 2026,Semaine #6 du 7 déc 2026 au 13 déc 2026,2,6,Décembre,2027,7 décembre 2026
2026-12-10,2026,12,Décembre,jeudi,2027 fiscale,Trimestre 1,6,Semaine #6 du 7 décembre 2026 au 13 décembre 2026,Semaine #6 du 7 déc 2026 au 13 déc 2026,2,6,Décembre,2027,7 décembre 2026
2026-12-11,2026,12,Décembre,vendredi,2027 fiscale,Trimestre 1,6,Semaine #6 du 7 décembre 2026 au 13 décembre 2026,Semaine #6 du 7 déc 2026 au 13 déc 2026,2,6,Décembre,2027,7 décembre 2026
2026-12-12,2026,12,Décembre,samedi,2027 fiscale,Trimestre 1,6,Semaine #6 du 7 décembre 2026 au 13 décembre 2026,Semaine #6 du 7 déc 2026 au 13 déc 2026,2,6,Décembre,2027,7 décembre 2026
2026-12-13,2026,12,Décembre,dimanche,2027 fiscale,Trimestre 1,6,Semaine #6 du 7 décembre 2026 au 13 décembre 2026,Semaine #6 du 7 déc 2026 au 13 déc 2026,2,6,Décembre,2027,7 décembre 2026
2026-12-14,2026,12,Décembre,lundi,2027 fiscale,Trimestre 1,7,Semaine #7 du 14 décembre 2026 au 20 décembre 2026,Semaine #7 du 14 déc 2026 au 20 déc 2026,2,7,Décembre,2027,14 décembre 2026
2026-12-15,2026,12,Décembre,mardi,2027 fiscale,Trimestre 1,7,Semaine #7 du 14 décembre 2026 au 20 décembre 2026,Semaine #7 du 14 déc 2026 au 20 déc 2026,2,7,Décembre,2027,14 décembre 2026
2026-12-16,2026,12,Décembre,mercredi,2027 fiscale,Trimestre 1,7,Semaine #7 du 14 décembre 2026 au 20 décembre 2026,Semaine #7 du 14 déc 2026 au 20 déc 2026,2,7,Décembre,2027,14 décembre 2026
2026-12-17,2026,12,Décembre,jeudi,2027 fiscale,Trimestre 1,7,Semaine #7 du 14 décembre 2026 au 20 décembre 2026,Semaine #7 du 14 déc 2026 au 20 déc 2026,2,7,Décembre,2027,14 décembre 2026
2026-12-18,2026,12,Décembre,vendredi,2027 fiscale,Trimestre 1,7,Semaine #7 du 14 décembre 2026 au 20 décembre 2026,Semaine #7 du 14 déc 2026 au 20 déc 2026,2,7,Décembre,2027,14 décembre 2026
2026-12-19,2026,12,Décembre,samedi,2027 fiscale,Trimestre 1,7,Semaine #7 du 14 décembre 2026 au 20 décembre 2026,Semaine #7 du 14 déc 2026 au 20 déc 2026,2,7,Décembre,2027,14 décembre 2026
2026-12-20,2026,12,Décembre,dimanche,2027 fiscale,Trimestre 1,7,Semaine #7 du 14 décembre 2026 au 20 décembre 2026,Semaine #7 du 14 déc 2026 au 20 déc 2026,2,7,Décembre,2027,14 décembre 2026
2026-12-21,2026,12,Décembre,lundi,2027 fiscale,Trimestre 1,8,Semaine #8 du 21 décembre 2026 au 27 décembre 2026,Semaine #8 du 21 déc 2026 au 27 déc 2026,2,8,Décembre,2027,21 décembre 2026
2026-12-22,2026,12,Décembre,mardi,2027 fiscale,Trimestre 1,8,Semaine #8 du 21 décembre 2026 au 27 décembre 2026,Semaine #8 du 21 déc 2026 au 27 déc 2026,2,8,Décembre,2027,21 décembre 2026
2026-12-23,2026,12,Décembre,mercredi,2027 fiscale,Trimestre 1,8,Semaine #8 du 21 décembre 2026 au 27 décembre 2026,Semaine #8 du 21 déc 2026 au 27 déc 2026,2,8,Décembre,2027,21 décembre 2026
2026-12-24,2026,12,Décembre,jeudi,2027 fiscale,Trimestre 1,8,Semaine #8 du 21 décembre 2026 au 27 décembre 2026,Semaine #8 du 21 déc 2026 au 27 déc 2026,2,8,Décembre,2027,21 décembre 2026
2026-12-25,2026,12,Décembre,vendredi,2027 fiscale,Trimestre 1,8,Semaine #8 du 21 décembre 2026 au 27 décembre 2026,Semaine #8 du 21 déc 2026 au 27 déc 2026,2,8,Décembre,2027,21 décembre 2026
2026-12-26,2026,12,Décembre,samedi,2027 fiscale,Trimestre 1,8,Semaine #8 du 21 décembre 2026 au 27 décembre 2026,Semaine #8 du 21 déc 2026 au 27 déc 2026,2,8,Décembre,2027,21 décembre 2026
2026-12-27,2026,12,Décembre,dimanche,2027 fiscale,Trimestre 1,8,Semaine #8 du 21 décembre 2026 au 27 décembre 2026,Semaine #8 du 21 déc 2026 au 27 déc 2026,2,8,Décembre,2027,21 décembre 2026
2026-12-28,2026,12,Décembre,lundi,2027 fiscale,Trimestre 1,9,Semaine #9 du 28 décembre 2026 au 3 janvier 2027,Semaine #9 du 28 déc 2026 au 3 jan 2027,2,9,Décembre,2027,28 décembre 2026
2026-12-29,2026,12,Décembre,mardi,2027 fiscale,Trimestre 1,9,Semaine #9 du 28 décembre 2026 au 3 janvier 2027,Semaine #9 du 28 déc 2026 au 3 jan 2027,2,9,Décembre,2027,28 décembre 2026
2026-12-30,2026,12,Décembre,mercredi,2027 fiscale,Trimestre 1,9,Semaine #9 du 28 décembre 2026 au 3 janvier 2027,Semaine #9 du 28 déc 2026 au 3 jan 2027,2,9,Décembre,2027,28 décembre 2026
2026-12-31,2026,12,Décembre,jeudi,2027 fiscale,Trimestre 1,9,Semaine #9 du 28 décembre 2026 au 3 janvier 2027,Semaine #9 du 28 déc 2026 au 3 jan 2027,2,9,Décembre,2027,28 décembre 2026
