week_ending,store_code,city,division_code,sales,units,n_transactions,avg_temp,max_temp,total_precip,sunshine_hours,rain_days,snow_days,bad_weather_days,n_holidays,has_holiday,month,week_of_yr,year,sin_week_1,cos_week_1,sin_week_2,cos_week_2,sin_month_1,cos_month_1,year_idx,quarter,is_summer_peak,is_spring_opening,is_fall_closing,is_winter_off,avg_temp_dev,avg_temp_dev_z,total_precip_dev,total_precip_dev_z,sunshine_hours_dev,sunshine_hours_dev_z,snow_days_dev,snow_days_dev_z,temp_above_20,temp_above_25,temp_below_0,cooling_degree_days,heating_degree_days,heavy_rain,very_hot,temp_lag1,temp_lag2,precip_lag1,sales_lag_1w,sales_lag_2w,sales_lag_4w,sales_lag_8w,sales_roll4_mean,sales_roll4_std,sales_roll12_mean
2025-06-08,CP08,Longueuil,AM,153.95,5.0,5,19.9,25.9,0.0,13.51,0,0,0,0,0,6,23,2025,0.35460488704253584,-0.9350162426854147,-0.6631226582407956,0.7485107481711007,1.2246467991473532e-16,-1.0,0,2,1,0,0,0,-1.0640476190476207,-0.5327767720819522,-20.878571428571426,-1.4232324126572475,-48.75166666666667,-2.807588679588262,0.0,0.0,0,0,0,1.8999999999999986,0.0,0,0,,,,,,,,,,
2025-06-15,CP08,Longueuil,AM,674.9300000000001,7.0,6,18.19,25.8,9.5,88.01,3,0,3,0,0,6,24,2025,0.23931566428755768,-0.970941817426052,-0.4647231720437684,0.88545602565321,1.2246467991473532e-16,-1.0,0,2,1,0,0,0,-2.774047619047618,-1.388986836322849,-11.378571428571426,-0.7756446231142645,25.748333333333335,1.4828360572615997,0.0,0.0,0,0,0,0.19000000000000128,0.0,0,0,19.9,,0.0,153.95,,,,,,
2025-06-22,CP08,Longueuil,AM,112.98,2.0,2,22.46,29.5,44.2,76.92,6,0,6,0,0,6,25,2025,0.12053668025532308,-0.992708874098054,-0.2393156642875578,0.970941817426052,1.2246467991473532e-16,-1.0,0,2,1,0,0,0,1.4959523809523816,0.7490347860798616,23.321428571428577,1.589754987111158,14.658333333333331,0.844167462205694,0.0,0.0,1,0,0,4.460000000000001,0.0,1,0,18.19,19.9,9.5,674.9300000000001,153.95,,,414.44000000000005,368.38849086256755,
2025-06-29,CP08,Longueuil,AM,3717.59,43.0,5,23.19,34.7,30.9,74.28,5,0,5,1,1,6,26,2025,-3.216245299353273e-16,-1.0,6.432490598706546e-16,1.0,1.2246467991473532e-16,-1.0,0,2,1,0,0,0,2.225952380952382,1.1145513632119413,10.021428571428572,0.6831320817509814,12.01833333333333,0.6921309346179942,0.0,0.0,1,0,0,5.190000000000001,0.0,1,0,22.46,18.19,44.2,112.98,674.9300000000001,,,313.9533333333334,313.2854140130583,
2025-07-06,CP08,Longueuil,AM,379.95,5.0,1,22.33,31.5,28.0,79.85,4,0,4,1,1,7,27,2025,-0.12053668025532283,-0.992708874098054,0.23931566428755732,0.9709418174260521,-0.4999999999999998,-0.8660254037844388,0,3,1,0,0,0,-0.7385714285714293,-0.3698083569027108,3.56190476190476,0.242804845402582,-6.883809523809518,-0.3964357941572486,0.0,0.0,1,0,0,4.329999999999998,0.0,1,0,23.19,22.46,30.9,3717.59,112.98,153.95,,1164.8625000000002,1720.9350578755145,1164.8625000000002
2025-07-13,CP08,Longueuil,AM,64.99,1.0,1,23.29,31.6,41.5,88.96,5,0,5,0,0,7,28,2025,-0.23931566428755743,-0.9709418174260521,0.46472317204376795,0.8854560256532102,-0.4999999999999998,-0.8660254037844388,0,3,1,0,0,0,0.22142857142857153,0.11087097740796933,17.06190476190476,1.1630611779110316,2.2261904761904816,0.12820540520788207,0.0,0.0,1,0,0,5.289999999999999,0.0,1,0,22.33,23.19,28.0,379.95,3717.59,674.9300000000001,,1221.3625000000002,1679.9034664998858,1007.8800000000001
2025-07-20,CP08,Longueuil,AM,292.54,8.0,5,23.79,33.3,19.9,88.96,3,0,3,0,0,7,29,2025,-0.3546048870425356,-0.9350162426854148,0.6631226582407952,0.7485107481711011,-0.4999999999999998,-0.8660254037844388,0,3,1,0,0,0,0.7214285714285715,0.36122479736144836,-4.5380952380952415,-0.30934895410248786,2.2261904761904816,0.12820540520788207,0.0,0.0,1,0,0,5.789999999999999,0.0,1,0,23.29,22.33,41.5,64.99,379.95,112.98,,1068.8775,1771.2358351421378,850.7316666666667
2025-08-03,CP08,Longueuil,AM,27.99,1.0,1,22.59,30.7,2.6,91.09,3,0,3,0,0,8,31,2025,-0.5680647467311556,-0.8229838658936565,0.9350162426854147,0.354604887042536,-0.8660254037844384,-0.5000000000000004,0,3,1,0,0,0,0.6556122448979558,0.32827005983695806,-8.458163265306123,-0.5765687634287633,6.513163265306119,0.37509042669276765,0.0,0.0,1,0,0,4.59,0.0,0,0,23.79,23.29,19.9,292.54,64.99,3717.59,,1113.7675000000002,1740.9507542408162,770.99
2025-08-17,CP08,Longueuil,AM,472.94,6.0,6,24.84,34.8,9.6,83.63,2,0,2,0,0,8,33,2025,-0.7485107481711011,-0.6631226582407952,0.992708874098054,-0.12053668025532309,-0.8660254037844384,-0.5000000000000004,0,3,1,0,0,0,2.9056122448979558,1.4548622496276136,-1.4581632653061227,-0.09939881323919687,-0.9468367346938891,-0.05452794293005116,0.0,0.0,1,0,0,6.84,0.0,0,0,22.59,23.79,2.6,27.99,292.54,379.95,153.95,191.3675,171.71945538678145,678.115
2025-08-24,CP08,Longueuil,AM,227.98,2.0,2,20.4,30.6,12.5,79.64,3,0,3,0,0,8,34,2025,-0.8229838658936564,-0.5680647467311559,0.9350162426854149,-0.35460488704253545,-0.8660254037844384,-0.5000000000000004,0,3,1,0,0,0,-1.5343877551020455,-0.7682796715592808,1.4418367346938776,0.09828588041076639,-4.936836734693884,-0.2843104221250971,0.0,0.0,1,0,0,2.3999999999999986,0.0,1,0,24.84,22.59,9.6,472.94,27.99,64.99,674.9300000000001,214.615,208.18312651765552,655.3177777777778
2025-09-14,CP08,Longueuil,AM,149.99,1.0,1,16.24,23.4,0.2,83.13,1,0,1,0,0,9,37,2025,-0.970941817426052,-0.23931566428755774,0.4647231720437685,-0.8854560256532099,-1.0,-1.8369701987210297e-16,0,3,0,0,1,0,-1.1400000000000006,-0.5708067094939324,-14.018181818181818,-0.9555793028471578,6.239999999999995,0.3593590652072901,0.0,0.0,0,0,0,0.0,1.7600000000000016,0,0,20.4,24.84,12.5,227.98,472.94,292.54,112.98,255.3625,183.63931140054459,612.5840000000001
2025-06-08,CP08,Longueuil,AP,59742.19,1921.0,1292,19.9,25.9,0.0,13.51,0,0,0,0,0,6,23,2025,0.35460488704253584,-0.9350162426854147,-0.6631226582407956,0.7485107481711007,1.2246467991473532e-16,-1.0,0,2,1,0,0,0,-1.0640476190476207,-0.5327767720819522,-20.878571428571426,-1.4232324126572475,-48.75166666666667,-2.807588679588262,0.0,0.0,0,0,0,1.8999999999999986,0.0,0,0,,,,,,,,,,
2025-06-15,CP08,Longueuil,AP,72978.14,1672.5,1253,18.19,25.8,9.5,88.01,3,0,3,0,0,6,24,2025,0.23931566428755768,-0.970941817426052,-0.4647231720437684,0.88545602565321,1.2246467991473532e-16,-1.0,0,2,1,0,0,0,-2.774047619047618,-1.388986836322849,-11.378571428571426,-0.7756446231142645,25.748333333333335,1.4828360572615997,0.0,0.0,0,0,0,0.19000000000000128,0.0,0,0,19.9,,0.0,59742.19,,,,,,
2025-06-22,CP08,Longueuil,AP,73904.55,1483.5,1049,22.46,29.5,44.2,76.92,6,0,6,0,0,6,25,2025,0.12053668025532308,-0.992708874098054,-0.2393156642875578,0.970941817426052,1.2246467991473532e-16,-1.0,0,2,1,0,0,0,1.4959523809523816,0.7490347860798616,23.321428571428577,1.589754987111158,14.658333333333331,0.844167462205694,0.0,0.0,1,0,0,4.460000000000001,0.0,1,0,18.19,19.9,9.5,72978.14,59742.19,,,66360.16500000001,9359.230000446076,
2025-06-29,CP08,Longueuil,AP,53448.27,1169.5,859,23.19,34.7,30.9,74.28,5,0,5,1,1,6,26,2025,-3.216245299353273e-16,-1.0,6.432490598706546e-16,1.0,1.2246467991473532e-16,-1.0,0,2,1,0,0,0,2.225952380952382,1.1145513632119413,10.021428571428572,0.6831320817509814,12.01833333333333,0.6921309346179942,0.0,0.0,1,0,0,5.190000000000001,0.0,1,0,22.46,18.19,44.2,73904.55,72978.14,,,68874.96,7922.763077153065,
2025-07-06,CP08,Longueuil,AP,43713.93,939.5,692,22.33,31.5,28.0,79.85,4,0,4,1,1,7,27,2025,-0.12053668025532283,-0.992708874098054,0.23931566428755732,0.9709418174260521,-0.4999999999999998,-0.8660254037844388,0,3,1,0,0,0,-0.7385714285714293,-0.3698083569027108,3.56190476190476,0.242804845402582,-6.883809523809518,-0.3964357941572486,0.0,0.0,1,0,0,4.329999999999998,0.0,1,0,23.19,22.46,30.9,53448.27,73904.55,59742.19,,65018.2875,10066.899933618675,65018.2875
2025-07-13,CP08,Longueuil,AP,55345.59,916.5,647,23.29,31.6,41.5,88.96,5,0,5,0,0,7,28,2025,-0.23931566428755743,-0.9709418174260521,0.46472317204376795,0.8854560256532102,-0.4999999999999998,-0.8660254037844388,0,3,1,0,0,0,0.22142857142857153,0.11087097740796933,17.06190476190476,1.1630611779110316,2.2261904761904816,0.12820540520788207,0.0,0.0,1,0,0,5.289999999999999,0.0,1,0,22.33,23.19,28.0,43713.93,53448.27,72978.14,,61011.2225,14897.869946426072,60757.416000000005
2025-07-20,CP08,Longueuil,AP,42739.39,805.0,568,23.79,33.3,19.9,88.96,3,0,3,0,0,7,29,2025,-0.3546048870425356,-0.9350162426854148,0.6631226582407952,0.7485107481711011,-0.4999999999999998,-0.8660254037844388,0,3,1,0,0,0,0.7214285714285715,0.36122479736144836,-4.5380952380952415,-0.30934895410248786,2.2261904761904816,0.12820540520788207,0.0,0.0,1,0,0,5.789999999999999,0.0,1,0,23.29,22.33,41.5,55345.59,43713.93,73904.55,,56603.08499999999,12609.58840353246,59855.445
2025-07-27,CP08,Longueuil,AP,36264.53,616.5,462,22.77,33.2,7.1,88.72,3,0,3,0,0,7,30,2025,-0.46472317204376806,-0.8854560256532101,0.8229838658936558,0.5680647467311567,-0.4999999999999998,-0.8660254037844388,0,3,1,0,0,0,-0.29857142857142804,-0.14949699534364863,-17.338095238095242,-1.1818882915919808,1.9861904761904867,0.11438390269990967,0.0,0.0,1,0,0,4.77,0.0,0,0,23.79,23.29,19.9,42739.39,55345.59,53448.27,,48811.795,6507.680272055502,57410.294285714284
2025-08-03,CP08,Longueuil,AP,32043.9,693.0,502,22.59,30.7,2.6,91.09,3,0,3,0,0,8,31,2025,-0.5680647467311556,-0.8229838658936565,0.9350162426854147,0.354604887042536,-0.8660254037844384,-0.5000000000000004,0,3,1,0,0,0,0.6556122448979558,0.32827005983695806,-8.458163265306123,-0.5765687634287633,6.513163265306119,0.37509042669276765,0.0,0.0,1,0,0,4.59,0.0,0,0,22.77,23.79,7.1,36264.53,42739.39,43713.93,59742.19,44515.86,7940.747992215038,54767.073749999996
2025-08-10,CP08,Longueuil,AP,32202.84,1033.0,409,24.26,34.0,1.0,96.27,3,0,3,0,0,8,32,2025,-0.663122658240795,-0.7485107481711013,0.9927088740980539,0.12053668025532369,-0.8660254037844384,-0.5000000000000004,0,3,1,0,0,0,2.3256122448979575,1.1644518184815789,-10.058163265306122,-0.6856361806149499,11.693163265306111,0.6734045224898448,0.0,0.0,1,0,0,6.260000000000002,0.0,0,0,22.59,22.77,2.6,32043.9,36264.53,55345.59,72978.14,41598.3525,10165.722313967277,52242.276666666665
2025-08-17,CP08,Longueuil,AP,26734.67,418.5,371,24.84,34.8,9.6,83.63,2,0,2,0,0,8,33,2025,-0.7485107481711011,-0.6631226582407952,0.992708874098054,-0.12053668025532309,-0.8660254037844384,-0.5000000000000004,0,3,1,0,0,0,2.9056122448979558,1.4548622496276136,-1.4581632653061227,-0.09939881323919687,-0.9468367346938891,-0.05452794293005116,0.0,0.0,1,0,0,6.84,0.0,0,0,24.26,22.59,1.0,32202.84,32043.9,42739.39,73904.55,35812.665,5013.918207008104,50238.333
2025-08-24,CP08,Longueuil,AP,18371.33,335.0,252,20.4,30.6,12.5,79.64,3,0,3,0,0,8,34,2025,-0.8229838658936564,-0.5680647467311559,0.9350162426854149,-0.35460488704253545,-0.8660254037844384,-0.5000000000000004,0,3,1,0,0,0,-1.5343877551020455,-0.7682796715592808,1.4418367346938776,0.09828588041076639,-4.936836734693884,-0.2843104221250971,0.0,0.0,1,0,0,2.3999999999999986,0.0,1,0,24.84,24.26,9.6,26734.67,32202.84,36264.53,53448.27,31811.485,3907.720383399267,48101.63636363636
2025-08-31,CP08,Longueuil,AP,11194.0,365.0,205,17.29,24.7,29.8,71.82,4,0,4,0,0,8,35,2025,-0.8854560256532096,-0.4647231720437691,0.8229838658936571,-0.5680647467311547,-0.8660254037844384,-0.5000000000000004,0,3,1,0,0,0,-4.644387755102045,-2.32548043166992,18.741836734693877,1.2775773287364092,-12.756836734693891,-0.734661045509875,0.0,0.0,0,0,0,0.0,0.7100000000000009,1,0,20.4,24.84,12.5,18371.33,26734.67,32043.9,43713.93,27338.185,6495.571334288786,45624.11083333333
2025-09-07,CP08,Longueuil,AP,12361.94,239.0,180,18.33,26.1,25.9,71.69,5,0,5,1,1,9,36,2025,-0.9350162426854147,-0.3546048870425359,0.6631226582407956,-0.7485107481711007,-1.0,-1.8369701987210297e-16,0,3,0,0,1,0,0.9499999999999993,0.4756722579116098,11.681818181818182,0.7963160857059648,-5.200000000000003,-0.2994658876727422,0.0,0.0,0,0,0,0.3299999999999983,0.0,1,0,17.29,20.4,29.8,11194.0,18371.33,32202.84,55345.59,22125.71,9244.614901426,41578.42833333334
2025-09-14,CP08,Longueuil,AP,3203.16,95.0,72,16.24,23.4,0.2,83.13,1,0,1,0,0,9,37,2025,-0.970941817426052,-0.23931566428755774,0.4647231720437685,-0.8854560256532099,-1.0,-1.8369701987210297e-16,0,3,0,0,1,0,-1.1400000000000006,-0.5708067094939324,-14.018181818181818,-0.9555793028471578,6.239999999999995,0.3593590652072901,0.0,0.0,0,0,0,0.0,1.7600000000000016,0,0,18.33,17.29,25.9,12361.94,11194.0,26734.67,42739.39,17165.485,7112.337670098427,36527.07833333333
2025-06-08,CP08,Longueuil,AS,9358.32,720.0,95,19.9,25.9,0.0,13.51,0,0,0,0,0,6,23,2025,0.35460488704253584,-0.9350162426854147,-0.6631226582407956,0.7485107481711007,1.2246467991473532e-16,-1.0,0,2,1,0,0,0,-1.0640476190476207,-0.5327767720819522,-20.878571428571426,-1.4232324126572475,-48.75166666666667,-2.807588679588262,0.0,0.0,0,0,0,1.8999999999999986,0.0,0,0,,,,,,,,,,
2025-06-15,CP08,Longueuil,AS,5661.65,609.0,99,18.19,25.8,9.5,88.01,3,0,3,0,0,6,24,2025,0.23931566428755768,-0.970941817426052,-0.4647231720437684,0.88545602565321,1.2246467991473532e-16,-1.0,0,2,1,0,0,0,-2.774047619047618,-1.388986836322849,-11.378571428571426,-0.7756446231142645,25.748333333333335,1.4828360572615997,0.0,0.0,0,0,0,0.19000000000000128,0.0,0,0,19.9,,0.0,9358.32,,,,,,
2025-06-22,CP08,Longueuil,AS,2638.95,394.0,66,22.46,29.5,44.2,76.92,6,0,6,0,0,6,25,2025,0.12053668025532308,-0.992708874098054,-0.2393156642875578,0.970941817426052,1.2246467991473532e-16,-1.0,0,2,1,0,0,0,1.4959523809523816,0.7490347860798616,23.321428571428577,1.589754987111158,14.658333333333331,0.844167462205694,0.0,0.0,1,0,0,4.460000000000001,0.0,1,0,18.19,19.9,9.5,5661.65,9358.32,,,7509.985,2613.9404248088745,
2025-06-29,CP08,Longueuil,AS,6778.9800000000005,368.0,68,23.19,34.7,30.9,74.28,5,0,5,1,1,6,26,2025,-3.216245299353273e-16,-1.0,6.432490598706546e-16,1.0,1.2246467991473532e-16,-1.0,0,2,1,0,0,0,2.225952380952382,1.1145513632119413,10.021428571428572,0.6831320817509814,12.01833333333333,0.6921309346179942,0.0,0.0,1,0,0,5.190000000000001,0.0,1,0,22.46,18.19,44.2,2638.95,5661.65,,,5886.306666666666,3365.313694536266,
2025-07-06,CP08,Longueuil,AS,2559.5299999999997,233.0,52,22.33,31.5,28.0,79.85,4,0,4,1,1,7,27,2025,-0.12053668025532283,-0.992708874098054,0.23931566428755732,0.9709418174260521,-0.4999999999999998,-0.8660254037844388,0,3,1,0,0,0,-0.7385714285714293,-0.3698083569027108,3.56190476190476,0.242804845402582,-6.883809523809518,-0.3964357941572486,0.0,0.0,1,0,0,4.329999999999998,0.0,1,0,23.19,22.46,30.9,6778.9800000000005,2638.95,9358.32,,6109.475,2783.781707515875,6109.475
2025-07-13,CP08,Longueuil,AS,2633.88,289.0,55,23.29,31.6,41.5,88.96,5,0,5,0,0,7,28,2025,-0.23931566428755743,-0.9709418174260521,0.46472317204376795,0.8854560256532102,-0.4999999999999998,-0.8660254037844388,0,3,1,0,0,0,0.22142857142857153,0.11087097740796933,17.06190476190476,1.1630611779110316,2.2261904761904816,0.12820540520788207,0.0,0.0,1,0,0,5.289999999999999,0.0,1,0,22.33,23.19,28.0,2559.5299999999997,6778.9800000000005,5661.65,,4409.7775,2140.058495172115,5399.486
2025-07-20,CP08,Longueuil,AS,4535.14,563.0,41,23.79,33.3,19.9,88.96,3,0,3,0,0,7,29,2025,-0.3546048870425356,-0.9350162426854148,0.6631226582407952,0.7485107481711011,-0.4999999999999998,-0.8660254037844388,0,3,1,0,0,0,0.7214285714285715,0.36122479736144836,-4.5380952380952415,-0.30934895410248786,2.2261904761904816,0.12820540520788207,0.0,0.0,1,0,0,5.789999999999999,0.0,1,0,23.29,22.33,41.5,2633.88,2559.5299999999997,2638.95,,3652.835,2084.412824538365,4938.551666666666
2025-07-27,CP08,Longueuil,AS,4168.55,249.0,57,22.77,33.2,7.1,88.72,3,0,3,0,0,7,30,2025,-0.46472317204376806,-0.8854560256532101,0.8229838658936558,0.5680647467311567,-0.4999999999999998,-0.8660254037844388,0,3,1,0,0,0,-0.29857142857142804,-0.14949699534364863,-17.338095238095242,-1.1818882915919808,1.9861904761904867,0.11438390269990967,0.0,0.0,1,0,0,4.77,0.0,0,0,23.79,23.29,19.9,4535.14,2633.88,6778.9800000000005,,4126.8825,1990.4727796912146,4880.921428571428
2025-08-03,CP08,Longueuil,AS,2476.87,342.0,46,22.59,30.7,2.6,91.09,3,0,3,0,0,8,31,2025,-0.5680647467311556,-0.8229838658936565,0.9350162426854147,0.354604887042536,-0.8660254037844384,-0.5000000000000004,0,3,1,0,0,0,0.6556122448979558,0.32827005983695806,-8.458163265306123,-0.5765687634287633,6.513163265306119,0.37509042669276765,0.0,0.0,1,0,0,4.59,0.0,0,0,22.77,23.79,7.1,4168.55,4535.14,2559.5299999999997,9358.32,3474.275,1024.772250291093,4791.875
2025-08-10,CP08,Longueuil,AS,1991.73,107.0,36,24.26,34.0,1.0,96.27,3,0,3,0,0,8,32,2025,-0.663122658240795,-0.7485107481711013,0.9927088740980539,0.12053668025532369,-0.8660254037844384,-0.5000000000000004,0,3,1,0,0,0,2.3256122448979575,1.1644518184815789,-10.058163265306122,-0.6856361806149499,11.693163265306111,0.6734045224898448,0.0,0.0,1,0,0,6.260000000000002,0.0,0,0,22.59,22.77,2.6,2476.87,4168.55,2633.88,5661.65,3453.6099999999997,1049.89279532087,4534.652222222223
2025-08-17,CP08,Longueuil,AS,2699.25,196.0,38,24.84,34.8,9.6,83.63,2,0,2,0,0,8,33,2025,-0.7485107481711011,-0.6631226582407952,0.992708874098054,-0.12053668025532309,-0.8660254037844384,-0.5000000000000004,0,3,1,0,0,0,2.9056122448979558,1.4548622496276136,-1.4581632653061227,-0.09939881323919687,-0.9468367346938891,-0.05452794293005116,0.0,0.0,1,0,0,6.84,0.0,0,0,24.26,22.59,1.0,1991.73,2476.87,4535.14,2638.95,3293.0725,1247.5137074564234,4280.36
2025-08-24,CP08,Longueuil,AS,724.72,78.0,17,20.4,30.6,12.5,79.64,3,0,3,0,0,8,34,2025,-0.8229838658936564,-0.5680647467311559,0.9350162426854149,-0.35460488704253545,-0.8660254037844384,-0.5000000000000004,0,3,1,0,0,0,-1.5343877551020455,-0.7682796715592808,1.4418367346938776,0.09828588041076639,-4.936836734693884,-0.2843104221250971,0.0,0.0,1,0,0,2.3999999999999986,0.0,1,0,24.84,24.26,9.6,2699.25,1991.73,4168.55,6778.9800000000005,2834.1000000000004,937.3974281310304,4136.622727272727
2025-08-31,CP08,Longueuil,AS,2836.35,170.0,39,17.29,24.7,29.8,71.82,4,0,4,0,0,8,35,2025,-0.8854560256532096,-0.4647231720437691,0.8229838658936571,-0.5680647467311547,-0.8660254037844384,-0.5000000000000004,0,3,1,0,0,0,-4.644387755102045,-2.32548043166992,18.741836734693877,1.2775773287364092,-12.756836734693891,-0.734661045509875,0.0,0.0,0,0,0,0.0,0.7100000000000009,1,0,20.4,24.84,12.5,724.72,2699.25,2476.87,2559.5299999999997,1973.1425,883.1530123134596,3852.2975
2025-09-07,CP08,Longueuil,AS,541.9,35.5,17,18.33,26.1,25.9,71.69,5,0,5,1,1,9,36,2025,-0.9350162426854147,-0.3546048870425359,0.6631226582407956,-0.7485107481711007,-1.0,-1.8369701987210297e-16,0,3,0,0,1,0,0.9499999999999993,0.4756722579116098,11.681818181818182,0.7963160857059648,-5.200000000000003,-0.2994658876727422,0.0,0.0,0,0,0,0.3299999999999983,0.0,1,0,17.29,20.4,29.8,2836.35,724.72,1991.73,2633.88,2063.0125,965.9118413318082,3308.7999999999997
2025-09-14,CP08,Longueuil,AS,454.57,45.0,8,16.24,23.4,0.2,83.13,1,0,1,0,0,9,37,2025,-0.970941817426052,-0.23931566428755774,0.4647231720437685,-0.8854560256532099,-1.0,-1.8369701987210297e-16,0,3,0,0,1,0,-1.1400000000000006,-0.5708067094939324,-14.018181818181818,-0.9555793028471578,6.239999999999995,0.3593590652072901,0.0,0.0,0,0,0,0.0,1.7600000000000016,0,0,18.33,17.29,25.9,541.9,2836.35,2699.25,4535.14,1700.555,1235.874500276358,2882.1541666666667
2025-06-08,CP08,Longueuil,AZ,14.96,4.0,3,19.9,25.9,0.0,13.51,0,0,0,0,0,6,23,2025,0.35460488704253584,-0.9350162426854147,-0.6631226582407956,0.7485107481711007,1.2246467991473532e-16,-1.0,0,2,1,0,0,0,-1.0640476190476207,-0.5327767720819522,-20.878571428571426,-1.4232324126572475,-48.75166666666667,-2.807588679588262,0.0,0.0,0,0,0,1.8999999999999986,0.0,0,0,,,,,,,,,,
2025-06-15,CP08,Longueuil,AZ,41.900000000000006,10.0,10,18.19,25.8,9.5,88.01,3,0,3,0,0,6,24,2025,0.23931566428755768,-0.970941817426052,-0.4647231720437684,0.88545602565321,1.2246467991473532e-16,-1.0,0,2,1,0,0,0,-2.774047619047618,-1.388986836322849,-11.378571428571426,-0.7756446231142645,25.748333333333335,1.4828360572615997,0.0,0.0,0,0,0,0.19000000000000128,0.0,0,0,19.9,,0.0,14.96,,,,,,
2025-06-22,CP08,Longueuil,AZ,2.99,1.0,1,22.46,29.5,44.2,76.92,6,0,6,0,0,6,25,2025,0.12053668025532308,-0.992708874098054,-0.2393156642875578,0.970941817426052,1.2246467991473532e-16,-1.0,0,2,1,0,0,0,1.4959523809523816,0.7490347860798616,23.321428571428577,1.589754987111158,14.658333333333331,0.844167462205694,0.0,0.0,1,0,0,4.460000000000001,0.0,1,0,18.19,19.9,9.5,41.900000000000006,14.96,,,28.430000000000003,19.049456685165595,
2025-06-29,CP08,Longueuil,AZ,5.98,2.0,4,23.19,34.7,30.9,74.28,5,0,5,1,1,6,26,2025,-3.216245299353273e-16,-1.0,6.432490598706546e-16,1.0,1.2246467991473532e-16,-1.0,0,2,1,0,0,0,2.225952380952382,1.1145513632119413,10.021428571428572,0.6831320817509814,12.01833333333333,0.6921309346179942,0.0,0.0,1,0,0,5.190000000000001,0.0,1,0,22.46,18.19,44.2,2.99,41.900000000000006,,,19.950000000000003,19.929177102931273,
2025-07-06,CP08,Longueuil,AZ,11.97,3.0,3,22.33,31.5,28.0,79.85,4,0,4,1,1,7,27,2025,-0.12053668025532283,-0.992708874098054,0.23931566428755732,0.9709418174260521,-0.4999999999999998,-0.8660254037844388,0,3,1,0,0,0,-0.7385714285714293,-0.3698083569027108,3.56190476190476,0.242804845402582,-6.883809523809518,-0.3964357941572486,0.0,0.0,1,0,0,4.329999999999998,0.0,1,0,23.19,22.46,30.9,5.98,2.99,14.96,,16.457500000000003,17.707953721421347,16.457500000000003
2025-07-13,CP08,Longueuil,AZ,8.98,2.0,2,23.29,31.6,41.5,88.96,5,0,5,0,0,7,28,2025,-0.23931566428755743,-0.9709418174260521,0.46472317204376795,0.8854560256532102,-0.4999999999999998,-0.8660254037844388,0,3,1,0,0,0,0.22142857142857153,0.11087097740796933,17.06190476190476,1.1630611779110316,2.2261904761904816,0.12820540520788207,0.0,0.0,1,0,0,5.289999999999999,0.0,1,0,22.33,23.19,28.0,11.97,5.98,41.900000000000006,,15.71,17.854737933295656,15.560000000000002
2025-07-20,CP08,Longueuil,AZ,8.98,2.0,2,23.79,33.3,19.9,88.96,3,0,3,0,0,7,29,2025,-0.3546048870425356,-0.9350162426854148,0.6631226582407952,0.7485107481711011,-0.4999999999999998,-0.8660254037844388,0,3,1,0,0,0,0.7214285714285715,0.36122479736144836,-4.5380952380952415,-0.30934895410248786,2.2261904761904816,0.12820540520788207,0.0,0.0,1,0,0,5.789999999999999,0.0,1,0,23.29,22.33,41.5,8.98,11.97,2.99,,7.48,3.8652382419026527,14.463333333333333
2025-07-27,CP08,Longueuil,AZ,14.96,4.0,3,22.77,33.2,7.1,88.72,3,0,3,0,0,7,30,2025,-0.46472317204376806,-0.8854560256532101,0.8229838658936558,0.5680647467311567,-0.4999999999999998,-0.8660254037844388,0,3,1,0,0,0,-0.29857142857142804,-0.14949699534364863,-17.338095238095242,-1.1818882915919808,1.9861904761904867,0.11438390269990967,0.0,0.0,1,0,0,4.77,0.0,0,0,23.79,23.29,19.9,8.98,8.98,5.98,,8.9775,2.4454089637522887,13.680000000000001
2025-08-03,CP08,Longueuil,AZ,11.98,2.0,2,22.59,30.7,2.6,91.09,3,0,3,0,0,8,31,2025,-0.5680647467311556,-0.8229838658936565,0.9350162426854147,0.354604887042536,-0.8660254037844384,-0.5000000000000004,0,3,1,0,0,0,0.6556122448979558,0.32827005983695806,-8.458163265306123,-0.5765687634287633,6.513163265306119,0.37509042669276765,0.0,0.0,1,0,0,4.59,0.0,0,0,22.77,23.79,7.1,14.96,8.98,11.97,14.96,11.2225,2.8627070521914604,13.840000000000002
2025-08-10,CP08,Longueuil,AZ,14.96,4.0,4,24.26,34.0,1.0,96.27,3,0,3,0,0,8,32,2025,-0.663122658240795,-0.7485107481711013,0.9927088740980539,0.12053668025532369,-0.8660254037844384,-0.5000000000000004,0,3,1,0,0,0,2.3256122448979575,1.1644518184815789,-10.058163265306122,-0.6856361806149499,11.693163265306111,0.6734045224898448,0.0,0.0,1,0,0,6.260000000000002,0.0,0,0,22.59,22.77,2.6,11.98,14.96,8.98,41.900000000000006,11.225000000000001,2.8635816733594406,13.633333333333335
2025-08-17,CP08,Longueuil,AZ,3.0,0.0,2,24.84,34.8,9.6,83.63,2,0,2,0,0,8,33,2025,-0.7485107481711011,-0.6631226582407952,0.992708874098054,-0.12053668025532309,-0.8660254037844384,-0.5000000000000004,0,3,1,0,0,0,2.9056122448979558,1.4548622496276136,-1.4581632653061227,-0.09939881323919687,-0.9468367346938891,-0.05452794293005116,0.0,0.0,1,0,0,6.84,0.0,0,0,24.26,22.59,1.0,14.96,11.98,8.98,2.99,12.72,2.861840899374631,13.766000000000002
2025-08-24,CP08,Longueuil,AZ,195.74,26.0,3,20.4,30.6,12.5,79.64,3,0,3,0,0,8,34,2025,-0.8229838658936564,-0.5680647467311559,0.9350162426854149,-0.35460488704253545,-0.8660254037844384,-0.5000000000000004,0,3,1,0,0,0,-1.5343877551020455,-0.7682796715592808,1.4418367346938776,0.09828588041076639,-4.936836734693884,-0.2843104221250971,0.0,0.0,1,0,0,2.3999999999999986,0.0,1,0,24.84,24.26,9.6,3.0,14.96,14.96,5.98,11.225000000000001,5.660421067965414,12.787272727272729
2025-08-31,CP08,Longueuil,AZ,1606.8200000000002,18.0,17,17.29,24.7,29.8,71.82,4,0,4,0,0,8,35,2025,-0.8854560256532096,-0.4647231720437691,0.8229838658936571,-0.5680647467311547,-0.8660254037844384,-0.5000000000000004,0,3,1,0,0,0,-4.644387755102045,-2.32548043166992,18.741836734693877,1.2775773287364092,-12.756836734693891,-0.734661045509875,0.0,0.0,0,0,0,0.0,0.7100000000000009,1,0,20.4,24.84,12.5,195.74,3.0,11.98,11.97,56.42,93.01900164303349,28.033333333333335
2025-09-07,CP08,Longueuil,AZ,3528.82,78.0,54,18.33,26.1,25.9,71.69,5,0,5,1,1,9,36,2025,-0.9350162426854147,-0.3546048870425359,0.6631226582407956,-0.7485107481711007,-1.0,-1.8369701987210297e-16,0,3,0,0,1,0,0.9499999999999993,0.4756722579116098,11.681818181818182,0.7963160857059648,-5.200000000000003,-0.2994658876727422,0.0,0.0,0,0,0,0.3299999999999983,0.0,1,0,17.29,20.4,29.8,1606.8200000000002,195.74,14.96,8.98,455.13000000000005,772.8398268722958,160.68833333333336
2025-09-14,CP08,Longueuil,AZ,1465.22,28.0,29,16.24,23.4,0.2,83.13,1,0,1,0,0,9,37,2025,-0.970941817426052,-0.23931566428755774,0.4647231720437685,-0.8854560256532099,-1.0,-1.8369701987210297e-16,0,3,0,0,1,0,-1.1400000000000006,-0.5708067094939324,-14.018181818181818,-0.9555793028471578,6.239999999999995,0.3593590652072901,0.0,0.0,0,0,0,0.0,1.7600000000000016,0,0,18.33,17.29,25.9,3528.82,1606.8200000000002,3.0,8.98,1333.595,1628.7890958520893,451.26500000000004
2025-06-08,CP08,Longueuil,BQ,1779.48,28.0,25,19.9,25.9,0.0,13.51,0,0,0,0,0,6,23,2025,0.35460488704253584,-0.9350162426854147,-0.6631226582407956,0.7485107481711007,1.2246467991473532e-16,-1.0,0,2,1,0,0,0,-1.0640476190476207,-0.5327767720819522,-20.878571428571426,-1.4232324126572475,-48.75166666666667,-2.807588679588262,0.0,0.0,0,0,0,1.8999999999999986,0.0,0,0,,,,,,,,,,
2025-06-15,CP08,Longueuil,BQ,1353.29,9.0,12,18.19,25.8,9.5,88.01,3,0,3,0,0,6,24,2025,0.23931566428755768,-0.970941817426052,-0.4647231720437684,0.88545602565321,1.2246467991473532e-16,-1.0,0,2,1,0,0,0,-2.774047619047618,-1.388986836322849,-11.378571428571426,-0.7756446231142645,25.748333333333335,1.4828360572615997,0.0,0.0,0,0,0,0.19000000000000128,0.0,0,0,19.9,,0.0,1779.48,,,,,,
2025-06-22,CP08,Longueuil,BQ,8235.28,24.0,23,22.46,29.5,44.2,76.92,6,0,6,0,0,6,25,2025,0.12053668025532308,-0.992708874098054,-0.2393156642875578,0.970941817426052,1.2246467991473532e-16,-1.0,0,2,1,0,0,0,1.4959523809523816,0.7490347860798616,23.321428571428577,1.589754987111158,14.658333333333331,0.844167462205694,0.0,0.0,1,0,0,4.460000000000001,0.0,1,0,18.19,19.9,9.5,1353.29,1779.48,,,1566.385,301.3618390738947,
2025-06-29,CP08,Longueuil,BQ,1423.79,25.0,25,23.19,34.7,30.9,74.28,5,0,5,1,1,6,26,2025,-3.216245299353273e-16,-1.0,6.432490598706546e-16,1.0,1.2246467991473532e-16,-1.0,0,2,1,0,0,0,2.225952380952382,1.1145513632119413,10.021428571428572,0.6831320817509814,12.01833333333333,0.6921309346179942,0.0,0.0,1,0,0,5.190000000000001,0.0,1,0,22.46,18.19,44.2,8235.28,1353.29,,,3789.3500000000004,3856.180707993338,
2025-07-06,CP08,Longueuil,BQ,5361.86,16.0,15,22.33,31.5,28.0,79.85,4,0,4,1,1,7,27,2025,-0.12053668025532283,-0.992708874098054,0.23931566428755732,0.9709418174260521,-0.4999999999999998,-0.8660254037844388,0,3,1,0,0,0,-0.7385714285714293,-0.3698083569027108,3.56190476190476,0.242804845402582,-6.883809523809518,-0.3964357941572486,0.0,0.0,1,0,0,4.329999999999998,0.0,1,0,23.19,22.46,30.9,1423.79,8235.28,1779.48,,3197.96,3363.3894060704106,3197.96
2025-07-13,CP08,Longueuil,BQ,4456.47,19.0,18,23.29,31.6,41.5,88.96,5,0,5,0,0,7,28,2025,-0.23931566428755743,-0.9709418174260521,0.46472317204376795,0.8854560256532102,-0.4999999999999998,-0.8660254037844388,0,3,1,0,0,0,0.22142857142857153,0.11087097740796933,17.06190476190476,1.1630611779110316,2.2261904761904816,0.12820540520788207,0.0,0.0,1,0,0,5.289999999999999,0.0,1,0,22.33,23.19,28.0,5361.86,1423.79,1353.29,,4093.5550000000003,3336.624091008755,3630.7400000000002
2025-07-20,CP08,Longueuil,BQ,2071.95,6.0,6,23.79,33.3,19.9,88.96,3,0,3,0,0,7,29,2025,-0.3546048870425356,-0.9350162426854148,0.6631226582407952,0.7485107481711011,-0.4999999999999998,-0.8660254037844388,0,3,1,0,0,0,0.7214285714285715,0.36122479736144836,-4.5380952380952415,-0.30934895410248786,2.2261904761904816,0.12820540520788207,0.0,0.0,1,0,0,5.789999999999999,0.0,1,0,23.29,22.33,41.5,4456.47,5361.86,8235.28,,4869.35,2805.6136864626724,3768.361666666667
2025-07-27,CP08,Longueuil,BQ,1435.87,13.0,10,22.77,33.2,7.1,88.72,3,0,3,0,0,7,30,2025,-0.46472317204376806,-0.8854560256532101,0.8229838658936558,0.5680647467311567,-0.4999999999999998,-0.8660254037844388,0,3,1,0,0,0,-0.29857142857142804,-0.14949699534364863,-17.338095238095242,-1.1818882915919808,1.9861904761904867,0.11438390269990967,0.0,0.0,1,0,0,4.77,0.0,0,0,23.79,23.29,19.9,2071.95,4456.47,1423.79,,3328.5175,1880.9312672073727,3526.0171428571434
2025-08-03,CP08,Longueuil,BQ,264.42,8.0,8,22.59,30.7,2.6,91.09,3,0,3,0,0,8,31,2025,-0.5680647467311556,-0.8229838658936565,0.9350162426854147,0.354604887042536,-0.8660254037844384,-0.5000000000000004,0,3,1,0,0,0,0.6556122448979558,0.32827005983695806,-8.458163265306123,-0.5765687634287633,6.513163265306119,0.37509042669276765,0.0,0.0,1,0,0,4.59,0.0,0,0,22.77,23.79,7.1,1435.87,2071.95,5361.86,1779.48,3331.5374999999995,1876.8589473084187,3264.74875
2025-08-10,CP08,Longueuil,BQ,2812.9299999999994,9.0,11,24.26,34.0,1.0,96.27,3,0,3,0,0,8,32,2025,-0.663122658240795,-0.7485107481711013,0.9927088740980539,0.12053668025532369,-0.8660254037844384,-0.5000000000000004,0,3,1,0,0,0,2.3256122448979575,1.1644518184815789,-10.058163265306122,-0.6856361806149499,11.693163265306111,0.6734045224898448,0.0,0.0,1,0,0,6.260000000000002,0.0,0,0,22.59,22.77,2.6,264.42,1435.87,4456.47,1353.29,2057.1775,1766.0525842185448,2931.378888888889
2025-08-17,CP08,Longueuil,BQ,4718.58,12.0,9,24.84,34.8,9.6,83.63,2,0,2,0,0,8,33,2025,-0.7485107481711011,-0.6631226582407952,0.992708874098054,-0.12053668025532309,-0.8660254037844384,-0.5000000000000004,0,3,1,0,0,0,2.9056122448979558,1.4548622496276136,-1.4581632653061227,-0.09939881323919687,-0.9468367346938891,-0.05452794293005116,0.0,0.0,1,0,0,6.84,0.0,0,0,24.26,22.59,1.0,2812.9299999999994,264.42,2071.95,8235.28,1646.2924999999998,1079.5178859835223,2919.534
2025-08-24,CP08,Longueuil,BQ,256.24,6.0,6,20.4,30.6,12.5,79.64,3,0,3,0,0,8,34,2025,-0.8229838658936564,-0.5680647467311559,0.9350162426854149,-0.35460488704253545,-0.8660254037844384,-0.5000000000000004,0,3,1,0,0,0,-1.5343877551020455,-0.7682796715592808,1.4418367346938776,0.09828588041076639,-4.936836734693884,-0.2843104221250971,0.0,0.0,1,0,0,2.3999999999999986,0.0,1,0,24.84,24.26,9.6,4718.58,2812.9299999999994,1435.87,1423.79,2307.95,1915.087481430896,3083.0836363636363
2025-08-31,CP08,Longueuil,BQ,92.96,4.0,4,17.29,24.7,29.8,71.82,4,0,4,0,0,8,35,2025,-0.8854560256532096,-0.4647231720437691,0.8229838658936571,-0.5680647467311547,-0.8660254037844384,-0.5000000000000004,0,3,1,0,0,0,-4.644387755102045,-2.32548043166992,18.741836734693877,1.2775773287364092,-12.756836734693891,-0.734661045509875,0.0,0.0,0,0,0,0.0,0.7100000000000009,1,0,20.4,24.84,12.5,256.24,4718.58,264.42,5361.86,2013.0424999999998,2168.2395968523247,2847.513333333334
2025-09-07,CP08,Longueuil,BQ,55.76,4.0,2,18.33,26.1,25.9,71.69,5,0,5,1,1,9,36,2025,-0.9350162426854147,-0.3546048870425359,0.6631226582407956,-0.7485107481711007,-1.0,-1.8369701987210297e-16,0,3,0,0,1,0,0.9499999999999993,0.4756722579116098,11.681818181818182,0.7963160857059648,-5.200000000000003,-0.2994658876727422,0.0,0.0,0,0,0,0.3299999999999983,0.0,1,0,17.29,20.4,29.8,92.96,256.24,2812.9299999999994,4456.47,1970.1774999999998,2215.511631991957,2706.97
2025-06-08,CP08,Longueuil,CC,0.0,1.0,1,19.9,25.9,0.0,13.51,0,0,0,0,0,6,23,2025,0.35460488704253584,-0.9350162426854147,-0.6631226582407956,0.7485107481711007,1.2246467991473532e-16,-1.0,0,2,1,0,0,0,-1.0640476190476207,-0.5327767720819522,-20.878571428571426,-1.4232324126572475,-48.75166666666667,-2.807588679588262,0.0,0.0,0,0,0,1.8999999999999986,0.0,0,0,,,,,,,,,,
2025-06-29,CP08,Longueuil,CC,0.0,1.0,1,23.19,34.7,30.9,74.28,5,0,5,1,1,6,26,2025,-3.216245299353273e-16,-1.0,6.432490598706546e-16,1.0,1.2246467991473532e-16,-1.0,0,2,1,0,0,0,2.225952380952382,1.1145513632119413,10.021428571428572,0.6831320817509814,12.01833333333333,0.6921309346179942,0.0,0.0,1,0,0,5.190000000000001,0.0,1,0,19.9,,0.0,0.0,,,,,,
2025-07-20,CP08,Longueuil,CC,250.0,1.0,1,23.79,33.3,19.9,88.96,3,0,3,0,0,7,29,2025,-0.3546048870425356,-0.9350162426854148,0.6631226582407952,0.7485107481711011,-0.4999999999999998,-0.8660254037844388,0,3,1,0,0,0,0.7214285714285715,0.36122479736144836,-4.5380952380952415,-0.30934895410248786,2.2261904761904816,0.12820540520788207,0.0,0.0,1,0,0,5.789999999999999,0.0,1,0,23.19,19.9,30.9,0.0,0.0,,,0.0,0.0,
2025-08-03,CP08,Longueuil,CC,0.0,1.0,1,22.59,30.7,2.6,91.09,3,0,3,0,0,8,31,2025,-0.5680647467311556,-0.8229838658936565,0.9350162426854147,0.354604887042536,-0.8660254037844384,-0.5000000000000004,0,3,1,0,0,0,0.6556122448979558,0.32827005983695806,-8.458163265306123,-0.5765687634287633,6.513163265306119,0.37509042669276765,0.0,0.0,1,0,0,4.59,0.0,0,0,23.79,23.19,19.9,250.0,0.0,,,83.33333333333333,144.33756729740645,
2025-08-10,CP08,Longueuil,CC,0.0,4.0,4,24.26,34.0,1.0,96.27,3,0,3,0,0,8,32,2025,-0.663122658240795,-0.7485107481711013,0.9927088740980539,0.12053668025532369,-0.8660254037844384,-0.5000000000000004,0,3,1,0,0,0,2.3256122448979575,1.1644518184815789,-10.058163265306122,-0.6856361806149499,11.693163265306111,0.6734045224898448,0.0,0.0,1,0,0,6.260000000000002,0.0,0,0,22.59,23.79,2.6,0.0,250.0,0.0,,62.5,125.00000000000001,62.5
2025-08-31,CP08,Longueuil,CC,0.0,2.0,2,17.29,24.7,29.8,71.82,4,0,4,0,0,8,35,2025,-0.8854560256532096,-0.4647231720437691,0.8229838658936571,-0.5680647467311547,-0.8660254037844384,-0.5000000000000004,0,3,1,0,0,0,-4.644387755102045,-2.32548043166992,18.741836734693877,1.2775773287364092,-12.756836734693891,-0.734661045509875,0.0,0.0,0,0,0,0.0,0.7100000000000009,1,0,24.26,22.59,1.0,0.0,0.0,0.0,,62.5,125.00000000000001,50.0
2025-06-08,CP08,Longueuil,CH,22609.84,16.0,15,19.9,25.9,0.0,13.51,0,0,0,0,0,6,23,2025,0.35460488704253584,-0.9350162426854147,-0.6631226582407956,0.7485107481711007,1.2246467991473532e-16,-1.0,0,2,1,0,0,0,-1.0640476190476207,-0.5327767720819522,-20.878571428571426,-1.4232324126572475,-48.75166666666667,-2.807588679588262,0.0,0.0,0,0,0,1.8999999999999986,0.0,0,0,,,,,,,,,,
2025-06-15,CP08,Longueuil,CH,20589.9,11.0,13,18.19,25.8,9.5,88.01,3,0,3,0,0,6,24,2025,0.23931566428755768,-0.970941817426052,-0.4647231720437684,0.88545602565321,1.2246467991473532e-16,-1.0,0,2,1,0,0,0,-2.774047619047618,-1.388986836322849,-11.378571428571426,-0.7756446231142645,25.748333333333335,1.4828360572615997,0.0,0.0,0,0,0,0.19000000000000128,0.0,0,0,19.9,,0.0,22609.84,,,,,,
2025-06-22,CP08,Longueuil,CH,20799.91,9.0,9,22.46,29.5,44.2,76.92,6,0,6,0,0,6,25,2025,0.12053668025532308,-0.992708874098054,-0.2393156642875578,0.970941817426052,1.2246467991473532e-16,-1.0,0,2,1,0,0,0,1.4959523809523816,0.7490347860798616,23.321428571428577,1.589754987111158,14.658333333333331,0.844167462205694,0.0,0.0,1,0,0,4.460000000000001,0.0,1,0,18.19,19.9,9.5,20589.9,22609.84,,,21599.870000000003,1428.313271589955,
2025-06-29,CP08,Longueuil,CH,18229.91,9.0,9,23.19,34.7,30.9,74.28,5,0,5,1,1,6,26,2025,-3.216245299353273e-16,-1.0,6.432490598706546e-16,1.0,1.2246467991473532e-16,-1.0,0,2,1,0,0,0,2.225952380952382,1.1145513632119413,10.021428571428572,0.6831320817509814,12.01833333333333,0.6921309346179942,0.0,0.0,1,0,0,5.190000000000001,0.0,1,0,22.46,18.19,44.2,20799.91,20589.9,,,21333.216666666667,1110.5635512807607,
2025-07-06,CP08,Longueuil,CH,8979.97,3.0,3,22.33,31.5,28.0,79.85,4,0,4,1,1,7,27,2025,-0.12053668025532283,-0.992708874098054,0.23931566428755732,0.9709418174260521,-0.4999999999999998,-0.8660254037844388,0,3,1,0,0,0,-0.7385714285714293,-0.3698083569027108,3.56190476190476,0.242804845402582,-6.883809523809518,-0.3964357941572486,0.0,0.0,1,0,0,4.329999999999998,0.0,1,0,23.19,22.46,30.9,18229.91,20799.91,22609.84,,20557.39,1797.1817755771585,20557.39
2025-07-13,CP08,Longueuil,CH,8674.97,4.0,4,23.29,31.6,41.5,88.96,5,0,5,0,0,7,28,2025,-0.23931566428755743,-0.9709418174260521,0.46472317204376795,0.8854560256532102,-0.4999999999999998,-0.8660254037844388,0,3,1,0,0,0,0.22142857142857153,0.11087097740796933,17.06190476190476,1.1630611779110316,2.2261904761904816,0.12820540520788207,0.0,0.0,1,0,0,5.289999999999999,0.0,1,0,22.33,23.19,28.0,8979.97,18229.91,20589.9,,17149.9225,5569.869860929576,18241.906
2025-07-20,CP08,Longueuil,CH,7127.969999999999,3.0,3,23.79,33.3,19.9,88.96,3,0,3,0,0,7,29,2025,-0.3546048870425356,-0.9350162426854148,0.6631226582407952,0.7485107481711011,-0.4999999999999998,-0.8660254037844388,0,3,1,0,0,0,0.7214285714285715,0.36122479736144836,-4.5380952380952415,-0.30934895410248786,2.2261904761904816,0.12820540520788207,0.0,0.0,1,0,0,5.789999999999999,0.0,1,0,23.29,22.33,41.5,8674.97,8979.97,20799.91,,14171.189999999999,6260.200642514048,16647.416666666668
2025-07-27,CP08,Longueuil,CH,9499.95,5.0,5,22.77,33.2,7.1,88.72,3,0,3,0,0,7,30,2025,-0.46472317204376806,-0.8854560256532101,0.8229838658936558,0.5680647467311567,-0.4999999999999998,-0.8660254037844388,0,3,1,0,0,0,-0.29857142857142804,-0.14949699534364863,-17.338095238095242,-1.1818882915919808,1.9861904761904867,0.11438390269990967,0.0,0.0,1,0,0,4.77,0.0,0,0,23.79,23.29,19.9,7127.969999999999,8674.97,18229.91,,10753.205,5049.979192785511,15287.495714285715
2025-08-03,CP08,Longueuil,CH,53.98,2.0,1,22.59,30.7,2.6,91.09,3,0,3,0,0,8,31,2025,-0.5680647467311556,-0.8229838658936565,0.9350162426854147,0.354604887042536,-0.8660254037844384,-0.5000000000000004,0,3,1,0,0,0,0.6556122448979558,0.32827005983695806,-8.458163265306123,-0.5765687634287633,6.513163265306119,0.37509042669276765,0.0,0.0,1,0,0,4.59,0.0,0,0,22.77,23.79,7.1,9499.95,7127.969999999999,8979.97,22609.84,8570.715,1020.3511781571063,14564.0525
2025-08-10,CP08,Longueuil,CH,11713.94,6.0,5,24.26,34.0,1.0,96.27,3,0,3,0,0,8,32,2025,-0.663122658240795,-0.7485107481711013,0.9927088740980539,0.12053668025532369,-0.8660254037844384,-0.5000000000000004,0,3,1,0,0,0,2.3256122448979575,1.1644518184815789,-10.058163265306122,-0.6856361806149499,11.693163265306111,0.6734045224898448,0.0,0.0,1,0,0,6.260000000000002,0.0,0,0,22.59,22.77,2.6,53.98,9499.95,8674.97,20589.9,6339.2175,4303.9637008798745,12951.822222222221
2025-08-17,CP08,Longueuil,CH,11237.95,7.0,6,24.84,34.8,9.6,83.63,2,0,2,0,0,8,33,2025,-0.7485107481711011,-0.6631226582407952,0.992708874098054,-0.12053668025532309,-0.8660254037844384,-0.5000000000000004,0,3,1,0,0,0,2.9056122448979558,1.4548622496276136,-1.4581632653061227,-0.09939881323919687,-0.9468367346938891,-0.05452794293005116,0.0,0.0,1,0,0,6.84,0.0,0,0,24.26,22.59,1.0,11713.94,53.98,7127.969999999999,20799.91,7098.96,5056.19679736327,12828.034
2025-08-24,CP08,Longueuil,CH,1439.99,1.0,1,20.4,30.6,12.5,79.64,3,0,3,0,0,8,34,2025,-0.8229838658936564,-0.5680647467311559,0.9350162426854149,-0.35460488704253545,-0.8660254037844384,-0.5000000000000004,0,3,1,0,0,0,-1.5343877551020455,-0.7682796715592808,1.4418367346938776,0.09828588041076639,-4.936836734693884,-0.2843104221250971,0.0,0.0,1,0,0,2.3999999999999986,0.0,1,0,24.84,24.26,9.6,11237.95,11713.94,9499.95,18229.91,8126.455000000001,5465.125521611246,12683.48090909091
2025-08-31,CP08,Longueuil,CH,2399.99,1.0,1,17.29,24.7,29.8,71.82,4,0,4,0,0,8,35,2025,-0.8854560256532096,-0.4647231720437691,0.8229838658936571,-0.5680647467311547,-0.8660254037844384,-0.5000000000000004,0,3,1,0,0,0,-4.644387755102045,-2.32548043166992,18.741836734693877,1.2775773287364092,-12.756836734693891,-0.734661045509875,0.0,0.0,0,0,0,0.0,0.7100000000000009,1,0,20.4,24.84,12.5,1439.99,11237.95,53.98,8979.97,6111.465000000001,6223.192583170897,11746.523333333333
2025-09-07,CP08,Longueuil,CH,1034.98,3.0,3,18.33,26.1,25.9,71.69,5,0,5,1,1,9,36,2025,-0.9350162426854147,-0.3546048870425359,0.6631226582407956,-0.7485107481711007,-1.0,-1.8369701987210297e-16,0,3,0,0,1,0,0.9499999999999993,0.4756722579116098,11.681818181818182,0.7963160857059648,-5.200000000000003,-0.2994658876727422,0.0,0.0,0,0,0,0.3299999999999983,0.0,1,0,17.29,20.4,29.8,2399.99,1439.99,11713.94,8674.97,6697.9675,5534.448457978891,10062.369166666667
2025-07-13,CP08,Longueuil,DI,150.0,1.0,1,23.29,31.6,41.5,88.96,5,0,5,0,0,7,28,2025,-0.23931566428755743,-0.9709418174260521,0.46472317204376795,0.8854560256532102,-0.4999999999999998,-0.8660254037844388,0,3,1,0,0,0,0.22142857142857153,0.11087097740796933,17.06190476190476,1.1630611779110316,2.2261904761904816,0.12820540520788207,0.0,0.0,1,0,0,5.289999999999999,0.0,1,0,,,,,,,,,,
2025-06-08,CP08,Longueuil,FI,2791.98,4.0,3,19.9,25.9,0.0,13.51,0,0,0,0,0,6,23,2025,0.35460488704253584,-0.9350162426854147,-0.6631226582407956,0.7485107481711007,1.2246467991473532e-16,-1.0,0,2,1,0,0,0,-1.0640476190476207,-0.5327767720819522,-20.878571428571426,-1.4232324126572475,-48.75166666666667,-2.807588679588262,0.0,0.0,0,0,0,1.8999999999999986,0.0,0,0,,,,,,,,,,
2025-06-15,CP08,Longueuil,FI,2189.76,12.0,8,18.19,25.8,9.5,88.01,3,0,3,0,0,6,24,2025,0.23931566428755768,-0.970941817426052,-0.4647231720437684,0.88545602565321,1.2246467991473532e-16,-1.0,0,2,1,0,0,0,-2.774047619047618,-1.388986836322849,-11.378571428571426,-0.7756446231142645,25.748333333333335,1.4828360572615997,0.0,0.0,0,0,0,0.19000000000000128,0.0,0,0,19.9,,0.0,2791.98,,,,,,
2025-06-22,CP08,Longueuil,FI,3207.94,6.0,5,22.46,29.5,44.2,76.92,6,0,6,0,0,6,25,2025,0.12053668025532308,-0.992708874098054,-0.2393156642875578,0.970941817426052,1.2246467991473532e-16,-1.0,0,2,1,0,0,0,1.4959523809523816,0.7490347860798616,23.321428571428577,1.589754987111158,14.658333333333331,0.844167462205694,0.0,0.0,1,0,0,4.460000000000001,0.0,1,0,18.19,19.9,9.5,2189.76,2791.98,,,2490.87,425.83384576616237,
2025-06-29,CP08,Longueuil,FI,5365.129999999999,8.0,8,23.19,34.7,30.9,74.28,5,0,5,1,1,6,26,2025,-3.216245299353273e-16,-1.0,6.432490598706546e-16,1.0,1.2246467991473532e-16,-1.0,0,2,1,0,0,0,2.225952380952382,1.1145513632119413,10.021428571428572,0.6831320817509814,12.01833333333333,0.6921309346179942,0.0,0.0,1,0,0,5.190000000000001,0.0,1,0,22.46,18.19,44.2,3207.94,2189.76,,,2729.8933333333334,511.9215699043489,
2025-07-06,CP08,Longueuil,FI,979.98,2.0,2,22.33,31.5,28.0,79.85,4,0,4,1,1,7,27,2025,-0.12053668025532283,-0.992708874098054,0.23931566428755732,0.9709418174260521,-0.4999999999999998,-0.8660254037844388,0,3,1,0,0,0,-0.7385714285714293,-0.3698083569027108,3.56190476190476,0.242804845402582,-6.883809523809518,-0.3964357941572486,0.0,0.0,1,0,0,4.329999999999998,0.0,1,0,23.19,22.46,30.9,5365.129999999999,3207.94,2791.98,,3388.7025,1382.3267347091517,3388.7025
2025-07-13,CP08,Longueuil,FI,25.99,1.0,1,23.29,31.6,41.5,88.96,5,0,5,0,0,7,28,2025,-0.23931566428755743,-0.9709418174260521,0.46472317204376795,0.8854560256532102,-0.4999999999999998,-0.8660254037844388,0,3,1,0,0,0,0.22142857142857153,0.11087097740796933,17.06190476190476,1.1630611779110316,2.2261904761904816,0.12820540520788207,0.0,0.0,1,0,0,5.289999999999999,0.0,1,0,22.33,23.19,28.0,979.98,5365.129999999999,2189.76,,2935.7025,1858.0914889993078,2906.9579999999996
2025-07-20,CP08,Longueuil,FI,1918.44,6.0,6,23.79,33.3,19.9,88.96,3,0,3,0,0,7,29,2025,-0.3546048870425356,-0.9350162426854148,0.6631226582407952,0.7485107481711011,-0.4999999999999998,-0.8660254037844388,0,3,1,0,0,0,0.7214285714285715,0.36122479736144836,-4.5380952380952415,-0.30934895410248786,2.2261904761904816,0.12820540520788207,0.0,0.0,1,0,0,5.789999999999999,0.0,1,0,23.29,22.33,41.5,25.99,979.98,3207.94,,2394.7599999999998,2387.2601736858646,2426.7966666666666
2025-07-27,CP08,Longueuil,FI,1023.96,6.0,4,22.77,33.2,7.1,88.72,3,0,3,0,0,7,30,2025,-0.46472317204376806,-0.8854560256532101,0.8229838658936558,0.5680647467311567,-0.4999999999999998,-0.8660254037844388,0,3,1,0,0,0,-0.29857142857142804,-0.14949699534364863,-17.338095238095242,-1.1818882915919808,1.9861904761904867,0.11438390269990967,0.0,0.0,1,0,0,4.77,0.0,0,0,23.79,23.29,19.9,1918.44,25.99,5365.129999999999,,2072.3849999999998,2327.154906611647,2354.174285714286
2025-08-03,CP08,Longueuil,FI,2317.51,3.0,2,22.59,30.7,2.6,91.09,3,0,3,0,0,8,31,2025,-0.5680647467311556,-0.8229838658936565,0.9350162426854147,0.354604887042536,-0.8660254037844384,-0.5000000000000004,0,3,1,0,0,0,0.6556122448979558,0.32827005983695806,-8.458163265306123,-0.5765687634287633,6.513163265306119,0.37509042669276765,0.0,0.0,1,0,0,4.59,0.0,0,0,22.77,23.79,7.1,1023.96,1918.44,979.98,2791.98,987.0925,772.9889998085354,2187.8975
2025-08-10,CP08,Longueuil,FI,3001.27,12.0,8,24.26,34.0,1.0,96.27,3,0,3,0,0,8,32,2025,-0.663122658240795,-0.7485107481711013,0.9927088740980539,0.12053668025532369,-0.8660254037844384,-0.5000000000000004,0,3,1,0,0,0,2.3256122448979575,1.1644518184815789,-10.058163265306122,-0.6856361806149499,11.693163265306111,0.6734045224898448,0.0,0.0,1,0,0,6.260000000000002,0.0,0,0,22.59,22.77,2.6,2317.51,1023.96,25.99,2189.76,1321.475,1019.0272310558405,2202.2988888888885
2025-08-17,CP08,Longueuil,FI,1179.96,4.0,3,24.84,34.8,9.6,83.63,2,0,2,0,0,8,33,2025,-0.7485107481711011,-0.6631226582407952,0.992708874098054,-0.12053668025532309,-0.8660254037844384,-0.5000000000000004,0,3,1,0,0,0,2.9056122448979558,1.4548622496276136,-1.4581632653061227,-0.09939881323919687,-0.9468367346938891,-0.05452794293005116,0.0,0.0,1,0,0,6.84,0.0,0,0,24.26,22.59,1.0,3001.27,2317.51,1918.44,3207.94,2065.295,825.7535104577719,2282.196
2025-08-24,CP08,Longueuil,FI,367.51,5.0,3,20.4,30.6,12.5,79.64,3,0,3,0,0,8,34,2025,-0.8229838658936564,-0.5680647467311559,0.9350162426854149,-0.35460488704253545,-0.8660254037844384,-0.5000000000000004,0,3,1,0,0,0,-1.5343877551020455,-0.7682796715592808,1.4418367346938776,0.09828588041076639,-4.936836734693884,-0.2843104221250971,0.0,0.0,1,0,0,2.3999999999999986,0.0,1,0,24.84,24.26,9.6,1179.96,3001.27,1023.96,5365.129999999999,1880.675,943.6666208112554,2181.9927272727273
2025-08-31,CP08,Longueuil,FI,2035.8,8.0,5,17.29,24.7,29.8,71.82,4,0,4,0,0,8,35,2025,-0.8854560256532096,-0.4647231720437691,0.8229838658936571,-0.5680647467311547,-0.8660254037844384,-0.5000000000000004,0,3,1,0,0,0,-4.644387755102045,-2.32548043166992,18.741836734693877,1.2775773287364092,-12.756836734693891,-0.734661045509875,0.0,0.0,0,0,0,0.0,0.7100000000000009,1,0,20.4,24.84,12.5,367.51,1179.96,2317.51,979.98,1716.5625,1171.8213955313329,2030.7858333333334
2025-06-08,CP08,Longueuil,GA,8937.82,8.0,6,19.9,25.9,0.0,13.51,0,0,0,0,0,6,23,2025,0.35460488704253584,-0.9350162426854147,-0.6631226582407956,0.7485107481711007,1.2246467991473532e-16,-1.0,0,2,1,0,0,0,-1.0640476190476207,-0.5327767720819522,-20.878571428571426,-1.4232324126572475,-48.75166666666667,-2.807588679588262,0.0,0.0,0,0,0,1.8999999999999986,0.0,0,0,,,,,,,,,,
2025-06-22,CP08,Longueuil,GA,7919.94,6.0,6,22.46,29.5,44.2,76.92,6,0,6,0,0,6,25,2025,0.12053668025532308,-0.992708874098054,-0.2393156642875578,0.970941817426052,1.2246467991473532e-16,-1.0,0,2,1,0,0,0,1.4959523809523816,0.7490347860798616,23.321428571428577,1.589754987111158,14.658333333333331,0.844167462205694,0.0,0.0,1,0,0,4.460000000000001,0.0,1,0,19.9,,0.0,8937.82,,,,,,
2025-06-29,CP08,Longueuil,GA,10239.88,13.0,9,23.19,34.7,30.9,74.28,5,0,5,1,1,6,26,2025,-3.216245299353273e-16,-1.0,6.432490598706546e-16,1.0,1.2246467991473532e-16,-1.0,0,2,1,0,0,0,2.225952380952382,1.1145513632119413,10.021428571428572,0.6831320817509814,12.01833333333333,0.6921309346179942,0.0,0.0,1,0,0,5.190000000000001,0.0,1,0,22.46,19.9,44.2,7919.94,8937.82,,,8428.88,719.7498504341628,
2025-07-06,CP08,Longueuil,GA,1549.84,16.0,3,22.33,31.5,28.0,79.85,4,0,4,1,1,7,27,2025,-0.12053668025532283,-0.992708874098054,0.23931566428755732,0.9709418174260521,-0.4999999999999998,-0.8660254037844388,0,3,1,0,0,0,-0.7385714285714293,-0.3698083569027108,3.56190476190476,0.242804845402582,-6.883809523809518,-0.3964357941572486,0.0,0.0,1,0,0,4.329999999999998,0.0,1,0,23.19,22.46,30.9,10239.88,7919.94,,,9032.546666666667,1162.8672567981841,
2025-07-13,CP08,Longueuil,GA,2899.9799999999996,2.0,2,23.29,31.6,41.5,88.96,5,0,5,0,0,7,28,2025,-0.23931566428755743,-0.9709418174260521,0.46472317204376795,0.8854560256532102,-0.4999999999999998,-0.8660254037844388,0,3,1,0,0,0,0.22142857142857153,0.11087097740796933,17.06190476190476,1.1630611779110316,2.2261904761904816,0.12820540520788207,0.0,0.0,1,0,0,5.289999999999999,0.0,1,0,22.33,23.19,28.0,1549.84,10239.88,8937.82,,7161.87,3859.952279860464,7161.87
2025-07-20,CP08,Longueuil,GA,5284.959999999999,4.0,4,23.79,33.3,19.9,88.96,3,0,3,0,0,7,29,2025,-0.3546048870425356,-0.9350162426854148,0.6631226582407952,0.7485107481711011,-0.4999999999999998,-0.8660254037844388,0,3,1,0,0,0,0.7214285714285715,0.36122479736144836,-4.5380952380952415,-0.30934895410248786,2.2261904761904816,0.12820540520788207,0.0,0.0,1,0,0,5.789999999999999,0.0,1,0,23.29,22.33,41.5,2899.9799999999996,1549.84,7919.94,,5652.41,4106.641970093488,6309.492
2025-07-27,CP08,Longueuil,GA,12549.1,8.0,8,22.77,33.2,7.1,88.72,3,0,3,0,0,7,30,2025,-0.46472317204376806,-0.8854560256532101,0.8229838658936558,0.5680647467311567,-0.4999999999999998,-0.8660254037844388,0,3,1,0,0,0,-0.29857142857142804,-0.14949699534364863,-17.338095238095242,-1.1818882915919808,1.9861904761904867,0.11438390269990967,0.0,0.0,1,0,0,4.77,0.0,0,0,23.79,23.29,19.9,5284.959999999999,2899.9799999999996,10239.88,,4993.665,3823.221683044287,6138.736666666667
2025-08-03,CP08,Longueuil,GA,3199.98,2.0,2,22.59,30.7,2.6,91.09,3,0,3,0,0,8,31,2025,-0.5680647467311556,-0.8229838658936565,0.9350162426854147,0.354604887042536,-0.8660254037844384,-0.5000000000000004,0,3,1,0,0,0,0.6556122448979558,0.32827005983695806,-8.458163265306123,-0.5765687634287633,6.513163265306119,0.37509042669276765,0.0,0.0,1,0,0,4.59,0.0,0,0,22.77,23.79,7.1,12549.1,5284.959999999999,1549.84,,5570.969999999999,4901.692703342387,7054.502857142857
2025-08-10,CP08,Longueuil,GA,10089.94,6.0,6,24.26,34.0,1.0,96.27,3,0,3,0,0,8,32,2025,-0.663122658240795,-0.7485107481711013,0.9927088740980539,0.12053668025532369,-0.8660254037844384,-0.5000000000000004,0,3,1,0,0,0,2.3256122448979575,1.1644518184815789,-10.058163265306122,-0.6856361806149499,11.693163265306111,0.6734045224898448,0.0,0.0,1,0,0,6.260000000000002,0.0,0,0,22.59,22.77,2.6,3199.98,12549.1,2899.9799999999996,8937.82,5983.505,4503.744392994936,6572.6875
2025-08-17,CP08,Longueuil,GA,219.99,1.0,1,24.84,34.8,9.6,83.63,2,0,2,0,0,8,33,2025,-0.7485107481711011,-0.6631226582407952,0.992708874098054,-0.12053668025532309,-0.8660254037844384,-0.5000000000000004,0,3,1,0,0,0,2.9056122448979558,1.4548622496276136,-1.4581632653061227,-0.09939881323919687,-0.9468367346938891,-0.05452794293005116,0.0,0.0,1,0,0,6.84,0.0,0,0,24.26,22.59,1.0,10089.94,3199.98,5284.959999999999,7919.94,7780.995,4292.704720627777,6963.493333333334
2025-08-24,CP08,Longueuil,GA,905.9,3.0,3,20.4,30.6,12.5,79.64,3,0,3,0,0,8,34,2025,-0.8229838658936564,-0.5680647467311559,0.9350162426854149,-0.35460488704253545,-0.8660254037844384,-0.5000000000000004,0,3,1,0,0,0,-1.5343877551020455,-0.7682796715592808,1.4418367346938776,0.09828588041076639,-4.936836734693884,-0.2843104221250971,0.0,0.0,1,0,0,2.3999999999999986,0.0,1,0,24.84,24.26,9.6,219.99,10089.94,12549.1,10239.88,6514.7525000000005,5767.930508974457,6289.143
2025-08-31,CP08,Longueuil,GA,12883.99,3.0,3,17.29,24.7,29.8,71.82,4,0,4,0,0,8,35,2025,-0.8854560256532096,-0.4647231720437691,0.8229838658936571,-0.5680647467311547,-0.8660254037844384,-0.5000000000000004,0,3,1,0,0,0,-4.644387755102045,-2.32548043166992,18.741836734693877,1.2775773287364092,-12.756836734693891,-0.734661045509875,0.0,0.0,0,0,0,0.0,0.7100000000000009,1,0,20.4,24.84,12.5,905.9,219.99,3199.98,1549.84,3603.9525,4507.841949502185,5799.757272727273
2025-06-08,CP08,Longueuil,HT,16270.0,5.0,5,19.9,25.9,0.0,13.51,0,0,0,0,0,6,23,2025,0.35460488704253584,-0.9350162426854147,-0.6631226582407956,0.7485107481711007,1.2246467991473532e-16,-1.0,0,2,1,0,0,0,-1.0640476190476207,-0.5327767720819522,-20.878571428571426,-1.4232324126572475,-48.75166666666667,-2.807588679588262,0.0,0.0,0,0,0,1.8999999999999986,0.0,0,0,,,,,,,,,,
2025-06-15,CP08,Longueuil,HT,10842.01,4.0,4,18.19,25.8,9.5,88.01,3,0,3,0,0,6,24,2025,0.23931566428755768,-0.970941817426052,-0.4647231720437684,0.88545602565321,1.2246467991473532e-16,-1.0,0,2,1,0,0,0,-2.774047619047618,-1.388986836322849,-11.378571428571426,-0.7756446231142645,25.748333333333335,1.4828360572615997,0.0,0.0,0,0,0,0.19000000000000128,0.0,0,0,19.9,,0.0,16270.0,,,,,,
2025-06-22,CP08,Longueuil,HT,10106.99,4.0,4,22.46,29.5,44.2,76.92,6,0,6,0,0,6,25,2025,0.12053668025532308,-0.992708874098054,-0.2393156642875578,0.970941817426052,1.2246467991473532e-16,-1.0,0,2,1,0,0,0,1.4959523809523816,0.7490347860798616,23.321428571428577,1.589754987111158,14.658333333333331,0.844167462205694,0.0,0.0,1,0,0,4.460000000000001,0.0,1,0,18.19,19.9,9.5,10842.01,16270.0,,,13556.005000000001,3838.1685372127686,
2025-06-29,CP08,Longueuil,HT,5790.88,4.0,4,23.19,34.7,30.9,74.28,5,0,5,1,1,6,26,2025,-3.216245299353273e-16,-1.0,6.432490598706546e-16,1.0,1.2246467991473532e-16,-1.0,0,2,1,0,0,0,2.225952380952382,1.1145513632119413,10.021428571428572,0.6831320817509814,12.01833333333333,0.6921309346179942,0.0,0.0,1,0,0,5.190000000000001,0.0,1,0,22.46,18.19,44.2,10106.99,10842.01,,,12406.333333333334,3366.1556237692485,
2025-07-06,CP08,Longueuil,HT,7603.18,3.0,3,22.33,31.5,28.0,79.85,4,0,4,1,1,7,27,2025,-0.12053668025532283,-0.992708874098054,0.23931566428755732,0.9709418174260521,-0.4999999999999998,-0.8660254037844388,0,3,1,0,0,0,-0.7385714285714293,-0.3698083569027108,3.56190476190476,0.242804845402582,-6.883809523809518,-0.3964357941572486,0.0,0.0,1,0,0,4.329999999999998,0.0,1,0,23.19,22.46,30.9,5790.88,10106.99,16270.0,,10752.47,4300.588117571829,10752.47
2025-07-13,CP08,Longueuil,HT,8394.92,4.0,4,23.29,31.6,41.5,88.96,5,0,5,0,0,7,28,2025,-0.23931566428755743,-0.9709418174260521,0.46472317204376795,0.8854560256532102,-0.4999999999999998,-0.8660254037844388,0,3,1,0,0,0,0.22142857142857153,0.11087097740796933,17.06190476190476,1.1630611779110316,2.2261904761904816,0.12820540520788207,0.0,0.0,1,0,0,5.289999999999999,0.0,1,0,22.33,23.19,28.0,7603.18,5790.88,10842.01,,8585.765,2322.4715603640902,10122.612
2025-07-20,CP08,Longueuil,HT,5171.88,3.0,3,23.79,33.3,19.9,88.96,3,0,3,0,0,7,29,2025,-0.3546048870425356,-0.9350162426854148,0.6631226582407952,0.7485107481711011,-0.4999999999999998,-0.8660254037844388,0,3,1,0,0,0,0.7214285714285715,0.36122479736144836,-4.5380952380952415,-0.30934895410248786,2.2261904761904816,0.12820540520788207,0.0,0.0,1,0,0,5.789999999999999,0.0,1,0,23.29,22.33,41.5,8394.92,7603.18,10106.99,,7973.992499999999,1791.6789512516875,9834.663333333332
2025-07-27,CP08,Longueuil,HT,9482.3,4.0,4,22.77,33.2,7.1,88.72,3,0,3,0,0,7,30,2025,-0.46472317204376806,-0.8854560256532101,0.8229838658936558,0.5680647467311567,-0.4999999999999998,-0.8660254037844388,0,3,1,0,0,0,-0.29857142857142804,-0.14949699534364863,-17.338095238095242,-1.1818882915919808,1.9861904761904867,0.11438390269990967,0.0,0.0,1,0,0,4.77,0.0,0,0,23.79,23.29,19.9,5171.88,8394.92,5790.88,,6740.215,1510.3717911715262,9168.551428571429
2025-08-03,CP08,Longueuil,HT,8667.99,3.0,3,22.59,30.7,2.6,91.09,3,0,3,0,0,8,31,2025,-0.5680647467311556,-0.8229838658936565,0.9350162426854147,0.354604887042536,-0.8660254037844384,-0.5000000000000004,0,3,1,0,0,0,0.6556122448979558,0.32827005983695806,-8.458163265306123,-0.5765687634287633,6.513163265306119,0.37509042669276765,0.0,0.0,1,0,0,4.59,0.0,0,0,22.77,23.79,7.1,9482.3,5171.88,7603.18,16270.0,7663.07,1830.7390714863438,9207.77
2025-08-10,CP08,Longueuil,HT,6998.0,2.0,2,24.26,34.0,1.0,96.27,3,0,3,0,0,8,32,2025,-0.663122658240795,-0.7485107481711013,0.9927088740980539,0.12053668025532369,-0.8660254037844384,-0.5000000000000004,0,3,1,0,0,0,2.3256122448979575,1.1644518184815789,-10.058163265306122,-0.6856361806149499,11.693163265306111,0.6734045224898448,0.0,0.0,1,0,0,6.260000000000002,0.0,0,0,22.59,22.77,2.6,8667.99,9482.3,8394.92,10842.01,7929.272499999999,1895.4013606511803,9147.794444444444
2025-08-17,CP08,Longueuil,HT,3299.0,1.0,1,24.84,34.8,9.6,83.63,2,0,2,0,0,8,33,2025,-0.7485107481711011,-0.6631226582407952,0.992708874098054,-0.12053668025532309,-0.8660254037844384,-0.5000000000000004,0,3,1,0,0,0,2.9056122448979558,1.4548622496276136,-1.4581632653061227,-0.09939881323919687,-0.9468367346938891,-0.05452794293005116,0.0,0.0,1,0,0,6.84,0.0,0,0,24.26,22.59,1.0,6998.0,8667.99,5171.88,10106.99,7580.0425,1909.6451203714128,8932.814999999999
2025-08-31,CP08,Longueuil,HT,3099.0,1.0,1,17.29,24.7,29.8,71.82,4,0,4,0,0,8,35,2025,-0.8854560256532096,-0.4647231720437691,0.8229838658936571,-0.5680647467311547,-0.8660254037844384,-0.5000000000000004,0,3,1,0,0,0,-4.644387755102045,-2.32548043166992,18.741836734693877,1.2775773287364092,-12.756836734693891,-0.734661045509875,0.0,0.0,0,0,0,0.0,0.7100000000000009,1,0,24.84,24.26,9.6,3299.0,6998.0,9482.3,5790.88,7111.8225,2744.169081529966,8420.65
2025-09-07,CP08,Longueuil,HT,3150.9799999999996,2.0,2,18.33,26.1,25.9,71.69,5,0,5,1,1,9,36,2025,-0.9350162426854147,-0.3546048870425359,0.6631226582407956,-0.7485107481711007,-1.0,-1.8369701987210297e-16,0,3,0,0,1,0,0.9499999999999993,0.4756722579116098,11.681818181818182,0.7963160857059648,-5.200000000000003,-0.2994658876727422,0.0,0.0,0,0,0,0.3299999999999983,0.0,1,0,17.29,24.84,29.8,3099.0,3299.0,8667.99,7603.18,5515.9974999999995,2762.1454801219943,7977.179166666666
2025-06-08,CP08,Longueuil,IN,7564.97,10.0,10,19.9,25.9,0.0,13.51,0,0,0,0,0,6,23,2025,0.35460488704253584,-0.9350162426854147,-0.6631226582407956,0.7485107481711007,1.2246467991473532e-16,-1.0,0,2,1,0,0,0,-1.0640476190476207,-0.5327767720819522,-20.878571428571426,-1.4232324126572475,-48.75166666666667,-2.807588679588262,0.0,0.0,0,0,0,1.8999999999999986,0.0,0,0,,,,,,,,,,
2025-06-15,CP08,Longueuil,IN,5654.97,8.0,8,18.19,25.8,9.5,88.01,3,0,3,0,0,6,24,2025,0.23931566428755768,-0.970941817426052,-0.4647231720437684,0.88545602565321,1.2246467991473532e-16,-1.0,0,2,1,0,0,0,-2.774047619047618,-1.388986836322849,-11.378571428571426,-0.7756446231142645,25.748333333333335,1.4828360572615997,0.0,0.0,0,0,0,0.19000000000000128,0.0,0,0,19.9,,0.0,7564.97,,,,,,
2025-06-22,CP08,Longueuil,IN,7419.94,12.0,12,22.46,29.5,44.2,76.92,6,0,6,0,0,6,25,2025,0.12053668025532308,-0.992708874098054,-0.2393156642875578,0.970941817426052,1.2246467991473532e-16,-1.0,0,2,1,0,0,0,1.4959523809523816,0.7490347860798616,23.321428571428577,1.589754987111158,14.658333333333331,0.844167462205694,0.0,0.0,1,0,0,4.460000000000001,0.0,1,0,18.19,19.9,9.5,5654.97,7564.97,,,6609.97,1350.5739520663058,
2025-06-29,CP08,Longueuil,IN,6254.96,11.0,11,23.19,34.7,30.9,74.28,5,0,5,1,1,6,26,2025,-3.216245299353273e-16,-1.0,6.432490598706546e-16,1.0,1.2246467991473532e-16,-1.0,0,2,1,0,0,0,2.225952380952382,1.1145513632119413,10.021428571428572,0.6831320817509814,12.01833333333333,0.6921309346179942,0.0,0.0,1,0,0,5.190000000000001,0.0,1,0,22.46,18.19,44.2,7419.94,5654.97,,,6879.96,1063.34792062617,
2025-07-06,CP08,Longueuil,IN,4254.98,7.0,7,22.33,31.5,28.0,79.85,4,0,4,1,1,7,27,2025,-0.12053668025532283,-0.992708874098054,0.23931566428755732,0.9709418174260521,-0.4999999999999998,-0.8660254037844388,0,3,1,0,0,0,-0.7385714285714293,-0.3698083569027108,3.56190476190476,0.242804845402582,-6.883809523809518,-0.3964357941572486,0.0,0.0,1,0,0,4.329999999999998,0.0,1,0,23.19,22.46,30.9,6254.96,7419.94,7564.97,,6723.71,922.7470492321644,6723.71
2025-07-13,CP08,Longueuil,IN,2365.0,2.0,2,23.29,31.6,41.5,88.96,5,0,5,0,0,7,28,2025,-0.23931566428755743,-0.9709418174260521,0.46472317204376795,0.8854560256532102,-0.4999999999999998,-0.8660254037844388,0,3,1,0,0,0,0.22142857142857153,0.11087097740796933,17.06190476190476,1.1630611779110316,2.2261904761904816,0.12820540520788207,0.0,0.0,1,0,0,5.289999999999999,0.0,1,0,22.33,23.19,28.0,4254.98,6254.96,5654.97,,5896.2125,1316.8507034936292,6229.964
2025-07-20,CP08,Longueuil,IN,1099.98,2.0,2,23.79,33.3,19.9,88.96,3,0,3,0,0,7,29,2025,-0.3546048870425356,-0.9350162426854148,0.6631226582407952,0.7485107481711011,-0.4999999999999998,-0.8660254037844388,0,3,1,0,0,0,0.7214285714285715,0.36122479736144836,-4.5380952380952415,-0.30934895410248786,2.2261904761904816,0.12820540520788207,0.0,0.0,1,0,0,5.789999999999999,0.0,1,0,23.29,22.33,41.5,2365.0,4254.98,7419.94,,5073.719999999999,2229.1684138560126,5585.803333333333
2025-07-27,CP08,Longueuil,IN,3919.98,4.0,4,22.77,33.2,7.1,88.72,3,0,3,0,0,7,30,2025,-0.46472317204376806,-0.8854560256532101,0.8229838658936558,0.5680647467311567,-0.4999999999999998,-0.8660254037844388,0,3,1,0,0,0,-0.29857142857142804,-0.14949699534364863,-17.338095238095242,-1.1818882915919808,1.9861904761904867,0.11438390269990967,0.0,0.0,1,0,0,4.77,0.0,0,0,23.79,23.29,19.9,1099.98,2365.0,6254.96,,3493.7299999999996,2251.515278710465,4944.971428571429
2025-08-10,CP08,Longueuil,IN,1379.97,3.0,3,24.26,34.0,1.0,96.27,3,0,3,0,0,8,32,2025,-0.663122658240795,-0.7485107481711013,0.9927088740980539,0.12053668025532369,-0.8660254037844384,-0.5000000000000004,0,3,1,0,0,0,2.3256122448979575,1.1644518184815789,-10.058163265306122,-0.6856361806149499,11.693163265306111,0.6734045224898448,0.0,0.0,1,0,0,6.260000000000002,0.0,0,0,22.77,23.79,7.1,3919.98,1099.98,4254.98,7564.97,2909.9849999999997,1460.8477219637443,4816.8475
2025-08-17,CP08,Longueuil,IN,2194.99,2.0,2,24.84,34.8,9.6,83.63,2,0,2,0,0,8,33,2025,-0.7485107481711011,-0.6631226582407952,0.992708874098054,-0.12053668025532309,-0.8660254037844384,-0.5000000000000004,0,3,1,0,0,0,2.9056122448979558,1.4548622496276136,-1.4581632653061227,-0.09939881323919687,-0.9468367346938891,-0.05452794293005116,0.0,0.0,1,0,0,6.84,0.0,0,0,24.26,22.77,1.0,1379.97,3919.98,2365.0,5654.97,2191.2325,1273.8055745776094,4434.972222222223
2025-06-08,CP08,Longueuil,INM,3764.99,13.0,13,19.9,25.9,0.0,13.51,0,0,0,0,0,6,23,2025,0.35460488704253584,-0.9350162426854147,-0.6631226582407956,0.7485107481711007,1.2246467991473532e-16,-1.0,0,2,1,0,0,0,-1.0640476190476207,-0.5327767720819522,-20.878571428571426,-1.4232324126572475,-48.75166666666667,-2.807588679588262,0.0,0.0,0,0,0,1.8999999999999986,0.0,0,0,,,,,,,,,,
2025-06-15,CP08,Longueuil,INM,6498.0,18.0,18,18.19,25.8,9.5,88.01,3,0,3,0,0,6,24,2025,0.23931566428755768,-0.970941817426052,-0.4647231720437684,0.88545602565321,1.2246467991473532e-16,-1.0,0,2,1,0,0,0,-2.774047619047618,-1.388986836322849,-11.378571428571426,-0.7756446231142645,25.748333333333335,1.4828360572615997,0.0,0.0,0,0,0,0.19000000000000128,0.0,0,0,19.9,,0.0,3764.99,,,,,,
2025-06-22,CP08,Longueuil,INM,1375.0,3.0,3,22.46,29.5,44.2,76.92,6,0,6,0,0,6,25,2025,0.12053668025532308,-0.992708874098054,-0.2393156642875578,0.970941817426052,1.2246467991473532e-16,-1.0,0,2,1,0,0,0,1.4959523809523816,0.7490347860798616,23.321428571428577,1.589754987111158,14.658333333333331,0.844167462205694,0.0,0.0,1,0,0,4.460000000000001,0.0,1,0,18.19,19.9,9.5,6498.0,3764.99,,,5131.495,1932.5299040506463,
2025-06-29,CP08,Longueuil,INM,5869.96,16.0,16,23.19,34.7,30.9,74.28,5,0,5,1,1,6,26,2025,-3.216245299353273e-16,-1.0,6.432490598706546e-16,1.0,1.2246467991473532e-16,-1.0,0,2,1,0,0,0,2.225952380952382,1.1145513632119413,10.021428571428572,0.6831320817509814,12.01833333333333,0.6921309346179942,0.0,0.0,1,0,0,5.190000000000001,0.0,1,0,22.46,18.19,44.2,1375.0,6498.0,,,3879.33,2563.4132473520535,
2025-07-06,CP08,Longueuil,INM,2884.99,8.0,8,22.33,31.5,28.0,79.85,4,0,4,1,1,7,27,2025,-0.12053668025532283,-0.992708874098054,0.23931566428755732,0.9709418174260521,-0.4999999999999998,-0.8660254037844388,0,3,1,0,0,0,-0.7385714285714293,-0.3698083569027108,3.56190476190476,0.242804845402582,-6.883809523809518,-0.3964357941572486,0.0,0.0,1,0,0,4.329999999999998,0.0,1,0,23.19,22.46,30.9,5869.96,1375.0,3764.99,,4376.9875,2317.623121582037,4376.9875
2025-07-13,CP08,Longueuil,INM,2745.0,6.0,5,23.29,31.6,41.5,88.96,5,0,5,0,0,7,28,2025,-0.23931566428755743,-0.9709418174260521,0.46472317204376795,0.8854560256532102,-0.4999999999999998,-0.8660254037844388,0,3,1,0,0,0,0.22142857142857153,0.11087097740796933,17.06190476190476,1.1630611779110316,2.2261904761904816,0.12820540520788207,0.0,0.0,1,0,0,5.289999999999999,0.0,1,0,22.33,23.19,28.0,2884.99,5869.96,6498.0,,4156.9875,2433.930045630934,4078.5879999999997
2025-07-20,CP08,Longueuil,INM,1600.0,2.0,2,23.79,33.3,19.9,88.96,3,0,3,0,0,7,29,2025,-0.3546048870425356,-0.9350162426854148,0.6631226582407952,0.7485107481711011,-0.4999999999999998,-0.8660254037844388,0,3,1,0,0,0,0.7214285714285715,0.36122479736144836,-4.5380952380952415,-0.30934895410248786,2.2261904761904816,0.12820540520788207,0.0,0.0,1,0,0,5.789999999999999,0.0,1,0,23.29,22.33,41.5,2745.0,2884.99,1375.0,,3218.7375,1894.2160494581922,3856.3233333333333
2025-07-27,CP08,Longueuil,INM,1014.99,3.0,3,22.77,33.2,7.1,88.72,3,0,3,0,0,7,30,2025,-0.46472317204376806,-0.8854560256532101,0.8229838658936558,0.5680647467311567,-0.4999999999999998,-0.8660254037844388,0,3,1,0,0,0,-0.29857142857142804,-0.14949699534364863,-17.338095238095242,-1.1818882915919808,1.9861904761904867,0.11438390269990967,0.0,0.0,1,0,0,4.77,0.0,0,0,23.79,23.29,19.9,1600.0,2745.0,5869.96,,3274.9875,1823.2251827530795,3533.9914285714285
2025-08-03,CP08,Longueuil,INM,0.0,1.0,1,22.59,30.7,2.6,91.09,3,0,3,0,0,8,31,2025,-0.5680647467311556,-0.8229838658936565,0.9350162426854147,0.354604887042536,-0.8660254037844384,-0.5000000000000004,0,3,1,0,0,0,0.6556122448979558,0.32827005983695806,-8.458163265306123,-0.5765687634287633,6.513163265306119,0.37509042669276765,0.0,0.0,1,0,0,4.59,0.0,0,0,22.77,23.79,7.1,1014.99,1600.0,2884.99,3764.99,2061.245,904.3364418364075,3219.11625
2025-08-10,CP08,Longueuil,INM,1389.98,2.0,2,24.26,34.0,1.0,96.27,3,0,3,0,0,8,32,2025,-0.663122658240795,-0.7485107481711013,0.9927088740980539,0.12053668025532369,-0.8660254037844384,-0.5000000000000004,0,3,1,0,0,0,2.3256122448979575,1.1644518184815789,-10.058163265306122,-0.6856361806149499,11.693163265306111,0.6734045224898448,0.0,0.0,1,0,0,6.260000000000002,0.0,0,0,22.59,22.77,2.6,0.0,1014.99,2745.0,6498.0,1339.9975,1146.4229149947246,2861.4366666666665
2025-08-17,CP08,Longueuil,INM,230.0,2.0,2,24.84,34.8,9.6,83.63,2,0,2,0,0,8,33,2025,-0.7485107481711011,-0.6631226582407952,0.992708874098054,-0.12053668025532309,-0.8660254037844384,-0.5000000000000004,0,3,1,0,0,0,2.9056122448979558,1.4548622496276136,-1.4581632653061227,-0.09939881323919687,-0.9468367346938891,-0.05452794293005116,0.0,0.0,1,0,0,6.84,0.0,0,0,24.26,22.59,1.0,1389.98,0.0,1600.0,1375.0,1001.2425000000001,710.0006866839417,2714.291
2025-08-31,CP08,Longueuil,INM,469.99,1.0,1,17.29,24.7,29.8,71.82,4,0,4,0,0,8,35,2025,-0.8854560256532096,-0.4647231720437691,0.8229838658936571,-0.5680647467311547,-0.8660254037844384,-0.5000000000000004,0,3,1,0,0,0,-4.644387755102045,-2.32548043166992,18.741836734693877,1.2775773287364092,-12.756836734693891,-0.734661045509875,0.0,0.0,0,0,0,0.0,0.7100000000000009,1,0,24.84,24.26,9.6,230.0,1389.98,1014.99,5869.96,658.7425000000001,653.0396555786913,2488.4463636363635
2025-06-08,CP08,Longueuil,LI,1904.81,50.0,50,19.9,25.9,0.0,13.51,0,0,0,0,0,6,23,2025,0.35460488704253584,-0.9350162426854147,-0.6631226582407956,0.7485107481711007,1.2246467991473532e-16,-1.0,0,2,1,0,0,0,-1.0640476190476207,-0.5327767720819522,-20.878571428571426,-1.4232324126572475,-48.75166666666667,-2.807588679588262,0.0,0.0,0,0,0,1.8999999999999986,0.0,0,0,,,,,,,,,,
2025-06-15,CP08,Longueuil,LI,1519.9,37.0,37,18.19,25.8,9.5,88.01,3,0,3,0,0,6,24,2025,0.23931566428755768,-0.970941817426052,-0.4647231720437684,0.88545602565321,1.2246467991473532e-16,-1.0,0,2,1,0,0,0,-2.774047619047618,-1.388986836322849,-11.378571428571426,-0.7756446231142645,25.748333333333335,1.4828360572615997,0.0,0.0,0,0,0,0.19000000000000128,0.0,0,0,19.9,,0.0,1904.81,,,,,,
2025-06-22,CP08,Longueuil,LI,1079.87,36.0,36,22.46,29.5,44.2,76.92,6,0,6,0,0,6,25,2025,0.12053668025532308,-0.992708874098054,-0.2393156642875578,0.970941817426052,1.2246467991473532e-16,-1.0,0,2,1,0,0,0,1.4959523809523816,0.7490347860798616,23.321428571428577,1.589754987111158,14.658333333333331,0.844167462205694,0.0,0.0,1,0,0,4.460000000000001,0.0,1,0,18.19,19.9,9.5,1519.9,1904.81,,,1712.355,272.17247114651394,
2025-06-29,CP08,Longueuil,LI,1729.88,47.0,47,23.19,34.7,30.9,74.28,5,0,5,1,1,6,26,2025,-3.216245299353273e-16,-1.0,6.432490598706546e-16,1.0,1.2246467991473532e-16,-1.0,0,2,1,0,0,0,2.225952380952382,1.1145513632119413,10.021428571428572,0.6831320817509814,12.01833333333333,0.6921309346179942,0.0,0.0,1,0,0,5.190000000000001,0.0,1,0,22.46,18.19,44.2,1079.87,1519.9,,,1501.5266666666666,412.77679856471264,
2025-07-06,CP08,Longueuil,LI,649.92,20.0,20,22.33,31.5,28.0,79.85,4,0,4,1,1,7,27,2025,-0.12053668025532283,-0.992708874098054,0.23931566428755732,0.9709418174260521,-0.4999999999999998,-0.8660254037844388,0,3,1,0,0,0,-0.7385714285714293,-0.3698083569027108,3.56190476190476,0.242804845402582,-6.883809523809518,-0.3964357941572486,0.0,0.0,1,0,0,4.329999999999998,0.0,1,0,23.19,22.46,30.9,1729.88,1079.87,1904.81,,1558.615,355.84561469828463,1558.615
2025-07-13,CP08,Longueuil,LI,1409.89,27.0,27,23.29,31.6,41.5,88.96,5,0,5,0,0,7,28,2025,-0.23931566428755743,-0.9709418174260521,0.46472317204376795,0.8854560256532102,-0.4999999999999998,-0.8660254037844388,0,3,1,0,0,0,0.22142857142857153,0.11087097740796933,17.06190476190476,1.1630611779110316,2.2261904761904816,0.12820540520788207,0.0,0.0,1,0,0,5.289999999999999,0.0,1,0,22.33,23.19,28.0,649.92,1729.88,1519.9,,1244.8925,480.3008437340775,1376.876
2025-07-20,CP08,Longueuil,LI,1190.41,17.0,17,23.79,33.3,19.9,88.96,3,0,3,0,0,7,29,2025,-0.3546048870425356,-0.9350162426854148,0.6631226582407952,0.7485107481711011,-0.4999999999999998,-0.8660254037844388,0,3,1,0,0,0,0.7214285714285715,0.36122479736144836,-4.5380952380952415,-0.30934895410248786,2.2261904761904816,0.12820540520788207,0.0,0.0,1,0,0,5.789999999999999,0.0,1,0,23.29,22.33,41.5,1409.89,649.92,1079.87,,1217.3899999999999,462.1097277342976,1382.3783333333333
2025-07-27,CP08,Longueuil,LI,1239.89,29.0,29,22.77,33.2,7.1,88.72,3,0,3,0,0,7,30,2025,-0.46472317204376806,-0.8854560256532101,0.8229838658936558,0.5680647467311567,-0.4999999999999998,-0.8660254037844388,0,3,1,0,0,0,-0.29857142857142804,-0.14949699534364863,-17.338095238095242,-1.1818882915919808,1.9861904761904867,0.11438390269990967,0.0,0.0,1,0,0,4.77,0.0,0,0,23.79,23.29,19.9,1190.41,1409.89,1729.88,,1245.025,454.3851517893897,1354.9542857142858
2025-08-03,CP08,Longueuil,LI,1214.9,19.0,19,22.59,30.7,2.6,91.09,3,0,3,0,0,8,31,2025,-0.5680647467311556,-0.8229838658936565,0.9350162426854147,0.354604887042536,-0.8660254037844384,-0.5000000000000004,0,3,1,0,0,0,0.6556122448979558,0.32827005983695806,-8.458163265306123,-0.5765687634287633,6.513163265306119,0.37509042669276765,0.0,0.0,1,0,0,4.59,0.0,0,0,22.77,23.79,7.1,1239.89,1190.41,649.92,1904.81,1122.5275000000001,328.79428506539864,1340.57125
2025-08-10,CP08,Longueuil,LI,429.96,20.0,20,24.26,34.0,1.0,96.27,3,0,3,0,0,8,32,2025,-0.663122658240795,-0.7485107481711013,0.9927088740980539,0.12053668025532369,-0.8660254037844384,-0.5000000000000004,0,3,1,0,0,0,2.3256122448979575,1.1644518184815789,-10.058163265306122,-0.6856361806149499,11.693163265306111,0.6734045224898448,0.0,0.0,1,0,0,6.260000000000002,0.0,0,0,22.59,22.77,2.6,1214.9,1239.89,1409.89,1519.9,1263.7725,99.48412817295682,1326.607777777778
2025-08-17,CP08,Longueuil,LI,869.94,16.0,16,24.84,34.8,9.6,83.63,2,0,2,0,0,8,33,2025,-0.7485107481711011,-0.6631226582407952,0.992708874098054,-0.12053668025532309,-0.8660254037844384,-0.5000000000000004,0,3,1,0,0,0,2.9056122448979558,1.4548622496276136,-1.4581632653061227,-0.09939881323919687,-0.9468367346938891,-0.05452794293005116,0.0,0.0,1,0,0,6.84,0.0,0,0,24.26,22.59,1.0,429.96,1214.9,1190.41,1079.87,1018.7900000000001,393.07273940921743,1236.943
2025-08-24,CP08,Longueuil,LI,249.98,4.0,4,20.4,30.6,12.5,79.64,3,0,3,0,0,8,34,2025,-0.8229838658936564,-0.5680647467311559,0.9350162426854149,-0.35460488704253545,-0.8660254037844384,-0.5000000000000004,0,3,1,0,0,0,-1.5343877551020455,-0.7682796715592808,1.4418367346938776,0.09828588041076639,-4.936836734693884,-0.2843104221250971,0.0,0.0,1,0,0,2.3999999999999986,0.0,1,0,24.84,24.26,9.6,869.94,429.96,1239.89,1729.88,938.6725,378.8342549959457,1203.579090909091
2025-08-31,CP08,Longueuil,LI,549.96,10.0,10,17.29,24.7,29.8,71.82,4,0,4,0,0,8,35,2025,-0.8854560256532096,-0.4647231720437691,0.8229838658936571,-0.5680647467311547,-0.8660254037844384,-0.5000000000000004,0,3,1,0,0,0,-4.644387755102045,-2.32548043166992,18.741836734693877,1.2775773287364092,-12.756836734693891,-0.734661045509875,0.0,0.0,0,0,0,0.0,0.7100000000000009,1,0,20.4,24.84,12.5,249.98,869.94,1214.9,649.92,691.195,435.5575367656185,1124.1125
2025-09-07,CP08,Longueuil,LI,49.99,1.0,1,18.33,26.1,25.9,71.69,5,0,5,1,1,9,36,2025,-0.9350162426854147,-0.3546048870425359,0.6631226582407956,-0.7485107481711007,-1.0,-1.8369701987210297e-16,0,3,0,0,1,0,0.9499999999999993,0.4756722579116098,11.681818181818182,0.7963160857059648,-5.200000000000003,-0.2994658876727422,0.0,0.0,0,0,0,0.3299999999999983,0.0,1,0,17.29,20.4,29.8,549.96,249.98,429.96,1409.89,524.96,260.9439280765117,1011.2083333333334
2025-06-08,CP08,Longueuil,LO,1488.78,101.0,76,19.9,25.9,0.0,13.51,0,0,0,0,0,6,23,2025,0.35460488704253584,-0.9350162426854147,-0.6631226582407956,0.7485107481711007,1.2246467991473532e-16,-1.0,0,2,1,0,0,0,-1.0640476190476207,-0.5327767720819522,-20.878571428571426,-1.4232324126572475,-48.75166666666667,-2.807588679588262,0.0,0.0,0,0,0,1.8999999999999986,0.0,0,0,,,,,,,,,,
2025-06-15,CP08,Longueuil,LO,3464.7,179.0,139,18.19,25.8,9.5,88.01,3,0,3,0,0,6,24,2025,0.23931566428755768,-0.970941817426052,-0.4647231720437684,0.88545602565321,1.2246467991473532e-16,-1.0,0,2,1,0,0,0,-2.774047619047618,-1.388986836322849,-11.378571428571426,-0.7756446231142645,25.748333333333335,1.4828360572615997,0.0,0.0,0,0,0,0.19000000000000128,0.0,0,0,19.9,,0.0,1488.78,,,,,,
2025-06-22,CP08,Longueuil,LO,2368.75,144.0,114,22.46,29.5,44.2,76.92,6,0,6,0,0,6,25,2025,0.12053668025532308,-0.992708874098054,-0.2393156642875578,0.970941817426052,1.2246467991473532e-16,-1.0,0,2,1,0,0,0,1.4959523809523816,0.7490347860798616,23.321428571428577,1.589754987111158,14.658333333333331,0.844167462205694,0.0,0.0,1,0,0,4.460000000000001,0.0,1,0,18.19,19.9,9.5,3464.7,1488.78,,,2476.74,1397.186431082123,
2025-06-29,CP08,Longueuil,LO,3582.63,193.0,143,23.19,34.7,30.9,74.28,5,0,5,1,1,6,26,2025,-3.216245299353273e-16,-1.0,6.432490598706546e-16,1.0,1.2246467991473532e-16,-1.0,0,2,1,0,0,0,2.225952380952382,1.1145513632119413,10.021428571428572,0.6831320817509814,12.01833333333333,0.6921309346179942,0.0,0.0,1,0,0,5.190000000000001,0.0,1,0,22.46,18.19,44.2,2368.75,3464.7,,,2440.7433333333333,989.9253717494735,
2025-07-06,CP08,Longueuil,LO,2826.74,129.0,109,22.33,31.5,28.0,79.85,4,0,4,1,1,7,27,2025,-0.12053668025532283,-0.992708874098054,0.23931566428755732,0.9709418174260521,-0.4999999999999998,-0.8660254037844388,0,3,1,0,0,0,-0.7385714285714293,-0.3698083569027108,3.56190476190476,0.242804845402582,-6.883809523809518,-0.3964357941572486,0.0,0.0,1,0,0,4.329999999999998,0.0,1,0,23.19,22.46,30.9,3582.63,2368.75,1488.78,,2726.215,989.5846524173664,2726.215
2025-07-13,CP08,Longueuil,LO,3024.78,142.0,117,23.29,31.6,41.5,88.96,5,0,5,0,0,7,28,2025,-0.23931566428755743,-0.9709418174260521,0.46472317204376795,0.8854560256532102,-0.4999999999999998,-0.8660254037844388,0,3,1,0,0,0,0.22142857142857153,0.11087097740796933,17.06190476190476,1.1630611779110316,2.2261904761904816,0.12820540520788207,0.0,0.0,1,0,0,5.289999999999999,0.0,1,0,22.33,23.19,28.0,2826.74,3582.63,3464.7,,3060.705,568.3775179989673,2746.3199999999997
2025-07-20,CP08,Longueuil,LO,2182.36,106.0,87,23.79,33.3,19.9,88.96,3,0,3,0,0,7,29,2025,-0.3546048870425356,-0.9350162426854148,0.6631226582407952,0.7485107481711011,-0.4999999999999998,-0.8660254037844388,0,3,1,0,0,0,0.7214285714285715,0.36122479736144836,-4.5380952380952415,-0.30934895410248786,2.2261904761904816,0.12820540520788207,0.0,0.0,1,0,0,5.789999999999999,0.0,1,0,23.29,22.33,41.5,3024.78,2826.74,2368.75,,2950.725,502.94308919267047,2792.73
2025-07-27,CP08,Longueuil,LO,2547.7,125.0,99,22.77,33.2,7.1,88.72,3,0,3,0,0,7,30,2025,-0.46472317204376806,-0.8854560256532101,0.8229838658936558,0.5680647467311567,-0.4999999999999998,-0.8660254037844388,0,3,1,0,0,0,-0.29857142857142804,-0.14949699534364863,-17.338095238095242,-1.1818882915919808,1.9861904761904867,0.11438390269990967,0.0,0.0,1,0,0,4.77,0.0,0,0,23.79,23.29,19.9,2182.36,3024.78,3582.63,,2904.1275,577.8869028552788,2705.5342857142855
2025-08-03,CP08,Longueuil,LO,2421.31,153.0,80,22.59,30.7,2.6,91.09,3,0,3,0,0,8,31,2025,-0.5680647467311556,-0.8229838658936565,0.9350162426854147,0.354604887042536,-0.8660254037844384,-0.5000000000000004,0,3,1,0,0,0,0.6556122448979558,0.32827005983695806,-8.458163265306123,-0.5765687634287633,6.513163265306119,0.37509042669276765,0.0,0.0,1,0,0,4.59,0.0,0,0,22.77,23.79,7.1,2547.7,2182.36,2826.74,1488.78,2645.395,365.49724645565584,2685.805
2025-08-10,CP08,Longueuil,LO,651.67,61.0,56,24.26,34.0,1.0,96.27,3,0,3,0,0,8,32,2025,-0.663122658240795,-0.7485107481711013,0.9927088740980539,0.12053668025532369,-0.8660254037844384,-0.5000000000000004,0,3,1,0,0,0,2.3256122448979575,1.1644518184815789,-10.058163265306122,-0.6856361806149499,11.693163265306111,0.6734045224898448,0.0,0.0,1,0,0,6.260000000000002,0.0,0,0,22.59,22.77,2.6,2421.31,2547.7,3024.78,3464.7,2544.0375,354.494672491703,2656.4166666666665
2025-08-17,CP08,Longueuil,LO,1710.31,111.0,92,24.84,34.8,9.6,83.63,2,0,2,0,0,8,33,2025,-0.7485107481711011,-0.6631226582407952,0.992708874098054,-0.12053668025532309,-0.8660254037844384,-0.5000000000000004,0,3,1,0,0,0,2.9056122448979558,1.4548622496276136,-1.4581632653061227,-0.09939881323919687,-0.9468367346938891,-0.05452794293005116,0.0,0.0,1,0,0,6.84,0.0,0,0,24.26,22.59,1.0,651.67,2421.31,2182.36,2368.75,1950.7599999999998,879.209503702047,2455.942
2025-08-24,CP08,Longueuil,LO,465.65,45.0,31,20.4,30.6,12.5,79.64,3,0,3,0,0,8,34,2025,-0.8229838658936564,-0.5680647467311559,0.9350162426854149,-0.35460488704253545,-0.8660254037844384,-0.5000000000000004,0,3,1,0,0,0,-1.5343877551020455,-0.7682796715592808,1.4418367346938776,0.09828588041076639,-4.936836734693884,-0.2843104221250971,0.0,0.0,1,0,0,2.3999999999999986,0.0,1,0,24.84,24.26,9.6,1710.31,651.67,2547.7,3582.63,1832.7475,869.3863537145035,2388.157272727273
2025-08-31,CP08,Longueuil,LO,126.05,14.0,9,17.29,24.7,29.8,71.82,4,0,4,0,0,8,35,2025,-0.8854560256532096,-0.4647231720437691,0.8229838658936571,-0.5680647467311547,-0.8660254037844384,-0.5000000000000004,0,3,1,0,0,0,-4.644387755102045,-2.32548043166992,18.741836734693877,1.2775773287364092,-12.756836734693891,-0.734661045509875,0.0,0.0,0,0,0,0.0,0.7100000000000009,1,0,20.4,24.84,12.5,465.65,1710.31,2421.31,2826.74,1312.235,920.4280422173154,2227.9483333333333
2025-09-07,CP08,Longueuil,LO,154.13,12.0,9,18.33,26.1,25.9,71.69,5,0,5,1,1,9,36,2025,-0.9350162426854147,-0.3546048870425359,0.6631226582407956,-0.7485107481711007,-1.0,-1.8369701987210297e-16,0,3,0,0,1,0,0.9499999999999993,0.4756722579116098,11.681818181818182,0.7963160857059648,-5.200000000000003,-0.2994658876727422,0.0,0.0,0,0,0,0.3299999999999983,0.0,1,0,17.29,20.4,29.8,126.05,465.65,651.67,3024.78,738.42,683.49499495851,2114.3875000000003
2025-09-14,CP08,Longueuil,LO,175.93,7.0,7,16.24,23.4,0.2,83.13,1,0,1,0,0,9,37,2025,-0.970941817426052,-0.23931566428755774,0.4647231720437685,-0.8854560256532099,-1.0,-1.8369701987210297e-16,0,3,0,0,1,0,-1.1400000000000006,-0.5708067094939324,-14.018181818181818,-0.9555793028471578,6.239999999999995,0.3593590652072901,0.0,0.0,0,0,0,0.0,1.7600000000000016,0,0,18.33,17.29,25.9,154.13,126.05,1710.31,2182.36,614.035,746.8777126812664,1838.506666666667
2025-06-08,CP08,Longueuil,ME,46882.67,240.0,131,19.9,25.9,0.0,13.51,0,0,0,0,0,6,23,2025,0.35460488704253584,-0.9350162426854147,-0.6631226582407956,0.7485107481711007,1.2246467991473532e-16,-1.0,0,2,1,0,0,0,-1.0640476190476207,-0.5327767720819522,-20.878571428571426,-1.4232324126572475,-48.75166666666667,-2.807588679588262,0.0,0.0,0,0,0,1.8999999999999986,0.0,0,0,,,,,,,,,,
2025-06-15,CP08,Longueuil,ME,34456.65,168.0,126,18.19,25.8,9.5,88.01,3,0,3,0,0,6,24,2025,0.23931566428755768,-0.970941817426052,-0.4647231720437684,0.88545602565321,1.2246467991473532e-16,-1.0,0,2,1,0,0,0,-2.774047619047618,-1.388986836322849,-11.378571428571426,-0.7756446231142645,25.748333333333335,1.4828360572615997,0.0,0.0,0,0,0,0.19000000000000128,0.0,0,0,19.9,,0.0,46882.67,,,,,,
2025-06-22,CP08,Longueuil,ME,29405.93,181.0,108,22.46,29.5,44.2,76.92,6,0,6,0,0,6,25,2025,0.12053668025532308,-0.992708874098054,-0.2393156642875578,0.970941817426052,1.2246467991473532e-16,-1.0,0,2,1,0,0,0,1.4959523809523816,0.7490347860798616,23.321428571428577,1.589754987111158,14.658333333333331,0.844167462205694,0.0,0.0,1,0,0,4.460000000000001,0.0,1,0,18.19,19.9,9.5,34456.65,46882.67,,,40669.66,8786.523005159663,
2025-06-29,CP08,Longueuil,ME,51563.94,181.0,96,23.19,34.7,30.9,74.28,5,0,5,1,1,6,26,2025,-3.216245299353273e-16,-1.0,6.432490598706546e-16,1.0,1.2246467991473532e-16,-1.0,0,2,1,0,0,0,2.225952380952382,1.1145513632119413,10.021428571428572,0.6831320817509814,12.01833333333333,0.6921309346179942,0.0,0.0,1,0,0,5.190000000000001,0.0,1,0,22.46,18.19,44.2,29405.93,34456.65,,,36915.083333333336,8993.999727470164,
2025-07-06,CP08,Longueuil,ME,39831.72,187.0,127,22.33,31.5,28.0,79.85,4,0,4,1,1,7,27,2025,-0.12053668025532283,-0.992708874098054,0.23931566428755732,0.9709418174260521,-0.4999999999999998,-0.8660254037844388,0,3,1,0,0,0,-0.7385714285714293,-0.3698083569027108,3.56190476190476,0.242804845402582,-6.883809523809518,-0.3964357941572486,0.0,0.0,1,0,0,4.329999999999998,0.0,1,0,23.19,22.46,30.9,51563.94,29405.93,46882.67,,40577.2975,10371.849938268408,40577.2975
2025-07-13,CP08,Longueuil,ME,27567.63,209.0,120,23.29,31.6,41.5,88.96,5,0,5,0,0,7,28,2025,-0.23931566428755743,-0.9709418174260521,0.46472317204376795,0.8854560256532102,-0.4999999999999998,-0.8660254037844388,0,3,1,0,0,0,0.22142857142857153,0.11087097740796933,17.06190476190476,1.1630611779110316,2.2261904761904816,0.12820540520788207,0.0,0.0,1,0,0,5.289999999999999,0.0,1,0,22.33,23.19,28.0,39831.72,51563.94,34456.65,,38814.56,9506.050755439928,40428.182
2025-07-20,CP08,Longueuil,ME,25001.41,140.0,76,23.79,33.3,19.9,88.96,3,0,3,0,0,7,29,2025,-0.3546048870425356,-0.9350162426854148,0.6631226582407952,0.7485107481711011,-0.4999999999999998,-0.8660254037844388,0,3,1,0,0,0,0.7214285714285715,0.36122479736144836,-4.5380952380952415,-0.30934895410248786,2.2261904761904816,0.12820540520788207,0.0,0.0,1,0,0,5.789999999999999,0.0,1,0,23.29,22.33,41.5,27567.63,39831.72,29405.93,,37092.305,11056.407020542434,38284.75666666667
2025-07-27,CP08,Longueuil,ME,31531.59,165.0,92,22.77,33.2,7.1,88.72,3,0,3,0,0,7,30,2025,-0.46472317204376806,-0.8854560256532101,0.8229838658936558,0.5680647467311567,-0.4999999999999998,-0.8660254037844388,0,3,1,0,0,0,-0.29857142857142804,-0.14949699534364863,-17.338095238095242,-1.1818882915919808,1.9861904761904867,0.11438390269990967,0.0,0.0,1,0,0,4.77,0.0,0,0,23.79,23.29,19.9,25001.41,27567.63,51563.94,,35991.175,12233.7217117891,36387.135714285716
2025-08-03,CP08,Longueuil,ME,21221.46,126.0,62,22.59,30.7,2.6,91.09,3,0,3,0,0,8,31,2025,-0.5680647467311556,-0.8229838658936565,0.9350162426854147,0.354604887042536,-0.8660254037844384,-0.5000000000000004,0,3,1,0,0,0,0.6556122448979558,0.32827005983695806,-8.458163265306123,-0.5765687634287633,6.513163265306119,0.37509042669276765,0.0,0.0,1,0,0,4.59,0.0,0,0,22.77,23.79,7.1,31531.59,25001.41,39831.72,46882.67,30983.0875,6481.89704127002,35780.1925
2025-08-10,CP08,Longueuil,ME,12400.5,58.0,31,24.26,34.0,1.0,96.27,3,0,3,0,0,8,32,2025,-0.663122658240795,-0.7485107481711013,0.9927088740980539,0.12053668025532369,-0.8660254037844384,-0.5000000000000004,0,3,1,0,0,0,2.3256122448979575,1.1644518184815789,-10.058163265306122,-0.6856361806149499,11.693163265306111,0.6734045224898448,0.0,0.0,1,0,0,6.260000000000002,0.0,0,0,22.59,22.77,2.6,21221.46,31531.59,27567.63,34456.65,26330.5225,4337.8411594046465,34162.555555555555
2025-08-17,CP08,Longueuil,ME,23642.17,136.0,70,24.84,34.8,9.6,83.63,2,0,2,0,0,8,33,2025,-0.7485107481711011,-0.6631226582407952,0.992708874098054,-0.12053668025532309,-0.8660254037844384,-0.5000000000000004,0,3,1,0,0,0,2.9056122448979558,1.4548622496276136,-1.4581632653061227,-0.09939881323919687,-0.9468367346938891,-0.05452794293005116,0.0,0.0,1,0,0,6.84,0.0,0,0,24.26,22.59,1.0,12400.5,21221.46,25001.41,29405.93,22538.739999999998,7988.642595322439,31986.35
2025-08-24,CP08,Longueuil,ME,10646.42,58.0,33,20.4,30.6,12.5,79.64,3,0,3,0,0,8,34,2025,-0.8229838658936564,-0.5680647467311559,0.9350162426854149,-0.35460488704253545,-0.8660254037844384,-0.5000000000000004,0,3,1,0,0,0,-1.5343877551020455,-0.7682796715592808,1.4418367346938776,0.09828588041076639,-4.936836734693884,-0.2843104221250971,0.0,0.0,1,0,0,2.3999999999999986,0.0,1,0,24.84,24.26,9.6,23642.17,12400.5,31531.59,51563.94,22198.93,7877.101041182602,31227.78818181818
2025-08-31,CP08,Longueuil,ME,23876.58,71.0,31,17.29,24.7,29.8,71.82,4,0,4,0,0,8,35,2025,-0.8854560256532096,-0.4647231720437691,0.8229838658936571,-0.5680647467311547,-0.8660254037844384,-0.5000000000000004,0,3,1,0,0,0,-4.644387755102045,-2.32548043166992,18.741836734693877,1.2775773287364092,-12.756836734693891,-0.734661045509875,0.0,0.0,0,0,0,0.0,0.7100000000000009,1,0,20.4,24.84,12.5,10646.42,23642.17,21221.46,39831.72,16977.6375,6415.1000403027,29512.674166666668
2025-09-07,CP08,Longueuil,ME,4868.16,38.0,23,18.33,26.1,25.9,71.69,5,0,5,1,1,9,36,2025,-0.9350162426854147,-0.3546048870425359,0.6631226582407956,-0.7485107481711007,-1.0,-1.8369701987210297e-16,0,3,0,0,1,0,0.9499999999999993,0.4756722579116098,11.681818181818182,0.7963160857059648,-5.200000000000003,-0.2994658876727422,0.0,0.0,0,0,0,0.3299999999999983,0.0,1,0,17.29,20.4,29.8,23876.58,10646.42,12400.5,27567.63,17641.4175,7101.2554813562165,27595.5
2025-09-14,CP08,Longueuil,ME,139.96,5.0,2,16.24,23.4,0.2,83.13,1,0,1,0,0,9,37,2025,-0.970941817426052,-0.23931566428755774,0.4647231720437685,-0.8854560256532099,-1.0,-1.8369701987210297e-16,0,3,0,0,1,0,-1.1400000000000006,-0.5708067094939324,-14.018181818181818,-0.9555793028471578,6.239999999999995,0.3593590652072901,0.0,0.0,0,0,0,0.0,1.7600000000000016,0,0,18.33,17.29,25.9,4868.16,23876.58,23642.17,25001.41,15758.3325,9535.693344570793,25129.7925
2025-06-08,CP08,Longueuil,MK,10.0,3.0,3,19.9,25.9,0.0,13.51,0,0,0,0,0,6,23,2025,0.35460488704253584,-0.9350162426854147,-0.6631226582407956,0.7485107481711007,1.2246467991473532e-16,-1.0,0,2,1,0,0,0,-1.0640476190476207,-0.5327767720819522,-20.878571428571426,-1.4232324126572475,-48.75166666666667,-2.807588679588262,0.0,0.0,0,0,0,1.8999999999999986,0.0,0,0,,,,,,,,,,
2025-06-15,CP08,Longueuil,MK,10.0,2.0,2,18.19,25.8,9.5,88.01,3,0,3,0,0,6,24,2025,0.23931566428755768,-0.970941817426052,-0.4647231720437684,0.88545602565321,1.2246467991473532e-16,-1.0,0,2,1,0,0,0,-2.774047619047618,-1.388986836322849,-11.378571428571426,-0.7756446231142645,25.748333333333335,1.4828360572615997,0.0,0.0,0,0,0,0.19000000000000128,0.0,0,0,19.9,,0.0,10.0,,,,,,
2025-06-22,CP08,Longueuil,MK,8.98,3.0,3,22.46,29.5,44.2,76.92,6,0,6,0,0,6,25,2025,0.12053668025532308,-0.992708874098054,-0.2393156642875578,0.970941817426052,1.2246467991473532e-16,-1.0,0,2,1,0,0,0,1.4959523809523816,0.7490347860798616,23.321428571428577,1.589754987111158,14.658333333333331,0.844167462205694,0.0,0.0,1,0,0,4.460000000000001,0.0,1,0,18.19,19.9,9.5,10.0,10.0,,,10.0,0.0,
2025-06-29,CP08,Longueuil,MK,15.0,3.0,3,23.19,34.7,30.9,74.28,5,0,5,1,1,6,26,2025,-3.216245299353273e-16,-1.0,6.432490598706546e-16,1.0,1.2246467991473532e-16,-1.0,0,2,1,0,0,0,2.225952380952382,1.1145513632119413,10.021428571428572,0.6831320817509814,12.01833333333333,0.6921309346179942,0.0,0.0,1,0,0,5.190000000000001,0.0,1,0,22.46,18.19,44.2,8.98,10.0,,,9.66,0.588897274573418,
2025-07-06,CP08,Longueuil,MK,20.0,4.0,4,22.33,31.5,28.0,79.85,4,0,4,1,1,7,27,2025,-0.12053668025532283,-0.992708874098054,0.23931566428755732,0.9709418174260521,-0.4999999999999998,-0.8660254037844388,0,3,1,0,0,0,-0.7385714285714293,-0.3698083569027108,3.56190476190476,0.242804845402582,-6.883809523809518,-0.3964357941572486,0.0,0.0,1,0,0,4.329999999999998,0.0,1,0,23.19,22.46,30.9,15.0,8.98,10.0,,10.995000000000001,2.712950423432024,10.995000000000001
2025-07-13,CP08,Longueuil,MK,10.0,2.0,2,23.29,31.6,41.5,88.96,5,0,5,0,0,7,28,2025,-0.23931566428755743,-0.9709418174260521,0.46472317204376795,0.8854560256532102,-0.4999999999999998,-0.8660254037844388,0,3,1,0,0,0,0.22142857142857153,0.11087097740796933,17.06190476190476,1.1630611779110316,2.2261904761904816,0.12820540520788207,0.0,0.0,1,0,0,5.289999999999999,0.0,1,0,22.33,23.19,28.0,20.0,15.0,10.0,,13.495000000000001,5.072156017579374,12.796000000000001
2025-07-20,CP08,Longueuil,MK,10.97,4.0,2,23.79,33.3,19.9,88.96,3,0,3,0,0,7,29,2025,-0.3546048870425356,-0.9350162426854148,0.6631226582407952,0.7485107481711011,-0.4999999999999998,-0.8660254037844388,0,3,1,0,0,0,0.7214285714285715,0.36122479736144836,-4.5380952380952415,-0.30934895410248786,2.2261904761904816,0.12820540520788207,0.0,0.0,1,0,0,5.789999999999999,0.0,1,0,23.29,22.33,41.5,10.0,20.0,8.98,,13.495000000000001,5.072156017579374,12.33
2025-07-27,CP08,Longueuil,MK,10.0,4.0,4,22.77,33.2,7.1,88.72,3,0,3,0,0,7,30,2025,-0.46472317204376806,-0.8854560256532101,0.8229838658936558,0.5680647467311567,-0.4999999999999998,-0.8660254037844388,0,3,1,0,0,0,-0.29857142857142804,-0.14949699534364863,-17.338095238095242,-1.1818882915919808,1.9861904761904867,0.11438390269990967,0.0,0.0,1,0,0,4.77,0.0,0,0,23.79,23.29,19.9,10.97,10.0,15.0,,13.9925,4.552679613883087,12.135714285714286
2025-08-03,CP08,Longueuil,MK,20.0,4.0,3,22.59,30.7,2.6,91.09,3,0,3,0,0,8,31,2025,-0.5680647467311556,-0.8229838658936565,0.9350162426854147,0.354604887042536,-0.8660254037844384,-0.5000000000000004,0,3,1,0,0,0,0.6556122448979558,0.32827005983695806,-8.458163265306123,-0.5765687634287633,6.513163265306119,0.37509042669276765,0.0,0.0,1,0,0,4.59,0.0,0,0,22.77,23.79,7.1,10.0,10.97,20.0,10.0,12.7425,4.859892831465868,11.86875
2025-08-17,CP08,Longueuil,MK,10.0,3.0,3,24.84,34.8,9.6,83.63,2,0,2,0,0,8,33,2025,-0.7485107481711011,-0.6631226582407952,0.992708874098054,-0.12053668025532309,-0.8660254037844384,-0.5000000000000004,0,3,1,0,0,0,2.9056122448979558,1.4548622496276136,-1.4581632653061227,-0.09939881323919687,-0.9468367346938891,-0.05452794293005116,0.0,0.0,1,0,0,6.84,0.0,0,0,22.59,22.77,2.6,20.0,10.0,10.0,10.0,12.7425,4.859892831465868,12.772222222222222
2025-08-24,CP08,Longueuil,MK,5.0,1.0,1,20.4,30.6,12.5,79.64,3,0,3,0,0,8,34,2025,-0.8229838658936564,-0.5680647467311559,0.9350162426854149,-0.35460488704253545,-0.8660254037844384,-0.5000000000000004,0,3,1,0,0,0,-1.5343877551020455,-0.7682796715592808,1.4418367346938776,0.09828588041076639,-4.936836734693884,-0.2843104221250971,0.0,0.0,1,0,0,2.3999999999999986,0.0,1,0,24.84,22.59,9.6,10.0,20.0,10.97,8.98,12.7425,4.859892831465868,12.495000000000001
2025-08-31,CP08,Longueuil,MK,5.0,5.0,4,17.29,24.7,29.8,71.82,4,0,4,0,0,8,35,2025,-0.8854560256532096,-0.4647231720437691,0.8229838658936571,-0.5680647467311547,-0.8660254037844384,-0.5000000000000004,0,3,1,0,0,0,-4.644387755102045,-2.32548043166992,18.741836734693877,1.2775773287364092,-12.756836734693891,-0.734661045509875,0.0,0.0,0,0,0,0.0,0.7100000000000009,1,0,20.4,24.84,12.5,5.0,10.0,10.0,15.0,11.25,6.2915286960589585,11.813636363636363
2025-09-14,CP08,Longueuil,MK,5.0,1.0,1,16.24,23.4,0.2,83.13,1,0,1,0,0,9,37,2025,-0.970941817426052,-0.23931566428755774,0.4647231720437685,-0.8854560256532099,-1.0,-1.8369701987210297e-16,0,3,0,0,1,0,-1.1400000000000006,-0.5708067094939324,-14.018181818181818,-0.9555793028471578,6.239999999999995,0.3593590652072901,0.0,0.0,0,0,0,0.0,1.7600000000000016,0,0,17.29,20.4,29.8,5.0,5.0,20.0,20.0,10.0,7.0710678118654755,11.245833333333332
2025-06-08,CP08,Longueuil,PA,6862.08,25.0,24,19.9,25.9,0.0,13.51,0,0,0,0,0,6,23,2025,0.35460488704253584,-0.9350162426854147,-0.6631226582407956,0.7485107481711007,1.2246467991473532e-16,-1.0,0,2,1,0,0,0,-1.0640476190476207,-0.5327767720819522,-20.878571428571426,-1.4232324126572475,-48.75166666666667,-2.807588679588262,0.0,0.0,0,0,0,1.8999999999999986,0.0,0,0,,,,,,,,,,
2025-06-15,CP08,Longueuil,PA,5984.6,23.0,22,18.19,25.8,9.5,88.01,3,0,3,0,0,6,24,2025,0.23931566428755768,-0.970941817426052,-0.4647231720437684,0.88545602565321,1.2246467991473532e-16,-1.0,0,2,1,0,0,0,-2.774047619047618,-1.388986836322849,-11.378571428571426,-0.7756446231142645,25.748333333333335,1.4828360572615997,0.0,0.0,0,0,0,0.19000000000000128,0.0,0,0,19.9,,0.0,6862.08,,,,,,
2025-06-22,CP08,Longueuil,PA,6012.24,26.0,25,22.46,29.5,44.2,76.92,6,0,6,0,0,6,25,2025,0.12053668025532308,-0.992708874098054,-0.2393156642875578,0.970941817426052,1.2246467991473532e-16,-1.0,0,2,1,0,0,0,1.4959523809523816,0.7490347860798616,23.321428571428577,1.589754987111158,14.658333333333331,0.844167462205694,0.0,0.0,1,0,0,4.460000000000001,0.0,1,0,18.19,19.9,9.5,5984.6,6862.08,,,6423.34,620.4720583555714,
2025-06-29,CP08,Longueuil,PA,6180.39,23.0,23,23.19,34.7,30.9,74.28,5,0,5,1,1,6,26,2025,-3.216245299353273e-16,-1.0,6.432490598706546e-16,1.0,1.2246467991473532e-16,-1.0,0,2,1,0,0,0,2.225952380952382,1.1145513632119413,10.021428571428572,0.6831320817509814,12.01833333333333,0.6921309346179942,0.0,0.0,1,0,0,5.190000000000001,0.0,1,0,22.46,18.19,44.2,6012.24,5984.6,,,6286.306666666666,498.82581221638196,
2025-07-06,CP08,Longueuil,PA,5685.95,23.0,24,22.33,31.5,28.0,79.85,4,0,4,1,1,7,27,2025,-0.12053668025532283,-0.992708874098054,0.23931566428755732,0.9709418174260521,-0.4999999999999998,-0.8660254037844388,0,3,1,0,0,0,-0.7385714285714293,-0.3698083569027108,3.56190476190476,0.242804845402582,-6.883809523809518,-0.3964357941572486,0.0,0.0,1,0,0,4.329999999999998,0.0,1,0,23.19,22.46,30.9,6180.39,6012.24,6862.08,,6259.8275,410.7181260000584,6259.8275
2025-07-13,CP08,Longueuil,PA,5280.9,21.0,19,23.29,31.6,41.5,88.96,5,0,5,0,0,7,28,2025,-0.23931566428755743,-0.9709418174260521,0.46472317204376795,0.8854560256532102,-0.4999999999999998,-0.8660254037844388,0,3,1,0,0,0,0.22142857142857153,0.11087097740796933,17.06190476190476,1.1630611779110316,2.2261904761904816,0.12820540520788207,0.0,0.0,1,0,0,5.289999999999999,0.0,1,0,22.33,23.19,28.0,5685.95,6180.39,5984.6,,5965.795,205.64938131035743,6145.052000000001
2025-07-20,CP08,Longueuil,PA,3116.84,18.0,18,23.79,33.3,19.9,88.96,3,0,3,0,0,7,29,2025,-0.3546048870425356,-0.9350162426854148,0.6631226582407952,0.7485107481711011,-0.4999999999999998,-0.8660254037844388,0,3,1,0,0,0,0.7214285714285715,0.36122479736144836,-4.5380952380952415,-0.30934895410248786,2.2261904761904816,0.12820540520788207,0.0,0.0,1,0,0,5.789999999999999,0.0,1,0,23.29,22.33,41.5,5280.9,5685.95,6012.24,,5789.87,396.57034457962084,6001.026666666668
2025-07-27,CP08,Longueuil,PA,10359.97,33.0,33,22.77,33.2,7.1,88.72,3,0,3,0,0,7,30,2025,-0.46472317204376806,-0.8854560256532101,0.8229838658936558,0.5680647467311567,-0.4999999999999998,-0.8660254037844388,0,3,1,0,0,0,-0.29857142857142804,-0.14949699534364863,-17.338095238095242,-1.1818882915919808,1.9861904761904867,0.11438390269990967,0.0,0.0,1,0,0,4.77,0.0,0,0,23.79,23.29,19.9,3116.84,5280.9,6180.39,,5066.0199999999995,1350.5072859978688,5589.0
2025-08-03,CP08,Longueuil,PA,3480.04,18.0,18,22.59,30.7,2.6,91.09,3,0,3,0,0,8,31,2025,-0.5680647467311556,-0.8229838658936565,0.9350162426854147,0.354604887042536,-0.8660254037844384,-0.5000000000000004,0,3,1,0,0,0,0.6556122448979558,0.32827005983695806,-8.458163265306123,-0.5765687634287633,6.513163265306119,0.37509042669276765,0.0,0.0,1,0,0,4.59,0.0,0,0,22.77,23.79,7.1,10359.97,3116.84,5685.95,6862.08,6110.914999999999,3048.9601314819884,6185.37125
2025-08-10,CP08,Longueuil,PA,3419.94,6.0,6,24.26,34.0,1.0,96.27,3,0,3,0,0,8,32,2025,-0.663122658240795,-0.7485107481711013,0.9927088740980539,0.12053668025532369,-0.8660254037844384,-0.5000000000000004,0,3,1,0,0,0,2.3256122448979575,1.1644518184815789,-10.058163265306122,-0.6856361806149499,11.693163265306111,0.6734045224898448,0.0,0.0,1,0,0,6.260000000000002,0.0,0,0,22.59,22.77,2.6,3480.04,10359.97,5280.9,5984.6,5559.4375,3337.3078937208747,5884.778888888889
2025-08-17,CP08,Longueuil,PA,1178.86,14.0,11,24.84,34.8,9.6,83.63,2,0,2,0,0,8,33,2025,-0.7485107481711011,-0.6631226582407952,0.992708874098054,-0.12053668025532309,-0.8660254037844384,-0.5000000000000004,0,3,1,0,0,0,2.9056122448979558,1.4548622496276136,-1.4581632653061227,-0.09939881323919687,-0.9468367346938891,-0.05452794293005116,0.0,0.0,1,0,0,6.84,0.0,0,0,24.26,22.59,1.0,3419.94,3480.04,3116.84,6012.24,5094.1975,3514.111804125142,5638.295
2025-08-24,CP08,Longueuil,PA,3267.94,16.0,16,20.4,30.6,12.5,79.64,3,0,3,0,0,8,34,2025,-0.8229838658936564,-0.5680647467311559,0.9350162426854149,-0.35460488704253545,-0.8660254037844384,-0.5000000000000004,0,3,1,0,0,0,-1.5343877551020455,-0.7682796715592808,1.4418367346938776,0.09828588041076639,-4.936836734693884,-0.2843104221250971,0.0,0.0,1,0,0,2.3999999999999986,0.0,1,0,24.84,24.26,9.6,1178.86,3419.94,10359.97,6180.39,4609.702499999999,3980.2817635470224,5232.891818181818
2025-08-31,CP08,Longueuil,PA,1334.94,6.0,6,17.29,24.7,29.8,71.82,4,0,4,0,0,8,35,2025,-0.8854560256532096,-0.4647231720437691,0.8229838658936571,-0.5680647467311547,-0.8660254037844384,-0.5000000000000004,0,3,1,0,0,0,-4.644387755102045,-2.32548043166992,18.741836734693877,1.2775773287364092,-12.756836734693891,-0.734661045509875,0.0,0.0,0,0,0,0.0,0.7100000000000009,1,0,20.4,24.84,12.5,3267.94,1178.86,3480.04,5685.95,2836.6949999999997,1108.821695359536,5069.145833333333
2025-09-07,CP08,Longueuil,PA,160.99,2.0,2,18.33,26.1,25.9,71.69,5,0,5,1,1,9,36,2025,-0.9350162426854147,-0.3546048870425359,0.6631226582407956,-0.7485107481711007,-1.0,-1.8369701987210297e-16,0,3,0,0,1,0,0.9499999999999993,0.4756722579116098,11.681818181818182,0.7963160857059648,-5.200000000000003,-0.2994658876727422,0.0,0.0,0,0,0,0.3299999999999983,0.0,1,0,17.29,20.4,29.8,1334.94,3267.94,3419.94,5280.9,2300.42,1208.2312754325344,4608.550833333334
2025-09-14,CP08,Longueuil,PA,469.96,4.0,4,16.24,23.4,0.2,83.13,1,0,1,0,0,9,37,2025,-0.970941817426052,-0.23931566428755774,0.4647231720437685,-0.8854560256532099,-1.0,-1.8369701987210297e-16,0,3,0,0,1,0,-1.1400000000000006,-0.5708067094939324,-14.018181818181818,-0.9555793028471578,6.239999999999995,0.3593590652072901,0.0,0.0,0,0,0,0.0,1.7600000000000016,0,0,18.33,17.29,25.9,160.99,1334.94,1178.86,3116.84,1485.6825,1297.191243119146,4123.25
2025-06-08,CP08,Longueuil,PC,43602.29,2029.0,1520,19.9,25.9,0.0,13.51,0,0,0,0,0,6,23,2025,0.35460488704253584,-0.9350162426854147,-0.6631226582407956,0.7485107481711007,1.2246467991473532e-16,-1.0,0,2,1,0,0,0,-1.0640476190476207,-0.5327767720819522,-20.878571428571426,-1.4232324126572475,-48.75166666666667,-2.807588679588262,0.0,0.0,0,0,0,1.8999999999999986,0.0,0,0,,,,,,,,,,
2025-06-15,CP08,Longueuil,PC,37526.91,1823.0,1355,18.19,25.8,9.5,88.01,3,0,3,0,0,6,24,2025,0.23931566428755768,-0.970941817426052,-0.4647231720437684,0.88545602565321,1.2246467991473532e-16,-1.0,0,2,1,0,0,0,-2.774047619047618,-1.388986836322849,-11.378571428571426,-0.7756446231142645,25.748333333333335,1.4828360572615997,0.0,0.0,0,0,0,0.19000000000000128,0.0,0,0,19.9,,0.0,43602.29,,,,,,
2025-06-22,CP08,Longueuil,PC,35951.06,1593.0,1259,22.46,29.5,44.2,76.92,6,0,6,0,0,6,25,2025,0.12053668025532308,-0.992708874098054,-0.2393156642875578,0.970941817426052,1.2246467991473532e-16,-1.0,0,2,1,0,0,0,1.4959523809523816,0.7490347860798616,23.321428571428577,1.589754987111158,14.658333333333331,0.844167462205694,0.0,0.0,1,0,0,4.460000000000001,0.0,1,0,18.19,19.9,9.5,37526.91,43602.29,,,40564.600000000006,4295.942396285128,
2025-06-29,CP08,Longueuil,PC,31034.94,1400.0,1077,23.19,34.7,30.9,74.28,5,0,5,1,1,6,26,2025,-3.216245299353273e-16,-1.0,6.432490598706546e-16,1.0,1.2246467991473532e-16,-1.0,0,2,1,0,0,0,2.225952380952382,1.1145513632119413,10.021428571428572,0.6831320817509814,12.01833333333333,0.6921309346179942,0.0,0.0,1,0,0,5.190000000000001,0.0,1,0,22.46,18.19,44.2,35951.06,37526.91,,,39026.753333333334,4040.108618172704,
2025-07-06,CP08,Longueuil,PC,26921.86,1220.0,949,22.33,31.5,28.0,79.85,4,0,4,1,1,7,27,2025,-0.12053668025532283,-0.992708874098054,0.23931566428755732,0.9709418174260521,-0.4999999999999998,-0.8660254037844388,0,3,1,0,0,0,-0.7385714285714293,-0.3698083569027108,3.56190476190476,0.242804845402582,-6.883809523809518,-0.3964357941572486,0.0,0.0,1,0,0,4.329999999999998,0.0,1,0,23.19,22.46,30.9,31034.94,35951.06,43602.29,,37028.8,5181.594528051512,37028.8
2025-07-13,CP08,Longueuil,PC,22894.27,1022.0,773,23.29,31.6,41.5,88.96,5,0,5,0,0,7,28,2025,-0.23931566428755743,-0.9709418174260521,0.46472317204376795,0.8854560256532102,-0.4999999999999998,-0.8660254037844388,0,3,1,0,0,0,0.22142857142857153,0.11087097740796933,17.06190476190476,1.1630611779110316,2.2261904761904816,0.12820540520788207,0.0,0.0,1,0,0,5.289999999999999,0.0,1,0,22.33,23.19,28.0,26921.86,31034.94,37526.91,,32858.6925,4827.941062077263,35007.412
2025-07-20,CP08,Longueuil,PC,26309.31,1167.0,886,23.79,33.3,19.9,88.96,3,0,3,0,0,7,29,2025,-0.3546048870425356,-0.9350162426854148,0.6631226582407952,0.7485107481711011,-0.4999999999999998,-0.8660254037844388,0,3,1,0,0,0,0.7214285714285715,0.36122479736144836,-4.5380952380952415,-0.30934895410248786,2.2261904761904816,0.12820540520788207,0.0,0.0,1,0,0,5.789999999999999,0.0,1,0,23.29,22.33,41.5,22894.27,26921.86,35951.06,,29200.532499999998,5594.520160701163,32988.555
2025-07-27,CP08,Longueuil,PC,22669.6,967.0,760,22.77,33.2,7.1,88.72,3,0,3,0,0,7,30,2025,-0.46472317204376806,-0.8854560256532101,0.8229838658936558,0.5680647467311567,-0.4999999999999998,-0.8660254037844388,0,3,1,0,0,0,-0.29857142857142804,-0.14949699534364863,-17.338095238095242,-1.1818882915919808,1.9861904761904867,0.11438390269990967,0.0,0.0,1,0,0,4.77,0.0,0,0,23.79,23.29,19.9,26309.31,22894.27,31034.94,,26790.095,3338.895912129259,32034.377142857145
2025-08-03,CP08,Longueuil,PC,24643.3,987.0,761,22.59,30.7,2.6,91.09,3,0,3,0,0,8,31,2025,-0.5680647467311556,-0.8229838658936565,0.9350162426854147,0.354604887042536,-0.8660254037844384,-0.5000000000000004,0,3,1,0,0,0,0.6556122448979558,0.32827005983695806,-8.458163265306123,-0.5765687634287633,6.513163265306119,0.37509042669276765,0.0,0.0,1,0,0,4.59,0.0,0,0,22.77,23.79,7.1,22669.6,26309.31,26921.86,43602.29,24698.760000000002,2229.3287015153646,30863.78
2025-08-10,CP08,Longueuil,PC,18348.32,817.0,628,24.26,34.0,1.0,96.27,3,0,3,0,0,8,32,2025,-0.663122658240795,-0.7485107481711013,0.9927088740980539,0.12053668025532369,-0.8660254037844384,-0.5000000000000004,0,3,1,0,0,0,2.3256122448979575,1.1644518184815789,-10.058163265306122,-0.6856361806149499,11.693163265306111,0.6734045224898448,0.0,0.0,1,0,0,6.260000000000002,0.0,0,0,22.59,22.77,2.6,24643.3,22669.6,22894.27,37526.91,24129.120000000003,1700.2610251958931,30172.615555555552
2025-08-17,CP08,Longueuil,PC,21848.7,859.0,689,24.84,34.8,9.6,83.63,2,0,2,0,0,8,33,2025,-0.7485107481711011,-0.6631226582407952,0.992708874098054,-0.12053668025532309,-0.8660254037844384,-0.5000000000000004,0,3,1,0,0,0,2.9056122448979558,1.4548622496276136,-1.4581632653061227,-0.09939881323919687,-0.9468367346938891,-0.05452794293005116,0.0,0.0,1,0,0,6.84,0.0,0,0,24.26,22.59,1.0,18348.32,24643.3,26309.31,35951.06,22992.6325,3435.0662986457583,28990.185999999998
2025-08-24,CP08,Longueuil,PC,15921.89,637.0,458,20.4,30.6,12.5,79.64,3,0,3,0,0,8,34,2025,-0.8229838658936564,-0.5680647467311559,0.9350162426854149,-0.35460488704253545,-0.8660254037844384,-0.5000000000000004,0,3,1,0,0,0,-1.5343877551020455,-0.7682796715592808,1.4418367346938776,0.09828588041076639,-4.936836734693884,-0.2843104221250971,0.0,0.0,1,0,0,2.3999999999999986,0.0,1,0,24.84,24.26,9.6,21848.7,18348.32,22669.6,31034.94,21877.48,2628.8789093959567,28340.96
2025-08-31,CP08,Longueuil,PC,12897.64,547.0,376,17.29,24.7,29.8,71.82,4,0,4,0,0,8,35,2025,-0.8854560256532096,-0.4647231720437691,0.8229838658936571,-0.5680647467311547,-0.8660254037844384,-0.5000000000000004,0,3,1,0,0,0,-4.644387755102045,-2.32548043166992,18.741836734693877,1.2775773287364092,-12.756836734693891,-0.734661045509875,0.0,0.0,0,0,0,0.0,0.7100000000000009,1,0,20.4,24.84,12.5,15921.89,21848.7,24643.3,26921.86,20190.552499999998,3838.042624110876,27306.037500000002
2025-09-07,CP08,Longueuil,PC,11205.14,462.0,359,18.33,26.1,25.9,71.69,5,0,5,1,1,9,36,2025,-0.9350162426854147,-0.3546048870425359,0.6631226582407956,-0.7485107481711007,-1.0,-1.8369701987210297e-16,0,3,0,0,1,0,0.9499999999999993,0.4756722579116098,11.681818181818182,0.7963160857059648,-5.200000000000003,-0.2994658876727422,0.0,0.0,0,0,0,0.3299999999999983,0.0,1,0,17.29,20.4,29.8,12897.64,15921.89,18348.32,22894.27,17254.1375,3788.6318453357203,24747.31666666667
2025-09-14,CP08,Longueuil,PC,3223.69,161.0,116,16.24,23.4,0.2,83.13,1,0,1,0,0,9,37,2025,-0.970941817426052,-0.23931566428755774,0.4647231720437685,-0.8854560256532099,-1.0,-1.8369701987210297e-16,0,3,0,0,1,0,-1.1400000000000006,-0.5708067094939324,-14.018181818181818,-0.9555793028471578,6.239999999999995,0.3593590652072901,0.0,0.0,0,0,0,0.0,1.7600000000000016,0,0,18.33,17.29,25.9,11205.14,12897.64,21848.7,26309.31,15468.342499999999,4679.6749909253285,22553.83583333333
2025-06-08,CP08,Longueuil,PI,9391.68,424.0,320,19.9,25.9,0.0,13.51,0,0,0,0,0,6,23,2025,0.35460488704253584,-0.9350162426854147,-0.6631226582407956,0.7485107481711007,1.2246467991473532e-16,-1.0,0,2,1,0,0,0,-1.0640476190476207,-0.5327767720819522,-20.878571428571426,-1.4232324126572475,-48.75166666666667,-2.807588679588262,0.0,0.0,0,0,0,1.8999999999999986,0.0,0,0,,,,,,,,,,
2025-06-15,CP08,Longueuil,PI,11728.18,393.0,344,18.19,25.8,9.5,88.01,3,0,3,0,0,6,24,2025,0.23931566428755768,-0.970941817426052,-0.4647231720437684,0.88545602565321,1.2246467991473532e-16,-1.0,0,2,1,0,0,0,-2.774047619047618,-1.388986836322849,-11.378571428571426,-0.7756446231142645,25.748333333333335,1.4828360572615997,0.0,0.0,0,0,0,0.19000000000000128,0.0,0,0,19.9,,0.0,9391.68,,,,,,
2025-06-22,CP08,Longueuil,PI,11369.02,253.0,203,22.46,29.5,44.2,76.92,6,0,6,0,0,6,25,2025,0.12053668025532308,-0.992708874098054,-0.2393156642875578,0.970941817426052,1.2246467991473532e-16,-1.0,0,2,1,0,0,0,1.4959523809523816,0.7490347860798616,23.321428571428577,1.589754987111158,14.658333333333331,0.844167462205694,0.0,0.0,1,0,0,4.460000000000001,0.0,1,0,18.19,19.9,9.5,11728.18,9391.68,,,10559.93,1652.1549942423683,
2025-06-29,CP08,Longueuil,PI,13534.54,267.0,218,23.19,34.7,30.9,74.28,5,0,5,1,1,6,26,2025,-3.216245299353273e-16,-1.0,6.432490598706546e-16,1.0,1.2246467991473532e-16,-1.0,0,2,1,0,0,0,2.225952380952382,1.1145513632119413,10.021428571428572,0.6831320817509814,12.01833333333333,0.6921309346179942,0.0,0.0,1,0,0,5.190000000000001,0.0,1,0,22.46,18.19,44.2,11369.02,11728.18,,,10829.626666666667,1258.1800103853714,
2025-07-06,CP08,Longueuil,PI,9467.34,233.0,203,22.33,31.5,28.0,79.85,4,0,4,1,1,7,27,2025,-0.12053668025532283,-0.992708874098054,0.23931566428755732,0.9709418174260521,-0.4999999999999998,-0.8660254037844388,0,3,1,0,0,0,-0.7385714285714293,-0.3698083569027108,3.56190476190476,0.242804845402582,-6.883809523809518,-0.3964357941572486,0.0,0.0,1,0,0,4.329999999999998,0.0,1,0,23.19,22.46,30.9,13534.54,11369.02,9391.68,,11505.855,1698.3767723623641,11505.855
2025-07-13,CP08,Longueuil,PI,8440.01,195.0,134,23.29,31.6,41.5,88.96,5,0,5,0,0,7,28,2025,-0.23931566428755743,-0.9709418174260521,0.46472317204376795,0.8854560256532102,-0.4999999999999998,-0.8660254037844388,0,3,1,0,0,0,0.22142857142857153,0.11087097740796933,17.06190476190476,1.1630611779110316,2.2261904761904816,0.12820540520788207,0.0,0.0,1,0,0,5.289999999999999,0.0,1,0,22.33,23.19,28.0,9467.34,13534.54,11728.18,,11524.77,1667.1160076011515,11098.152
2025-07-20,CP08,Longueuil,PI,7115.43,175.0,149,23.79,33.3,19.9,88.96,3,0,3,0,0,7,29,2025,-0.3546048870425356,-0.9350162426854148,0.6631226582407952,0.7485107481711011,-0.4999999999999998,-0.8660254037844388,0,3,1,0,0,0,0.7214285714285715,0.36122479736144836,-4.5380952380952415,-0.30934895410248786,2.2261904761904816,0.12820540520788207,0.0,0.0,1,0,0,5.789999999999999,0.0,1,0,23.29,22.33,41.5,8440.01,9467.34,11369.02,,10702.7275,2244.191056236449,10655.128333333334
2025-07-27,CP08,Longueuil,PI,5583.79,115.0,88,22.77,33.2,7.1,88.72,3,0,3,0,0,7,30,2025,-0.46472317204376806,-0.8854560256532101,0.8229838658936558,0.5680647467311567,-0.4999999999999998,-0.8660254037844388,0,3,1,0,0,0,-0.29857142857142804,-0.14949699534364863,-17.338095238095242,-1.1818882915919808,1.9861904761904867,0.11438390269990967,0.0,0.0,1,0,0,4.77,0.0,0,0,23.79,23.29,19.9,7115.43,8440.01,13534.54,,9639.33,2769.5174776243375,10149.457142857142
2025-08-03,CP08,Longueuil,PI,5648.9800000000005,143.0,115,22.59,30.7,2.6,91.09,3,0,3,0,0,8,31,2025,-0.5680647467311556,-0.8229838658936565,0.9350162426854147,0.354604887042536,-0.8660254037844384,-0.5000000000000004,0,3,1,0,0,0,0.6556122448979558,0.32827005983695806,-8.458163265306123,-0.5765687634287633,6.513163265306119,0.37509042669276765,0.0,0.0,1,0,0,4.59,0.0,0,0,22.77,23.79,7.1,5583.79,7115.43,9467.34,9391.68,7651.6425,1681.4496259155894,9578.74875
2025-08-10,CP08,Longueuil,PI,7682.56,117.0,94,24.26,34.0,1.0,96.27,3,0,3,0,0,8,32,2025,-0.663122658240795,-0.7485107481711013,0.9927088740980539,0.12053668025532369,-0.8660254037844384,-0.5000000000000004,0,3,1,0,0,0,2.3256122448979575,1.1644518184815789,-10.058163265306122,-0.6856361806149499,11.693163265306111,0.6734045224898448,0.0,0.0,1,0,0,6.260000000000002,0.0,0,0,22.59,22.77,2.6,5648.9800000000005,5583.79,8440.01,11728.18,6697.0525,1360.2389420582242,9142.107777777777
2025-08-17,CP08,Longueuil,PI,1904.36,76.0,68,24.84,34.8,9.6,83.63,2,0,2,0,0,8,33,2025,-0.7485107481711011,-0.6631226582407952,0.992708874098054,-0.12053668025532309,-0.8660254037844384,-0.5000000000000004,0,3,1,0,0,0,2.9056122448979558,1.4548622496276136,-1.4581632653061227,-0.09939881323919687,-0.9468367346938891,-0.05452794293005116,0.0,0.0,1,0,0,6.84,0.0,0,0,24.26,22.59,1.0,7682.56,5648.9800000000005,7115.43,11369.02,6507.69,1055.247443114652,8996.153
2025-08-24,CP08,Longueuil,PI,2515.05,104.0,66,20.4,30.6,12.5,79.64,3,0,3,0,0,8,34,2025,-0.8229838658936564,-0.5680647467311559,0.9350162426854149,-0.35460488704253545,-0.8660254037844384,-0.5000000000000004,0,3,1,0,0,0,-1.5343877551020455,-0.7682796715592808,1.4418367346938776,0.09828588041076639,-4.936836734693884,-0.2843104221250971,0.0,0.0,1,0,0,2.3999999999999986,0.0,1,0,24.84,24.26,9.6,1904.36,7682.56,5583.79,13534.54,5204.922500000001,2406.458535114414,8351.444545454546
2025-08-31,CP08,Longueuil,PI,1484.8,46.0,71,17.29,24.7,29.8,71.82,4,0,4,0,0,8,35,2025,-0.8854560256532096,-0.4647231720437691,0.8229838658936571,-0.5680647467311547,-0.8660254037844384,-0.5000000000000004,0,3,1,0,0,0,-4.644387755102045,-2.32548043166992,18.741836734693877,1.2775773287364092,-12.756836734693891,-0.734661045509875,0.0,0.0,0,0,0,0.0,0.7100000000000009,1,0,20.4,24.84,12.5,2515.05,1904.36,5648.9800000000005,9467.34,4437.7375,2714.817994542485,7865.078333333334
2025-09-07,CP08,Longueuil,PI,1416.43,51.0,46,18.33,26.1,25.9,71.69,5,0,5,1,1,9,36,2025,-0.9350162426854147,-0.3546048870425359,0.6631226582407956,-0.7485107481711007,-1.0,-1.8369701987210297e-16,0,3,0,0,1,0,0.9499999999999993,0.4756722579116098,11.681818181818182,0.7963160857059648,-5.200000000000003,-0.2994658876727422,0.0,0.0,0,0,0,0.3299999999999983,0.0,1,0,17.29,20.4,29.8,1484.8,2515.05,7682.56,8440.01,3396.6925,2888.387263247725,7206.171666666668
2025-09-14,CP08,Longueuil,PI,458.55,20.0,23,16.24,23.4,0.2,83.13,1,0,1,0,0,9,37,2025,-0.970941817426052,-0.23931566428755774,0.4647231720437685,-0.8854560256532099,-1.0,-1.8369701987210297e-16,0,3,0,0,1,0,-1.1400000000000006,-0.5708067094939324,-14.018181818181818,-0.9555793028471578,6.239999999999995,0.3593590652072901,0.0,0.0,0,0,0,0.0,1.7600000000000016,0,0,18.33,17.29,25.9,1416.43,1484.8,1904.36,7115.43,1830.1599999999999,504.98382634168115,6346.859166666666
2025-06-08,CP08,Longueuil,SE,3449.83,49.0,49,19.9,25.9,0.0,13.51,0,0,0,0,0,6,23,2025,0.35460488704253584,-0.9350162426854147,-0.6631226582407956,0.7485107481711007,1.2246467991473532e-16,-1.0,0,2,1,0,0,0,-1.0640476190476207,-0.5327767720819522,-20.878571428571426,-1.4232324126572475,-48.75166666666667,-2.807588679588262,0.0,0.0,0,0,0,1.8999999999999986,0.0,0,0,,,,,,,,,,
2025-06-15,CP08,Longueuil,SE,1354.92,34.0,34,18.19,25.8,9.5,88.01,3,0,3,0,0,6,24,2025,0.23931566428755768,-0.970941817426052,-0.4647231720437684,0.88545602565321,1.2246467991473532e-16,-1.0,0,2,1,0,0,0,-2.774047619047618,-1.388986836322849,-11.378571428571426,-0.7756446231142645,25.748333333333335,1.4828360572615997,0.0,0.0,0,0,0,0.19000000000000128,0.0,0,0,19.9,,0.0,3449.83,,,,,,
2025-06-22,CP08,Longueuil,SE,1170.94,46.0,25,22.46,29.5,44.2,76.92,6,0,6,0,0,6,25,2025,0.12053668025532308,-0.992708874098054,-0.2393156642875578,0.970941817426052,1.2246467991473532e-16,-1.0,0,2,1,0,0,0,1.4959523809523816,0.7490347860798616,23.321428571428577,1.589754987111158,14.658333333333331,0.844167462205694,0.0,0.0,1,0,0,4.460000000000001,0.0,1,0,18.19,19.9,9.5,1354.92,3449.83,,,2402.375,1481.3250669755103,
2025-06-29,CP08,Longueuil,SE,1385.91,17.0,17,23.19,34.7,30.9,74.28,5,0,5,1,1,6,26,2025,-3.216245299353273e-16,-1.0,6.432490598706546e-16,1.0,1.2246467991473532e-16,-1.0,0,2,1,0,0,0,2.225952380952382,1.1145513632119413,10.021428571428572,0.6831320817509814,12.01833333333333,0.6921309346179942,0.0,0.0,1,0,0,5.190000000000001,0.0,1,0,22.46,18.19,44.2,1170.94,1354.92,,,1991.8966666666668,1265.953934167169,
2025-07-06,CP08,Longueuil,SE,1241.93,24.0,24,22.33,31.5,28.0,79.85,4,0,4,1,1,7,27,2025,-0.12053668025532283,-0.992708874098054,0.23931566428755732,0.9709418174260521,-0.4999999999999998,-0.8660254037844388,0,3,1,0,0,0,-0.7385714285714293,-0.3698083569027108,3.56190476190476,0.242804845402582,-6.883809523809518,-0.3964357941572486,0.0,0.0,1,0,0,4.329999999999998,0.0,1,0,23.19,22.46,30.9,1385.91,1170.94,3449.83,,1840.4,1077.140289067925,1840.4
2025-07-13,CP08,Longueuil,SE,1756.93,20.0,20,23.29,31.6,41.5,88.96,5,0,5,0,0,7,28,2025,-0.23931566428755743,-0.9709418174260521,0.46472317204376795,0.8854560256532102,-0.4999999999999998,-0.8660254037844388,0,3,1,0,0,0,0.22142857142857153,0.11087097740796933,17.06190476190476,1.1630611779110316,2.2261904761904816,0.12820540520788207,0.0,0.0,1,0,0,5.289999999999999,0.0,1,0,22.33,23.19,28.0,1241.93,1385.91,1354.92,,1288.4250000000002,99.81553068870063,1720.7060000000001
2025-07-20,CP08,Longueuil,SE,643.46,14.0,14,23.79,33.3,19.9,88.96,3,0,3,0,0,7,29,2025,-0.3546048870425356,-0.9350162426854148,0.6631226582407952,0.7485107481711011,-0.4999999999999998,-0.8660254037844388,0,3,1,0,0,0,0.7214285714285715,0.36122479736144836,-4.5380952380952415,-0.30934895410248786,2.2261904761904816,0.12820540520788207,0.0,0.0,1,0,0,5.789999999999999,0.0,1,0,23.29,22.33,41.5,1756.93,1241.93,1170.94,,1388.9275,261.126891552109,1726.7433333333336
2025-07-27,CP08,Longueuil,SE,1254.92,17.0,14,22.77,33.2,7.1,88.72,3,0,3,0,0,7,30,2025,-0.46472317204376806,-0.8854560256532101,0.8229838658936558,0.5680647467311567,-0.4999999999999998,-0.8660254037844388,0,3,1,0,0,0,-0.29857142857142804,-0.14949699534364863,-17.338095238095242,-1.1818882915919808,1.9861904761904867,0.11438390269990967,0.0,0.0,1,0,0,4.77,0.0,0,0,23.79,23.29,19.9,643.46,1756.93,1385.91,,1257.0575000000001,463.0357136244104,1571.9885714285715
2025-08-03,CP08,Longueuil,SE,641.97,8.0,8,22.59,30.7,2.6,91.09,3,0,3,0,0,8,31,2025,-0.5680647467311556,-0.8229838658936565,0.9350162426854147,0.354604887042536,-0.8660254037844384,-0.5000000000000004,0,3,1,0,0,0,0.6556122448979558,0.32827005983695806,-8.458163265306123,-0.5765687634287633,6.513163265306119,0.37509042669276765,0.0,0.0,1,0,0,4.59,0.0,0,0,22.77,23.79,7.1,1254.92,643.46,1241.93,3449.83,1224.31,455.45516552126224,1532.355
2025-08-10,CP08,Longueuil,SE,2239.93,20.0,19,24.26,34.0,1.0,96.27,3,0,3,0,0,8,32,2025,-0.663122658240795,-0.7485107481711013,0.9927088740980539,0.12053668025532369,-0.8660254037844384,-0.5000000000000004,0,3,1,0,0,0,2.3256122448979575,1.1644518184815789,-10.058163265306122,-0.6856361806149499,11.693163265306111,0.6734045224898448,0.0,0.0,1,0,0,6.260000000000002,0.0,0,0,22.59,22.77,2.6,641.97,1254.92,1756.93,1354.92,1074.3200000000002,538.8690732141409,1433.4233333333334
2025-08-17,CP08,Longueuil,SE,489.98,4.0,4,24.84,34.8,9.6,83.63,2,0,2,0,0,8,33,2025,-0.7485107481711011,-0.6631226582407952,0.992708874098054,-0.12053668025532309,-0.8660254037844384,-0.5000000000000004,0,3,1,0,0,0,2.9056122448979558,1.4548622496276136,-1.4581632653061227,-0.09939881323919687,-0.9468367346938891,-0.05452794293005116,0.0,0.0,1,0,0,6.84,0.0,0,0,24.26,22.59,1.0,2239.93,641.97,643.46,1170.94,1195.07,753.9910795670377,1514.074
2025-08-24,CP08,Longueuil,SE,29.99,3.0,3,20.4,30.6,12.5,79.64,3,0,3,0,0,8,34,2025,-0.8229838658936564,-0.5680647467311559,0.9350162426854149,-0.35460488704253545,-0.8660254037844384,-0.5000000000000004,0,3,1,0,0,0,-1.5343877551020455,-0.7682796715592808,1.4418367346938776,0.09828588041076639,-4.936836734693884,-0.2843104221250971,0.0,0.0,1,0,0,2.3999999999999986,0.0,1,0,24.84,24.26,9.6,489.98,2239.93,1254.92,1385.91,1156.6999999999998,794.249526828104,1420.9745454545455
2025-08-31,CP08,Longueuil,SE,0.0,5.0,5,17.29,24.7,29.8,71.82,4,0,4,0,0,8,35,2025,-0.8854560256532096,-0.4647231720437691,0.8229838658936571,-0.5680647467311547,-0.8660254037844384,-0.5000000000000004,0,3,1,0,0,0,-4.644387755102045,-2.32548043166992,18.741836734693877,1.2775773287364092,-12.756836734693891,-0.734661045509875,0.0,0.0,0,0,0,0.0,0.7100000000000009,1,0,20.4,24.84,12.5,29.99,489.98,641.97,1241.93,850.4674999999999,962.1524155203618,1305.0591666666667
2025-06-08,CP08,Longueuil,SP,9369.01,1.0,1,19.9,25.9,0.0,13.51,0,0,0,0,0,6,23,2025,0.35460488704253584,-0.9350162426854147,-0.6631226582407956,0.7485107481711007,1.2246467991473532e-16,-1.0,0,2,1,0,0,0,-1.0640476190476207,-0.5327767720819522,-20.878571428571426,-1.4232324126572475,-48.75166666666667,-2.807588679588262,0.0,0.0,0,0,0,1.8999999999999986,0.0,0,0,,,,,,,,,,
2025-06-15,CP08,Longueuil,SP,20348.0,2.0,2,18.19,25.8,9.5,88.01,3,0,3,0,0,6,24,2025,0.23931566428755768,-0.970941817426052,-0.4647231720437684,0.88545602565321,1.2246467991473532e-16,-1.0,0,2,1,0,0,0,-2.774047619047618,-1.388986836322849,-11.378571428571426,-0.7756446231142645,25.748333333333335,1.4828360572615997,0.0,0.0,0,0,0,0.19000000000000128,0.0,0,0,19.9,,0.0,9369.01,,,,,,
2025-06-29,CP08,Longueuil,SP,34436.53,4.0,4,23.19,34.7,30.9,74.28,5,0,5,1,1,6,26,2025,-3.216245299353273e-16,-1.0,6.432490598706546e-16,1.0,1.2246467991473532e-16,-1.0,0,2,1,0,0,0,2.225952380952382,1.1145513632119413,10.021428571428572,0.6831320817509814,12.01833333333333,0.6921309346179942,0.0,0.0,1,0,0,5.190000000000001,0.0,1,0,18.19,19.9,9.5,20348.0,9369.01,,,14858.505000000001,7763.318279579293,
2025-07-13,CP08,Longueuil,SP,15498.0,2.0,2,23.29,31.6,41.5,88.96,5,0,5,0,0,7,28,2025,-0.23931566428755743,-0.9709418174260521,0.46472317204376795,0.8854560256532102,-0.4999999999999998,-0.8660254037844388,0,3,1,0,0,0,0.22142857142857153,0.11087097740796933,17.06190476190476,1.1630611779110316,2.2261904761904816,0.12820540520788207,0.0,0.0,1,0,0,5.289999999999999,0.0,1,0,23.19,18.19,30.9,34436.53,20348.0,,,21384.513333333332,12565.862869506149,
2025-07-20,CP08,Longueuil,SP,5499.0,1.0,1,23.79,33.3,19.9,88.96,3,0,3,0,0,7,29,2025,-0.3546048870425356,-0.9350162426854148,0.6631226582407952,0.7485107481711011,-0.4999999999999998,-0.8660254037844388,0,3,1,0,0,0,0.7214285714285715,0.36122479736144836,-4.5380952380952415,-0.30934895410248786,2.2261904761904816,0.12820540520788207,0.0,0.0,1,0,0,5.789999999999999,0.0,1,0,23.29,23.19,41.5,15498.0,34436.53,9369.01,,19912.885000000002,10673.801239922292,19912.885000000002
2025-07-27,CP08,Longueuil,SP,10499.0,1.0,1,22.77,33.2,7.1,88.72,3,0,3,0,0,7,30,2025,-0.46472317204376806,-0.8854560256532101,0.8229838658936558,0.5680647467311567,-0.4999999999999998,-0.8660254037844388,0,3,1,0,0,0,-0.29857142857142804,-0.14949699534364863,-17.338095238095242,-1.1818882915919808,1.9861904761904867,0.11438390269990967,0.0,0.0,1,0,0,4.77,0.0,0,0,23.79,23.29,19.9,5499.0,15498.0,20348.0,,18945.3825,12036.50883985434,17030.108
2025-08-03,CP08,Longueuil,SP,5499.0,1.0,1,22.59,30.7,2.6,91.09,3,0,3,0,0,8,31,2025,-0.5680647467311556,-0.8229838658936565,0.9350162426854147,0.354604887042536,-0.8660254037844384,-0.5000000000000004,0,3,1,0,0,0,0.6556122448979558,0.32827005983695806,-8.458163265306123,-0.5765687634287633,6.513163265306119,0.37509042669276765,0.0,0.0,1,0,0,4.59,0.0,0,0,22.77,23.79,7.1,10499.0,5499.0,34436.53,,16483.1325,12645.894938551864,15941.590000000002
2025-08-17,CP08,Longueuil,SP,20999.0,1.0,1,24.84,34.8,9.6,83.63,2,0,2,0,0,8,33,2025,-0.7485107481711011,-0.6631226582407952,0.992708874098054,-0.12053668025532309,-0.8660254037844384,-0.5000000000000004,0,3,1,0,0,0,2.9056122448979558,1.4548622496276136,-1.4581632653061227,-0.09939881323919687,-0.9468367346938891,-0.05452794293005116,0.0,0.0,1,0,0,6.84,0.0,0,0,22.59,22.77,2.6,5499.0,10499.0,15498.0,,9248.75,4786.700350972476,14449.79142857143
2025-08-31,CP08,Longueuil,SP,4399.0,1.0,1,17.29,24.7,29.8,71.82,4,0,4,0,0,8,35,2025,-0.8854560256532096,-0.4647231720437691,0.8229838658936571,-0.5680647467311547,-0.8660254037844384,-0.5000000000000004,0,3,1,0,0,0,-4.644387755102045,-2.32548043166992,18.741836734693877,1.2775773287364092,-12.756836734693891,-0.734661045509875,0.0,0.0,0,0,0,0.0,0.7100000000000009,1,0,24.84,22.59,9.6,20999.0,5499.0,5499.0,9369.01,10624.0,7307.245262979296,15268.442500000001
2025-06-08,CP08,Longueuil,TO,3389.92,13.0,13,19.9,25.9,0.0,13.51,0,0,0,0,0,6,23,2025,0.35460488704253584,-0.9350162426854147,-0.6631226582407956,0.7485107481711007,1.2246467991473532e-16,-1.0,0,2,1,0,0,0,-1.0640476190476207,-0.5327767720819522,-20.878571428571426,-1.4232324126572475,-48.75166666666667,-2.807588679588262,0.0,0.0,0,0,0,1.8999999999999986,0.0,0,0,,,,,,,,,,
2025-06-15,CP08,Longueuil,TO,8204.96,10.0,10,18.19,25.8,9.5,88.01,3,0,3,0,0,6,24,2025,0.23931566428755768,-0.970941817426052,-0.4647231720437684,0.88545602565321,1.2246467991473532e-16,-1.0,0,2,1,0,0,0,-2.774047619047618,-1.388986836322849,-11.378571428571426,-0.7756446231142645,25.748333333333335,1.4828360572615997,0.0,0.0,0,0,0,0.19000000000000128,0.0,0,0,19.9,,0.0,3389.92,,,,,,
2025-06-22,CP08,Longueuil,TO,2124.95,6.0,6,22.46,29.5,44.2,76.92,6,0,6,0,0,6,25,2025,0.12053668025532308,-0.992708874098054,-0.2393156642875578,0.970941817426052,1.2246467991473532e-16,-1.0,0,2,1,0,0,0,1.4959523809523816,0.7490347860798616,23.321428571428577,1.589754987111158,14.658333333333331,0.844167462205694,0.0,0.0,1,0,0,4.460000000000001,0.0,1,0,18.19,19.9,9.5,8204.96,3389.92,,,5797.44,3404.747435684473,
2025-06-29,CP08,Longueuil,TO,8491.39,13.0,13,23.19,34.7,30.9,74.28,5,0,5,1,1,6,26,2025,-3.216245299353273e-16,-1.0,6.432490598706546e-16,1.0,1.2246467991473532e-16,-1.0,0,2,1,0,0,0,2.225952380952382,1.1145513632119413,10.021428571428572,0.6831320817509814,12.01833333333333,0.6921309346179942,0.0,0.0,1,0,0,5.190000000000001,0.0,1,0,22.46,18.19,44.2,2124.95,8204.96,,,4573.276666666666,3208.0960319842875,
2025-07-06,CP08,Longueuil,TO,5512.11,8.0,8,22.33,31.5,28.0,79.85,4,0,4,1,1,7,27,2025,-0.12053668025532283,-0.992708874098054,0.23931566428755732,0.9709418174260521,-0.4999999999999998,-0.8660254037844388,0,3,1,0,0,0,-0.7385714285714293,-0.3698083569027108,3.56190476190476,0.242804845402582,-6.883809523809518,-0.3964357941572486,0.0,0.0,1,0,0,4.329999999999998,0.0,1,0,23.19,22.46,30.9,8491.39,2124.95,3389.92,,5552.804999999999,3270.956504882529,5552.804999999999
2025-07-13,CP08,Longueuil,TO,4505.3,8.0,8,23.29,31.6,41.5,88.96,5,0,5,0,0,7,28,2025,-0.23931566428755743,-0.9709418174260521,0.46472317204376795,0.8854560256532102,-0.4999999999999998,-0.8660254037844388,0,3,1,0,0,0,0.22142857142857153,0.11087097740796933,17.06190476190476,1.1630611779110316,2.2261904761904816,0.12820540520788207,0.0,0.0,1,0,0,5.289999999999999,0.0,1,0,22.33,23.19,28.0,5512.11,8491.39,8204.96,,6083.352499999999,2960.5816619528778,5544.665999999999
2025-07-20,CP08,Longueuil,TO,3622.48,4.0,4,23.79,33.3,19.9,88.96,3,0,3,0,0,7,29,2025,-0.3546048870425356,-0.9350162426854148,0.6631226582407952,0.7485107481711011,-0.4999999999999998,-0.8660254037844388,0,3,1,0,0,0,0.7214285714285715,0.36122479736144836,-4.5380952380952415,-0.30934895410248786,2.2261904761904816,0.12820540520788207,0.0,0.0,1,0,0,5.789999999999999,0.0,1,0,23.29,22.33,41.5,4505.3,5512.11,2124.95,,5158.4375,2637.0622297723025,5371.438333333333
2025-07-27,CP08,Longueuil,TO,1469.96,6.0,6,22.77,33.2,7.1,88.72,3,0,3,0,0,7,30,2025,-0.46472317204376806,-0.8854560256532101,0.8229838658936558,0.5680647467311567,-0.4999999999999998,-0.8660254037844388,0,3,1,0,0,0,-0.29857142857142804,-0.14949699534364863,-17.338095238095242,-1.1818882915919808,1.9861904761904867,0.11438390269990967,0.0,0.0,1,0,0,4.77,0.0,0,0,23.79,23.29,19.9,3622.48,4505.3,8491.39,,5532.82,2118.0778719552936,5121.587142857143
2025-08-03,CP08,Longueuil,TO,1094.96,5.0,5,22.59,30.7,2.6,91.09,3,0,3,0,0,8,31,2025,-0.5680647467311556,-0.8229838658936565,0.9350162426854147,0.354604887042536,-0.8660254037844384,-0.5000000000000004,0,3,1,0,0,0,0.6556122448979558,0.32827005983695806,-8.458163265306123,-0.5765687634287633,6.513163265306119,0.37509042669276765,0.0,0.0,1,0,0,4.59,0.0,0,0,22.77,23.79,7.1,1469.96,3622.48,5512.11,3389.92,3777.4624999999996,1721.1756387689404,4665.13375
2025-08-10,CP08,Longueuil,TO,637.47,4.0,4,24.26,34.0,1.0,96.27,3,0,3,0,0,8,32,2025,-0.663122658240795,-0.7485107481711013,0.9927088740980539,0.12053668025532369,-0.8660254037844384,-0.5000000000000004,0,3,1,0,0,0,2.3256122448979575,1.1644518184815789,-10.058163265306122,-0.6856361806149499,11.693163265306111,0.6734045224898448,0.0,0.0,1,0,0,6.260000000000002,0.0,0,0,22.59,22.77,2.6,1094.96,1469.96,4505.3,8204.96,2673.1749999999993,1652.9116654255922,4268.447777777777
2025-08-17,CP08,Longueuil,TO,2424.1,6.0,6,24.84,34.8,9.6,83.63,2,0,2,0,0,8,33,2025,-0.7485107481711011,-0.6631226582407952,0.992708874098054,-0.12053668025532309,-0.8660254037844384,-0.5000000000000004,0,3,1,0,0,0,2.9056122448979558,1.4548622496276136,-1.4581632653061227,-0.09939881323919687,-0.9468367346938891,-0.05452794293005116,0.0,0.0,1,0,0,6.84,0.0,0,0,24.26,22.59,1.0,637.47,1094.96,3622.48,2124.95,1706.2174999999995,1322.0862963860088,3905.35
2025-08-24,CP08,Longueuil,TO,3102.5,1.0,1,20.4,30.6,12.5,79.64,3,0,3,0,0,8,34,2025,-0.8229838658936564,-0.5680647467311559,0.9350162426854149,-0.35460488704253545,-0.8660254037844384,-0.5000000000000004,0,3,1,0,0,0,-1.5343877551020455,-0.7682796715592808,1.4418367346938776,0.09828588041076639,-4.936836734693884,-0.2843104221250971,0.0,0.0,1,0,0,2.3999999999999986,0.0,1,0,24.84,24.26,9.6,2424.1,637.47,1469.96,8491.39,1406.6224999999995,758.9468984663379,3770.690909090909
2025-08-31,CP08,Longueuil,TO,1599.9,4.0,4,17.29,24.7,29.8,71.82,4,0,4,0,0,8,35,2025,-0.8854560256532096,-0.4647231720437691,0.8229838658936571,-0.5680647467311547,-0.8660254037844384,-0.5000000000000004,0,3,1,0,0,0,-4.644387755102045,-2.32548043166992,18.741836734693877,1.2775773287364092,-12.756836734693891,-0.734661045509875,0.0,0.0,0,0,0,0.0,0.7100000000000009,1,0,20.4,24.84,12.5,3102.5,2424.1,1094.96,5512.11,1814.7574999999997,1145.090000433011,3715.008333333333
2025-06-15,CP202,Nepean,AM,398.22,1.0,1,16.83,23.9,21.6,86.96,3,0,3,0,0,6,24,2025,0.23931566428755768,-0.970941817426052,-0.4647231720437684,0.88545602565321,1.2246467991473532e-16,-1.0,0,2,1,0,0,0,-2.7503333333333337,-1.3771129122907706,6.1800000000000015,0.42127289888164593,23.77766666666666,1.3693461644461347,0.0,0.0,0,0,0,0.0,1.1700000000000017,1,0,,,,,,,,,,
2025-06-08,CP202,Nepean,AP,28311.91,559.0,362,18.0,23.4,0.0,12.87,0,0,0,0,0,6,23,2025,0.35460488704253584,-0.9350162426854147,-0.6631226582407956,0.7485107481711007,1.2246467991473532e-16,-1.0,0,2,1,0,0,0,-1.580333333333332,-0.7912849735996287,-15.42,-1.0511372331318736,-50.312333333333335,-2.8974668389526066,0.0,0.0,0,0,0,0.0,0.0,0,0,,,,,,,,,,
2025-06-15,CP202,Nepean,AP,16704.38,312.0,285,16.83,23.9,21.6,86.96,3,0,3,0,0,6,24,2025,0.23931566428755768,-0.970941817426052,-0.4647231720437684,0.88545602565321,1.2246467991473532e-16,-1.0,0,2,1,0,0,0,-2.7503333333333337,-1.3771129122907706,6.1800000000000015,0.42127289888164593,23.77766666666666,1.3693461644461347,0.0,0.0,0,0,0,0.0,1.1700000000000017,1,0,18.0,,0.0,28311.91,,,,,,
2025-06-22,CP202,Nepean,AP,34057.9,362.0,292,21.4,28.0,30.1,81.71,6,0,6,0,0,6,25,2025,0.12053668025532308,-0.992708874098054,-0.2393156642875578,0.970941817426052,1.2246467991473532e-16,-1.0,0,2,1,0,0,0,1.8196666666666665,0.9111210020840279,14.680000000000001,1.0006935526832623,18.52766666666666,1.0670007970842317,0.0,0.0,1,0,0,3.3999999999999986,0.0,1,0,16.83,18.0,21.6,16704.38,28311.91,,,22508.145,8207.763175826285,
2025-06-29,CP202,Nepean,AP,30379.82,418.0,282,22.71,34.0,11.3,74.98,4,0,4,0,0,6,26,2025,-3.216245299353273e-16,-1.0,6.432490598706546e-16,1.0,1.2246467991473532e-16,-1.0,0,2,1,0,0,0,3.129666666666669,1.567048010362144,-4.119999999999999,-0.2808485992544305,11.797666666666672,0.6794228309231642,0.0,0.0,1,0,0,4.710000000000001,0.0,1,0,21.4,16.83,30.1,34057.9,16704.38,,,26358.063333333335,8840.209369422952,
2025-07-06,CP202,Nepean,AP,13353.55,348.0,242,22.56,31.6,27.2,92.54,4,0,4,1,1,7,27,2025,-0.12053668025532283,-0.992708874098054,0.23931566428755732,0.9709418174260521,-0.4999999999999998,-0.8660254037844388,0,3,1,0,0,0,-0.013666666666665606,-0.006843004412061229,-0.408333333333335,-0.027834913761058157,1.3188333333333304,0.07595107593443597,0.0,0.0,1,0,0,4.559999999999999,0.0,1,0,22.71,21.4,11.3,30379.82,34057.9,28311.91,,27363.502500000002,7492.874357345006,27363.502500000002
2025-07-13,CP202,Nepean,AP,15868.48,204.0,161,22.9,30.9,45.0,86.31,5,0,5,0,0,7,28,2025,-0.23931566428755743,-0.9709418174260521,0.46472317204376795,0.8854560256532102,-0.4999999999999998,-0.8660254037844388,0,3,1,0,0,0,0.32633333333333425,0.16339759315630445,17.391666666666666,1.185540102435268,-4.911166666666674,-0.28283209333502246,0.0,0.0,1,0,0,4.899999999999999,0.0,1,0,22.56,22.71,27.2,13353.55,30379.82,16704.38,,23623.9125,10130.328346088214,24561.512
2025-07-20,CP202,Nepean,AP,17177.24,226.0,182,22.83,33.1,34.0,91.79,4,0,4,0,0,7,29,2025,-0.3546048870425356,-0.9350162426854148,0.6631226582407952,0.7485107481711011,-0.4999999999999998,-0.8660254037844388,0,3,1,0,0,0,0.25633333333333397,0.12834805836281724,6.391666666666666,0.435701609280235,0.5688333333333304,0.032758880597021256,0.0,0.0,1,0,0,4.829999999999998,0.0,1,0,22.9,22.56,45.0,15868.48,13353.55,34057.9,,23414.9375,10327.354908844036,23112.673333333336
2025-07-27,CP202,Nepean,AP,14962.49,202.0,182,22.0,33.2,3.5,94.61,3,0,3,0,0,7,30,2025,-0.46472317204376806,-0.8854560256532101,0.8229838658936558,0.5680647467311567,-0.4999999999999998,-0.8660254037844388,0,3,1,0,0,0,-0.5736666666666643,-0.2872392827599571,-24.108333333333334,-1.6433960308314475,3.3888333333333236,0.1951615350657002,0.0,0.0,1,0,0,4.0,0.0,0,0,22.83,22.9,34.0,17177.24,15868.48,30379.82,,19194.7725,7623.643640147297,22264.754285714287
2025-08-03,CP202,Nepean,AP,15288.65,185.0,158,22.41,33.4,0.1,91.72,1,0,1,0,0,8,31,2025,-0.5680647467311556,-0.8229838658936565,0.9350162426854147,0.354604887042536,-0.8660254037844384,-0.5000000000000004,0,3,1,0,0,0,1.2169565217391316,0.6093394278693812,-5.657971014492754,-0.3856876781656455,9.111884057971011,0.5247497014983452,0.0,0.0,1,0,0,4.41,0.0,0,0,22.0,22.83,3.5,14962.49,17177.24,13353.55,28311.91,15340.44,1606.573844780665,21351.97125
2025-08-10,CP202,Nepean,AP,17515.51,200.0,124,23.33,33.2,1.8,96.23,2,0,2,0,0,8,32,2025,-0.663122658240795,-0.7485107481711013,0.9927088740980539,0.12053668025532369,-0.8660254037844384,-0.5000000000000004,0,3,1,0,0,0,2.1369565217391298,1.0699904565837817,-3.9579710144927542,-0.2698035474053222,13.621884057971016,0.784478769460666,0.0,0.0,1,0,0,5.329999999999998,0.0,0,0,22.41,22.0,0.1,15288.65,14962.49,15868.48,16704.38,15824.215,976.7353591940838,20678.26888888889
2025-08-17,CP202,Nepean,AP,9879.36,146.0,128,23.7,33.2,5.4,85.93,3,0,3,0,0,8,33,2025,-0.7485107481711011,-0.6631226582407952,0.992708874098054,-0.12053668025532309,-0.8660254037844384,-0.5000000000000004,0,3,1,0,0,0,2.5069565217391307,1.2552522833493567,-0.3579710144927537,-0.024401858736402264,3.321884057971019,0.19130595349350413,0.0,0.0,1,0,0,5.699999999999999,0.0,0,0,23.33,22.41,1.8,17515.51,15288.65,17177.24,34057.9,16235.9725,1296.4539222143585,20361.993
2025-08-24,CP202,Nepean,AP,4989.89,100.0,86,19.67,27.6,3.5,68.61,3,0,3,0,0,8,34,2025,-0.8229838658936564,-0.5680647467311559,0.9350162426854149,-0.35460488704253545,-0.8660254037844384,-0.5000000000000004,0,3,1,0,0,0,-1.5230434782608668,-0.762599505475683,-2.257971014492754,-0.1539194166449989,-13.998115942028988,-0.80614581083186,0.0,0.0,0,0,0,1.6700000000000017,0.0,0,0,23.7,23.33,5.4,9879.36,17515.51,14962.49,30379.82,14411.502499999999,3227.390750140375,19409.026363636363
2025-08-31,CP202,Nepean,AP,4263.26,74.0,55,16.0,23.2,20.2,68.64,5,0,5,0,0,8,35,2025,-0.8854560256532096,-0.4647231720437691,0.8229838658936571,-0.5680647467311547,-0.8660254037844384,-0.5000000000000004,0,3,1,0,0,0,-5.1930434782608685,-2.60019654393422,14.442028985507246,0.9844717502358239,-13.968115942028987,-0.8044181230183634,0.0,0.0,0,0,0,0.0,2.0,1,0,19.67,23.7,3.5,4989.89,9879.36,15288.65,13353.55,11918.352499999999,5622.81543793602,18207.431666666667
2025-09-07,CP202,Nepean,AP,2137.79,101.0,58,17.2,25.8,8.7,68.69,5,0,5,1,1,9,36,2025,-0.9350162426854147,-0.3546048870425359,0.6631226582407956,-0.7485107481711007,-1.0,-1.8369701987210297e-16,0,3,0,0,1,0,0.9333333333333336,0.4673271305798276,3.8666666666666663,0.2635795915332843,-6.048888888888882,-0.3483530539509414,0.0,0.0,0,0,0,0.0,0.8000000000000007,0,0,16.0,19.67,20.2,4263.26,4989.89,17515.51,15868.48,9162.005,6101.909267579012,16203.3775
2025-09-14,CP202,Nepean,AP,900.25,59.0,20,15.1,22.5,0.0,82.3,0,0,0,0,0,9,37,2025,-0.970941817426052,-0.23931566428755774,0.4647231720437685,-0.8854560256532099,-1.0,-1.8369701987210297e-16,0,3,0,0,1,0,-1.166666666666666,-0.5841589132247841,-4.833333333333333,-0.3294744894166054,7.561111111111117,0.43544131743867753,0.0,0.0,0,0,0,0.0,2.9000000000000004,0,0,17.2,16.0,8.7,2137.79,4263.26,9879.36,17177.24,5317.575000000001,3273.116385083178,14989.495
2025-06-08,CP202,Nepean,AS,7351.12,101.0,85,18.0,23.4,0.0,12.87,0,0,0,0,0,6,23,2025,0.35460488704253584,-0.9350162426854147,-0.6631226582407956,0.7485107481711007,1.2246467991473532e-16,-1.0,0,2,1,0,0,0,-1.580333333333332,-0.7912849735996287,-15.42,-1.0511372331318736,-50.312333333333335,-2.8974668389526066,0.0,0.0,0,0,0,0.0,0.0,0,0,,,,,,,,,,
2025-06-15,CP202,Nepean,AS,5867.77,86.0,75,16.83,23.9,21.6,86.96,3,0,3,0,0,6,24,2025,0.23931566428755768,-0.970941817426052,-0.4647231720437684,0.88545602565321,1.2246467991473532e-16,-1.0,0,2,1,0,0,0,-2.7503333333333337,-1.3771129122907706,6.1800000000000015,0.42127289888164593,23.77766666666666,1.3693461644461347,0.0,0.0,0,0,0,0.0,1.1700000000000017,1,0,18.0,,0.0,7351.12,,,,,,
2025-06-22,CP202,Nepean,AS,2627.44,60.0,48,21.4,28.0,30.1,81.71,6,0,6,0,0,6,25,2025,0.12053668025532308,-0.992708874098054,-0.2393156642875578,0.970941817426052,1.2246467991473532e-16,-1.0,0,2,1,0,0,0,1.8196666666666665,0.9111210020840279,14.680000000000001,1.0006935526832623,18.52766666666666,1.0670007970842317,0.0,0.0,1,0,0,3.3999999999999986,0.0,1,0,16.83,18.0,21.6,5867.77,7351.12,,,6609.445,1048.8868438730644,
2025-06-29,CP202,Nepean,AS,4098.17,75.0,64,22.71,34.0,11.3,74.98,4,0,4,0,0,6,26,2025,-3.216245299353273e-16,-1.0,6.432490598706546e-16,1.0,1.2246467991473532e-16,-1.0,0,2,1,0,0,0,3.129666666666669,1.567048010362144,-4.119999999999999,-0.2808485992544305,11.797666666666672,0.6794228309231642,0.0,0.0,1,0,0,4.710000000000001,0.0,1,0,21.4,16.83,30.1,2627.44,5867.77,,,5282.11,2415.685495320117,
2025-07-06,CP202,Nepean,AS,5239.47,61.0,60,22.56,31.6,27.2,92.54,4,0,4,1,1,7,27,2025,-0.12053668025532283,-0.992708874098054,0.23931566428755732,0.9709418174260521,-0.4999999999999998,-0.8660254037844388,0,3,1,0,0,0,-0.013666666666665606,-0.006843004412061229,-0.408333333333335,-0.027834913761058157,1.3188333333333304,0.07595107593443597,0.0,0.0,1,0,0,4.559999999999999,0.0,1,0,22.71,21.4,11.3,4098.17,2627.44,7351.12,,4986.125,2059.3168986583873,4986.125
2025-07-13,CP202,Nepean,AS,1579.72,38.0,34,22.9,30.9,45.0,86.31,5,0,5,0,0,7,28,2025,-0.23931566428755743,-0.9709418174260521,0.46472317204376795,0.8854560256532102,-0.4999999999999998,-0.8660254037844388,0,3,1,0,0,0,0.32633333333333425,0.16339759315630445,17.391666666666666,1.185540102435268,-4.911166666666674,-0.28283209333502246,0.0,0.0,1,0,0,4.899999999999999,0.0,1,0,22.56,22.71,27.2,5239.47,4098.17,5867.77,,4458.212500000001,1423.4434979624818,5036.794
2025-07-20,CP202,Nepean,AS,3894.49,76.0,75,22.83,33.1,34.0,91.79,4,0,4,0,0,7,29,2025,-0.3546048870425356,-0.9350162426854148,0.6631226582407952,0.7485107481711011,-0.4999999999999998,-0.8660254037844388,0,3,1,0,0,0,0.25633333333333397,0.12834805836281724,6.391666666666666,0.435701609280235,0.5688333333333304,0.032758880597021256,0.0,0.0,1,0,0,4.829999999999998,0.0,1,0,22.9,22.56,45.0,1579.72,5239.47,2627.44,,3386.2000000000003,1610.4448352137567,4460.615
2025-07-27,CP202,Nepean,AS,1843.07,59.0,50,22.0,33.2,3.5,94.61,3,0,3,0,0,7,30,2025,-0.46472317204376806,-0.8854560256532101,0.8229838658936558,0.5680647467311567,-0.4999999999999998,-0.8660254037844388,0,3,1,0,0,0,-0.5736666666666643,-0.2872392827599571,-24.108333333333334,-1.6433960308314475,3.3888333333333236,0.1951615350657002,0.0,0.0,1,0,0,4.0,0.0,0,0,22.83,22.9,34.0,3894.49,1579.72,4098.17,,3702.9625,1534.2626635917543,4379.74
2025-08-03,CP202,Nepean,AS,4538.03,52.0,47,22.41,33.4,0.1,91.72,1,0,1,0,0,8,31,2025,-0.5680647467311556,-0.8229838658936565,0.9350162426854147,0.354604887042536,-0.8660254037844384,-0.5000000000000004,0,3,1,0,0,0,1.2169565217391316,0.6093394278693812,-5.657971014492754,-0.3856876781656455,9.111884057971011,0.5247497014983452,0.0,0.0,1,0,0,4.41,0.0,0,0,22.0,22.83,3.5,1843.07,3894.49,5239.47,7351.12,3139.1875,1741.0272737357286,4062.65625
2025-08-10,CP202,Nepean,AS,2492.42,62.0,56,23.33,33.2,1.8,96.23,2,0,2,0,0,8,32,2025,-0.663122658240795,-0.7485107481711013,0.9927088740980539,0.12053668025532369,-0.8660254037844384,-0.5000000000000004,0,3,1,0,0,0,2.1369565217391298,1.0699904565837817,-3.9579710144927542,-0.2698035474053222,13.621884057971016,0.784478769460666,0.0,0.0,1,0,0,5.329999999999998,0.0,0,0,22.41,22.0,0.1,4538.03,1843.07,1579.72,5867.77,2963.8275,1473.781660137732,4115.475555555556
2025-08-17,CP202,Nepean,AS,3582.45,59.0,46,23.7,33.2,5.4,85.93,3,0,3,0,0,8,33,2025,-0.7485107481711011,-0.6631226582407952,0.992708874098054,-0.12053668025532309,-0.8660254037844384,-0.5000000000000004,0,3,1,0,0,0,2.5069565217391307,1.2552522833493567,-0.3579710144927537,-0.024401858736402264,3.321884057971019,0.19130595349350413,0.0,0.0,1,0,0,5.699999999999999,0.0,0,0,23.33,22.41,1.8,2492.42,4538.03,3894.49,2627.44,3192.0025,1240.203381476198,3953.1699999999996
2025-08-24,CP202,Nepean,AS,2447.18,63.0,53,19.67,27.6,3.5,68.61,3,0,3,0,0,8,34,2025,-0.8229838658936564,-0.5680647467311559,0.9350162426854149,-0.35460488704253545,-0.8660254037844384,-0.5000000000000004,0,3,1,0,0,0,-1.5230434782608668,-0.762599505475683,-2.257971014492754,-0.1539194166449989,-13.998115942028988,-0.80614581083186,0.0,0.0,0,0,0,1.6700000000000017,0.0,0,0,23.7,23.33,5.4,3582.45,2492.42,1843.07,4098.17,3113.9925000000003,1190.0884567228588,3919.468181818182
2025-08-31,CP202,Nepean,AS,2633.85,65.0,58,16.0,23.2,20.2,68.64,5,0,5,0,0,8,35,2025,-0.8854560256532096,-0.4647231720437691,0.8229838658936571,-0.5680647467311547,-0.8660254037844384,-0.5000000000000004,0,3,1,0,0,0,-5.1930434782608685,-2.60019654393422,14.442028985507246,0.9844717502358239,-13.968115942028987,-0.8044181230183634,0.0,0.0,0,0,0,0.0,2.0,1,0,19.67,23.7,3.5,2447.18,3582.45,4538.03,5239.47,3265.0199999999995,997.8458950158567,3796.7775
2025-09-07,CP202,Nepean,AS,2077.96,54.0,44,17.2,25.8,8.7,68.69,5,0,5,1,1,9,36,2025,-0.9350162426854147,-0.3546048870425359,0.6631226582407956,-0.7485107481711007,-1.0,-1.8369701987210297e-16,0,3,0,0,1,0,0.9333333333333336,0.4673271305798276,3.8666666666666663,0.2635795915332843,-6.048888888888882,-0.3483530539509414,0.0,0.0,0,0,0,0.0,0.8000000000000007,0,0,16.0,19.67,20.2,2633.85,2447.18,2492.42,1579.72,2788.975,534.92523817196,3403.6716666666666
2025-09-14,CP202,Nepean,AS,375.87,13.0,11,15.1,22.5,0.0,82.3,0,0,0,0,0,9,37,2025,-0.970941817426052,-0.23931566428755774,0.4647231720437685,-0.8854560256532099,-1.0,-1.8369701987210297e-16,0,3,0,0,1,0,-1.166666666666666,-0.5841589132247841,-4.833333333333333,-0.3294744894166054,7.561111111111117,0.43544131743867753,0.0,0.0,0,0,0,0.0,2.9000000000000004,0,0,17.2,16.0,8.7,2077.96,2633.85,3582.45,3894.49,2685.3599999999997,641.115751535291,3087.8541666666665
2025-08-31,CP202,Nepean,AZ,122.99,1.0,1,16.0,23.2,20.2,68.64,5,0,5,0,0,8,35,2025,-0.8854560256532096,-0.4647231720437691,0.8229838658936571,-0.5680647467311547,-0.8660254037844384,-0.5000000000000004,0,3,1,0,0,0,-5.1930434782608685,-2.60019654393422,14.442028985507246,0.9844717502358239,-13.968115942028987,-0.8044181230183634,0.0,0.0,0,0,0,0.0,2.0,1,0,,,,,,,,,,
2025-09-07,CP202,Nepean,AZ,483.52,3.0,3,17.2,25.8,8.7,68.69,5,0,5,1,1,9,36,2025,-0.9350162426854147,-0.3546048870425359,0.6631226582407956,-0.7485107481711007,-1.0,-1.8369701987210297e-16,0,3,0,0,1,0,0.9333333333333336,0.4673271305798276,3.8666666666666663,0.2635795915332843,-6.048888888888882,-0.3483530539509414,0.0,0.0,0,0,0,0.0,0.8000000000000007,0,0,16.0,,20.2,122.99,,,,,,
2025-09-14,CP202,Nepean,AZ,181.99,1.0,1,15.1,22.5,0.0,82.3,0,0,0,0,0,9,37,2025,-0.970941817426052,-0.23931566428755774,0.4647231720437685,-0.8854560256532099,-1.0,-1.8369701987210297e-16,0,3,0,0,1,0,-1.166666666666666,-0.5841589132247841,-4.833333333333333,-0.3294744894166054,7.561111111111117,0.43544131743867753,0.0,0.0,0,0,0,0.0,2.9000000000000004,0,0,17.2,16.0,8.7,483.52,122.99,,,303.255,254.93320782118596,
2025-06-08,CP202,Nepean,BQ,1299.99,1.0,1,18.0,23.4,0.0,12.87,0,0,0,0,0,6,23,2025,0.35460488704253584,-0.9350162426854147,-0.6631226582407956,0.7485107481711007,1.2246467991473532e-16,-1.0,0,2,1,0,0,0,-1.580333333333332,-0.7912849735996287,-15.42,-1.0511372331318736,-50.312333333333335,-2.8974668389526066,0.0,0.0,0,0,0,0.0,0.0,0,0,,,,,,,,,,
2025-06-15,CP202,Nepean,BQ,314.99,2.0,2,16.83,23.9,21.6,86.96,3,0,3,0,0,6,24,2025,0.23931566428755768,-0.970941817426052,-0.4647231720437684,0.88545602565321,1.2246467991473532e-16,-1.0,0,2,1,0,0,0,-2.7503333333333337,-1.3771129122907706,6.1800000000000015,0.42127289888164593,23.77766666666666,1.3693461644461347,0.0,0.0,0,0,0,0.0,1.1700000000000017,1,0,18.0,,0.0,1299.99,,,,,,
2025-06-22,CP202,Nepean,BQ,179.99,1.0,1,21.4,28.0,30.1,81.71,6,0,6,0,0,6,25,2025,0.12053668025532308,-0.992708874098054,-0.2393156642875578,0.970941817426052,1.2246467991473532e-16,-1.0,0,2,1,0,0,0,1.8196666666666665,0.9111210020840279,14.680000000000001,1.0006935526832623,18.52766666666666,1.0670007970842317,0.0,0.0,1,0,0,3.3999999999999986,0.0,1,0,16.83,18.0,21.6,314.99,1299.99,,,807.49,696.5001794687494,
2025-06-29,CP202,Nepean,BQ,49.98,2.0,2,22.71,34.0,11.3,74.98,4,0,4,0,0,6,26,2025,-3.216245299353273e-16,-1.0,6.432490598706546e-16,1.0,1.2246467991473532e-16,-1.0,0,2,1,0,0,0,3.129666666666669,1.567048010362144,-4.119999999999999,-0.2808485992544305,11.797666666666672,0.6794228309231642,0.0,0.0,1,0,0,4.710000000000001,0.0,1,0,21.4,16.83,30.1,179.99,314.99,,,598.3233333333334,611.3986697183217,
2025-07-06,CP202,Nepean,BQ,9.99,1.0,1,22.56,31.6,27.2,92.54,4,0,4,1,1,7,27,2025,-0.12053668025532283,-0.992708874098054,0.23931566428755732,0.9709418174260521,-0.4999999999999998,-0.8660254037844388,0,3,1,0,0,0,-0.013666666666665606,-0.006843004412061229,-0.408333333333335,-0.027834913761058157,1.3188333333333304,0.07595107593443597,0.0,0.0,1,0,0,4.559999999999999,0.0,1,0,22.71,21.4,11.3,49.98,179.99,1299.99,,461.2375,569.5398654689005,461.2375
2025-07-13,CP202,Nepean,BQ,19.99,1.0,1,22.9,30.9,45.0,86.31,5,0,5,0,0,7,28,2025,-0.23931566428755743,-0.9709418174260521,0.46472317204376795,0.8854560256532102,-0.4999999999999998,-0.8660254037844388,0,3,1,0,0,0,0.32633333333333425,0.16339759315630445,17.391666666666666,1.185540102435268,-4.911166666666674,-0.28283209333502246,0.0,0.0,1,0,0,4.899999999999999,0.0,1,0,22.56,22.71,27.2,9.99,49.98,314.99,,138.7375,138.10687295834848,370.988
2025-07-20,CP202,Nepean,BQ,28.979999999999997,2.0,2,22.83,33.1,34.0,91.79,4,0,4,0,0,7,29,2025,-0.3546048870425356,-0.9350162426854148,0.6631226582407952,0.7485107481711011,-0.4999999999999998,-0.8660254037844388,0,3,1,0,0,0,0.25633333333333397,0.12834805836281724,6.391666666666666,0.435701609280235,0.5688333333333304,0.032758880597021256,0.0,0.0,1,0,0,4.829999999999998,0.0,1,0,22.9,22.56,45.0,19.99,9.99,179.99,,64.9875,78.52876346706827,312.48833333333334
2025-07-27,CP202,Nepean,BQ,39.97,3.0,3,22.0,33.2,3.5,94.61,3,0,3,0,0,7,30,2025,-0.46472317204376806,-0.8854560256532101,0.8229838658936558,0.5680647467311567,-0.4999999999999998,-0.8660254037844388,0,3,1,0,0,0,-0.5736666666666643,-0.2872392827599571,-24.108333333333334,-1.6433960308314475,3.3888333333333236,0.1951615350657002,0.0,0.0,1,0,0,4.0,0.0,0,0,22.83,22.9,34.0,28.979999999999997,19.99,49.98,,27.235,17.031931775347605,271.9871428571429
2025-08-03,CP202,Nepean,BQ,908.99,2.0,2,22.41,33.4,0.1,91.72,1,0,1,0,0,8,31,2025,-0.5680647467311556,-0.8229838658936565,0.9350162426854147,0.354604887042536,-0.8660254037844384,-0.5000000000000004,0,3,1,0,0,0,1.2169565217391316,0.6093394278693812,-5.657971014492754,-0.3856876781656455,9.111884057971011,0.5247497014983452,0.0,0.0,1,0,0,4.41,0.0,0,0,22.0,22.83,3.5,39.97,28.979999999999997,9.99,1299.99,24.732499999999998,12.78091383013864,242.985
2025-08-17,CP202,Nepean,BQ,2709.9699999999993,3.0,3,23.7,33.2,5.4,85.93,3,0,3,0,0,8,33,2025,-0.7485107481711011,-0.6631226582407952,0.992708874098054,-0.12053668025532309,-0.8660254037844384,-0.5000000000000004,0,3,1,0,0,0,2.5069565217391307,1.2552522833493567,-0.3579710144927537,-0.024401858736402264,3.321884057971019,0.19130595349350413,0.0,0.0,1,0,0,5.699999999999999,0.0,0,0,22.41,22.0,0.1,908.99,39.97,19.99,314.99,249.48250000000002,439.7475754244322,316.98555555555555
2025-08-24,CP202,Nepean,BQ,649.99,1.0,1,19.67,27.6,3.5,68.61,3,0,3,0,0,8,34,2025,-0.8229838658936564,-0.5680647467311559,0.9350162426854149,-0.35460488704253545,-0.8660254037844384,-0.5000000000000004,0,3,1,0,0,0,-1.5230434782608668,-0.762599505475683,-2.257971014492754,-0.1539194166449989,-13.998115942028988,-0.80614581083186,0.0,0.0,0,0,0,1.6700000000000017,0.0,0,0,23.7,22.41,5.4,2709.9699999999993,908.99,28.979999999999997,179.99,921.9774999999998,1261.2781374826354,556.2839999999999
2025-06-08,CP202,Nepean,CH,4959.99,1.0,1,18.0,23.4,0.0,12.87,0,0,0,0,0,6,23,2025,0.35460488704253584,-0.9350162426854147,-0.6631226582407956,0.7485107481711007,1.2246467991473532e-16,-1.0,0,2,1,0,0,0,-1.580333333333332,-0.7912849735996287,-15.42,-1.0511372331318736,-50.312333333333335,-2.8974668389526066,0.0,0.0,0,0,0,0.0,0.0,0,0,,,,,,,,,,
2025-06-22,CP202,Nepean,CH,1899.99,1.0,1,21.4,28.0,30.1,81.71,6,0,6,0,0,6,25,2025,0.12053668025532308,-0.992708874098054,-0.2393156642875578,0.970941817426052,1.2246467991473532e-16,-1.0,0,2,1,0,0,0,1.8196666666666665,0.9111210020840279,14.680000000000001,1.0006935526832623,18.52766666666666,1.0670007970842317,0.0,0.0,1,0,0,3.3999999999999986,0.0,1,0,18.0,,0.0,4959.99,,,,,,
2025-07-06,CP202,Nepean,CH,3749.99,1.0,1,22.56,31.6,27.2,92.54,4,0,4,1,1,7,27,2025,-0.12053668025532283,-0.992708874098054,0.23931566428755732,0.9709418174260521,-0.4999999999999998,-0.8660254037844388,0,3,1,0,0,0,-0.013666666666665606,-0.006843004412061229,-0.408333333333335,-0.027834913761058157,1.3188333333333304,0.07595107593443597,0.0,0.0,1,0,0,4.559999999999999,0.0,1,0,21.4,18.0,30.1,1899.99,4959.99,,,3429.99,2163.746750430835,
2025-07-13,CP202,Nepean,CH,7399.98,2.0,2,22.9,30.9,45.0,86.31,5,0,5,0,0,7,28,2025,-0.23931566428755743,-0.9709418174260521,0.46472317204376795,0.8854560256532102,-0.4999999999999998,-0.8660254037844388,0,3,1,0,0,0,0.32633333333333425,0.16339759315630445,17.391666666666666,1.185540102435268,-4.911166666666674,-0.28283209333502246,0.0,0.0,1,0,0,4.899999999999999,0.0,1,0,22.56,21.4,27.2,3749.99,1899.99,,,3536.6566666666663,1541.1143154657066,
2025-07-27,CP202,Nepean,CH,1800.99,1.0,1,22.0,33.2,3.5,94.61,3,0,3,0,0,7,30,2025,-0.46472317204376806,-0.8854560256532101,0.8229838658936558,0.5680647467311567,-0.4999999999999998,-0.8660254037844388,0,3,1,0,0,0,-0.5736666666666643,-0.2872392827599571,-24.108333333333334,-1.6433960308314475,3.3888333333333236,0.1951615350657002,0.0,0.0,1,0,0,4.0,0.0,0,0,22.9,22.56,45.0,7399.98,3749.99,4959.99,,4502.487499999999,2305.3573150435923,4502.487499999999
2025-08-03,CP202,Nepean,CH,1899.99,1.0,1,22.41,33.4,0.1,91.72,1,0,1,0,0,8,31,2025,-0.5680647467311556,-0.8229838658936565,0.9350162426854147,0.354604887042536,-0.8660254037844384,-0.5000000000000004,0,3,1,0,0,0,1.2169565217391316,0.6093394278693812,-5.657971014492754,-0.3856876781656455,9.111884057971011,0.5247497014983452,0.0,0.0,1,0,0,4.41,0.0,0,0,22.0,22.9,3.5,1800.99,7399.98,1899.99,,3712.7374999999997,2616.4847286053473,3962.1879999999996
2025-08-17,CP202,Nepean,CH,2899.99,1.0,1,23.7,33.2,5.4,85.93,3,0,3,0,0,8,33,2025,-0.7485107481711011,-0.6631226582407952,0.992708874098054,-0.12053668025532309,-0.8660254037844384,-0.5000000000000004,0,3,1,0,0,0,2.5069565217391307,1.2552522833493567,-0.3579710144927537,-0.024401858736402264,3.321884057971019,0.19130595349350413,0.0,0.0,1,0,0,5.699999999999999,0.0,0,0,22.41,22.0,0.1,1899.99,1800.99,3749.99,,3712.7374999999997,2616.4847286053473,3618.4883333333332
2025-06-08,CP202,Nepean,DI,16.860000000000014,34.0,36,18.0,23.4,0.0,12.87,0,0,0,0,0,6,23,2025,0.35460488704253584,-0.9350162426854147,-0.6631226582407956,0.7485107481711007,1.2246467991473532e-16,-1.0,0,2,1,0,0,0,-1.580333333333332,-0.7912849735996287,-15.42,-1.0511372331318736,-50.312333333333335,-2.8974668389526066,0.0,0.0,0,0,0,0.0,0.0,0,0,,,,,,,,,,
2025-06-15,CP202,Nepean,DI,79.92,40.0,35,16.83,23.9,21.6,86.96,3,0,3,0,0,6,24,2025,0.23931566428755768,-0.970941817426052,-0.4647231720437684,0.88545602565321,1.2246467991473532e-16,-1.0,0,2,1,0,0,0,-2.7503333333333337,-1.3771129122907706,6.1800000000000015,0.42127289888164593,23.77766666666666,1.3693461644461347,0.0,0.0,0,0,0,0.0,1.1700000000000017,1,0,18.0,,0.0,16.860000000000014,,,,,,
2025-06-22,CP202,Nepean,DI,51.95,31.0,32,21.4,28.0,30.1,81.71,6,0,6,0,0,6,25,2025,0.12053668025532308,-0.992708874098054,-0.2393156642875578,0.970941817426052,1.2246467991473532e-16,-1.0,0,2,1,0,0,0,1.8196666666666665,0.9111210020840279,14.680000000000001,1.0006935526832623,18.52766666666666,1.0670007970842317,0.0,0.0,1,0,0,3.3999999999999986,0.0,1,0,16.83,18.0,21.6,79.92,16.860000000000014,,,48.39000000000001,44.59015362162368,
2025-06-29,CP202,Nepean,DI,428.97,70.0,41,22.71,34.0,11.3,74.98,4,0,4,0,0,6,26,2025,-3.216245299353273e-16,-1.0,6.432490598706546e-16,1.0,1.2246467991473532e-16,-1.0,0,2,1,0,0,0,3.129666666666669,1.567048010362144,-4.119999999999999,-0.2808485992544305,11.797666666666672,0.6794228309231642,0.0,0.0,1,0,0,4.710000000000001,0.0,1,0,21.4,16.83,30.1,51.95,79.92,,,49.576666666666675,31.596921263523967,
2025-07-06,CP202,Nepean,DI,14.99,35.0,35,22.56,31.6,27.2,92.54,4,0,4,1,1,7,27,2025,-0.12053668025532283,-0.992708874098054,0.23931566428755732,0.9709418174260521,-0.4999999999999998,-0.8660254037844388,0,3,1,0,0,0,-0.013666666666665606,-0.006843004412061229,-0.408333333333335,-0.027834913761058157,1.3188333333333304,0.07595107593443597,0.0,0.0,1,0,0,4.559999999999999,0.0,1,0,22.71,21.4,11.3,428.97,51.95,16.860000000000014,,144.425,191.44294789832298,144.425
2025-07-13,CP202,Nepean,DI,0.0,24.0,26,22.9,30.9,45.0,86.31,5,0,5,0,0,7,28,2025,-0.23931566428755743,-0.9709418174260521,0.46472317204376795,0.8854560256532102,-0.4999999999999998,-0.8660254037844388,0,3,1,0,0,0,0.32633333333333425,0.16339759315630445,17.391666666666666,1.185540102435268,-4.911166666666674,-0.28283209333502246,0.0,0.0,1,0,0,4.899999999999999,0.0,1,0,22.56,22.71,27.2,14.99,428.97,79.92,,143.9575,191.86012498258552,118.53800000000001
2025-07-20,CP202,Nepean,DI,213.08,34.0,36,22.83,33.1,34.0,91.79,4,0,4,0,0,7,29,2025,-0.3546048870425356,-0.9350162426854148,0.6631226582407952,0.7485107481711011,-0.4999999999999998,-0.8660254037844388,0,3,1,0,0,0,0.25633333333333397,0.12834805836281724,6.391666666666666,0.435701609280235,0.5688333333333304,0.032758880597021256,0.0,0.0,1,0,0,4.829999999999998,0.0,1,0,22.9,22.56,45.0,0.0,14.99,51.95,,123.9775,204.49701014521784,98.78166666666668
2025-07-27,CP202,Nepean,DI,134.97,23.0,25,22.0,33.2,3.5,94.61,3,0,3,0,0,7,30,2025,-0.46472317204376806,-0.8854560256532101,0.8229838658936558,0.5680647467311567,-0.4999999999999998,-0.8660254037844388,0,3,1,0,0,0,-0.5736666666666643,-0.2872392827599571,-24.108333333333334,-1.6433960308314475,3.3888333333333236,0.1951615350657002,0.0,0.0,1,0,0,4.0,0.0,0,0,22.83,22.9,34.0,213.08,0.0,428.97,,164.26000000000002,201.4262950394842,115.11000000000001
2025-08-03,CP202,Nepean,DI,0.0,34.0,35,22.41,33.4,0.1,91.72,1,0,1,0,0,8,31,2025,-0.5680647467311556,-0.8229838658936565,0.9350162426854147,0.354604887042536,-0.8660254037844384,-0.5000000000000004,0,3,1,0,0,0,1.2169565217391316,0.6093394278693812,-5.657971014492754,-0.3856876781656455,9.111884057971011,0.5247497014983452,0.0,0.0,1,0,0,4.41,0.0,0,0,22.0,22.83,3.5,134.97,213.08,14.99,16.860000000000014,90.76,101.48099493665465,117.5925
2025-08-10,CP202,Nepean,DI,3.99,17.0,17,23.33,33.2,1.8,96.23,2,0,2,0,0,8,32,2025,-0.663122658240795,-0.7485107481711013,0.9927088740980539,0.12053668025532369,-0.8660254037844384,-0.5000000000000004,0,3,1,0,0,0,2.1369565217391298,1.0699904565837817,-3.9579710144927542,-0.2698035474053222,13.621884057971016,0.784478769460666,0.0,0.0,1,0,0,5.329999999999998,0.0,0,0,22.41,22.0,0.1,0.0,134.97,0.0,79.92,87.0125,105.41234379805807,104.52666666666667
2025-08-17,CP202,Nepean,DI,3.99,35.0,35,23.7,33.2,5.4,85.93,3,0,3,0,0,8,33,2025,-0.7485107481711011,-0.6631226582407952,0.992708874098054,-0.12053668025532309,-0.8660254037844384,-0.5000000000000004,0,3,1,0,0,0,2.5069565217391307,1.2552522833493567,-0.3579710144927537,-0.024401858736402264,3.321884057971019,0.19130595349350413,0.0,0.0,1,0,0,5.699999999999999,0.0,0,0,23.33,22.41,1.8,3.99,0.0,213.08,51.95,88.01,104.32779591269048,94.473
2025-08-24,CP202,Nepean,DI,5.99,21.0,23,19.67,27.6,3.5,68.61,3,0,3,0,0,8,34,2025,-0.8229838658936564,-0.5680647467311559,0.9350162426854149,-0.35460488704253545,-0.8660254037844384,-0.5000000000000004,0,3,1,0,0,0,-1.5230434782608668,-0.762599505475683,-2.257971014492754,-0.1539194166449989,-13.998115942028988,-0.80614581083186,0.0,0.0,0,0,0,1.6700000000000017,0.0,0,0,23.7,23.33,5.4,3.99,3.99,134.97,428.97,35.7375,66.18173331818981,86.24727272727273
2025-08-31,CP202,Nepean,DI,125.92,16.0,14,16.0,23.2,20.2,68.64,5,0,5,0,0,8,35,2025,-0.8854560256532096,-0.4647231720437691,0.8229838658936571,-0.5680647467311547,-0.8660254037844384,-0.5000000000000004,0,3,1,0,0,0,-5.1930434782608685,-2.60019654393422,14.442028985507246,0.9844717502358239,-13.968115942028987,-0.8044181230183634,0.0,0.0,0,0,0,0.0,2.0,1,0,19.67,23.7,3.5,5.99,3.99,0.0,14.99,3.4925,2.5119763135821063,79.55916666666667
2025-09-07,CP202,Nepean,DI,83.94999999999999,8.0,5,17.2,25.8,8.7,68.69,5,0,5,1,1,9,36,2025,-0.9350162426854147,-0.3546048870425359,0.6631226582407956,-0.7485107481711007,-1.0,-1.8369701987210297e-16,0,3,0,0,1,0,0.9333333333333336,0.4673271305798276,3.8666666666666663,0.2635795915332843,-6.048888888888882,-0.3483530539509414,0.0,0.0,0,0,0,0.0,0.8000000000000007,0,0,16.0,19.67,20.2,125.92,5.99,3.99,0.0,34.972500000000004,60.638996459923895,88.6475
2025-09-14,CP202,Nepean,DI,0.0,1.0,1,15.1,22.5,0.0,82.3,0,0,0,0,0,9,37,2025,-0.970941817426052,-0.23931566428755774,0.4647231720437685,-0.8854560256532099,-1.0,-1.8369701987210297e-16,0,3,0,0,1,0,-1.166666666666666,-0.5841589132247841,-4.833333333333333,-0.3294744894166054,7.561111111111117,0.43544131743867753,0.0,0.0,0,0,0,0.0,2.9000000000000004,0,0,17.2,16.0,8.7,83.94999999999999,125.92,3.99,213.08,54.96249999999999,60.19895756295671,88.98333333333335
2025-06-08,CP202,Nepean,GA,47458.88,14.0,14,18.0,23.4,0.0,12.87,0,0,0,0,0,6,23,2025,0.35460488704253584,-0.9350162426854147,-0.6631226582407956,0.7485107481711007,1.2246467991473532e-16,-1.0,0,2,1,0,0,0,-1.580333333333332,-0.7912849735996287,-15.42,-1.0511372331318736,-50.312333333333335,-2.8974668389526066,0.0,0.0,0,0,0,0.0,0.0,0,0,,,,,,,,,,
2025-06-15,CP202,Nepean,GA,22049.91,9.0,9,16.83,23.9,21.6,86.96,3,0,3,0,0,6,24,2025,0.23931566428755768,-0.970941817426052,-0.4647231720437684,0.88545602565321,1.2246467991473532e-16,-1.0,0,2,1,0,0,0,-2.7503333333333337,-1.3771129122907706,6.1800000000000015,0.42127289888164593,23.77766666666666,1.3693461644461347,0.0,0.0,0,0,0,0.0,1.1700000000000017,1,0,18.0,,0.0,47458.88,,,,,,
2025-06-22,CP202,Nepean,GA,23898.949999999997,6.0,6,21.4,28.0,30.1,81.71,6,0,6,0,0,6,25,2025,0.12053668025532308,-0.992708874098054,-0.2393156642875578,0.970941817426052,1.2246467991473532e-16,-1.0,0,2,1,0,0,0,1.8196666666666665,0.9111210020840279,14.680000000000001,1.0006935526832623,18.52766666666666,1.0670007970842317,0.0,0.0,1,0,0,3.3999999999999986,0.0,1,0,16.83,18.0,21.6,22049.91,47458.88,,,34754.395,17966.854989965548,
2025-06-29,CP202,Nepean,GA,26349.92,8.0,8,22.71,34.0,11.3,74.98,4,0,4,0,0,6,26,2025,-3.216245299353273e-16,-1.0,6.432490598706546e-16,1.0,1.2246467991473532e-16,-1.0,0,2,1,0,0,0,3.129666666666669,1.567048010362144,-4.119999999999999,-0.2808485992544305,11.797666666666672,0.6794228309231642,0.0,0.0,1,0,0,4.710000000000001,0.0,1,0,21.4,16.83,30.1,23898.949999999997,22049.91,,,31135.91333333333,14166.303958027771,
2025-07-06,CP202,Nepean,GA,11099.97,3.0,3,22.56,31.6,27.2,92.54,4,0,4,1,1,7,27,2025,-0.12053668025532283,-0.992708874098054,0.23931566428755732,0.9709418174260521,-0.4999999999999998,-0.8660254037844388,0,3,1,0,0,0,-0.013666666666665606,-0.006843004412061229,-0.408333333333335,-0.027834913761058157,1.3188333333333304,0.07595107593443597,0.0,0.0,1,0,0,4.559999999999999,0.0,1,0,22.71,21.4,11.3,26349.92,23898.949999999997,47458.88,,29939.414999999997,11811.683972554461,29939.414999999997
2025-07-13,CP202,Nepean,GA,13599.96,6.0,5,22.9,30.9,45.0,86.31,5,0,5,0,0,7,28,2025,-0.23931566428755743,-0.9709418174260521,0.46472317204376795,0.8854560256532102,-0.4999999999999998,-0.8660254037844388,0,3,1,0,0,0,0.32633333333333425,0.16339759315630445,17.391666666666666,1.185540102435268,-4.911166666666674,-0.28283209333502246,0.0,0.0,1,0,0,4.899999999999999,0.0,1,0,22.56,22.71,27.2,11099.97,26349.92,22049.91,,20849.6875,6734.193461414535,26171.525999999998
2025-07-20,CP202,Nepean,GA,10499.96,4.0,4,22.83,33.1,34.0,91.79,4,0,4,0,0,7,29,2025,-0.3546048870425356,-0.9350162426854148,0.6631226582407952,0.7485107481711011,-0.4999999999999998,-0.8660254037844388,0,3,1,0,0,0,0.25633333333333397,0.12834805836281724,6.391666666666666,0.435701609280235,0.5688333333333304,0.032758880597021256,0.0,0.0,1,0,0,4.829999999999998,0.0,1,0,22.9,22.56,45.0,13599.96,11099.97,23898.949999999997,,18737.2,7512.560277104821,24076.265
2025-07-27,CP202,Nepean,GA,7799.95,5.0,4,22.0,33.2,3.5,94.61,3,0,3,0,0,7,30,2025,-0.46472317204376806,-0.8854560256532101,0.8229838658936558,0.5680647467311567,-0.4999999999999998,-0.8660254037844388,0,3,1,0,0,0,-0.5736666666666643,-0.2872392827599571,-24.108333333333334,-1.6433960308314475,3.3888333333333236,0.1951615350657002,0.0,0.0,1,0,0,4.0,0.0,0,0,22.83,22.9,34.0,10499.96,13599.96,26349.92,,15387.4525,7430.587959048616,22136.792857142857
2025-08-03,CP202,Nepean,GA,31898.93,8.0,8,22.41,33.4,0.1,91.72,1,0,1,0,0,8,31,2025,-0.5680647467311556,-0.8229838658936565,0.9350162426854147,0.354604887042536,-0.8660254037844384,-0.5000000000000004,0,3,1,0,0,0,1.2169565217391316,0.6093394278693812,-5.657971014492754,-0.3856876781656455,9.111884057971011,0.5247497014983452,0.0,0.0,1,0,0,4.41,0.0,0,0,22.0,22.83,3.5,7799.95,10499.96,11099.97,47458.88,10749.960000000001,2381.1807995334193,20344.6875
2025-08-10,CP202,Nepean,GA,9099.96,4.0,4,23.33,33.2,1.8,96.23,2,0,2,0,0,8,32,2025,-0.663122658240795,-0.7485107481711013,0.9927088740980539,0.12053668025532369,-0.8660254037844384,-0.5000000000000004,0,3,1,0,0,0,2.1369565217391298,1.0699904565837817,-3.9579710144927542,-0.2698035474053222,13.621884057971016,0.784478769460666,0.0,0.0,1,0,0,5.329999999999998,0.0,0,0,22.41,22.0,0.1,31898.93,7799.95,13599.96,22049.91,15949.7,10893.68787862341,21628.492222222223
2025-08-17,CP202,Nepean,GA,9499.95,5.0,5,23.7,33.2,5.4,85.93,3,0,3,0,0,8,33,2025,-0.7485107481711011,-0.6631226582407952,0.992708874098054,-0.12053668025532309,-0.8660254037844384,-0.5000000000000004,0,3,1,0,0,0,2.5069565217391307,1.2552522833493567,-0.3579710144927537,-0.024401858736402264,3.321884057971019,0.19130595349350413,0.0,0.0,1,0,0,5.699999999999999,0.0,0,0,23.33,22.41,1.8,9099.96,31898.93,10499.96,23898.949999999997,14824.7,11436.090048476648,20375.639
2025-08-24,CP202,Nepean,GA,3899.98,2.0,2,19.67,27.6,3.5,68.61,3,0,3,0,0,8,34,2025,-0.8229838658936564,-0.5680647467311559,0.9350162426854149,-0.35460488704253545,-0.8660254037844384,-0.5000000000000004,0,3,1,0,0,0,-1.5230434782608668,-0.762599505475683,-2.257971014492754,-0.1539194166449989,-13.998115942028988,-0.80614581083186,0.0,0.0,0,0,0,1.6700000000000017,0.0,0,0,23.7,23.33,5.4,9499.95,9099.96,7799.95,26349.92,14574.6975,11572.266391182482,19386.94
2025-08-31,CP202,Nepean,GA,16898.97,4.0,3,16.0,23.2,20.2,68.64,5,0,5,0,0,8,35,2025,-0.8854560256532096,-0.4647231720437691,0.8229838658936571,-0.5680647467311547,-0.8660254037844384,-0.5000000000000004,0,3,1,0,0,0,-5.1930434782608685,-2.60019654393422,14.442028985507246,0.9844717502358239,-13.968115942028987,-0.8044181230183634,0.0,0.0,0,0,0,0.0,2.0,1,0,19.67,23.7,3.5,3899.98,9499.95,31898.93,11099.97,13599.705,12463.306099657771,18096.359999999997
2025-06-08,CP202,Nepean,IN,4734.0,14.0,14,18.0,23.4,0.0,12.87,0,0,0,0,0,6,23,2025,0.35460488704253584,-0.9350162426854147,-0.6631226582407956,0.7485107481711007,1.2246467991473532e-16,-1.0,0,2,1,0,0,0,-1.580333333333332,-0.7912849735996287,-15.42,-1.0511372331318736,-50.312333333333335,-2.8974668389526066,0.0,0.0,0,0,0,0.0,0.0,0,0,,,,,,,,,,
2025-06-15,CP202,Nepean,IN,1304.0,8.0,8,16.83,23.9,21.6,86.96,3,0,3,0,0,6,24,2025,0.23931566428755768,-0.970941817426052,-0.4647231720437684,0.88545602565321,1.2246467991473532e-16,-1.0,0,2,1,0,0,0,-2.7503333333333337,-1.3771129122907706,6.1800000000000015,0.42127289888164593,23.77766666666666,1.3693461644461347,0.0,0.0,0,0,0,0.0,1.1700000000000017,1,0,18.0,,0.0,4734.0,,,,,,
2025-06-22,CP202,Nepean,IN,3150.99,7.0,7,21.4,28.0,30.1,81.71,6,0,6,0,0,6,25,2025,0.12053668025532308,-0.992708874098054,-0.2393156642875578,0.970941817426052,1.2246467991473532e-16,-1.0,0,2,1,0,0,0,1.8196666666666665,0.9111210020840279,14.680000000000001,1.0006935526832623,18.52766666666666,1.0670007970842317,0.0,0.0,1,0,0,3.3999999999999986,0.0,1,0,16.83,18.0,21.6,1304.0,4734.0,,,3019.0,2425.376259469858,
2025-06-29,CP202,Nepean,IN,650.0,5.0,5,22.71,34.0,11.3,74.98,4,0,4,0,0,6,26,2025,-3.216245299353273e-16,-1.0,6.432490598706546e-16,1.0,1.2246467991473532e-16,-1.0,0,2,1,0,0,0,3.129666666666669,1.567048010362144,-4.119999999999999,-0.2808485992544305,11.797666666666672,0.6794228309231642,0.0,0.0,1,0,0,4.710000000000001,0.0,1,0,21.4,16.83,30.1,3150.99,1304.0,,,3062.9966666666664,1716.6922030560206,
2025-07-06,CP202,Nepean,IN,935.0,3.0,3,22.56,31.6,27.2,92.54,4,0,4,1,1,7,27,2025,-0.12053668025532283,-0.992708874098054,0.23931566428755732,0.9709418174260521,-0.4999999999999998,-0.8660254037844388,0,3,1,0,0,0,-0.013666666666665606,-0.006843004412061229,-0.408333333333335,-0.027834913761058157,1.3188333333333304,0.07595107593443597,0.0,0.0,1,0,0,4.559999999999999,0.0,1,0,22.71,21.4,11.3,650.0,3150.99,4734.0,,2459.7475,1849.4124224624245,2459.7475
2025-07-13,CP202,Nepean,IN,2325.0,6.0,6,22.9,30.9,45.0,86.31,5,0,5,0,0,7,28,2025,-0.23931566428755743,-0.9709418174260521,0.46472317204376795,0.8854560256532102,-0.4999999999999998,-0.8660254037844388,0,3,1,0,0,0,0.32633333333333425,0.16339759315630445,17.391666666666666,1.185540102435268,-4.911166666666674,-0.28283209333502246,0.0,0.0,1,0,0,4.899999999999999,0.0,1,0,22.56,22.71,27.2,935.0,650.0,1304.0,,1509.9975,1126.2784114174435,2154.798
2025-07-20,CP202,Nepean,IN,0.0,6.0,6,22.83,33.1,34.0,91.79,4,0,4,0,0,7,29,2025,-0.3546048870425356,-0.9350162426854148,0.6631226582407952,0.7485107481711011,-0.4999999999999998,-0.8660254037844388,0,3,1,0,0,0,0.25633333333333397,0.12834805836281724,6.391666666666666,0.435701609280235,0.5688333333333304,0.032758880597021256,0.0,0.0,1,0,0,4.829999999999998,0.0,1,0,22.9,22.56,45.0,2325.0,935.0,3150.99,,1765.2475,1178.515031027748,2183.165
2025-07-27,CP202,Nepean,IN,0.0,4.0,4,22.0,33.2,3.5,94.61,3,0,3,0,0,7,30,2025,-0.46472317204376806,-0.8854560256532101,0.8229838658936558,0.5680647467311567,-0.4999999999999998,-0.8660254037844388,0,3,1,0,0,0,-0.5736666666666643,-0.2872392827599571,-24.108333333333334,-1.6433960308314475,3.3888333333333236,0.1951615350657002,0.0,0.0,1,0,0,4.0,0.0,0,0,22.83,22.9,34.0,0.0,2325.0,650.0,,977.5,979.8511791763756,1871.2842857142857
2025-08-03,CP202,Nepean,IN,3114.99,5.0,5,22.41,33.4,0.1,91.72,1,0,1,0,0,8,31,2025,-0.5680647467311556,-0.8229838658936565,0.9350162426854147,0.354604887042536,-0.8660254037844384,-0.5000000000000004,0,3,1,0,0,0,1.2169565217391316,0.6093394278693812,-5.657971014492754,-0.3856876781656455,9.111884057971011,0.5247497014983452,0.0,0.0,1,0,0,4.41,0.0,0,0,22.0,22.83,3.5,0.0,0.0,935.0,4734.0,815.0,1098.9312990355677,1637.37375
2025-08-10,CP202,Nepean,IN,0.0,1.0,1,23.33,33.2,1.8,96.23,2,0,2,0,0,8,32,2025,-0.663122658240795,-0.7485107481711013,0.9927088740980539,0.12053668025532369,-0.8660254037844384,-0.5000000000000004,0,3,1,0,0,0,2.1369565217391298,1.0699904565837817,-3.9579710144927542,-0.2698035474053222,13.621884057971016,0.784478769460666,0.0,0.0,1,0,0,5.329999999999998,0.0,0,0,22.41,22.0,0.1,3114.99,0.0,2325.0,1304.0,1359.9975,1603.1650882005258,1801.5533333333333
2025-08-17,CP202,Nepean,IN,0.0,2.0,2,23.7,33.2,5.4,85.93,3,0,3,0,0,8,33,2025,-0.7485107481711011,-0.6631226582407952,0.992708874098054,-0.12053668025532309,-0.8660254037844384,-0.5000000000000004,0,3,1,0,0,0,2.5069565217391307,1.2552522833493567,-0.3579710144927537,-0.024401858736402264,3.321884057971019,0.19130595349350413,0.0,0.0,1,0,0,5.699999999999999,0.0,0,0,23.33,22.41,1.8,0.0,3114.99,0.0,3150.99,778.7475,1557.495,1621.398
2025-08-24,CP202,Nepean,IN,0.0,1.0,1,19.67,27.6,3.5,68.61,3,0,3,0,0,8,34,2025,-0.8229838658936564,-0.5680647467311559,0.9350162426854149,-0.35460488704253545,-0.8660254037844384,-0.5000000000000004,0,3,1,0,0,0,-1.5230434782608668,-0.762599505475683,-2.257971014492754,-0.1539194166449989,-13.998115942028988,-0.80614581083186,0.0,0.0,0,0,0,1.6700000000000017,0.0,0,0,23.7,23.33,5.4,0.0,0.0,0.0,650.0,778.7475,1557.495,1473.9981818181818
2025-06-08,CP202,Nepean,LI,1984.88,19.0,19,18.0,23.4,0.0,12.87,0,0,0,0,0,6,23,2025,0.35460488704253584,-0.9350162426854147,-0.6631226582407956,0.7485107481711007,1.2246467991473532e-16,-1.0,0,2,1,0,0,0,-1.580333333333332,-0.7912849735996287,-15.42,-1.0511372331318736,-50.312333333333335,-2.8974668389526066,0.0,0.0,0,0,0,0.0,0.0,0,0,,,,,,,,,,
2025-06-15,CP202,Nepean,LI,3284.85,22.0,22,16.83,23.9,21.6,86.96,3,0,3,0,0,6,24,2025,0.23931566428755768,-0.970941817426052,-0.4647231720437684,0.88545602565321,1.2246467991473532e-16,-1.0,0,2,1,0,0,0,-2.7503333333333337,-1.3771129122907706,6.1800000000000015,0.42127289888164593,23.77766666666666,1.3693461644461347,0.0,0.0,0,0,0,0.0,1.1700000000000017,1,0,18.0,,0.0,1984.88,,,,,,
2025-06-22,CP202,Nepean,LI,2038.86,17.0,17,21.4,28.0,30.1,81.71,6,0,6,0,0,6,25,2025,0.12053668025532308,-0.992708874098054,-0.2393156642875578,0.970941817426052,1.2246467991473532e-16,-1.0,0,2,1,0,0,0,1.8196666666666665,0.9111210020840279,14.680000000000001,1.0006935526832623,18.52766666666666,1.0670007970842317,0.0,0.0,1,0,0,3.3999999999999986,0.0,1,0,16.83,18.0,21.6,3284.85,1984.88,,,2634.865,919.2176023390762,
2025-06-29,CP202,Nepean,LI,1749.94,11.0,11,22.71,34.0,11.3,74.98,4,0,4,0,0,6,26,2025,-3.216245299353273e-16,-1.0,6.432490598706546e-16,1.0,1.2246467991473532e-16,-1.0,0,2,1,0,0,0,3.129666666666669,1.567048010362144,-4.119999999999999,-0.2808485992544305,11.797666666666672,0.6794228309231642,0.0,0.0,1,0,0,4.710000000000001,0.0,1,0,21.4,16.83,30.1,2038.86,3284.85,,,2436.1966666666667,735.4507598971759,
2025-07-06,CP202,Nepean,LI,919.91,11.0,11,22.56,31.6,27.2,92.54,4,0,4,1,1,7,27,2025,-0.12053668025532283,-0.992708874098054,0.23931566428755732,0.9709418174260521,-0.4999999999999998,-0.8660254037844388,0,3,1,0,0,0,-0.013666666666665606,-0.006843004412061229,-0.408333333333335,-0.027834913761058157,1.3188333333333304,0.07595107593443597,0.0,0.0,1,0,0,4.559999999999999,0.0,1,0,22.71,21.4,11.3,1749.94,2038.86,1984.88,,2264.6325,691.6132830503378,2264.6325
2025-07-13,CP202,Nepean,LI,1839.91,14.0,14,22.9,30.9,45.0,86.31,5,0,5,0,0,7,28,2025,-0.23931566428755743,-0.9709418174260521,0.46472317204376795,0.8854560256532102,-0.4999999999999998,-0.8660254037844388,0,3,1,0,0,0,0.32633333333333425,0.16339759315630445,17.391666666666666,1.185540102435268,-4.911166666666674,-0.28283209333502246,0.0,0.0,1,0,0,4.899999999999999,0.0,1,0,22.56,22.71,27.2,919.91,1749.94,3284.85,,1998.3899999999999,980.0448400285912,1995.688
2025-07-20,CP202,Nepean,LI,3459.92,15.0,15,22.83,33.1,34.0,91.79,4,0,4,0,0,7,29,2025,-0.3546048870425356,-0.9350162426854148,0.6631226582407952,0.7485107481711011,-0.4999999999999998,-0.8660254037844388,0,3,1,0,0,0,0.25633333333333397,0.12834805836281724,6.391666666666666,0.435701609280235,0.5688333333333304,0.032758880597021256,0.0,0.0,1,0,0,4.829999999999998,0.0,1,0,22.9,22.56,45.0,1839.91,919.91,2038.86,,1637.1549999999997,493.1657406660234,1969.7250000000001
2025-07-27,CP202,Nepean,LI,2194.93,14.0,14,22.0,33.2,3.5,94.61,3,0,3,0,0,7,30,2025,-0.46472317204376806,-0.8854560256532101,0.8229838658936558,0.5680647467311567,-0.4999999999999998,-0.8660254037844388,0,3,1,0,0,0,-0.5736666666666643,-0.2872392827599571,-24.108333333333334,-1.6433960308314475,3.3888333333333236,0.1951615350657002,0.0,0.0,1,0,0,4.0,0.0,0,0,22.83,22.9,34.0,3459.92,1839.91,1749.94,,1992.42,1062.3699607638262,2182.61
2025-08-03,CP202,Nepean,LI,1519.88,15.0,15,22.41,33.4,0.1,91.72,1,0,1,0,0,8,31,2025,-0.5680647467311556,-0.8229838658936565,0.9350162426854147,0.354604887042536,-0.8660254037844384,-0.5000000000000004,0,3,1,0,0,0,1.2169565217391316,0.6093394278693812,-5.657971014492754,-0.3856876781656455,9.111884057971011,0.5247497014983452,0.0,0.0,1,0,0,4.41,0.0,0,0,22.0,22.83,3.5,2194.93,3459.92,919.91,1984.88,2103.6675,1051.760353768069,2184.15
2025-08-10,CP202,Nepean,LI,1114.94,8.0,8,23.33,33.2,1.8,96.23,2,0,2,0,0,8,32,2025,-0.663122658240795,-0.7485107481711013,0.9927088740980539,0.12053668025532369,-0.8660254037844384,-0.5000000000000004,0,3,1,0,0,0,2.1369565217391298,1.0699904565837817,-3.9579710144927542,-0.2698035474053222,13.621884057971016,0.784478769460666,0.0,0.0,1,0,0,5.329999999999998,0.0,0,0,22.41,22.0,0.1,1519.88,2194.93,1839.91,3284.85,2253.66,850.1244127381199,2110.3422222222225
2025-08-17,CP202,Nepean,LI,449.95,7.0,7,23.7,33.2,5.4,85.93,3,0,3,0,0,8,33,2025,-0.7485107481711011,-0.6631226582407952,0.992708874098054,-0.12053668025532309,-0.8660254037844384,-0.5000000000000004,0,3,1,0,0,0,2.5069565217391307,1.2552522833493567,-0.3579710144927537,-0.024401858736402264,3.321884057971019,0.19130595349350413,0.0,0.0,1,0,0,5.699999999999999,0.0,0,0,23.33,22.41,1.8,1114.94,1519.88,3459.92,2038.86,2072.4175,1026.6829033469878,2010.8020000000001
2025-08-24,CP202,Nepean,LI,179.98,3.0,3,19.67,27.6,3.5,68.61,3,0,3,0,0,8,34,2025,-0.8229838658936564,-0.5680647467311559,0.9350162426854149,-0.35460488704253545,-0.8660254037844384,-0.5000000000000004,0,3,1,0,0,0,-1.5230434782608668,-0.762599505475683,-2.257971014492754,-0.1539194166449989,-13.998115942028988,-0.80614581083186,0.0,0.0,0,0,0,1.6700000000000017,0.0,0,0,23.7,23.33,5.4,449.95,1114.94,2194.93,1749.94,1319.9250000000002,731.3209744245925,1868.9063636363637
2025-08-31,CP202,Nepean,LI,509.97,4.0,4,16.0,23.2,20.2,68.64,5,0,5,0,0,8,35,2025,-0.8854560256532096,-0.4647231720437691,0.8229838658936571,-0.5680647467311547,-0.8660254037844384,-0.5000000000000004,0,3,1,0,0,0,-5.1930434782608685,-2.60019654393422,14.442028985507246,0.9844717502358239,-13.968115942028987,-0.8044181230183634,0.0,0.0,0,0,0,0.0,2.0,1,0,19.67,23.7,3.5,179.98,449.95,1519.88,919.91,816.1875,611.9166828566914,1728.1625000000001
2025-06-08,CP202,Nepean,LO,421.59,41.0,32,18.0,23.4,0.0,12.87,0,0,0,0,0,6,23,2025,0.35460488704253584,-0.9350162426854147,-0.6631226582407956,0.7485107481711007,1.2246467991473532e-16,-1.0,0,2,1,0,0,0,-1.580333333333332,-0.7912849735996287,-15.42,-1.0511372331318736,-50.312333333333335,-2.8974668389526066,0.0,0.0,0,0,0,0.0,0.0,0,0,,,,,,,,,,
2025-06-15,CP202,Nepean,LO,623.98,52.0,48,16.83,23.9,21.6,86.96,3,0,3,0,0,6,24,2025,0.23931566428755768,-0.970941817426052,-0.4647231720437684,0.88545602565321,1.2246467991473532e-16,-1.0,0,2,1,0,0,0,-2.7503333333333337,-1.3771129122907706,6.1800000000000015,0.42127289888164593,23.77766666666666,1.3693461644461347,0.0,0.0,0,0,0,0.0,1.1700000000000017,1,0,18.0,,0.0,421.59,,,,,,
2025-06-22,CP202,Nepean,LO,1134.68,32.0,29,21.4,28.0,30.1,81.71,6,0,6,0,0,6,25,2025,0.12053668025532308,-0.992708874098054,-0.2393156642875578,0.970941817426052,1.2246467991473532e-16,-1.0,0,2,1,0,0,0,1.8196666666666665,0.9111210020840279,14.680000000000001,1.0006935526832623,18.52766666666666,1.0670007970842317,0.0,0.0,1,0,0,3.3999999999999986,0.0,1,0,16.83,18.0,21.6,623.98,421.59,,,522.785,143.1113414443454,
2025-06-29,CP202,Nepean,LO,583.67,33.0,28,22.71,34.0,11.3,74.98,4,0,4,0,0,6,26,2025,-3.216245299353273e-16,-1.0,6.432490598706546e-16,1.0,1.2246467991473532e-16,-1.0,0,2,1,0,0,0,3.129666666666669,1.567048010362144,-4.119999999999999,-0.2808485992544305,11.797666666666672,0.6794228309231642,0.0,0.0,1,0,0,4.710000000000001,0.0,1,0,21.4,16.83,30.1,1134.68,623.98,,,726.75,367.48549862545605,
2025-07-06,CP202,Nepean,LO,780.52,48.0,42,22.56,31.6,27.2,92.54,4,0,4,1,1,7,27,2025,-0.12053668025532283,-0.992708874098054,0.23931566428755732,0.9709418174260521,-0.4999999999999998,-0.8660254037844388,0,3,1,0,0,0,-0.013666666666665606,-0.006843004412061229,-0.408333333333335,-0.027834913761058157,1.3188333333333304,0.07595107593443597,0.0,0.0,1,0,0,4.559999999999999,0.0,1,0,22.71,21.4,11.3,583.67,1134.68,421.59,,690.98,308.46128779259595,690.98
2025-07-13,CP202,Nepean,LO,1695.44,82.0,58,22.9,30.9,45.0,86.31,5,0,5,0,0,7,28,2025,-0.23931566428755743,-0.9709418174260521,0.46472317204376795,0.8854560256532102,-0.4999999999999998,-0.8660254037844388,0,3,1,0,0,0,0.32633333333333425,0.16339759315630445,17.391666666666666,1.185540102435268,-4.911166666666674,-0.28283209333502246,0.0,0.0,1,0,0,4.899999999999999,0.0,1,0,22.56,22.71,27.2,780.52,583.67,623.98,,780.7125,250.78799245245648,708.888
2025-07-20,CP202,Nepean,LO,813.9,59.0,55,22.83,33.1,34.0,91.79,4,0,4,0,0,7,29,2025,-0.3546048870425356,-0.9350162426854148,0.6631226582407952,0.7485107481711011,-0.4999999999999998,-0.8660254037844388,0,3,1,0,0,0,0.25633333333333397,0.12834805836281724,6.391666666666666,0.435701609280235,0.5688333333333304,0.032758880597021256,0.0,0.0,1,0,0,4.829999999999998,0.0,1,0,22.9,22.56,45.0,1695.44,780.52,1134.68,,1048.5774999999999,487.79727390074675,873.3133333333334
2025-07-27,CP202,Nepean,LO,1331.74,76.0,66,22.0,33.2,3.5,94.61,3,0,3,0,0,7,30,2025,-0.46472317204376806,-0.8854560256532101,0.8229838658936558,0.5680647467311567,-0.4999999999999998,-0.8660254037844388,0,3,1,0,0,0,-0.5736666666666643,-0.2872392827599571,-24.108333333333334,-1.6433960308314475,3.3888333333333236,0.1951615350657002,0.0,0.0,1,0,0,4.0,0.0,0,0,22.83,22.9,34.0,813.9,1695.44,583.67,,968.3825,495.2351218276696,864.8257142857143
2025-08-03,CP202,Nepean,LO,1055.7,80.0,73,22.41,33.4,0.1,91.72,1,0,1,0,0,8,31,2025,-0.5680647467311556,-0.8229838658936565,0.9350162426854147,0.354604887042536,-0.8660254037844384,-0.5000000000000004,0,3,1,0,0,0,1.2169565217391316,0.6093394278693812,-5.657971014492754,-0.3856876781656455,9.111884057971011,0.5247497014983452,0.0,0.0,1,0,0,4.41,0.0,0,0,22.0,22.83,3.5,1331.74,813.9,780.52,421.59,1155.4,439.65754157829116,923.19
2025-08-10,CP202,Nepean,LO,840.42,59.0,46,23.33,33.2,1.8,96.23,2,0,2,0,0,8,32,2025,-0.663122658240795,-0.7485107481711013,0.9927088740980539,0.12053668025532369,-0.8660254037844384,-0.5000000000000004,0,3,1,0,0,0,2.1369565217391298,1.0699904565837817,-3.9579710144927542,-0.2698035474053222,13.621884057971016,0.784478769460666,0.0,0.0,1,0,0,5.329999999999998,0.0,0,0,22.41,22.0,0.1,1055.7,1331.74,1695.44,623.98,1224.195,378.7568829297586,937.9133333333333
2025-08-17,CP202,Nepean,LO,546.9399999999999,31.0,31,23.7,33.2,5.4,85.93,3,0,3,0,0,8,33,2025,-0.7485107481711011,-0.6631226582407952,0.992708874098054,-0.12053668025532309,-0.8660254037844384,-0.5000000000000004,0,3,1,0,0,0,2.5069565217391307,1.2552522833493567,-0.3579710144927537,-0.024401858736402264,3.321884057971019,0.19130595349350413,0.0,0.0,1,0,0,5.699999999999999,0.0,0,0,23.33,22.41,1.8,840.42,1055.7,813.9,1134.68,1010.4399999999999,240.01175637872436,928.164
2025-08-24,CP202,Nepean,LO,565.47,28.0,27,19.67,27.6,3.5,68.61,3,0,3,0,0,8,34,2025,-0.8229838658936564,-0.5680647467311559,0.9350162426854149,-0.35460488704253545,-0.8660254037844384,-0.5000000000000004,0,3,1,0,0,0,-1.5230434782608668,-0.762599505475683,-2.257971014492754,-0.1539194166449989,-13.998115942028988,-0.80614581083186,0.0,0.0,0,0,0,1.6700000000000017,0.0,0,0,23.7,23.33,5.4,546.9399999999999,840.42,1331.74,583.67,943.6999999999999,332.26711021907283,893.5072727272727
2025-08-31,CP202,Nepean,LO,310.65999999999997,22.0,16,16.0,23.2,20.2,68.64,5,0,5,0,0,8,35,2025,-0.8854560256532096,-0.4647231720437691,0.8229838658936571,-0.5680647467311547,-0.8660254037844384,-0.5000000000000004,0,3,1,0,0,0,-5.1930434782608685,-2.60019654393422,14.442028985507246,0.9844717502358239,-13.968115942028987,-0.8044181230183634,0.0,0.0,0,0,0,0.0,2.0,1,0,19.67,23.7,3.5,565.47,546.9399999999999,1055.7,780.52,752.1324999999999,242.82693471894785,866.1708333333332
2025-09-07,CP202,Nepean,LO,183.56,54.0,16,17.2,25.8,8.7,68.69,5,0,5,1,1,9,36,2025,-0.9350162426854147,-0.3546048870425359,0.6631226582407956,-0.7485107481711007,-1.0,-1.8369701987210297e-16,0,3,0,0,1,0,0.9333333333333336,0.4673271305798276,3.8666666666666663,0.2635795915332843,-6.048888888888882,-0.3483530539509414,0.0,0.0,0,0,0,0.0,0.8000000000000007,0,0,16.0,19.67,20.2,310.65999999999997,565.47,840.42,1695.44,565.8725,216.69360202445645,856.9266666666666
2025-09-14,CP202,Nepean,LO,12.99,1.0,1,15.1,22.5,0.0,82.3,0,0,0,0,0,9,37,2025,-0.970941817426052,-0.23931566428755774,0.4647231720437685,-0.8854560256532099,-1.0,-1.8369701987210297e-16,0,3,0,0,1,0,-1.166666666666666,-0.5841589132247841,-4.833333333333333,-0.3294744894166054,7.561111111111117,0.43544131743867753,0.0,0.0,0,0,0,0.0,2.9000000000000004,0,0,17.2,16.0,8.7,183.56,310.65999999999997,546.9399999999999,813.9,401.65749999999997,186.00054164347716,820.225
2025-06-08,CP202,Nepean,ME,31546.11,104.0,73,18.0,23.4,0.0,12.87,0,0,0,0,0,6,23,2025,0.35460488704253584,-0.9350162426854147,-0.6631226582407956,0.7485107481711007,1.2246467991473532e-16,-1.0,0,2,1,0,0,0,-1.580333333333332,-0.7912849735996287,-15.42,-1.0511372331318736,-50.312333333333335,-2.8974668389526066,0.0,0.0,0,0,0,0.0,0.0,0,0,,,,,,,,,,
2025-06-15,CP202,Nepean,ME,24349.68,93.0,65,16.83,23.9,21.6,86.96,3,0,3,0,0,6,24,2025,0.23931566428755768,-0.970941817426052,-0.4647231720437684,0.88545602565321,1.2246467991473532e-16,-1.0,0,2,1,0,0,0,-2.7503333333333337,-1.3771129122907706,6.1800000000000015,0.42127289888164593,23.77766666666666,1.3693461644461347,0.0,0.0,0,0,0,0.0,1.1700000000000017,1,0,18.0,,0.0,31546.11,,,,,,
2025-06-22,CP202,Nepean,ME,41138.04,165.0,83,21.4,28.0,30.1,81.71,6,0,6,0,0,6,25,2025,0.12053668025532308,-0.992708874098054,-0.2393156642875578,0.970941817426052,1.2246467991473532e-16,-1.0,0,2,1,0,0,0,1.8196666666666665,0.9111210020840279,14.680000000000001,1.0006935526832623,18.52766666666666,1.0670007970842317,0.0,0.0,1,0,0,3.3999999999999986,0.0,1,0,16.83,18.0,21.6,24349.68,31546.11,,,27947.895,5088.6444533343065,
2025-06-29,CP202,Nepean,ME,33255.94,106.0,61,22.71,34.0,11.3,74.98,4,0,4,0,0,6,26,2025,-3.216245299353273e-16,-1.0,6.432490598706546e-16,1.0,1.2246467991473532e-16,-1.0,0,2,1,0,0,0,3.129666666666669,1.567048010362144,-4.119999999999999,-0.2808485992544305,11.797666666666672,0.6794228309231642,0.0,0.0,1,0,0,4.710000000000001,0.0,1,0,21.4,16.83,30.1,41138.04,24349.68,,,32344.61,8422.615957046837,
2025-07-06,CP202,Nepean,ME,28291.51,80.0,50,22.56,31.6,27.2,92.54,4,0,4,1,1,7,27,2025,-0.12053668025532283,-0.992708874098054,0.23931566428755732,0.9709418174260521,-0.4999999999999998,-0.8660254037844388,0,3,1,0,0,0,-0.013666666666665606,-0.006843004412061229,-0.408333333333335,-0.027834913761058157,1.3188333333333304,0.07595107593443597,0.0,0.0,1,0,0,4.559999999999999,0.0,1,0,22.71,21.4,11.3,33255.94,41138.04,31546.11,,32572.4425,6892.116532591785,32572.4425
2025-07-13,CP202,Nepean,ME,25492.25,91.0,61,22.9,30.9,45.0,86.31,5,0,5,0,0,7,28,2025,-0.23931566428755743,-0.9709418174260521,0.46472317204376795,0.8854560256532102,-0.4999999999999998,-0.8660254037844388,0,3,1,0,0,0,0.32633333333333425,0.16339759315630445,17.391666666666666,1.185540102435268,-4.911166666666674,-0.28283209333502246,0.0,0.0,1,0,0,4.899999999999999,0.0,1,0,22.56,22.71,27.2,28291.51,33255.94,24349.68,,31758.7925,7237.143319373906,31716.256
2025-07-20,CP202,Nepean,ME,22035.79,74.0,44,22.83,33.1,34.0,91.79,4,0,4,0,0,7,29,2025,-0.3546048870425356,-0.9350162426854148,0.6631226582407952,0.7485107481711011,-0.4999999999999998,-0.8660254037844388,0,3,1,0,0,0,0.25633333333333397,0.12834805836281724,6.391666666666666,0.435701609280235,0.5688333333333304,0.032758880597021256,0.0,0.0,1,0,0,4.829999999999998,0.0,1,0,22.9,22.56,45.0,25492.25,28291.51,41138.04,,32044.434999999998,6859.955553570787,30678.921666666665
2025-07-27,CP202,Nepean,ME,19901.41,60.0,41,22.0,33.2,3.5,94.61,3,0,3,0,0,7,30,2025,-0.46472317204376806,-0.8854560256532101,0.8229838658936558,0.5680647467311567,-0.4999999999999998,-0.8660254037844388,0,3,1,0,0,0,-0.5736666666666643,-0.2872392827599571,-24.108333333333334,-1.6433960308314475,3.3888333333333236,0.1951615350657002,0.0,0.0,1,0,0,4.0,0.0,0,0,22.83,22.9,34.0,22035.79,25492.25,33255.94,,27268.8725,4741.037321981876,29444.18857142857
2025-08-03,CP202,Nepean,ME,32325.14,97.0,64,22.41,33.4,0.1,91.72,1,0,1,0,0,8,31,2025,-0.5680647467311556,-0.8229838658936565,0.9350162426854147,0.354604887042536,-0.8660254037844384,-0.5000000000000004,0,3,1,0,0,0,1.2169565217391316,0.6093394278693812,-5.657971014492754,-0.3856876781656455,9.111884057971011,0.5247497014983452,0.0,0.0,1,0,0,4.41,0.0,0,0,22.0,22.83,3.5,19901.41,22035.79,28291.51,31546.11,23930.239999999998,3709.4906759284495,28251.34125
2025-08-10,CP202,Nepean,ME,18599.56,46.0,39,23.33,33.2,1.8,96.23,2,0,2,0,0,8,32,2025,-0.663122658240795,-0.7485107481711013,0.9927088740980539,0.12053668025532369,-0.8660254037844384,-0.5000000000000004,0,3,1,0,0,0,2.1369565217391298,1.0699904565837817,-3.9579710144927542,-0.2698035474053222,13.621884057971016,0.784478769460666,0.0,0.0,1,0,0,5.329999999999998,0.0,0,0,22.41,22.0,0.1,32325.14,19901.41,25492.25,24349.68,24938.6475,5436.515136165669,28703.985555555555
2025-08-17,CP202,Nepean,ME,20407.37,67.0,42,23.7,33.2,5.4,85.93,3,0,3,0,0,8,33,2025,-0.7485107481711011,-0.6631226582407952,0.992708874098054,-0.12053668025532309,-0.8660254037844384,-0.5000000000000004,0,3,1,0,0,0,2.5069565217391307,1.2552522833493567,-0.3579710144927537,-0.024401858736402264,3.321884057971019,0.19130595349350413,0.0,0.0,1,0,0,5.699999999999999,0.0,0,0,23.33,22.41,1.8,18599.56,32325.14,22035.79,41138.04,23215.475000000002,6236.113940131315,27693.542999999998
2025-08-24,CP202,Nepean,ME,6435.79,26.0,27,19.67,27.6,3.5,68.61,3,0,3,0,0,8,34,2025,-0.8229838658936564,-0.5680647467311559,0.9350162426854149,-0.35460488704253545,-0.8660254037844384,-0.5000000000000004,0,3,1,0,0,0,-1.5230434782608668,-0.762599505475683,-2.257971014492754,-0.1539194166449989,-13.998115942028988,-0.80614581083186,0.0,0.0,0,0,0,1.6700000000000017,0.0,0,0,23.7,23.33,5.4,20407.37,18599.56,19901.41,33255.94,22808.37,6390.049824808369,27031.163636363635
2025-08-31,CP202,Nepean,ME,6214.61,43.0,25,16.0,23.2,20.2,68.64,5,0,5,0,0,8,35,2025,-0.8854560256532096,-0.4647231720437691,0.8229838658936571,-0.5680647467311547,-0.8660254037844384,-0.5000000000000004,0,3,1,0,0,0,-5.1930434782608685,-2.60019654393422,14.442028985507246,0.9844717502358239,-13.968115942028987,-0.8044181230183634,0.0,0.0,0,0,0,0.0,2.0,1,0,19.67,23.7,3.5,6435.79,20407.37,32325.14,28291.51,19441.965,10595.25741718593,25314.882500000003
2025-09-07,CP202,Nepean,ME,1701.97,3.0,10,17.2,25.8,8.7,68.69,5,0,5,1,1,9,36,2025,-0.9350162426854147,-0.3546048870425359,0.6631226582407956,-0.7485107481711007,-1.0,-1.8369701987210297e-16,0,3,0,0,1,0,0.9333333333333336,0.4673271305798276,3.8666666666666663,0.2635795915332843,-6.048888888888882,-0.3483530539509414,0.0,0.0,0,0,0,0.0,0.8000000000000007,0,0,16.0,19.67,20.2,6214.61,6435.79,18599.56,25492.25,12914.3325,7644.719685387983,23203.924166666668
2025-09-14,CP202,Nepean,ME,249.99,1.0,1,15.1,22.5,0.0,82.3,0,0,0,0,0,9,37,2025,-0.970941817426052,-0.23931566428755774,0.4647231720437685,-0.8854560256532099,-1.0,-1.8369701987210297e-16,0,3,0,0,1,0,-1.166666666666666,-0.5841589132247841,-4.833333333333333,-0.3294744894166054,7.561111111111117,0.43544131743867753,0.0,0.0,0,0,0,0.0,2.9000000000000004,0,0,17.2,16.0,8.7,1701.97,6214.61,20407.37,22035.79,8689.935000000001,8110.452953999152,21316.615
2025-06-08,CP202,Nepean,MK,2.97,3.0,3,18.0,23.4,0.0,12.87,0,0,0,0,0,6,23,2025,0.35460488704253584,-0.9350162426854147,-0.6631226582407956,0.7485107481711007,1.2246467991473532e-16,-1.0,0,2,1,0,0,0,-1.580333333333332,-0.7912849735996287,-15.42,-1.0511372331318736,-50.312333333333335,-2.8974668389526066,0.0,0.0,0,0,0,0.0,0.0,0,0,,,,,,,,,,
2025-06-15,CP202,Nepean,MK,0.99,3.0,3,16.83,23.9,21.6,86.96,3,0,3,0,0,6,24,2025,0.23931566428755768,-0.970941817426052,-0.4647231720437684,0.88545602565321,1.2246467991473532e-16,-1.0,0,2,1,0,0,0,-2.7503333333333337,-1.3771129122907706,6.1800000000000015,0.42127289888164593,23.77766666666666,1.3693461644461347,0.0,0.0,0,0,0,0.0,1.1700000000000017,1,0,18.0,,0.0,2.97,,,,,,
2025-06-29,CP202,Nepean,MK,1.98,2.0,2,22.71,34.0,11.3,74.98,4,0,4,0,0,6,26,2025,-3.216245299353273e-16,-1.0,6.432490598706546e-16,1.0,1.2246467991473532e-16,-1.0,0,2,1,0,0,0,3.129666666666669,1.567048010362144,-4.119999999999999,-0.2808485992544305,11.797666666666672,0.6794228309231642,0.0,0.0,1,0,0,4.710000000000001,0.0,1,0,16.83,18.0,21.6,0.99,2.97,,,1.98,1.4000714267493641,
2025-07-06,CP202,Nepean,MK,4.95,5.0,4,22.56,31.6,27.2,92.54,4,0,4,1,1,7,27,2025,-0.12053668025532283,-0.992708874098054,0.23931566428755732,0.9709418174260521,-0.4999999999999998,-0.8660254037844388,0,3,1,0,0,0,-0.013666666666665606,-0.006843004412061229,-0.408333333333335,-0.027834913761058157,1.3188333333333304,0.07595107593443597,0.0,0.0,1,0,0,4.559999999999999,0.0,1,0,22.71,16.83,11.3,1.98,0.99,,,1.9800000000000002,0.99,
2025-07-13,CP202,Nepean,MK,249.94,52.0,52,22.9,30.9,45.0,86.31,5,0,5,0,0,7,28,2025,-0.23931566428755743,-0.9709418174260521,0.46472317204376795,0.8854560256532102,-0.4999999999999998,-0.8660254037844388,0,3,1,0,0,0,0.32633333333333425,0.16339759315630445,17.391666666666666,1.185540102435268,-4.911166666666674,-0.28283209333502246,0.0,0.0,1,0,0,4.899999999999999,0.0,1,0,22.56,22.71,27.2,4.95,1.98,2.97,,2.7225,1.6907468763833338,2.7225
2025-07-20,CP202,Nepean,MK,28.57,13.0,13,22.83,33.1,34.0,91.79,4,0,4,0,0,7,29,2025,-0.3546048870425356,-0.9350162426854148,0.6631226582407952,0.7485107481711011,-0.4999999999999998,-0.8660254037844388,0,3,1,0,0,0,0.25633333333333397,0.12834805836281724,6.391666666666666,0.435701609280235,0.5688333333333304,0.032758880597021256,0.0,0.0,1,0,0,4.829999999999998,0.0,1,0,22.9,22.56,45.0,249.94,4.95,0.99,,64.465,123.66144872190362,52.166
2025-07-27,CP202,Nepean,MK,446.44,5.0,5,22.0,33.2,3.5,94.61,3,0,3,0,0,7,30,2025,-0.46472317204376806,-0.8854560256532101,0.8229838658936558,0.5680647467311567,-0.4999999999999998,-0.8660254037844388,0,3,1,0,0,0,-0.5736666666666643,-0.2872392827599571,-24.108333333333334,-1.6433960308314475,3.3888333333333236,0.1951615350657002,0.0,0.0,1,0,0,4.0,0.0,0,0,22.83,22.9,34.0,28.57,249.94,1.98,,71.36,119.64624663286907,48.23333333333333
2025-08-03,CP202,Nepean,MK,1.98,2.0,2,22.41,33.4,0.1,91.72,1,0,1,0,0,8,31,2025,-0.5680647467311556,-0.8229838658936565,0.9350162426854147,0.354604887042536,-0.8660254037844384,-0.5000000000000004,0,3,1,0,0,0,1.2169565217391316,0.6093394278693812,-5.657971014492754,-0.3856876781656455,9.111884057971011,0.5247497014983452,0.0,0.0,1,0,0,4.41,0.0,0,0,22.0,22.83,3.5,446.44,28.57,4.95,,182.475,207.71047325544274,105.11999999999999
2025-08-10,CP202,Nepean,MK,0.99,1.0,1,23.33,33.2,1.8,96.23,2,0,2,0,0,8,32,2025,-0.663122658240795,-0.7485107481711013,0.9927088740980539,0.12053668025532369,-0.8660254037844384,-0.5000000000000004,0,3,1,0,0,0,2.1369565217391298,1.0699904565837817,-3.9579710144927542,-0.2698035474053222,13.621884057971016,0.784478769460666,0.0,0.0,1,0,0,5.329999999999998,0.0,0,0,22.41,22.0,0.1,1.98,446.44,249.94,2.97,181.73250000000002,208.5601721925833,92.22749999999999
2025-08-17,CP202,Nepean,MK,102.97,4.0,4,23.7,33.2,5.4,85.93,3,0,3,0,0,8,33,2025,-0.7485107481711011,-0.6631226582407952,0.992708874098054,-0.12053668025532309,-0.8660254037844384,-0.5000000000000004,0,3,1,0,0,0,2.5069565217391307,1.2552522833493567,-0.3579710144927537,-0.024401858736402264,3.321884057971019,0.19130595349350413,0.0,0.0,1,0,0,5.699999999999999,0.0,0,0,23.33,22.41,1.8,0.99,1.98,28.57,0.99,119.495,218.3373528128738,82.08999999999999
2025-08-24,CP202,Nepean,MK,2.97,4.0,4,19.67,27.6,3.5,68.61,3,0,3,0,0,8,34,2025,-0.8229838658936564,-0.5680647467311559,0.9350162426854149,-0.35460488704253545,-0.8660254037844384,-0.5000000000000004,0,3,1,0,0,0,-1.5230434782608668,-0.762599505475683,-2.257971014492754,-0.1539194166449989,-13.998115942028988,-0.80614581083186,0.0,0.0,0,0,0,1.6700000000000017,0.0,0,0,23.7,23.33,5.4,102.97,0.99,446.44,1.98,138.095,211.0572425512409,84.178
2025-08-31,CP202,Nepean,MK,116.81,7.0,3,16.0,23.2,20.2,68.64,5,0,5,0,0,8,35,2025,-0.8854560256532096,-0.4647231720437691,0.8229838658936571,-0.5680647467311547,-0.8660254037844384,-0.5000000000000004,0,3,1,0,0,0,-5.1930434782608685,-2.60019654393422,14.442028985507246,0.9844717502358239,-13.968115942028987,-0.8044181230183634,0.0,0.0,0,0,0,0.0,2.0,1,0,19.67,23.7,3.5,2.97,102.97,1.98,4.95,27.2275,50.50146953307414,76.79545454545455
2025-09-07,CP202,Nepean,MK,0.99,1.0,1,17.2,25.8,8.7,68.69,5,0,5,1,1,9,36,2025,-0.9350162426854147,-0.3546048870425359,0.6631226582407956,-0.7485107481711007,-1.0,-1.8369701987210297e-16,0,3,0,0,1,0,0.9333333333333336,0.4673271305798276,3.8666666666666663,0.2635795915332843,-6.048888888888882,-0.3483530539509414,0.0,0.0,0,0,0,0.0,0.8000000000000007,0,0,16.0,19.67,20.2,116.81,2.97,0.99,249.94,55.935,62.5627714113328,80.13
2025-06-08,CP202,Nepean,PA,7706.28,23.0,36,18.0,23.4,0.0,12.87,0,0,0,0,0,6,23,2025,0.35460488704253584,-0.9350162426854147,-0.6631226582407956,0.7485107481711007,1.2246467991473532e-16,-1.0,0,2,1,0,0,0,-1.580333333333332,-0.7912849735996287,-15.42,-1.0511372331318736,-50.312333333333335,-2.8974668389526066,0.0,0.0,0,0,0,0.0,0.0,0,0,,,,,,,,,,
2025-06-15,CP202,Nepean,PA,5337.29,23.0,20,16.83,23.9,21.6,86.96,3,0,3,0,0,6,24,2025,0.23931566428755768,-0.970941817426052,-0.4647231720437684,0.88545602565321,1.2246467991473532e-16,-1.0,0,2,1,0,0,0,-2.7503333333333337,-1.3771129122907706,6.1800000000000015,0.42127289888164593,23.77766666666666,1.3693461644461347,0.0,0.0,0,0,0,0.0,1.1700000000000017,1,0,18.0,,0.0,7706.28,,,,,,
2025-06-22,CP202,Nepean,PA,5107.98,19.0,16,21.4,28.0,30.1,81.71,6,0,6,0,0,6,25,2025,0.12053668025532308,-0.992708874098054,-0.2393156642875578,0.970941817426052,1.2246467991473532e-16,-1.0,0,2,1,0,0,0,1.8196666666666665,0.9111210020840279,14.680000000000001,1.0006935526832623,18.52766666666666,1.0670007970842317,0.0,0.0,1,0,0,3.3999999999999986,0.0,1,0,16.83,18.0,21.6,5337.29,7706.28,,,6521.785,1675.1288935631192,
2025-06-29,CP202,Nepean,PA,4842.91,23.0,22,22.71,34.0,11.3,74.98,4,0,4,0,0,6,26,2025,-3.216245299353273e-16,-1.0,6.432490598706546e-16,1.0,1.2246467991473532e-16,-1.0,0,2,1,0,0,0,3.129666666666669,1.567048010362144,-4.119999999999999,-0.2808485992544305,11.797666666666672,0.6794228309231642,0.0,0.0,1,0,0,4.710000000000001,0.0,1,0,21.4,16.83,30.1,5107.98,5337.29,,,6050.516666666666,1438.5096214601185,
2025-07-06,CP202,Nepean,PA,6433.4400000000005,21.0,21,22.56,31.6,27.2,92.54,4,0,4,1,1,7,27,2025,-0.12053668025532283,-0.992708874098054,0.23931566428755732,0.9709418174260521,-0.4999999999999998,-0.8660254037844388,0,3,1,0,0,0,-0.013666666666665606,-0.006843004412061229,-0.408333333333335,-0.027834913761058157,1.3188333333333304,0.07595107593443597,0.0,0.0,1,0,0,4.559999999999999,0.0,1,0,22.71,21.4,11.3,4842.91,5107.98,7706.28,,5748.615,1320.6507560163916,5748.615
2025-07-13,CP202,Nepean,PA,4414.93,17.0,13,22.9,30.9,45.0,86.31,5,0,5,0,0,7,28,2025,-0.23931566428755743,-0.9709418174260521,0.46472317204376795,0.8854560256532102,-0.4999999999999998,-0.8660254037844388,0,3,1,0,0,0,0.32633333333333425,0.16339759315630445,17.391666666666666,1.185540102435268,-4.911166666666674,-0.28283209333502246,0.0,0.0,1,0,0,4.899999999999999,0.0,1,0,22.56,22.71,27.2,6433.4400000000005,4842.91,5337.29,,5430.405000000001,698.5360573131978,5885.58
2025-07-20,CP202,Nepean,PA,6450.16,24.0,25,22.83,33.1,34.0,91.79,4,0,4,0,0,7,29,2025,-0.3546048870425356,-0.9350162426854148,0.6631226582407952,0.7485107481711011,-0.4999999999999998,-0.8660254037844388,0,3,1,0,0,0,0.25633333333333397,0.12834805836281724,6.391666666666666,0.435701609280235,0.5688333333333304,0.032758880597021256,0.0,0.0,1,0,0,4.829999999999998,0.0,1,0,22.9,22.56,45.0,4414.93,6433.4400000000005,5107.98,,5199.8150000000005,870.5725989447022,5640.471666666667
2025-07-27,CP202,Nepean,PA,6910.04,28.0,29,22.0,33.2,3.5,94.61,3,0,3,0,0,7,30,2025,-0.46472317204376806,-0.8854560256532101,0.8229838658936558,0.5680647467311567,-0.4999999999999998,-0.8660254037844388,0,3,1,0,0,0,-0.5736666666666643,-0.2872392827599571,-24.108333333333334,-1.6433960308314475,3.3888333333333236,0.1951615350657002,0.0,0.0,1,0,0,4.0,0.0,0,0,22.83,22.9,34.0,6450.16,4414.93,4842.91,,5535.360000000001,1061.1718544137893,5756.141428571428
2025-08-03,CP202,Nepean,PA,5150.07,23.0,21,22.41,33.4,0.1,91.72,1,0,1,0,0,8,31,2025,-0.5680647467311556,-0.8229838658936565,0.9350162426854147,0.354604887042536,-0.8660254037844384,-0.5000000000000004,0,3,1,0,0,0,1.2169565217391316,0.6093394278693812,-5.657971014492754,-0.3856876781656455,9.111884057971011,0.5247497014983452,0.0,0.0,1,0,0,4.41,0.0,0,0,22.0,22.83,3.5,6910.04,6450.16,6433.4400000000005,7706.28,6052.1425,1113.5915775057151,5900.37875
2025-08-10,CP202,Nepean,PA,814.9300000000001,7.0,7,23.33,33.2,1.8,96.23,2,0,2,0,0,8,32,2025,-0.663122658240795,-0.7485107481711013,0.9927088740980539,0.12053668025532369,-0.8660254037844384,-0.5000000000000004,0,3,1,0,0,0,2.1369565217391298,1.0699904565837817,-3.9579710144927542,-0.2698035474053222,13.621884057971016,0.784478769460666,0.0,0.0,1,0,0,5.329999999999998,0.0,0,0,22.41,22.0,0.1,5150.07,6910.04,4414.93,5337.29,5731.299999999999,1151.3536926881623,5817.011111111111
2025-08-17,CP202,Nepean,PA,7295.28,22.0,26,23.7,33.2,5.4,85.93,3,0,3,0,0,8,33,2025,-0.7485107481711011,-0.6631226582407952,0.992708874098054,-0.12053668025532309,-0.8660254037844384,-0.5000000000000004,0,3,1,0,0,0,2.5069565217391307,1.2552522833493567,-0.3579710144927537,-0.024401858736402264,3.321884057971019,0.19130595349350413,0.0,0.0,1,0,0,5.699999999999999,0.0,0,0,23.33,22.41,1.8,814.9300000000001,5150.07,6450.16,5107.98,4831.299999999999,2779.371030587076,5316.803
2025-08-24,CP202,Nepean,PA,2770.11,9.0,9,19.67,27.6,3.5,68.61,3,0,3,0,0,8,34,2025,-0.8229838658936564,-0.5680647467311559,0.9350162426854149,-0.35460488704253545,-0.8660254037844384,-0.5000000000000004,0,3,1,0,0,0,-1.5230434782608668,-0.762599505475683,-2.257971014492754,-0.1539194166449989,-13.998115942028988,-0.80614581083186,0.0,0.0,0,0,0,1.6700000000000017,0.0,0,0,23.7,23.33,5.4,7295.28,814.9300000000001,6910.04,4842.91,5042.58,2969.098783817518,5496.664545454545
2025-08-31,CP202,Nepean,PA,2941.2000000000003,10.0,10,16.0,23.2,20.2,68.64,5,0,5,0,0,8,35,2025,-0.8854560256532096,-0.4647231720437691,0.8229838658936571,-0.5680647467311547,-0.8660254037844384,-0.5000000000000004,0,3,1,0,0,0,-5.1930434782608685,-2.60019654393422,14.442028985507246,0.9844717502358239,-13.968115942028987,-0.8044181230183634,0.0,0.0,0,0,0,0.0,2.0,1,0,19.67,23.7,3.5,2770.11,7295.28,5150.07,6433.4400000000005,4007.5975,2818.9005369868937,5269.451666666667
2025-09-07,CP202,Nepean,PA,0.0,-1.0,1,17.2,25.8,8.7,68.69,5,0,5,1,1,9,36,2025,-0.9350162426854147,-0.3546048870425359,0.6631226582407956,-0.7485107481711007,-1.0,-1.8369701987210297e-16,0,3,0,0,1,0,0.9333333333333336,0.4673271305798276,3.8666666666666663,0.2635795915332843,-6.048888888888882,-0.3483530539509414,0.0,0.0,0,0,0,0.0,0.8000000000000007,0,0,16.0,19.67,20.2,2941.2000000000003,2770.11,814.9300000000001,4414.93,3455.38,2735.6159731585126,4872.361666666667
2025-06-08,CP202,Nepean,PC,39021.79,2100.0,1710,18.0,23.4,0.0,12.87,0,0,0,0,0,6,23,2025,0.35460488704253584,-0.9350162426854147,-0.6631226582407956,0.7485107481711007,1.2246467991473532e-16,-1.0,0,2,1,0,0,0,-1.580333333333332,-0.7912849735996287,-15.42,-1.0511372331318736,-50.312333333333335,-2.8974668389526066,0.0,0.0,0,0,0,0.0,0.0,0,0,,,,,,,,,,
2025-06-15,CP202,Nepean,PC,31292.06,1636.0,1328,16.83,23.9,21.6,86.96,3,0,3,0,0,6,24,2025,0.23931566428755768,-0.970941817426052,-0.4647231720437684,0.88545602565321,1.2246467991473532e-16,-1.0,0,2,1,0,0,0,-2.7503333333333337,-1.3771129122907706,6.1800000000000015,0.42127289888164593,23.77766666666666,1.3693461644461347,0.0,0.0,0,0,0,0.0,1.1700000000000017,1,0,18.0,,0.0,39021.79,,,,,,
2025-06-22,CP202,Nepean,PC,31174.37,1640.0,1383,21.4,28.0,30.1,81.71,6,0,6,0,0,6,25,2025,0.12053668025532308,-0.992708874098054,-0.2393156642875578,0.970941817426052,1.2246467991473532e-16,-1.0,0,2,1,0,0,0,1.8196666666666665,0.9111210020840279,14.680000000000001,1.0006935526832623,18.52766666666666,1.0670007970842317,0.0,0.0,1,0,0,3.3999999999999986,0.0,1,0,16.83,18.0,21.6,31292.06,39021.79,,,35156.925,5465.744499741093,
2025-06-29,CP202,Nepean,PC,25733.35,1369.0,1158,22.71,34.0,11.3,74.98,4,0,4,0,0,6,26,2025,-3.216245299353273e-16,-1.0,6.432490598706546e-16,1.0,1.2246467991473532e-16,-1.0,0,2,1,0,0,0,3.129666666666669,1.567048010362144,-4.119999999999999,-0.2808485992544305,11.797666666666672,0.6794228309231642,0.0,0.0,1,0,0,4.710000000000001,0.0,1,0,21.4,16.83,30.1,31174.37,31292.06,,,33829.40666666667,4497.120883880413,
2025-07-06,CP202,Nepean,PC,28780.99,1449.0,1210,22.56,31.6,27.2,92.54,4,0,4,1,1,7,27,2025,-0.12053668025532283,-0.992708874098054,0.23931566428755732,0.9709418174260521,-0.4999999999999998,-0.8660254037844388,0,3,1,0,0,0,-0.013666666666665606,-0.006843004412061229,-0.408333333333335,-0.027834913761058157,1.3188333333333304,0.07595107593443597,0.0,0.0,1,0,0,4.559999999999999,0.0,1,0,22.71,21.4,11.3,25733.35,31174.37,39021.79,,31805.3925,5465.278054862201,31805.3925
2025-07-13,CP202,Nepean,PC,13401.38,706.0,587,22.9,30.9,45.0,86.31,5,0,5,0,0,7,28,2025,-0.23931566428755743,-0.9709418174260521,0.46472317204376795,0.8854560256532102,-0.4999999999999998,-0.8660254037844388,0,3,1,0,0,0,0.32633333333333425,0.16339759315630445,17.391666666666666,1.185540102435268,-4.911166666666674,-0.28283209333502246,0.0,0.0,1,0,0,4.899999999999999,0.0,1,0,22.56,22.71,27.2,28780.99,25733.35,31292.06,,29245.192499999997,2611.5074889722932,31200.512
2025-07-20,CP202,Nepean,PC,22546.85,1116.0,935,22.83,33.1,34.0,91.79,4,0,4,0,0,7,29,2025,-0.3546048870425356,-0.9350162426854148,0.6631226582407952,0.7485107481711011,-0.4999999999999998,-0.8660254037844388,0,3,1,0,0,0,0.25633333333333397,0.12834805836281724,6.391666666666666,0.435701609280235,0.5688333333333304,0.032758880597021256,0.0,0.0,1,0,0,4.829999999999998,0.0,1,0,22.9,22.56,45.0,13401.38,28780.99,31174.37,,24772.5225,7901.0027707853915,28233.99
2025-07-27,CP202,Nepean,PC,20159.33,1018.0,880,22.0,33.2,3.5,94.61,3,0,3,0,0,7,30,2025,-0.46472317204376806,-0.8854560256532101,0.8229838658936558,0.5680647467311567,-0.4999999999999998,-0.8660254037844388,0,3,1,0,0,0,-0.5736666666666643,-0.2872392827599571,-24.108333333333334,-1.6433960308314475,3.3888333333333236,0.1951615350657002,0.0,0.0,1,0,0,4.0,0.0,0,0,22.83,22.9,34.0,22546.85,13401.38,25733.35,,22615.6425,6649.285066287837,27421.54142857143
2025-08-03,CP202,Nepean,PC,22030.75,1149.0,954,22.41,33.4,0.1,91.72,1,0,1,0,0,8,31,2025,-0.5680647467311556,-0.8229838658936565,0.9350162426854147,0.354604887042536,-0.8660254037844384,-0.5000000000000004,0,3,1,0,0,0,1.2169565217391316,0.6093394278693812,-5.657971014492754,-0.3856876781656455,9.111884057971011,0.5247497014983452,0.0,0.0,1,0,0,4.41,0.0,0,0,22.0,22.83,3.5,20159.33,22546.85,28780.99,39021.79,21222.1375,6355.704051749509,26513.765
2025-08-10,CP202,Nepean,PC,17641.65,910.0,776,23.33,33.2,1.8,96.23,2,0,2,0,0,8,32,2025,-0.663122658240795,-0.7485107481711013,0.9927088740980539,0.12053668025532369,-0.8660254037844384,-0.5000000000000004,0,3,1,0,0,0,2.1369565217391298,1.0699904565837817,-3.9579710144927542,-0.2698035474053222,13.621884057971016,0.784478769460666,0.0,0.0,1,0,0,5.329999999999998,0.0,0,0,22.41,22.0,0.1,22030.75,20159.33,13401.38,31292.06,19534.5775,4215.490877872366,26015.652222222223
2025-08-17,CP202,Nepean,PC,18117.05,899.0,744,23.7,33.2,5.4,85.93,3,0,3,0,0,8,33,2025,-0.7485107481711011,-0.6631226582407952,0.992708874098054,-0.12053668025532309,-0.8660254037844384,-0.5000000000000004,0,3,1,0,0,0,2.5069565217391307,1.2552522833493567,-0.3579710144927537,-0.024401858736402264,3.321884057971019,0.19130595349350413,0.0,0.0,1,0,0,5.699999999999999,0.0,0,0,23.33,22.41,1.8,17641.65,22030.75,22546.85,31174.37,20594.645,2219.8483846350377,25178.252
2025-08-24,CP202,Nepean,PC,14795.36,751.0,650,19.67,27.6,3.5,68.61,3,0,3,0,0,8,34,2025,-0.8229838658936564,-0.5680647467311559,0.9350162426854149,-0.35460488704253545,-0.8660254037844384,-0.5000000000000004,0,3,1,0,0,0,-1.5230434782608668,-0.762599505475683,-2.257971014492754,-0.1539194166449989,-13.998115942028988,-0.80614581083186,0.0,0.0,0,0,0,1.6700000000000017,0.0,0,0,23.7,23.33,5.4,18117.05,17641.65,20159.33,25733.35,19487.195,2016.9920809876292,24536.324545454547
2025-08-31,CP202,Nepean,PC,10665.95,561.0,488,16.0,23.2,20.2,68.64,5,0,5,0,0,8,35,2025,-0.8854560256532096,-0.4647231720437691,0.8229838658936571,-0.5680647467311547,-0.8660254037844384,-0.5000000000000004,0,3,1,0,0,0,-5.1930434782608685,-2.60019654393422,14.442028985507246,0.9844717502358239,-13.968115942028987,-0.8044181230183634,0.0,0.0,0,0,0,0.0,2.0,1,0,19.67,23.7,3.5,14795.36,18117.05,22030.75,28780.99,18146.2025,2976.1987967358345,23724.5775
2025-09-07,CP202,Nepean,PC,8427.66,484.0,387,17.2,25.8,8.7,68.69,5,0,5,1,1,9,36,2025,-0.9350162426854147,-0.3546048870425359,0.6631226582407956,-0.7485107481711007,-1.0,-1.8369701987210297e-16,0,3,0,0,1,0,0.9333333333333336,0.4673271305798276,3.8666666666666663,0.2635795915332843,-6.048888888888882,-0.3483530539509414,0.0,0.0,0,0,0,0.0,0.8000000000000007,0,0,16.0,19.67,20.2,10665.95,14795.36,17641.65,13401.38,15305.0025,3422.8680107513956,21361.590833333332
2025-09-14,CP202,Nepean,PC,2283.87,117.0,102,15.1,22.5,0.0,82.3,0,0,0,0,0,9,37,2025,-0.970941817426052,-0.23931566428755774,0.4647231720437685,-0.8854560256532099,-1.0,-1.8369701987210297e-16,0,3,0,0,1,0,-1.166666666666666,-0.5841589132247841,-4.833333333333333,-0.3294744894166054,7.561111111111117,0.43544131743867753,0.0,0.0,0,0,0,0.0,2.9000000000000004,0,0,17.2,16.0,8.7,8427.66,10665.95,18117.05,22546.85,13001.505000000001,4311.287187917346,19456.224166666667
2025-06-08,CP202,Nepean,PI,9000.47,508.0,379,18.0,23.4,0.0,12.87,0,0,0,0,0,6,23,2025,0.35460488704253584,-0.9350162426854147,-0.6631226582407956,0.7485107481711007,1.2246467991473532e-16,-1.0,0,2,1,0,0,0,-1.580333333333332,-0.7912849735996287,-15.42,-1.0511372331318736,-50.312333333333335,-2.8974668389526066,0.0,0.0,0,0,0,0.0,0.0,0,0,,,,,,,,,,
2025-06-15,CP202,Nepean,PI,3278.64,262.0,269,16.83,23.9,21.6,86.96,3,0,3,0,0,6,24,2025,0.23931566428755768,-0.970941817426052,-0.4647231720437684,0.88545602565321,1.2246467991473532e-16,-1.0,0,2,1,0,0,0,-2.7503333333333337,-1.3771129122907706,6.1800000000000015,0.42127289888164593,23.77766666666666,1.3693461644461347,0.0,0.0,0,0,0,0.0,1.1700000000000017,1,0,18.0,,0.0,9000.47,,,,,,
2025-06-22,CP202,Nepean,PI,4280.61,289.0,247,21.4,28.0,30.1,81.71,6,0,6,0,0,6,25,2025,0.12053668025532308,-0.992708874098054,-0.2393156642875578,0.970941817426052,1.2246467991473532e-16,-1.0,0,2,1,0,0,0,1.8196666666666665,0.9111210020840279,14.680000000000001,1.0006935526832623,18.52766666666666,1.0670007970842317,0.0,0.0,1,0,0,3.3999999999999986,0.0,1,0,16.83,18.0,21.6,3278.64,9000.47,,,6139.554999999999,4045.944793796623,
2025-06-29,CP202,Nepean,PI,3749.15,311.0,228,22.71,34.0,11.3,74.98,4,0,4,0,0,6,26,2025,-3.216245299353273e-16,-1.0,6.432490598706546e-16,1.0,1.2246467991473532e-16,-1.0,0,2,1,0,0,0,3.129666666666669,1.567048010362144,-4.119999999999999,-0.2808485992544305,11.797666666666672,0.6794228309231642,0.0,0.0,1,0,0,4.710000000000001,0.0,1,0,21.4,16.83,30.1,4280.61,3278.64,,,5519.906666666667,3055.605800530123,
2025-07-06,CP202,Nepean,PI,4196.88,265.0,201,22.56,31.6,27.2,92.54,4,0,4,1,1,7,27,2025,-0.12053668025532283,-0.992708874098054,0.23931566428755732,0.9709418174260521,-0.4999999999999998,-0.8660254037844388,0,3,1,0,0,0,-0.013666666666665606,-0.006843004412061229,-0.408333333333335,-0.027834913761058157,1.3188333333333304,0.07595107593443597,0.0,0.0,1,0,0,4.559999999999999,0.0,1,0,22.71,21.4,11.3,3749.15,4280.61,9000.47,,5077.2175,2647.3343823473324,5077.2175
2025-07-13,CP202,Nepean,PI,1714.33,127.0,114,22.9,30.9,45.0,86.31,5,0,5,0,0,7,28,2025,-0.23931566428755743,-0.9709418174260521,0.46472317204376795,0.8854560256532102,-0.4999999999999998,-0.8660254037844388,0,3,1,0,0,0,0.32633333333333425,0.16339759315630445,17.391666666666666,1.185540102435268,-4.911166666666674,-0.28283209333502246,0.0,0.0,1,0,0,4.899999999999999,0.0,1,0,22.56,22.71,27.2,4196.88,3749.15,3278.64,,3876.32,461.73683305536736,4901.15
2025-07-20,CP202,Nepean,PI,3563.38,162.0,153,22.83,33.1,34.0,91.79,4,0,4,0,0,7,29,2025,-0.3546048870425356,-0.9350162426854148,0.6631226582407952,0.7485107481711011,-0.4999999999999998,-0.8660254037844388,0,3,1,0,0,0,0.25633333333333397,0.12834805836281724,6.391666666666666,0.435701609280235,0.5688333333333304,0.032758880597021256,0.0,0.0,1,0,0,4.829999999999998,0.0,1,0,22.9,22.56,45.0,1714.33,4196.88,4280.61,,3485.2425000000003,1203.4416815499062,4370.013333333333
2025-07-27,CP202,Nepean,PI,2209.15,135.0,120,22.0,33.2,3.5,94.61,3,0,3,0,0,7,30,2025,-0.46472317204376806,-0.8854560256532101,0.8229838658936558,0.5680647467311567,-0.4999999999999998,-0.8660254037844388,0,3,1,0,0,0,-0.5736666666666643,-0.2872392827599571,-24.108333333333334,-1.6433960308314475,3.3888333333333236,0.1951615350657002,0.0,0.0,1,0,0,4.0,0.0,0,0,22.83,22.9,34.0,3563.38,1714.33,3749.15,,3305.9350000000004,1093.8779537803412,4254.78
2025-08-03,CP202,Nepean,PI,4005.76,177.0,131,22.41,33.4,0.1,91.72,1,0,1,0,0,8,31,2025,-0.5680647467311556,-0.8229838658936565,0.9350162426854147,0.354604887042536,-0.8660254037844384,-0.5000000000000004,0,3,1,0,0,0,1.2169565217391316,0.6093394278693812,-5.657971014492754,-0.3856876781656455,9.111884057971011,0.5247497014983452,0.0,0.0,1,0,0,4.41,0.0,0,0,22.0,22.83,3.5,2209.15,3563.38,4196.88,9000.47,2920.9350000000004,1155.1774370632413,3999.07625
2025-08-10,CP202,Nepean,PI,3157.68,135.0,128,23.33,33.2,1.8,96.23,2,0,2,0,0,8,32,2025,-0.663122658240795,-0.7485107481711013,0.9927088740980539,0.12053668025532369,-0.8660254037844384,-0.5000000000000004,0,3,1,0,0,0,2.1369565217391298,1.0699904565837817,-3.9579710144927542,-0.2698035474053222,13.621884057971016,0.784478769460666,0.0,0.0,1,0,0,5.329999999999998,0.0,0,0,22.41,22.0,0.1,4005.76,2209.15,1714.33,3278.64,2873.155,1086.7355792003862,3999.818888888889
2025-08-17,CP202,Nepean,PI,2789.82,118.0,127,23.7,33.2,5.4,85.93,3,0,3,0,0,8,33,2025,-0.7485107481711011,-0.6631226582407952,0.992708874098054,-0.12053668025532309,-0.8660254037844384,-0.5000000000000004,0,3,1,0,0,0,2.5069565217391307,1.2552522833493567,-0.3579710144927537,-0.024401858736402264,3.321884057971019,0.19130595349350413,0.0,0.0,1,0,0,5.699999999999999,0.0,0,0,23.33,22.41,1.8,3157.68,4005.76,3563.38,4280.61,3233.9925000000003,765.9954191932212,3915.6050000000005
2025-08-24,CP202,Nepean,PI,2866.98,101.0,82,19.67,27.6,3.5,68.61,3,0,3,0,0,8,34,2025,-0.8229838658936564,-0.5680647467311559,0.9350162426854149,-0.35460488704253545,-0.8660254037844384,-0.5000000000000004,0,3,1,0,0,0,-1.5230434782608668,-0.762599505475683,-2.257971014492754,-0.1539194166449989,-13.998115942028988,-0.80614581083186,0.0,0.0,0,0,0,1.6700000000000017,0.0,0,0,23.7,23.33,5.4,2789.82,3157.68,2209.15,3749.15,3040.6025,752.6489360640403,3813.2609090909095
2025-08-31,CP202,Nepean,PI,1146.58,43.0,43,16.0,23.2,20.2,68.64,5,0,5,0,0,8,35,2025,-0.8854560256532096,-0.4647231720437691,0.8229838658936571,-0.5680647467311547,-0.8660254037844384,-0.5000000000000004,0,3,1,0,0,0,-5.1930434782608685,-2.60019654393422,14.442028985507246,0.9844717502358239,-13.968115942028987,-0.8044181230183634,0.0,0.0,0,0,0,0.0,2.0,1,0,19.67,23.7,3.5,2866.98,2789.82,4005.76,4196.88,3205.06,556.802687493513,3734.4041666666667
2025-09-07,CP202,Nepean,PI,1389.45,75.0,49,17.2,25.8,8.7,68.69,5,0,5,1,1,9,36,2025,-0.9350162426854147,-0.3546048870425359,0.6631226582407956,-0.7485107481711007,-1.0,-1.8369701987210297e-16,0,3,0,0,1,0,0.9333333333333336,0.4673271305798276,3.8666666666666663,0.2635795915332843,-6.048888888888882,-0.3483530539509414,0.0,0.0,0,0,0,0.0,0.8000000000000007,0,0,16.0,19.67,20.2,1146.58,2866.98,3157.68,1714.33,2490.265,909.6848448226443,3079.9133333333334
2025-09-14,CP202,Nepean,PI,711.39,62.0,16,15.1,22.5,0.0,82.3,0,0,0,0,0,9,37,2025,-0.970941817426052,-0.23931566428755774,0.4647231720437685,-0.8854560256532099,-1.0,-1.8369701987210297e-16,0,3,0,0,1,0,-1.166666666666666,-0.5841589132247841,-4.833333333333333,-0.3294744894166054,7.561111111111117,0.43544131743867753,0.0,0.0,0,0,0,0.0,2.9000000000000004,0,0,17.2,16.0,8.7,1389.45,1146.58,2789.82,3563.38,2048.2075,906.8757907370767,2922.480833333333
2025-06-08,CP202,Nepean,SP,55497.0,3.0,3,18.0,23.4,0.0,12.87,0,0,0,0,0,6,23,2025,0.35460488704253584,-0.9350162426854147,-0.6631226582407956,0.7485107481711007,1.2246467991473532e-16,-1.0,0,2,1,0,0,0,-1.580333333333332,-0.7912849735996287,-15.42,-1.0511372331318736,-50.312333333333335,-2.8974668389526066,0.0,0.0,0,0,0,0.0,0.0,0,0,,,,,,,,,,
2025-06-15,CP202,Nepean,SP,52245.0,5.0,5,16.83,23.9,21.6,86.96,3,0,3,0,0,6,24,2025,0.23931566428755768,-0.970941817426052,-0.4647231720437684,0.88545602565321,1.2246467991473532e-16,-1.0,0,2,1,0,0,0,-2.7503333333333337,-1.3771129122907706,6.1800000000000015,0.42127289888164593,23.77766666666666,1.3693461644461347,0.0,0.0,0,0,0,0.0,1.1700000000000017,1,0,18.0,,0.0,55497.0,,,,,,
2025-06-22,CP202,Nepean,SP,23752.0,1.0,1,21.4,28.0,30.1,81.71,6,0,6,0,0,6,25,2025,0.12053668025532308,-0.992708874098054,-0.2393156642875578,0.970941817426052,1.2246467991473532e-16,-1.0,0,2,1,0,0,0,1.8196666666666665,0.9111210020840279,14.680000000000001,1.0006935526832623,18.52766666666666,1.0670007970842317,0.0,0.0,1,0,0,3.3999999999999986,0.0,1,0,16.83,18.0,21.6,52245.0,55497.0,,,53871.0,2299.5112524186525,
2025-06-29,CP202,Nepean,SP,33017.81,3.0,3,22.71,34.0,11.3,74.98,4,0,4,0,0,6,26,2025,-3.216245299353273e-16,-1.0,6.432490598706546e-16,1.0,1.2246467991473532e-16,-1.0,0,2,1,0,0,0,3.129666666666669,1.567048010362144,-4.119999999999999,-0.2808485992544305,11.797666666666672,0.6794228309231642,0.0,0.0,1,0,0,4.710000000000001,0.0,1,0,21.4,16.83,30.1,23752.0,52245.0,,,43831.333333333336,17465.067888025325,
2025-07-06,CP202,Nepean,SP,14499.0,1.0,1,22.56,31.6,27.2,92.54,4,0,4,1,1,7,27,2025,-0.12053668025532283,-0.992708874098054,0.23931566428755732,0.9709418174260521,-0.4999999999999998,-0.8660254037844388,0,3,1,0,0,0,-0.013666666666665606,-0.006843004412061229,-0.408333333333335,-0.027834913761058157,1.3188333333333304,0.07595107593443597,0.0,0.0,1,0,0,4.559999999999999,0.0,1,0,22.71,21.4,11.3,33017.81,23752.0,55497.0,,41127.9525,15250.753072412252,41127.9525
2025-07-13,CP202,Nepean,SP,24908.0,2.0,2,22.9,30.9,45.0,86.31,5,0,5,0,0,7,28,2025,-0.23931566428755743,-0.9709418174260521,0.46472317204376795,0.8854560256532102,-0.4999999999999998,-0.8660254037844388,0,3,1,0,0,0,0.32633333333333425,0.16339759315630445,17.391666666666666,1.185540102435268,-4.911166666666674,-0.28283209333502246,0.0,0.0,1,0,0,4.899999999999999,0.0,1,0,22.56,22.71,27.2,14499.0,33017.81,52245.0,,30878.4525,16126.365492747944,35802.162
2025-07-20,CP202,Nepean,SP,74080.52,7.0,9,22.83,33.1,34.0,91.79,4,0,4,0,0,7,29,2025,-0.3546048870425356,-0.9350162426854148,0.6631226582407952,0.7485107481711011,-0.4999999999999998,-0.8660254037844388,0,3,1,0,0,0,0.25633333333333397,0.12834805836281724,6.391666666666666,0.435701609280235,0.5688333333333304,0.032758880597021256,0.0,0.0,1,0,0,4.829999999999998,0.0,1,0,22.9,22.56,45.0,24908.0,14499.0,23752.0,,24044.2025,7582.173187859246,33986.46833333333
2025-07-27,CP202,Nepean,SP,56905.0,5.0,5,22.0,33.2,3.5,94.61,3,0,3,0,0,7,30,2025,-0.46472317204376806,-0.8854560256532101,0.8229838658936558,0.5680647467311567,-0.4999999999999998,-0.8660254037844388,0,3,1,0,0,0,-0.5736666666666643,-0.2872392827599571,-24.108333333333334,-1.6433960308314475,3.3888333333333236,0.1951615350657002,0.0,0.0,1,0,0,4.0,0.0,0,0,22.83,22.9,34.0,74080.52,24908.0,33017.81,,36626.332500000004,26094.54448771668,39714.19
2025-08-03,CP202,Nepean,SP,10499.0,1.0,1,22.41,33.4,0.1,91.72,1,0,1,0,0,8,31,2025,-0.5680647467311556,-0.8229838658936565,0.9350162426854147,0.354604887042536,-0.8660254037844384,-0.5000000000000004,0,3,1,0,0,0,1.2169565217391316,0.6093394278693812,-5.657971014492754,-0.3856876781656455,9.111884057971011,0.5247497014983452,0.0,0.0,1,0,0,4.41,0.0,0,0,22.0,22.83,3.5,56905.0,74080.52,14499.0,55497.0,42598.130000000005,27678.687441680944,41863.04125
2025-08-10,CP202,Nepean,SP,7749.0,1.0,1,23.33,33.2,1.8,96.23,2,0,2,0,0,8,32,2025,-0.663122658240795,-0.7485107481711013,0.9927088740980539,0.12053668025532369,-0.8660254037844384,-0.5000000000000004,0,3,1,0,0,0,2.1369565217391298,1.0699904565837817,-3.9579710144927542,-0.2698035474053222,13.621884057971016,0.784478769460666,0.0,0.0,1,0,0,5.329999999999998,0.0,0,0,22.41,22.0,0.1,10499.0,56905.0,24908.0,52245.0,41598.130000000005,29069.58465179026,38378.147777777776
2025-08-17,CP202,Nepean,SP,18289.0,1.0,1,23.7,33.2,5.4,85.93,3,0,3,0,0,8,33,2025,-0.7485107481711011,-0.6631226582407952,0.992708874098054,-0.12053668025532309,-0.8660254037844384,-0.5000000000000004,0,3,1,0,0,0,2.5069565217391307,1.2552522833493567,-0.3579710144927537,-0.024401858736402264,3.321884057971019,0.19130595349350413,0.0,0.0,1,0,0,5.699999999999999,0.0,0,0,23.33,22.41,1.8,7749.0,10499.0,74080.52,23752.0,37308.380000000005,33310.24665961311,35315.233
2025-08-24,CP202,Nepean,SP,9799.0,1.0,1,19.67,27.6,3.5,68.61,3,0,3,0,0,8,34,2025,-0.8229838658936564,-0.5680647467311559,0.9350162426854149,-0.35460488704253545,-0.8660254037844384,-0.5000000000000004,0,3,1,0,0,0,-1.5230434782608668,-0.762599505475683,-2.257971014492754,-0.1539194166449989,-13.998115942028988,-0.80614581083186,0.0,0.0,0,0,0,1.6700000000000017,0.0,0,0,23.7,23.33,5.4,18289.0,7749.0,56905.0,33017.81,23360.5,22804.171453193965,33767.39363636364
2025-06-08,CP202,Nepean,TO,559.99,1.0,1,18.0,23.4,0.0,12.87,0,0,0,0,0,6,23,2025,0.35460488704253584,-0.9350162426854147,-0.6631226582407956,0.7485107481711007,1.2246467991473532e-16,-1.0,0,2,1,0,0,0,-1.580333333333332,-0.7912849735996287,-15.42,-1.0511372331318736,-50.312333333333335,-2.8974668389526066,0.0,0.0,0,0,0,0.0,0.0,0,0,,,,,,,,,,
2025-06-15,CP202,Nepean,TO,0.0,1.0,1,16.83,23.9,21.6,86.96,3,0,3,0,0,6,24,2025,0.23931566428755768,-0.970941817426052,-0.4647231720437684,0.88545602565321,1.2246467991473532e-16,-1.0,0,2,1,0,0,0,-2.7503333333333337,-1.3771129122907706,6.1800000000000015,0.42127289888164593,23.77766666666666,1.3693461644461347,0.0,0.0,0,0,0,0.0,1.1700000000000017,1,0,18.0,,0.0,559.99,,,,,,
2025-07-13,CP202,Nepean,TO,1736.97,3.0,3,22.9,30.9,45.0,86.31,5,0,5,0,0,7,28,2025,-0.23931566428755743,-0.9709418174260521,0.46472317204376795,0.8854560256532102,-0.4999999999999998,-0.8660254037844388,0,3,1,0,0,0,0.32633333333333425,0.16339759315630445,17.391666666666666,1.185540102435268,-4.911166666666674,-0.28283209333502246,0.0,0.0,1,0,0,4.899999999999999,0.0,1,0,16.83,18.0,21.6,0.0,559.99,,,279.995,395.97272639665476,
2025-06-08,CP37,Gatineau,AM,549.99,1.0,1,18.1,23.4,0.0,13.52,0,0,0,0,0,6,23,2025,0.35460488704253584,-0.9350162426854147,-0.6631226582407956,0.7485107481711007,1.2246467991473532e-16,-1.0,0,2,1,0,0,0,-1.171125,-0.5863912347860363,-21.19625,-1.4448876509579425,-48.56524999999999,-2.796853019480506,0.0,0.0,0,0,0,0.10000000000000142,0.0,0,0,,,,,,,,,,
2025-06-15,CP37,Gatineau,AM,1541.36,3.0,3,16.27,24.0,18.2,86.74,3,0,3,0,0,6,24,2025,0.23931566428755768,-0.970941817426052,-0.4647231720437684,0.88545602565321,1.2246467991473532e-16,-1.0,0,2,1,0,0,0,-3.001125000000002,-1.5026862158157703,-2.99625,-0.20424578046506978,24.65475,1.4198570373268338,0.0,0.0,0,0,0,0.0,1.7300000000000004,1,0,18.1,,0.0,549.99,,,,,,
2025-06-22,CP37,Gatineau,AM,549.99,1.0,3,20.97,28.9,31.7,78.8,6,0,6,0,0,6,25,2025,0.12053668025532308,-0.992708874098054,-0.2393156642875578,0.970941817426052,1.2246467991473532e-16,-1.0,0,2,1,0,0,0,1.6988749999999975,0.8506396917469321,10.50375,0.7160105520433798,16.714750000000002,0.9625956626880702,0.0,0.0,1,0,0,2.969999999999999,0.0,1,0,16.27,18.1,18.2,1541.36,549.99,,,1045.675,701.0044496649075,
2025-07-06,CP37,Gatineau,AM,199.99,1.0,1,21.94,31.6,28.7,88.94,5,0,5,1,1,7,27,2025,-0.12053668025532283,-0.992708874098054,0.23931566428755732,0.9709418174260521,-0.4999999999999998,-0.8660254037844388,0,3,1,0,0,0,0.09828947368421126,0.04921429039611848,-12.843421052631573,-0.8754992262782624,0.2272368421052562,0.013086477429423319,0.0,0.0,1,0,0,3.9400000000000013,0.0,1,0,20.97,16.27,31.7,549.99,1541.36,,,880.4466666666667,572.3677363665192,
2025-07-20,CP37,Gatineau,AM,549.99,1.0,1,21.93,32.2,44.1,92.08,3,0,3,0,0,7,29,2025,-0.3546048870425356,-0.9350162426854148,0.6631226582407952,0.7485107481711011,-0.4999999999999998,-0.8660254037844388,0,3,1,0,0,0,0.0882894736842097,0.04420721399704812,2.556578947368429,0.17427466413878392,3.3672368421052568,0.19391780190873295,0.0,0.0,1,0,0,3.9299999999999997,0.0,1,0,21.94,20.97,28.7,199.99,549.99,549.99,,710.3325,578.0644738190254,710.3325
2025-08-17,CP37,Gatineau,AM,399.99,1.0,1,23.16,33.1,6.5,84.97,2,0,2,0,0,8,33,2025,-0.7485107481711011,-0.6631226582407952,0.992708874098054,-0.12053668025532309,-0.8660254037844384,-0.5000000000000004,0,3,1,0,0,0,2.6559782608695635,1.329868606644186,-3.4989130434782627,-0.238510880382021,3.213260869565218,0.18505038819777594,0.0,0.0,1,0,0,5.16,0.0,0,0,21.93,21.94,44.1,549.99,199.99,1541.36,,710.3325,578.0644738190254,678.2639999999999
2025-08-24,CP37,Gatineau,AM,1099.98,2.0,2,19.47,27.9,12.0,67.61,4,0,4,0,0,8,34,2025,-0.8229838658936564,-0.5680647467311559,0.9350162426854149,-0.35460488704253545,-0.8660254037844384,-0.5000000000000004,0,3,1,0,0,0,-1.0340217391304378,-0.5177425846124898,2.0010869565217373,0.1364083661954955,-14.146739130434781,-0.8147049598789166,0.0,0.0,0,0,0,1.4699999999999989,0.0,1,0,23.16,21.93,6.5,399.99,549.99,549.99,,424.99,165.83123951776986,631.885
2025-06-08,CP37,Gatineau,AP,81334.5,2669.0,1204,18.1,23.4,0.0,13.52,0,0,0,0,0,6,23,2025,0.35460488704253584,-0.9350162426854147,-0.6631226582407956,0.7485107481711007,1.2246467991473532e-16,-1.0,0,2,1,0,0,0,-1.171125,-0.5863912347860363,-21.19625,-1.4448876509579425,-48.56524999999999,-2.796853019480506,0.0,0.0,0,0,0,0.10000000000000142,0.0,0,0,,,,,,,,,,
2025-06-15,CP37,Gatineau,AP,62309.49,1901.0,959,16.27,24.0,18.2,86.74,3,0,3,0,0,6,24,2025,0.23931566428755768,-0.970941817426052,-0.4647231720437684,0.88545602565321,1.2246467991473532e-16,-1.0,0,2,1,0,0,0,-3.001125000000002,-1.5026862158157703,-2.99625,-0.20424578046506978,24.65475,1.4198570373268338,0.0,0.0,0,0,0,0.0,1.7300000000000004,1,0,18.1,,0.0,81334.5,,,,,,
2025-06-22,CP37,Gatineau,AP,80332.83,2419.0,1023,20.97,28.9,31.7,78.8,6,0,6,0,0,6,25,2025,0.12053668025532308,-0.992708874098054,-0.2393156642875578,0.970941817426052,1.2246467991473532e-16,-1.0,0,2,1,0,0,0,1.6988749999999975,0.8506396917469321,10.50375,0.7160105520433798,16.714750000000002,0.9625956626880702,0.0,0.0,1,0,0,2.969999999999999,0.0,1,0,16.27,18.1,18.2,62309.49,81334.5,,,71821.995,13452.713583141878,
2025-06-29,CP37,Gatineau,AP,62164.7,1646.0,897,21.99,33.0,37.0,71.85,5,0,5,1,1,6,26,2025,-3.216245299353273e-16,-1.0,6.432490598706546e-16,1.0,1.2246467991473532e-16,-1.0,0,2,1,0,0,0,2.718874999999997,1.3613614844520292,15.80375,1.077296371472623,9.76475,0.5623479858946937,0.0,0.0,1,0,0,3.9899999999999984,0.0,1,0,20.97,16.27,31.7,80332.83,62309.49,,,74658.94,10706.657843328141,
2025-07-06,CP37,Gatineau,AP,49268.49,1306.0,708,21.94,31.6,28.7,88.94,5,0,5,1,1,7,27,2025,-0.12053668025532283,-0.992708874098054,0.23931566428755732,0.9709418174260521,-0.4999999999999998,-0.8660254037844388,0,3,1,0,0,0,0.09828947368421126,0.04921429039611848,-12.843421052631573,-0.8754992262782624,0.2272368421052562,0.013086477429423319,0.0,0.0,1,0,0,3.9400000000000013,0.0,1,0,21.99,20.97,37.0,62164.7,80332.83,81334.5,,71535.38,10744.68192846117,71535.38
2025-07-13,CP37,Gatineau,AP,40346.95,899.0,453,22.23,30.0,84.8,80.51,4,0,4,0,0,7,28,2025,-0.23931566428755743,-0.9709418174260521,0.46472317204376795,0.8854560256532102,-0.4999999999999998,-0.8660254037844388,0,3,1,0,0,0,0.3882894736842104,0.1944195059691359,43.256578947368425,2.948677088812406,-8.202763157894736,-0.4723937981631176,0.0,0.0,1,0,0,4.23,0.0,1,0,21.94,21.99,28.7,49268.49,62164.7,62309.49,,63518.8775,12768.176029998378,67082.00200000001
2025-07-20,CP37,Gatineau,AP,54017.59,1623.0,615,21.93,32.2,44.1,92.08,3,0,3,0,0,7,29,2025,-0.3546048870425356,-0.9350162426854148,0.6631226582407952,0.7485107481711011,-0.4999999999999998,-0.8660254037844388,0,3,1,0,0,0,0.0882894736842097,0.04420721399704812,2.556578947368429,0.17427466413878392,3.3672368421052568,0.19391780190873295,0.0,0.0,1,0,0,3.9299999999999997,0.0,1,0,22.23,21.94,84.8,40346.95,49268.49,80332.83,,58028.2425,17358.631594745362,62626.16
2025-07-27,CP37,Gatineau,AP,31862.09,956.0,465,21.23,32.5,6.6,93.39,3,0,3,0,0,7,30,2025,-0.46472317204376806,-0.8854560256532101,0.8229838658936558,0.5680647467311567,-0.4999999999999998,-0.8660254037844388,0,3,1,0,0,0,-0.6117105263157896,-0.30628813393782217,-34.94342105263157,-2.381992926162465,4.677236842105259,0.26936016976475075,0.0,0.0,1,0,0,3.2300000000000004,0.0,0,0,21.93,22.23,44.1,54017.59,40346.95,62164.7,,51449.432499999995,9118.370073510496,61396.364285714284
2025-08-03,CP37,Gatineau,AP,55916.39,1162.0,499,21.64,33.0,0.5,95.17,2,0,2,0,0,8,31,2025,-0.5680647467311556,-0.8229838658936565,0.9350162426854147,0.354604887042536,-0.8660254037844384,-0.5000000000000004,0,3,1,0,0,0,1.1359782608695639,0.56879299398561,-9.498913043478263,-0.6475136948302208,13.413260869565221,0.7724642447866161,0.0,0.0,1,0,0,3.6400000000000006,0.0,0,0,21.23,21.93,6.6,31862.09,54017.59,49268.49,81334.5,43873.77999999999,9810.1818502547,57704.58
2025-08-10,CP37,Gatineau,AP,40165.89,1240.0,459,22.76,33.5,0.4,96.49,1,0,1,0,0,8,32,2025,-0.663122658240795,-0.7485107481711013,0.9927088740980539,0.12053668025532369,-0.8660254037844384,-0.5000000000000004,0,3,1,0,0,0,2.255978260869565,1.1295855506814036,-9.598913043478262,-0.6543304084043574,14.733260869565214,0.8484825085804657,0.0,0.0,1,0,0,4.760000000000002,0.0,0,0,21.64,21.23,0.5,55916.39,31862.09,40346.95,62309.49,45535.755,11454.139278454468,57505.892222222225
2025-08-17,CP37,Gatineau,AP,24661.96,628.0,340,23.16,33.1,6.5,84.97,2,0,2,0,0,8,33,2025,-0.7485107481711011,-0.6631226582407952,0.992708874098054,-0.12053668025532309,-0.8660254037844384,-0.5000000000000004,0,3,1,0,0,0,2.6559782608695635,1.329868606644186,-3.4989130434782627,-0.238510880382021,3.213260869565218,0.18505038819777594,0.0,0.0,1,0,0,5.16,0.0,0,0,22.76,21.64,0.4,40165.89,55916.39,54017.59,80332.83,45490.490000000005,11481.804111143281,55771.89200000001
2025-08-24,CP37,Gatineau,AP,20397.99,398.0,242,19.47,27.9,12.0,67.61,4,0,4,0,0,8,34,2025,-0.8229838658936564,-0.5680647467311559,0.9350162426854149,-0.35460488704253545,-0.8660254037844384,-0.5000000000000004,0,3,1,0,0,0,-1.0340217391304378,-0.5177425846124898,2.0010869565217373,0.1364083661954955,-14.146739130434781,-0.8147049598789166,0.0,0.0,0,0,0,1.4699999999999989,0.0,1,0,23.16,22.76,6.5,24661.96,40165.89,31862.09,62164.7,38151.582500000004,13430.977270433139,52943.71636363636
2025-08-31,CP37,Gatineau,AP,8148.57,377.0,177,15.5,23.1,30.3,63.83,6,0,6,0,0,8,35,2025,-0.8854560256532096,-0.4647231720437691,0.8229838658936571,-0.5680647467311547,-0.8660254037844384,-0.5000000000000004,0,3,1,0,0,0,-5.004021739130437,-2.5055519150431125,20.301086956521736,1.383866950262505,-17.926739130434783,-1.0323936243794867,0.0,0.0,0,0,0,0.0,2.5,1,0,19.47,23.16,12.0,20397.99,24661.96,55916.39,49268.49,35285.5575,16165.28569561613,50231.5725
2025-09-07,CP37,Gatineau,AP,6376.99,378.0,179,16.53,24.9,15.5,69.78,4,0,4,1,1,9,36,2025,-0.9350162426854147,-0.3546048870425359,0.6631226582407956,-0.7485107481711007,-1.0,-1.8369701987210297e-16,0,3,0,0,1,0,0.6566666666666663,0.3287980168722356,5.166666666666666,0.3521968679970609,-2.969999999999999,-0.1710410935361622,0.0,0.0,0,0,0,0.0,1.4699999999999989,1,0,15.5,19.47,30.3,8148.57,20397.99,40165.89,40346.95,23343.6025,13219.847060470269,44132.744999999995
2025-09-14,CP37,Gatineau,AP,1115.63,102.0,27,14.56,21.5,0.0,78.69,0,0,0,0,0,9,37,2025,-0.970941817426052,-0.23931566428755774,0.4647231720437685,-0.8854560256532099,-1.0,-1.8369701987210297e-16,0,3,0,0,1,0,-1.3133333333333344,-0.6575960337444721,-10.333333333333334,-0.7043937359941219,5.939999999999998,0.3420821870723244,0.0,0.0,0,0,0,0.0,3.4399999999999995,0,0,16.53,15.5,15.5,6376.99,8148.57,24661.96,54017.59,14896.3775,9013.8266216717,39471.70333333333
2025-06-08,CP37,Gatineau,AS,4195.7699999999995,109.0,98,18.1,23.4,0.0,13.52,0,0,0,0,0,6,23,2025,0.35460488704253584,-0.9350162426854147,-0.6631226582407956,0.7485107481711007,1.2246467991473532e-16,-1.0,0,2,1,0,0,0,-1.171125,-0.5863912347860363,-21.19625,-1.4448876509579425,-48.56524999999999,-2.796853019480506,0.0,0.0,0,0,0,0.10000000000000142,0.0,0,0,,,,,,,,,,
2025-06-15,CP37,Gatineau,AS,7675.17,117.0,105,16.27,24.0,18.2,86.74,3,0,3,0,0,6,24,2025,0.23931566428755768,-0.970941817426052,-0.4647231720437684,0.88545602565321,1.2246467991473532e-16,-1.0,0,2,1,0,0,0,-3.001125000000002,-1.5026862158157703,-2.99625,-0.20424578046506978,24.65475,1.4198570373268338,0.0,0.0,0,0,0,0.0,1.7300000000000004,1,0,18.1,,0.0,4195.7699999999995,,,,,,
2025-06-22,CP37,Gatineau,AS,4759.91,91.0,86,20.97,28.9,31.7,78.8,6,0,6,0,0,6,25,2025,0.12053668025532308,-0.992708874098054,-0.2393156642875578,0.970941817426052,1.2246467991473532e-16,-1.0,0,2,1,0,0,0,1.6988749999999975,0.8506396917469321,10.50375,0.7160105520433798,16.714750000000002,0.9625956626880702,0.0,0.0,1,0,0,2.969999999999999,0.0,1,0,16.27,18.1,18.2,7675.17,4195.7699999999995,,,5935.469999999999,2460.307334460474,
2025-06-29,CP37,Gatineau,AS,3553.97,116.0,95,21.99,33.0,37.0,71.85,5,0,5,1,1,6,26,2025,-3.216245299353273e-16,-1.0,6.432490598706546e-16,1.0,1.2246467991473532e-16,-1.0,0,2,1,0,0,0,2.718874999999997,1.3613614844520292,15.80375,1.077296371472623,9.76475,0.5623479858946937,0.0,0.0,1,0,0,3.9899999999999984,0.0,1,0,20.97,16.27,31.7,4759.91,7675.17,,,5543.616666666666,1867.4054713782261,
2025-07-06,CP37,Gatineau,AS,5225.61,118.0,102,21.94,31.6,28.7,88.94,5,0,5,1,1,7,27,2025,-0.12053668025532283,-0.992708874098054,0.23931566428755732,0.9709418174260521,-0.4999999999999998,-0.8660254037844388,0,3,1,0,0,0,0.09828947368421126,0.04921429039611848,-12.843421052631573,-0.8754992262782624,0.2272368421052562,0.013086477429423319,0.0,0.0,1,0,0,3.9400000000000013,0.0,1,0,21.99,20.97,37.0,3553.97,4759.91,4195.7699999999995,,5046.205,1820.5701288973555,5046.205
2025-07-13,CP37,Gatineau,AS,1959.22,50.0,48,22.23,30.0,84.8,80.51,4,0,4,0,0,7,28,2025,-0.23931566428755743,-0.9709418174260521,0.46472317204376795,0.8854560256532102,-0.4999999999999998,-0.8660254037844388,0,3,1,0,0,0,0.3882894736842104,0.1944195059691359,43.256578947368425,2.948677088812406,-8.202763157894736,-0.4723937981631176,0.0,0.0,1,0,0,4.23,0.0,1,0,21.94,21.99,28.7,5225.61,3553.97,7675.17,,5303.664999999999,1730.8216392896566,5082.086
2025-07-20,CP37,Gatineau,AS,4507.56,96.0,85,21.93,32.2,44.1,92.08,3,0,3,0,0,7,29,2025,-0.3546048870425356,-0.9350162426854148,0.6631226582407952,0.7485107481711011,-0.4999999999999998,-0.8660254037844388,0,3,1,0,0,0,0.0882894736842097,0.04420721399704812,2.556578947368429,0.17427466413878392,3.3672368421052568,0.19391780190873295,0.0,0.0,1,0,0,3.9299999999999997,0.0,1,0,22.23,21.94,84.8,1959.22,5225.61,4759.91,,3874.6775,1458.3650587187226,4561.608333333333
2025-07-27,CP37,Gatineau,AS,3381.0899999999997,107.0,88,21.23,32.5,6.6,93.39,3,0,3,0,0,7,30,2025,-0.46472317204376806,-0.8854560256532101,0.8229838658936558,0.5680647467311567,-0.4999999999999998,-0.8660254037844388,0,3,1,0,0,0,-0.6117105263157896,-0.30628813393782217,-34.94342105263157,-2.381992926162465,4.677236842105259,0.26936016976475075,0.0,0.0,1,0,0,3.2300000000000004,0.0,0,0,21.93,22.23,44.1,4507.56,1959.22,3553.97,,3811.59,1412.0280311901258,4553.887142857143
2025-08-03,CP37,Gatineau,AS,3822.83,67.0,61,21.64,33.0,0.5,95.17,2,0,2,0,0,8,31,2025,-0.5680647467311556,-0.8229838658936565,0.9350162426854147,0.354604887042536,-0.8660254037844384,-0.5000000000000004,0,3,1,0,0,0,1.1359782608695639,0.56879299398561,-9.498913043478263,-0.6475136948302208,13.413260869565221,0.7724642447866161,0.0,0.0,1,0,0,3.6400000000000006,0.0,0,0,21.23,21.93,6.6,3381.0899999999997,4507.56,5225.61,4195.7699999999995,3768.37,1425.1268709136027,4407.287499999999
2025-08-10,CP37,Gatineau,AS,3984.13,93.0,81,22.76,33.5,0.4,96.49,1,0,1,0,0,8,32,2025,-0.663122658240795,-0.7485107481711013,0.9927088740980539,0.12053668025532369,-0.8660254037844384,-0.5000000000000004,0,3,1,0,0,0,2.255978260869565,1.1295855506814036,-9.598913043478262,-0.6543304084043574,14.733260869565214,0.8484825085804657,0.0,0.0,1,0,0,4.760000000000002,0.0,0,0,21.64,21.23,0.5,3822.83,3381.0899999999997,1959.22,7675.17,3417.675,1077.09939753333,4342.347777777777
2025-08-17,CP37,Gatineau,AS,3594.04,71.0,62,23.16,33.1,6.5,84.97,2,0,2,0,0,8,33,2025,-0.7485107481711011,-0.6631226582407952,0.992708874098054,-0.12053668025532309,-0.8660254037844384,-0.5000000000000004,0,3,1,0,0,0,2.6559782608695635,1.329868606644186,-3.4989130434782627,-0.238510880382021,3.213260869565218,0.18505038819777594,0.0,0.0,1,0,0,5.16,0.0,0,0,22.76,21.64,0.4,3984.13,3822.83,4507.56,4759.91,3923.9025,465.1682453603894,4306.526
2025-08-24,CP37,Gatineau,AS,1710.03,47.0,43,19.47,27.9,12.0,67.61,4,0,4,0,0,8,34,2025,-0.8229838658936564,-0.5680647467311559,0.9350162426854149,-0.35460488704253545,-0.8660254037844384,-0.5000000000000004,0,3,1,0,0,0,-1.0340217391304378,-0.5177425846124898,2.0010869565217373,0.1364083661954955,-14.146739130434781,-0.8147049598789166,0.0,0.0,0,0,0,1.4699999999999989,0.0,1,0,23.16,22.76,6.5,3594.04,3984.13,3381.0899999999997,3553.97,3695.5225,263.73470475396823,4241.754545454545
2025-08-31,CP37,Gatineau,AS,3728.55,64.0,63,15.5,23.1,30.3,63.83,6,0,6,0,0,8,35,2025,-0.8854560256532096,-0.4647231720437691,0.8229838658936571,-0.5680647467311547,-0.8660254037844384,-0.5000000000000004,0,3,1,0,0,0,-5.004021739130437,-2.5055519150431125,20.301086956521736,1.383866950262505,-17.926739130434783,-1.0323936243794867,0.0,0.0,0,0,0,0.0,2.5,1,0,19.47,23.16,12.0,1710.03,3594.04,3822.83,5225.61,3277.7574999999997,1057.3347424972196,4030.7775
2025-09-07,CP37,Gatineau,AS,3149.24,76.0,66,16.53,24.9,15.5,69.78,4,0,4,1,1,9,36,2025,-0.9350162426854147,-0.3546048870425359,0.6631226582407956,-0.7485107481711007,-1.0,-1.8369701987210297e-16,0,3,0,0,1,0,0.6566666666666663,0.3287980168722356,5.166666666666666,0.3521968679970609,-2.969999999999999,-0.1710410935361622,0.0,0.0,0,0,0,0.0,1.4699999999999989,1,0,15.5,19.47,30.3,3728.55,1710.03,3984.13,1959.22,3254.1875,1042.0745240904455,3991.8425
2025-09-14,CP37,Gatineau,AS,235.92,8.0,14,14.56,21.5,0.0,78.69,0,0,0,0,0,9,37,2025,-0.970941817426052,-0.23931566428755774,0.4647231720437685,-0.8854560256532099,-1.0,-1.8369701987210297e-16,0,3,0,0,1,0,-1.3133333333333344,-0.6575960337444721,-10.333333333333334,-0.7043937359941219,5.939999999999998,0.3420821870723244,0.0,0.0,0,0,0,0.0,3.4399999999999995,0,0,16.53,15.5,15.5,3149.24,3728.55,3594.04,4507.56,3045.465,924.0662923008614,3614.681666666666
2025-07-13,CP37,Gatineau,AZ,0.0,-1.0,1,22.23,30.0,84.8,80.51,4,0,4,0,0,7,28,2025,-0.23931566428755743,-0.9709418174260521,0.46472317204376795,0.8854560256532102,-0.4999999999999998,-0.8660254037844388,0,3,1,0,0,0,0.3882894736842104,0.1944195059691359,43.256578947368425,2.948677088812406,-8.202763157894736,-0.4723937981631176,0.0,0.0,1,0,0,4.23,0.0,1,0,,,,,,,,,,
2025-08-03,CP37,Gatineau,AZ,99.99,1.0,1,21.64,33.0,0.5,95.17,2,0,2,0,0,8,31,2025,-0.5680647467311556,-0.8229838658936565,0.9350162426854147,0.354604887042536,-0.8660254037844384,-0.5000000000000004,0,3,1,0,0,0,1.1359782608695639,0.56879299398561,-9.498913043478263,-0.6475136948302208,13.413260869565221,0.7724642447866161,0.0,0.0,1,0,0,3.6400000000000006,0.0,0,0,22.23,,84.8,0.0,,,,,,
2025-08-24,CP37,Gatineau,AZ,566.97,3.0,3,19.47,27.9,12.0,67.61,4,0,4,0,0,8,34,2025,-0.8229838658936564,-0.5680647467311559,0.9350162426854149,-0.35460488704253545,-0.8660254037844384,-0.5000000000000004,0,3,1,0,0,0,-1.0340217391304378,-0.5177425846124898,2.0010869565217373,0.1364083661954955,-14.146739130434781,-0.8147049598789166,0.0,0.0,0,0,0,1.4699999999999989,0.0,1,0,21.64,22.23,0.5,99.99,0.0,,,49.995,70.70360705084289,
2025-08-31,CP37,Gatineau,AZ,844.95,5.0,5,15.5,23.1,30.3,63.83,6,0,6,0,0,8,35,2025,-0.8854560256532096,-0.4647231720437691,0.8229838658936571,-0.5680647467311547,-0.8660254037844384,-0.5000000000000004,0,3,1,0,0,0,-5.004021739130437,-2.5055519150431125,20.301086956521736,1.383866950262505,-17.926739130434783,-1.0323936243794867,0.0,0.0,0,0,0,0.0,2.5,1,0,19.47,21.64,12.0,566.97,99.99,,,222.32000000000002,302.63379999596873,
2025-09-07,CP37,Gatineau,AZ,2168.86,14.0,18,16.53,24.9,15.5,69.78,4,0,4,1,1,9,36,2025,-0.9350162426854147,-0.3546048870425359,0.6631226582407956,-0.7485107481711007,-1.0,-1.8369701987210297e-16,0,3,0,0,1,0,0.6566666666666663,0.3287980168722356,5.166666666666666,0.3521968679970609,-2.969999999999999,-0.1710410935361622,0.0,0.0,0,0,0,0.0,1.4699999999999989,1,0,15.5,19.47,30.3,844.95,566.97,0.0,,377.9775,397.46090854950756,377.9775
2025-09-14,CP37,Gatineau,AZ,434.98,2.0,2,14.56,21.5,0.0,78.69,0,0,0,0,0,9,37,2025,-0.970941817426052,-0.23931566428755774,0.4647231720437685,-0.8854560256532099,-1.0,-1.8369701987210297e-16,0,3,0,0,1,0,-1.3133333333333344,-0.6575960337444721,-10.333333333333334,-0.7043937359941219,5.939999999999998,0.3420821870723244,0.0,0.0,0,0,0,0.0,3.4399999999999995,0,0,16.53,15.5,15.5,2168.86,844.95,99.99,,920.1925000000001,887.3800829548745,736.1540000000001
2025-06-08,CP37,Gatineau,BQ,4286.23,12.0,10,18.1,23.4,0.0,13.52,0,0,0,0,0,6,23,2025,0.35460488704253584,-0.9350162426854147,-0.6631226582407956,0.7485107481711007,1.2246467991473532e-16,-1.0,0,2,1,0,0,0,-1.171125,-0.5863912347860363,-21.19625,-1.4448876509579425,-48.56524999999999,-2.796853019480506,0.0,0.0,0,0,0,0.10000000000000142,0.0,0,0,,,,,,,,,,
2025-06-15,CP37,Gatineau,BQ,3611.89,12.0,12,16.27,24.0,18.2,86.74,3,0,3,0,0,6,24,2025,0.23931566428755768,-0.970941817426052,-0.4647231720437684,0.88545602565321,1.2246467991473532e-16,-1.0,0,2,1,0,0,0,-3.001125000000002,-1.5026862158157703,-2.99625,-0.20424578046506978,24.65475,1.4198570373268338,0.0,0.0,0,0,0,0.0,1.7300000000000004,1,0,18.1,,0.0,4286.23,,,,,,
2025-06-22,CP37,Gatineau,BQ,4393.8,20.0,20,20.97,28.9,31.7,78.8,6,0,6,0,0,6,25,2025,0.12053668025532308,-0.992708874098054,-0.2393156642875578,0.970941817426052,1.2246467991473532e-16,-1.0,0,2,1,0,0,0,1.6988749999999975,0.8506396917469321,10.50375,0.7160105520433798,16.714750000000002,0.9625956626880702,0.0,0.0,1,0,0,2.969999999999999,0.0,1,0,16.27,18.1,18.2,3611.89,4286.23,,,3949.0599999999995,476.83038682533606,
2025-06-29,CP37,Gatineau,BQ,323.91,10.0,12,21.99,33.0,37.0,71.85,5,0,5,1,1,6,26,2025,-3.216245299353273e-16,-1.0,6.432490598706546e-16,1.0,1.2246467991473532e-16,-1.0,0,2,1,0,0,0,2.718874999999997,1.3613614844520292,15.80375,1.077296371472623,9.76475,0.5623479858946937,0.0,0.0,1,0,0,3.9899999999999984,0.0,1,0,20.97,16.27,31.7,4393.8,3611.89,,,4097.306666666666,423.80990011246007,
2025-07-06,CP37,Gatineau,BQ,2812.85,15.0,15,21.94,31.6,28.7,88.94,5,0,5,1,1,7,27,2025,-0.12053668025532283,-0.992708874098054,0.23931566428755732,0.9709418174260521,-0.4999999999999998,-0.8660254037844388,0,3,1,0,0,0,0.09828947368421126,0.04921429039611848,-12.843421052631573,-0.8754992262782624,0.2272368421052562,0.013086477429423319,0.0,0.0,1,0,0,3.9400000000000013,0.0,1,0,21.99,20.97,37.0,323.91,4393.8,4286.23,,3153.9575,1918.1693934473913,3153.9575
2025-07-13,CP37,Gatineau,BQ,798.94,8.0,8,22.23,30.0,84.8,80.51,4,0,4,0,0,7,28,2025,-0.23931566428755743,-0.9709418174260521,0.46472317204376795,0.8854560256532102,-0.4999999999999998,-0.8660254037844388,0,3,1,0,0,0,0.3882894736842104,0.1944195059691359,43.256578947368425,2.948677088812406,-8.202763157894736,-0.4723937981631176,0.0,0.0,1,0,0,4.23,0.0,1,0,21.94,21.99,28.7,2812.85,323.91,3611.89,,2785.6125,1763.4929942281217,3085.736
2025-07-20,CP37,Gatineau,BQ,1944.83,17.0,15,21.93,32.2,44.1,92.08,3,0,3,0,0,7,29,2025,-0.3546048870425356,-0.9350162426854148,0.6631226582407952,0.7485107481711011,-0.4999999999999998,-0.8660254037844388,0,3,1,0,0,0,0.0882894736842097,0.04420721399704812,2.556578947368429,0.17427466413878392,3.3672368421052568,0.19391780190873295,0.0,0.0,1,0,0,3.9299999999999997,0.0,1,0,22.23,21.94,84.8,798.94,2812.85,4393.8,,2082.375,1881.1063953340508,2704.603333333333
2025-07-27,CP37,Gatineau,BQ,3543.8799999999997,13.0,13,21.23,32.5,6.6,93.39,3,0,3,0,0,7,30,2025,-0.46472317204376806,-0.8854560256532101,0.8229838658936558,0.5680647467311567,-0.4999999999999998,-0.8660254037844388,0,3,1,0,0,0,-0.6117105263157896,-0.30628813393782217,-34.94342105263157,-2.381992926162465,4.677236842105259,0.26936016976475075,0.0,0.0,1,0,0,3.2300000000000004,0.0,0,0,21.93,22.23,44.1,1944.83,798.94,323.91,,1470.1325,1124.3595796237364,2596.0642857142857
2025-08-03,CP37,Gatineau,BQ,878.87,13.0,12,21.64,33.0,0.5,95.17,2,0,2,0,0,8,31,2025,-0.5680647467311556,-0.8229838658936565,0.9350162426854147,0.354604887042536,-0.8660254037844384,-0.5000000000000004,0,3,1,0,0,0,1.1359782608695639,0.56879299398561,-9.498913043478263,-0.6475136948302208,13.413260869565221,0.7724642447866161,0.0,0.0,1,0,0,3.6400000000000006,0.0,0,0,21.23,21.93,6.6,3543.8799999999997,1944.83,2812.85,4286.23,2275.125,1181.3980936303103,2714.5412499999998
2025-08-10,CP37,Gatineau,BQ,1011.92,8.0,7,22.76,33.5,0.4,96.49,1,0,1,0,0,8,32,2025,-0.663122658240795,-0.7485107481711013,0.9927088740980539,0.12053668025532369,-0.8660254037844384,-0.5000000000000004,0,3,1,0,0,0,2.255978260869565,1.1295855506814036,-9.598913043478262,-0.6543304084043574,14.733260869565214,0.8484825085804657,0.0,0.0,1,0,0,4.760000000000002,0.0,0,0,21.64,21.23,0.5,878.87,3543.8799999999997,798.94,3611.89,1791.6299999999999,1279.637260606822,2510.577777777778
2025-08-17,CP37,Gatineau,BQ,1820.9,10.0,10,23.16,33.1,6.5,84.97,2,0,2,0,0,8,33,2025,-0.7485107481711011,-0.6631226582407952,0.992708874098054,-0.12053668025532309,-0.8660254037844384,-0.5000000000000004,0,3,1,0,0,0,2.6559782608695635,1.329868606644186,-3.4989130434782627,-0.238510880382021,3.213260869565218,0.18505038819777594,0.0,0.0,1,0,0,5.16,0.0,0,0,22.76,21.64,0.4,1011.92,878.87,1944.83,4393.8,1844.875,1227.950689034376,2360.712
2025-08-24,CP37,Gatineau,BQ,1352.87,13.0,17,19.47,27.9,12.0,67.61,4,0,4,0,0,8,34,2025,-0.8229838658936564,-0.5680647467311559,0.9350162426854149,-0.35460488704253545,-0.8660254037844384,-0.5000000000000004,0,3,1,0,0,0,-1.0340217391304378,-0.5177425846124898,2.0010869565217373,0.1364083661954955,-14.146739130434781,-0.8147049598789166,0.0,0.0,0,0,0,1.4699999999999989,0.0,1,0,23.16,22.76,6.5,1820.9,1011.92,3543.8799999999997,323.91,1813.8925,1226.1501840414976,2311.6381818181817
2025-08-31,CP37,Gatineau,BQ,50.97,4.0,4,15.5,23.1,30.3,63.83,6,0,6,0,0,8,35,2025,-0.8854560256532096,-0.4647231720437691,0.8229838658936571,-0.5680647467311547,-0.8660254037844384,-0.5000000000000004,0,3,1,0,0,0,-5.004021739130437,-2.5055519150431125,20.301086956521736,1.383866950262505,-17.926739130434783,-1.0323936243794867,0.0,0.0,0,0,0,0.0,2.5,1,0,19.47,23.16,12.0,1352.87,1820.9,878.87,2812.85,1266.1399999999999,420.27237667969433,2231.7408333333333
2025-09-07,CP37,Gatineau,BQ,544.96,4.0,4,16.53,24.9,15.5,69.78,4,0,4,1,1,9,36,2025,-0.9350162426854147,-0.3546048870425359,0.6631226582407956,-0.7485107481711007,-1.0,-1.8369701987210297e-16,0,3,0,0,1,0,0.6566666666666663,0.3287980168722356,5.166666666666666,0.3521968679970609,-2.969999999999999,-0.1710410935361622,0.0,0.0,0,0,0,0.0,1.4699999999999989,1,0,15.5,19.47,30.3,50.97,1352.87,1011.92,798.94,1059.165,749.4869545896038,1878.8025
2025-09-14,CP37,Gatineau,BQ,19.99,1.0,1,14.56,21.5,0.0,78.69,0,0,0,0,0,9,37,2025,-0.970941817426052,-0.23931566428755774,0.4647231720437685,-0.8854560256532099,-1.0,-1.8369701987210297e-16,0,3,0,0,1,0,-1.3133333333333344,-0.6575960337444721,-10.333333333333334,-0.7043937359941219,5.939999999999998,0.3420821870723244,0.0,0.0,0,0,0,0.0,3.4399999999999995,0,0,16.53,15.5,15.5,544.96,50.97,1820.9,1944.83,942.425,794.324422995205,1623.2250000000001
2025-06-15,CP37,Gatineau,CA,399.99,1.0,1,16.27,24.0,18.2,86.74,3,0,3,0,0,6,24,2025,0.23931566428755768,-0.970941817426052,-0.4647231720437684,0.88545602565321,1.2246467991473532e-16,-1.0,0,2,1,0,0,0,-3.001125000000002,-1.5026862158157703,-2.99625,-0.20424578046506978,24.65475,1.4198570373268338,0.0,0.0,0,0,0,0.0,1.7300000000000004,1,0,,,,,,,,,,
2025-06-08,CP37,Gatineau,CH,12676.99,4.0,4,18.1,23.4,0.0,13.52,0,0,0,0,0,6,23,2025,0.35460488704253584,-0.9350162426854147,-0.6631226582407956,0.7485107481711007,1.2246467991473532e-16,-1.0,0,2,1,0,0,0,-1.171125,-0.5863912347860363,-21.19625,-1.4448876509579425,-48.56524999999999,-2.796853019480506,0.0,0.0,0,0,0,0.10000000000000142,0.0,0,0,,,,,,,,,,
2025-06-15,CP37,Gatineau,CH,28646.9,13.0,13,16.27,24.0,18.2,86.74,3,0,3,0,0,6,24,2025,0.23931566428755768,-0.970941817426052,-0.4647231720437684,0.88545602565321,1.2246467991473532e-16,-1.0,0,2,1,0,0,0,-3.001125000000002,-1.5026862158157703,-2.99625,-0.20424578046506978,24.65475,1.4198570373268338,0.0,0.0,0,0,0,0.0,1.7300000000000004,1,0,18.1,,0.0,12676.99,,,,,,
2025-06-22,CP37,Gatineau,CH,10197.98,5.0,5,20.97,28.9,31.7,78.8,6,0,6,0,0,6,25,2025,0.12053668025532308,-0.992708874098054,-0.2393156642875578,0.970941817426052,1.2246467991473532e-16,-1.0,0,2,1,0,0,0,1.6988749999999975,0.8506396917469321,10.50375,0.7160105520433798,16.714750000000002,0.9625956626880702,0.0,0.0,1,0,0,2.969999999999999,0.0,1,0,16.27,18.1,18.2,28646.9,12676.99,,,20661.945,11292.431655938859,
2025-06-29,CP37,Gatineau,CH,12347.98,4.0,4,21.99,33.0,37.0,71.85,5,0,5,1,1,6,26,2025,-3.216245299353273e-16,-1.0,6.432490598706546e-16,1.0,1.2246467991473532e-16,-1.0,0,2,1,0,0,0,2.718874999999997,1.3613614844520292,15.80375,1.077296371472623,9.76475,0.5623479858946937,0.0,0.0,1,0,0,3.9899999999999984,0.0,1,0,20.97,16.27,31.7,10197.98,28646.9,,,17173.956666666665,10012.876419512693,
2025-07-06,CP37,Gatineau,CH,14780.0,6.0,6,21.94,31.6,28.7,88.94,5,0,5,1,1,7,27,2025,-0.12053668025532283,-0.992708874098054,0.23931566428755732,0.9709418174260521,-0.4999999999999998,-0.8660254037844388,0,3,1,0,0,0,0.09828947368421126,0.04921429039611848,-12.843421052631573,-0.8754992262782624,0.2272368421052562,0.013086477429423319,0.0,0.0,1,0,0,3.9400000000000013,0.0,1,0,21.99,20.97,37.0,12347.98,10197.98,12676.99,,15967.4625,8524.140748002601,15967.4625
2025-07-13,CP37,Gatineau,CH,12648.97,4.0,6,22.23,30.0,84.8,80.51,4,0,4,0,0,7,28,2025,-0.23931566428755743,-0.9709418174260521,0.46472317204376795,0.8854560256532102,-0.4999999999999998,-0.8660254037844388,0,3,1,0,0,0,0.3882894736842104,0.1944195059691359,43.256578947368425,2.948677088812406,-8.202763157894736,-0.4723937981631176,0.0,0.0,1,0,0,4.23,0.0,1,0,21.94,21.99,28.7,14780.0,12347.98,28646.9,,16493.215,8315.850760764048,15729.970000000001
2025-07-20,CP37,Gatineau,CH,13145.98,7.0,7,21.93,32.2,44.1,92.08,3,0,3,0,0,7,29,2025,-0.3546048870425356,-0.9350162426854148,0.6631226582407952,0.7485107481711011,-0.4999999999999998,-0.8660254037844388,0,3,1,0,0,0,0.0882894736842097,0.04420721399704812,2.556578947368429,0.17427466413878392,3.3672368421052568,0.19391780190873295,0.0,0.0,1,0,0,3.9299999999999997,0.0,1,0,22.23,21.94,84.8,12648.97,14780.0,10197.98,,12493.7325,1874.6413964164701,15216.47
2025-08-03,CP37,Gatineau,CH,2399.99,1.0,1,21.64,33.0,0.5,95.17,2,0,2,0,0,8,31,2025,-0.5680647467311556,-0.8229838658936565,0.9350162426854147,0.354604887042536,-0.8660254037844384,-0.5000000000000004,0,3,1,0,0,0,1.1359782608695639,0.56879299398561,-9.498913043478263,-0.6475136948302208,13.413260869565221,0.7724642447866161,0.0,0.0,1,0,0,3.6400000000000006,0.0,0,0,21.93,22.23,44.1,13145.98,12648.97,12347.98,,13230.732499999998,1083.9914445349493,14920.685714285715
2025-08-10,CP37,Gatineau,CH,10147.98,4.0,4,22.76,33.5,0.4,96.49,1,0,1,0,0,8,32,2025,-0.663122658240795,-0.7485107481711013,0.9927088740980539,0.12053668025532369,-0.8660254037844384,-0.5000000000000004,0,3,1,0,0,0,2.255978260869565,1.1295855506814036,-9.598913043478262,-0.6543304084043574,14.733260869565214,0.8484825085804657,0.0,0.0,1,0,0,4.760000000000002,0.0,0,0,21.64,21.93,0.5,2399.99,13145.98,14780.0,12676.99,10743.735,5636.494691457917,13355.59875
2025-08-24,CP37,Gatineau,CH,10947.99,4.0,4,19.47,27.9,12.0,67.61,4,0,4,0,0,8,34,2025,-0.8229838658936564,-0.5680647467311559,0.9350162426854149,-0.35460488704253545,-0.8660254037844384,-0.5000000000000004,0,3,1,0,0,0,-1.0340217391304378,-0.5177425846124898,2.0010869565217373,0.1364083661954955,-14.146739130434781,-0.8147049598789166,0.0,0.0,0,0,0,1.4699999999999989,0.0,1,0,22.76,21.64,0.4,10147.98,2399.99,12648.97,28646.9,9585.73,4966.883790674652,12999.196666666665
2025-08-31,CP37,Gatineau,CH,1599.99,1.0,1,15.5,23.1,30.3,63.83,6,0,6,0,0,8,35,2025,-0.8854560256532096,-0.4647231720437691,0.8229838658936571,-0.5680647467311547,-0.8660254037844384,-0.5000000000000004,0,3,1,0,0,0,-5.004021739130437,-2.5055519150431125,20.301086956521736,1.383866950262505,-17.926739130434783,-1.0323936243794867,0.0,0.0,0,0,0,0.0,2.5,1,0,19.47,22.76,12.0,10947.99,10147.98,13145.98,10197.98,9160.484999999999,4681.8366602612905,12794.076
2025-09-07,CP37,Gatineau,CH,2399.99,1.0,1,16.53,24.9,15.5,69.78,4,0,4,1,1,9,36,2025,-0.9350162426854147,-0.3546048870425359,0.6631226582407956,-0.7485107481711007,-1.0,-1.8369701987210297e-16,0,3,0,0,1,0,0.6566666666666663,0.3287980168722356,5.166666666666666,0.3521968679970609,-2.969999999999999,-0.1710410935361622,0.0,0.0,0,0,0,0.0,1.4699999999999989,1,0,15.5,19.47,30.3,1599.99,10947.99,2399.99,12347.98,6273.9875,4956.7538611499485,11776.431818181818
2025-09-14,CP37,Gatineau,CH,1599.99,1.0,1,14.56,21.5,0.0,78.69,0,0,0,0,0,9,37,2025,-0.970941817426052,-0.23931566428755774,0.4647231720437685,-0.8854560256532099,-1.0,-1.8369701987210297e-16,0,3,0,0,1,0,-1.3133333333333344,-0.6575960337444721,-10.333333333333334,-0.7043937359941219,5.939999999999998,0.3420821870723244,0.0,0.0,0,0,0,0.0,3.4399999999999995,0,0,16.53,15.5,15.5,2399.99,1599.99,10147.98,14780.0,6273.987499999999,4956.7538611499485,10995.061666666666
2025-06-08,CP37,Gatineau,CR,17559.92,3.0,3,18.1,23.4,0.0,13.52,0,0,0,0,0,6,23,2025,0.35460488704253584,-0.9350162426854147,-0.6631226582407956,0.7485107481711007,1.2246467991473532e-16,-1.0,0,2,1,0,0,0,-1.171125,-0.5863912347860363,-21.19625,-1.4448876509579425,-48.56524999999999,-2.796853019480506,0.0,0.0,0,0,0,0.10000000000000142,0.0,0,0,,,,,,,,,,
2025-06-22,CP37,Gatineau,CR,49959.0,4.0,4,20.97,28.9,31.7,78.8,6,0,6,0,0,6,25,2025,0.12053668025532308,-0.992708874098054,-0.2393156642875578,0.970941817426052,1.2246467991473532e-16,-1.0,0,2,1,0,0,0,1.6988749999999975,0.8506396917469321,10.50375,0.7160105520433798,16.714750000000002,0.9625956626880702,0.0,0.0,1,0,0,2.969999999999999,0.0,1,0,18.1,,0.0,17559.92,,,,,,
2025-07-20,CP37,Gatineau,CR,26845.0,1.0,1,21.93,32.2,44.1,92.08,3,0,3,0,0,7,29,2025,-0.3546048870425356,-0.9350162426854148,0.6631226582407952,0.7485107481711011,-0.4999999999999998,-0.8660254037844388,0,3,1,0,0,0,0.0882894736842097,0.04420721399704812,2.556578947368429,0.17427466413878392,3.3672368421052568,0.19391780190873295,0.0,0.0,1,0,0,3.9299999999999997,0.0,1,0,20.97,18.1,31.7,49959.0,17559.92,,,33759.46,22909.609172205448,
2025-06-08,CP37,Gatineau,DI,80.93,11.0,9,18.1,23.4,0.0,13.52,0,0,0,0,0,6,23,2025,0.35460488704253584,-0.9350162426854147,-0.6631226582407956,0.7485107481711007,1.2246467991473532e-16,-1.0,0,2,1,0,0,0,-1.171125,-0.5863912347860363,-21.19625,-1.4448876509579425,-48.56524999999999,-2.796853019480506,0.0,0.0,0,0,0,0.10000000000000142,0.0,0,0,,,,,,,,,,
2025-06-15,CP37,Gatineau,DI,185.92,13.0,13,16.27,24.0,18.2,86.74,3,0,3,0,0,6,24,2025,0.23931566428755768,-0.970941817426052,-0.4647231720437684,0.88545602565321,1.2246467991473532e-16,-1.0,0,2,1,0,0,0,-3.001125000000002,-1.5026862158157703,-2.99625,-0.20424578046506978,24.65475,1.4198570373268338,0.0,0.0,0,0,0,0.0,1.7300000000000004,1,0,18.1,,0.0,80.93,,,,,,
2025-06-22,CP37,Gatineau,DI,128.61,14.0,13,20.97,28.9,31.7,78.8,6,0,6,0,0,6,25,2025,0.12053668025532308,-0.992708874098054,-0.2393156642875578,0.970941817426052,1.2246467991473532e-16,-1.0,0,2,1,0,0,0,1.6988749999999975,0.8506396917469321,10.50375,0.7160105520433798,16.714750000000002,0.9625956626880702,0.0,0.0,1,0,0,2.969999999999999,0.0,1,0,16.27,18.1,18.2,185.92,80.93,,,133.425,74.2391409567756,
2025-06-29,CP37,Gatineau,DI,89.25,8.0,12,21.99,33.0,37.0,71.85,5,0,5,1,1,6,26,2025,-3.216245299353273e-16,-1.0,6.432490598706546e-16,1.0,1.2246467991473532e-16,-1.0,0,2,1,0,0,0,2.718874999999997,1.3613614844520292,15.80375,1.077296371472623,9.76475,0.5623479858946937,0.0,0.0,1,0,0,3.9899999999999984,0.0,1,0,20.97,16.27,31.7,128.61,185.92,,,131.82000000000002,52.56855619093983,
2025-07-06,CP37,Gatineau,DI,36.97,3.0,3,21.94,31.6,28.7,88.94,5,0,5,1,1,7,27,2025,-0.12053668025532283,-0.992708874098054,0.23931566428755732,0.9709418174260521,-0.4999999999999998,-0.8660254037844388,0,3,1,0,0,0,0.09828947368421126,0.04921429039611848,-12.843421052631573,-0.8754992262782624,0.2272368421052562,0.013086477429423319,0.0,0.0,1,0,0,3.9400000000000013,0.0,1,0,21.99,20.97,37.0,89.25,128.61,80.93,,121.17750000000001,47.909845456509935,121.17750000000001
2025-07-13,CP37,Gatineau,DI,19.97,8.0,5,22.23,30.0,84.8,80.51,4,0,4,0,0,7,28,2025,-0.23931566428755743,-0.9709418174260521,0.46472317204376795,0.8854560256532102,-0.4999999999999998,-0.8660254037844388,0,3,1,0,0,0,0.3882894736842104,0.1944195059691359,43.256578947368425,2.948677088812406,-8.202763157894736,-0.4723937981631176,0.0,0.0,1,0,0,4.23,0.0,1,0,21.94,21.99,28.7,36.97,89.25,185.92,,110.1875,62.91258823425827,104.33600000000001
2025-07-20,CP37,Gatineau,DI,100.75,7.0,7,21.93,32.2,44.1,92.08,3,0,3,0,0,7,29,2025,-0.3546048870425356,-0.9350162426854148,0.6631226582407952,0.7485107481711011,-0.4999999999999998,-0.8660254037844388,0,3,1,0,0,0,0.0882894736842097,0.04420721399704812,2.556578947368429,0.17427466413878392,3.3672368421052568,0.19391780190873295,0.0,0.0,1,0,0,3.9299999999999997,0.0,1,0,22.23,21.94,84.8,19.97,36.97,128.61,,68.7,49.64177138929137,90.27499999999999
2025-07-27,CP37,Gatineau,DI,119.85,18.0,10,21.23,32.5,6.6,93.39,3,0,3,0,0,7,30,2025,-0.46472317204376806,-0.8854560256532101,0.8229838658936558,0.5680647467311567,-0.4999999999999998,-0.8660254037844388,0,3,1,0,0,0,-0.6117105263157896,-0.30628813393782217,-34.94342105263157,-2.381992926162465,4.677236842105259,0.26936016976475075,0.0,0.0,1,0,0,3.2300000000000004,0.0,0,0,21.93,22.23,44.1,100.75,19.97,89.25,,61.735,39.31439897374328,91.77142857142857
2025-08-03,CP37,Gatineau,DI,16.99,2.0,2,21.64,33.0,0.5,95.17,2,0,2,0,0,8,31,2025,-0.5680647467311556,-0.8229838658936565,0.9350162426854147,0.354604887042536,-0.8660254037844384,-0.5000000000000004,0,3,1,0,0,0,1.1359782608695639,0.56879299398561,-9.498913043478263,-0.6475136948302208,13.413260869565221,0.7724642447866161,0.0,0.0,1,0,0,3.6400000000000006,0.0,0,0,21.23,21.93,6.6,119.85,100.75,36.97,80.93,69.38499999999999,48.384067281148106,95.28125
2025-08-10,CP37,Gatineau,DI,17.96,9.0,8,22.76,33.5,0.4,96.49,1,0,1,0,0,8,32,2025,-0.663122658240795,-0.7485107481711013,0.9927088740980539,0.12053668025532369,-0.8660254037844384,-0.5000000000000004,0,3,1,0,0,0,2.255978260869565,1.1295855506814036,-9.598913043478262,-0.6543304084043574,14.733260869565214,0.8484825085804657,0.0,0.0,1,0,0,4.760000000000002,0.0,0,0,21.64,21.23,0.5,16.99,119.85,19.97,185.92,64.39,53.596509836617784,86.58222222222223
2025-08-17,CP37,Gatineau,DI,70.0,1.0,1,23.16,33.1,6.5,84.97,2,0,2,0,0,8,33,2025,-0.7485107481711011,-0.6631226582407952,0.992708874098054,-0.12053668025532309,-0.8660254037844384,-0.5000000000000004,0,3,1,0,0,0,2.6559782608695635,1.329868606644186,-3.4989130434782627,-0.238510880382021,3.213260869565218,0.18505038819777594,0.0,0.0,1,0,0,5.16,0.0,0,0,22.76,21.64,0.4,17.96,16.99,100.75,128.61,63.887499999999996,54.15827445244786,79.72
2025-08-24,CP37,Gatineau,DI,6.99,1.0,1,19.47,27.9,12.0,67.61,4,0,4,0,0,8,34,2025,-0.8229838658936564,-0.5680647467311559,0.9350162426854149,-0.35460488704253545,-0.8660254037844384,-0.5000000000000004,0,3,1,0,0,0,-1.0340217391304378,-0.5177425846124898,2.0010869565217373,0.1364083661954955,-14.146739130434781,-0.8147049598789166,0.0,0.0,0,0,0,1.4699999999999989,0.0,1,0,23.16,22.76,6.5,70.0,17.96,119.85,89.25,56.2,49.13072426360787,78.83636363636364
2025-08-31,CP37,Gatineau,DI,199.99,1.0,1,15.5,23.1,30.3,63.83,6,0,6,0,0,8,35,2025,-0.8854560256532096,-0.4647231720437691,0.8229838658936571,-0.5680647467311547,-0.8660254037844384,-0.5000000000000004,0,3,1,0,0,0,-5.004021739130437,-2.5055519150431125,20.301086956521736,1.383866950262505,-17.926739130434783,-1.0323936243794867,0.0,0.0,0,0,0,0.0,2.5,1,0,19.47,23.16,12.0,6.99,70.0,16.99,36.97,27.985,28.445508725749058,72.84916666666668
2025-09-07,CP37,Gatineau,DI,79.97,3.0,3,16.53,24.9,15.5,69.78,4,0,4,1,1,9,36,2025,-0.9350162426854147,-0.3546048870425359,0.6631226582407956,-0.7485107481711007,-1.0,-1.8369701987210297e-16,0,3,0,0,1,0,0.6566666666666663,0.3287980168722356,5.166666666666666,0.3521968679970609,-2.969999999999999,-0.1710410935361622,0.0,0.0,0,0,0,0.0,1.4699999999999989,1,0,15.5,19.47,30.3,199.99,6.99,17.96,19.97,73.735,88.54381382494583,82.77083333333333
2025-06-08,CP37,Gatineau,FI,3389.9799999999996,2.0,2,18.1,23.4,0.0,13.52,0,0,0,0,0,6,23,2025,0.35460488704253584,-0.9350162426854147,-0.6631226582407956,0.7485107481711007,1.2246467991473532e-16,-1.0,0,2,1,0,0,0,-1.171125,-0.5863912347860363,-21.19625,-1.4448876509579425,-48.56524999999999,-2.796853019480506,0.0,0.0,0,0,0,0.10000000000000142,0.0,0,0,,,,,,,,,,
2025-06-22,CP37,Gatineau,FI,1699.99,1.0,1,20.97,28.9,31.7,78.8,6,0,6,0,0,6,25,2025,0.12053668025532308,-0.992708874098054,-0.2393156642875578,0.970941817426052,1.2246467991473532e-16,-1.0,0,2,1,0,0,0,1.6988749999999975,0.8506396917469321,10.50375,0.7160105520433798,16.714750000000002,0.9625956626880702,0.0,0.0,1,0,0,2.969999999999999,0.0,1,0,18.1,,0.0,3389.9799999999996,,,,,,
2025-07-27,CP37,Gatineau,FI,689.99,1.0,1,21.23,32.5,6.6,93.39,3,0,3,0,0,7,30,2025,-0.46472317204376806,-0.8854560256532101,0.8229838658936558,0.5680647467311567,-0.4999999999999998,-0.8660254037844388,0,3,1,0,0,0,-0.6117105263157896,-0.30628813393782217,-34.94342105263157,-2.381992926162465,4.677236842105259,0.26936016976475075,0.0,0.0,1,0,0,3.2300000000000004,0.0,0,0,20.97,18.1,31.7,1699.99,3389.9799999999996,,,2544.9849999999997,1195.003389137453,
2025-08-03,CP37,Gatineau,FI,130.9,2.0,1,21.64,33.0,0.5,95.17,2,0,2,0,0,8,31,2025,-0.5680647467311556,-0.8229838658936565,0.9350162426854147,0.354604887042536,-0.8660254037844384,-0.5000000000000004,0,3,1,0,0,0,1.1359782608695639,0.56879299398561,-9.498913043478263,-0.6475136948302208,13.413260869565221,0.7724642447866161,0.0,0.0,1,0,0,3.6400000000000006,0.0,0,0,21.23,20.97,6.6,689.99,1699.99,,,1926.653333333333,1364.1915921282218,
2025-08-17,CP37,Gatineau,FI,309.98,2.0,2,23.16,33.1,6.5,84.97,2,0,2,0,0,8,33,2025,-0.7485107481711011,-0.6631226582407952,0.992708874098054,-0.12053668025532309,-0.8660254037844384,-0.5000000000000004,0,3,1,0,0,0,2.6559782608695635,1.329868606644186,-3.4989130434782627,-0.238510880382021,3.213260869565218,0.18505038819777594,0.0,0.0,1,0,0,5.16,0.0,0,0,21.64,21.23,0.5,130.9,689.99,3389.9799999999996,,1477.715,1430.685724364369,1477.715
2025-08-31,CP37,Gatineau,FI,1249.99,1.0,1,15.5,23.1,30.3,63.83,6,0,6,0,0,8,35,2025,-0.8854560256532096,-0.4647231720437691,0.8229838658936571,-0.5680647467311547,-0.8660254037844384,-0.5000000000000004,0,3,1,0,0,0,-5.004021739130437,-2.5055519150431125,20.301086956521736,1.383866950262505,-17.926739130434783,-1.0323936243794867,0.0,0.0,0,0,0,0.0,2.5,1,0,23.16,21.64,6.5,309.98,130.9,1699.99,,707.715,701.3873218367532,1244.168
2025-09-07,CP37,Gatineau,FI,9.99,1.0,1,16.53,24.9,15.5,69.78,4,0,4,1,1,9,36,2025,-0.9350162426854147,-0.3546048870425359,0.6631226582407956,-0.7485107481711007,-1.0,-1.8369701987210297e-16,0,3,0,0,1,0,0.6566666666666663,0.3287980168722356,5.166666666666666,0.3521968679970609,-2.969999999999999,-0.1710410935361622,0.0,0.0,0,0,0,0.0,1.4699999999999989,1,0,15.5,23.16,30.3,1249.99,309.98,689.99,,595.2149999999999,494.860258288472,1245.1383333333333
2025-06-08,CP37,Gatineau,GA,13899.92,8.0,7,18.1,23.4,0.0,13.52,0,0,0,0,0,6,23,2025,0.35460488704253584,-0.9350162426854147,-0.6631226582407956,0.7485107481711007,1.2246467991473532e-16,-1.0,0,2,1,0,0,0,-1.171125,-0.5863912347860363,-21.19625,-1.4448876509579425,-48.56524999999999,-2.796853019480506,0.0,0.0,0,0,0,0.10000000000000142,0.0,0,0,,,,,,,,,,
2025-06-15,CP37,Gatineau,GA,44640.7,16.0,14,16.27,24.0,18.2,86.74,3,0,3,0,0,6,24,2025,0.23931566428755768,-0.970941817426052,-0.4647231720437684,0.88545602565321,1.2246467991473532e-16,-1.0,0,2,1,0,0,0,-3.001125000000002,-1.5026862158157703,-2.99625,-0.20424578046506978,24.65475,1.4198570373268338,0.0,0.0,0,0,0,0.0,1.7300000000000004,1,0,18.1,,0.0,13899.92,,,,,,
2025-06-22,CP37,Gatineau,GA,2585.86,2.0,1,20.97,28.9,31.7,78.8,6,0,6,0,0,6,25,2025,0.12053668025532308,-0.992708874098054,-0.2393156642875578,0.970941817426052,1.2246467991473532e-16,-1.0,0,2,1,0,0,0,1.6988749999999975,0.8506396917469321,10.50375,0.7160105520433798,16.714750000000002,0.9625956626880702,0.0,0.0,1,0,0,2.969999999999999,0.0,1,0,16.27,18.1,18.2,44640.7,13899.92,,,29270.309999999998,21737.013996963797,
2025-06-29,CP37,Gatineau,GA,5681.17,3.0,3,21.99,33.0,37.0,71.85,5,0,5,1,1,6,26,2025,-3.216245299353273e-16,-1.0,6.432490598706546e-16,1.0,1.2246467991473532e-16,-1.0,0,2,1,0,0,0,2.718874999999997,1.3613614844520292,15.80375,1.077296371472623,9.76475,0.5623479858946937,0.0,0.0,1,0,0,3.9899999999999984,0.0,1,0,20.97,16.27,31.7,2585.86,44640.7,,,20375.493333333332,21762.40288554858,
2025-07-06,CP37,Gatineau,GA,5699.98,2.0,2,21.94,31.6,28.7,88.94,5,0,5,1,1,7,27,2025,-0.12053668025532283,-0.992708874098054,0.23931566428755732,0.9709418174260521,-0.4999999999999998,-0.8660254037844388,0,3,1,0,0,0,0.09828947368421126,0.04921429039611848,-12.843421052631573,-0.8754992262782624,0.2272368421052562,0.013086477429423319,0.0,0.0,1,0,0,3.9400000000000013,0.0,1,0,21.99,20.97,37.0,5681.17,2585.86,13899.92,,16701.9125,19227.989255026772,16701.9125
2025-07-13,CP37,Gatineau,GA,2199.99,1.0,1,22.23,30.0,84.8,80.51,4,0,4,0,0,7,28,2025,-0.23931566428755743,-0.9709418174260521,0.46472317204376795,0.8854560256532102,-0.4999999999999998,-0.8660254037844388,0,3,1,0,0,0,0.3882894736842104,0.1944195059691359,43.256578947368425,2.948677088812406,-8.202763157894736,-0.4723937981631176,0.0,0.0,1,0,0,4.23,0.0,1,0,21.94,21.99,28.7,5699.98,5681.17,44640.7,,14651.9275,20046.016355191998,14501.525999999998
2025-07-20,CP37,Gatineau,GA,13381.17,3.0,3,21.93,32.2,44.1,92.08,3,0,3,0,0,7,29,2025,-0.3546048870425356,-0.9350162426854148,0.6631226582407952,0.7485107481711011,-0.4999999999999998,-0.8660254037844388,0,3,1,0,0,0,0.0882894736842097,0.04420721399704812,2.556578947368429,0.17427466413878392,3.3672368421052568,0.19391780190873295,0.0,0.0,1,0,0,3.9299999999999997,0.0,1,0,22.23,21.94,84.8,2199.99,5699.98,2585.86,,4041.75,1910.4205696652366,12451.269999999999
2025-07-27,CP37,Gatineau,GA,9799.97,3.0,3,21.23,32.5,6.6,93.39,3,0,3,0,0,7,30,2025,-0.46472317204376806,-0.8854560256532101,0.8229838658936558,0.5680647467311567,-0.4999999999999998,-0.8660254037844388,0,3,1,0,0,0,-0.6117105263157896,-0.30628813393782217,-34.94342105263157,-2.381992926162465,4.677236842105259,0.26936016976475075,0.0,0.0,1,0,0,3.2300000000000004,0.0,0,0,21.93,22.23,44.1,13381.17,2199.99,5681.17,,6740.577499999999,4722.978968273985,12584.112857142856
2025-08-03,CP37,Gatineau,GA,18899.92,8.0,7,21.64,33.0,0.5,95.17,2,0,2,0,0,8,31,2025,-0.5680647467311556,-0.8229838658936565,0.9350162426854147,0.354604887042536,-0.8660254037844384,-0.5000000000000004,0,3,1,0,0,0,1.1359782608695639,0.56879299398561,-9.498913043478263,-0.6475136948302208,13.413260869565221,0.7724642447866161,0.0,0.0,1,0,0,3.6400000000000006,0.0,0,0,21.23,21.93,6.6,9799.97,13381.17,5699.98,13899.92,7770.2775,4861.961225070776,12236.095
2025-08-10,CP37,Gatineau,GA,40770.95,10.0,10,22.76,33.5,0.4,96.49,1,0,1,0,0,8,32,2025,-0.663122658240795,-0.7485107481711013,0.9927088740980539,0.12053668025532369,-0.8660254037844384,-0.5000000000000004,0,3,1,0,0,0,2.255978260869565,1.1295855506814036,-9.598913043478262,-0.6543304084043574,14.733260869565214,0.8484825085804657,0.0,0.0,1,0,0,4.760000000000002,0.0,0,0,21.64,21.23,0.5,18899.92,9799.97,2199.99,44640.7,11070.262499999999,6998.5524050971935,12976.519999999999
2025-08-17,CP37,Gatineau,GA,2094.26,2.0,2,23.16,33.1,6.5,84.97,2,0,2,0,0,8,33,2025,-0.7485107481711011,-0.6631226582407952,0.992708874098054,-0.12053668025532309,-0.8660254037844384,-0.5000000000000004,0,3,1,0,0,0,2.6559782608695635,1.329868606644186,-3.4989130434782627,-0.238510880382021,3.213260869565218,0.18505038819777594,0.0,0.0,1,0,0,5.16,0.0,0,0,22.76,21.64,0.4,40770.95,18899.92,13381.17,2585.86,20713.0025,13885.946999498872,15755.963
2025-08-31,CP37,Gatineau,GA,2574.37,4.0,4,15.5,23.1,30.3,63.83,6,0,6,0,0,8,35,2025,-0.8854560256532096,-0.4647231720437691,0.8229838658936571,-0.5680647467311547,-0.8660254037844384,-0.5000000000000004,0,3,1,0,0,0,-5.004021739130437,-2.5055519150431125,20.301086956521736,1.383866950262505,-17.926739130434783,-1.0323936243794867,0.0,0.0,0,0,0,0.0,2.5,1,0,23.16,22.76,6.5,2094.26,40770.95,9799.97,5681.17,17891.274999999998,16728.337159392144,14513.989999999998
2025-09-07,CP37,Gatineau,GA,1316.71,1.0,1,16.53,24.9,15.5,69.78,4,0,4,1,1,9,36,2025,-0.9350162426854147,-0.3546048870425359,0.6631226582407956,-0.7485107481711007,-1.0,-1.8369701987210297e-16,0,3,0,0,1,0,0.6566666666666663,0.3287980168722356,5.166666666666666,0.3521968679970609,-2.969999999999999,-0.1710410935361622,0.0,0.0,0,0,0,0.0,1.4699999999999989,1,0,15.5,23.16,30.3,2574.37,2094.26,18899.92,5699.98,16084.874999999998,18217.188135484394,13519.021666666666
2025-06-08,CP37,Gatineau,HT,19483.04,7.0,7,18.1,23.4,0.0,13.52,0,0,0,0,0,6,23,2025,0.35460488704253584,-0.9350162426854147,-0.6631226582407956,0.7485107481711007,1.2246467991473532e-16,-1.0,0,2,1,0,0,0,-1.171125,-0.5863912347860363,-21.19625,-1.4448876509579425,-48.56524999999999,-2.796853019480506,0.0,0.0,0,0,0,0.10000000000000142,0.0,0,0,,,,,,,,,,
2025-06-15,CP37,Gatineau,HT,15974.5,5.0,5,16.27,24.0,18.2,86.74,3,0,3,0,0,6,24,2025,0.23931566428755768,-0.970941817426052,-0.4647231720437684,0.88545602565321,1.2246467991473532e-16,-1.0,0,2,1,0,0,0,-3.001125000000002,-1.5026862158157703,-2.99625,-0.20424578046506978,24.65475,1.4198570373268338,0.0,0.0,0,0,0,0.0,1.7300000000000004,1,0,18.1,,0.0,19483.04,,,,,,
2025-06-22,CP37,Gatineau,HT,23393.0,7.0,7,20.97,28.9,31.7,78.8,6,0,6,0,0,6,25,2025,0.12053668025532308,-0.992708874098054,-0.2393156642875578,0.970941817426052,1.2246467991473532e-16,-1.0,0,2,1,0,0,0,1.6988749999999975,0.8506396917469321,10.50375,0.7160105520433798,16.714750000000002,0.9625956626880702,0.0,0.0,1,0,0,2.969999999999999,0.0,1,0,16.27,18.1,18.2,15974.5,19483.04,,,17728.77,2480.91242606425,
2025-06-29,CP37,Gatineau,HT,25392.0,8.0,8,21.99,33.0,37.0,71.85,5,0,5,1,1,6,26,2025,-3.216245299353273e-16,-1.0,6.432490598706546e-16,1.0,1.2246467991473532e-16,-1.0,0,2,1,0,0,0,2.718874999999997,1.3613614844520292,15.80375,1.077296371472623,9.76475,0.5623479858946937,0.0,0.0,1,0,0,3.9899999999999984,0.0,1,0,20.97,16.27,31.7,23393.0,15974.5,,,19616.846666666668,3711.059650629902,
2025-07-06,CP37,Gatineau,HT,15995.0,6.0,6,21.94,31.6,28.7,88.94,5,0,5,1,1,7,27,2025,-0.12053668025532283,-0.992708874098054,0.23931566428755732,0.9709418174260521,-0.4999999999999998,-0.8660254037844388,0,3,1,0,0,0,0.09828947368421126,0.04921429039611848,-12.843421052631573,-0.8754992262782624,0.2272368421052562,0.013086477429423319,0.0,0.0,1,0,0,3.9400000000000013,0.0,1,0,21.99,20.97,37.0,25392.0,23393.0,19483.04,,21060.635000000002,4185.619208619754,21060.635000000002
2025-07-13,CP37,Gatineau,HT,17595.0,5.0,5,22.23,30.0,84.8,80.51,4,0,4,0,0,7,28,2025,-0.23931566428755743,-0.9709418174260521,0.46472317204376795,0.8854560256532102,-0.4999999999999998,-0.8660254037844388,0,3,1,0,0,0,0.3882894736842104,0.1944195059691359,43.256578947368425,2.948677088812406,-8.202763157894736,-0.4723937981631176,0.0,0.0,1,0,0,4.23,0.0,1,0,21.94,21.99,28.7,15995.0,25392.0,15974.5,,20188.625,4922.346008679872,20047.508
2025-07-20,CP37,Gatineau,HT,26031.35,8.0,8,21.93,32.2,44.1,92.08,3,0,3,0,0,7,29,2025,-0.3546048870425356,-0.9350162426854148,0.6631226582407952,0.7485107481711011,-0.4999999999999998,-0.8660254037844388,0,3,1,0,0,0,0.0882894736842097,0.04420721399704812,2.556578947368429,0.17427466413878392,3.3672368421052568,0.19391780190873295,0.0,0.0,1,0,0,3.9299999999999997,0.0,1,0,22.23,21.94,84.8,17595.0,15995.0,23393.0,,20593.75,4509.250002310066,19638.756666666668
2025-07-27,CP37,Gatineau,HT,14595.0,5.0,5,21.23,32.5,6.6,93.39,3,0,3,0,0,7,30,2025,-0.46472317204376806,-0.8854560256532101,0.8229838658936558,0.5680647467311567,-0.4999999999999998,-0.8660254037844388,0,3,1,0,0,0,-0.6117105263157896,-0.30628813393782217,-34.94342105263157,-2.381992926162465,4.677236842105259,0.26936016976475075,0.0,0.0,1,0,0,3.2300000000000004,0.0,0,0,21.93,22.23,44.1,26031.35,17595.0,25392.0,,21253.3375,5195.879048722971,20551.984285714287
2025-08-03,CP37,Gatineau,HT,20993.0,7.0,9,21.64,33.0,0.5,95.17,2,0,2,0,0,8,31,2025,-0.5680647467311556,-0.8229838658936565,0.9350162426854147,0.354604887042536,-0.8660254037844384,-0.5000000000000004,0,3,1,0,0,0,1.1359782608695639,0.56879299398561,-9.498913043478263,-0.6475136948302208,13.413260869565221,0.7724642447866161,0.0,0.0,1,0,0,3.6400000000000006,0.0,0,0,21.23,21.93,6.6,14595.0,26031.35,15995.0,19483.04,18554.0875,5133.309718296602,19807.36125
2025-08-10,CP37,Gatineau,HT,28792.0,8.0,8,22.76,33.5,0.4,96.49,1,0,1,0,0,8,32,2025,-0.663122658240795,-0.7485107481711013,0.9927088740980539,0.12053668025532369,-0.8660254037844384,-0.5000000000000004,0,3,1,0,0,0,2.255978260869565,1.1295855506814036,-9.598913043478262,-0.6543304084043574,14.733260869565214,0.8484825085804657,0.0,0.0,1,0,0,4.760000000000002,0.0,0,0,21.64,21.23,0.5,20993.0,14595.0,17595.0,15974.5,19803.5875,4906.0157066563015,19939.09888888889
2025-08-17,CP37,Gatineau,HT,6953.33,4.0,4,23.16,33.1,6.5,84.97,2,0,2,0,0,8,33,2025,-0.7485107481711011,-0.6631226582407952,0.992708874098054,-0.12053668025532309,-0.8660254037844384,-0.5000000000000004,0,3,1,0,0,0,2.6559782608695635,1.329868606644186,-3.4989130434782627,-0.238510880382021,3.213260869565218,0.18505038819777594,0.0,0.0,1,0,0,5.16,0.0,0,0,22.76,21.64,0.4,28792.0,20993.0,26031.35,23393.0,22602.8375,6239.056248527629,20824.389000000003
2025-08-24,CP37,Gatineau,HT,3499.0,1.0,1,19.47,27.9,12.0,67.61,4,0,4,0,0,8,34,2025,-0.8229838658936564,-0.5680647467311559,0.9350162426854149,-0.35460488704253545,-0.8660254037844384,-0.5000000000000004,0,3,1,0,0,0,-1.0340217391304378,-0.5177425846124898,2.0010869565217373,0.1364083661954955,-14.146739130434781,-0.8147049598789166,0.0,0.0,0,0,0,1.4699999999999989,0.0,1,0,23.16,22.76,6.5,6953.33,28792.0,14595.0,25392.0,17833.3325,9290.44569915199,19563.383636363636
2025-06-08,CP37,Gatineau,IN,12516.95,116.0,49,18.1,23.4,0.0,13.52,0,0,0,0,0,6,23,2025,0.35460488704253584,-0.9350162426854147,-0.6631226582407956,0.7485107481711007,1.2246467991473532e-16,-1.0,0,2,1,0,0,0,-1.171125,-0.5863912347860363,-21.19625,-1.4448876509579425,-48.56524999999999,-2.796853019480506,0.0,0.0,0,0,0,0.10000000000000142,0.0,0,0,,,,,,,,,,
2025-06-15,CP37,Gatineau,IN,12937.96,34.0,34,16.27,24.0,18.2,86.74,3,0,3,0,0,6,24,2025,0.23931566428755768,-0.970941817426052,-0.4647231720437684,0.88545602565321,1.2246467991473532e-16,-1.0,0,2,1,0,0,0,-3.001125000000002,-1.5026862158157703,-2.99625,-0.20424578046506978,24.65475,1.4198570373268338,0.0,0.0,0,0,0,0.0,1.7300000000000004,1,0,18.1,,0.0,12516.95,,,,,,
2025-06-22,CP37,Gatineau,IN,12175.94,-86.0,34,20.97,28.9,31.7,78.8,6,0,6,0,0,6,25,2025,0.12053668025532308,-0.992708874098054,-0.2393156642875578,0.970941817426052,1.2246467991473532e-16,-1.0,0,2,1,0,0,0,1.6988749999999975,0.8506396917469321,10.50375,0.7160105520433798,16.714750000000002,0.9625956626880702,0.0,0.0,1,0,0,2.969999999999999,0.0,1,0,16.27,18.1,18.2,12937.96,12516.95,,,12727.455,297.69902594734725,
2025-06-29,CP37,Gatineau,IN,12523.96,115.0,31,21.99,33.0,37.0,71.85,5,0,5,1,1,6,26,2025,-3.216245299353273e-16,-1.0,6.432490598706546e-16,1.0,1.2246467991473532e-16,-1.0,0,2,1,0,0,0,2.718874999999997,1.3613614844520292,15.80375,1.077296371472623,9.76475,0.5623479858946937,0.0,0.0,1,0,0,3.9899999999999984,0.0,1,0,20.97,16.27,31.7,12175.94,12937.96,,,12543.616666666667,381.7092524858846,
2025-07-06,CP37,Gatineau,IN,10427.95,27.0,29,21.94,31.6,28.7,88.94,5,0,5,1,1,7,27,2025,-0.12053668025532283,-0.992708874098054,0.23931566428755732,0.9709418174260521,-0.4999999999999998,-0.8660254037844388,0,3,1,0,0,0,0.09828947368421126,0.04921429039611848,-12.843421052631573,-0.8754992262782624,0.2272368421052562,0.013086477429423319,0.0,0.0,1,0,0,3.9400000000000013,0.0,1,0,21.99,20.97,37.0,12523.96,12175.94,12516.95,,12538.7025,311.819229295329,12538.7025
2025-07-13,CP37,Gatineau,IN,13591.94,28.0,28,22.23,30.0,84.8,80.51,4,0,4,0,0,7,28,2025,-0.23931566428755743,-0.9709418174260521,0.46472317204376795,0.8854560256532102,-0.4999999999999998,-0.8660254037844388,0,3,1,0,0,0,0.3882894736842104,0.1944195059691359,43.256578947368425,2.948677088812406,-8.202763157894736,-0.4723937981631176,0.0,0.0,1,0,0,4.23,0.0,1,0,21.94,21.99,28.7,10427.95,12523.96,12937.96,,12016.452500000001,1103.8593494757374,12116.552
2025-07-20,CP37,Gatineau,IN,8292.95,20.0,20,21.93,32.2,44.1,92.08,3,0,3,0,0,7,29,2025,-0.3546048870425356,-0.9350162426854148,0.6631226582407952,0.7485107481711011,-0.4999999999999998,-0.8660254037844388,0,3,1,0,0,0,0.0882894736842097,0.04420721399704812,2.556578947368429,0.17427466413878392,3.3672368421052568,0.19391780190873295,0.0,0.0,1,0,0,3.9299999999999997,0.0,1,0,22.23,21.94,84.8,13591.94,10427.95,12175.94,,12179.947500000002,1314.2271138423268,12362.449999999999
2025-07-27,CP37,Gatineau,IN,4346.99,13.0,13,21.23,32.5,6.6,93.39,3,0,3,0,0,7,30,2025,-0.46472317204376806,-0.8854560256532101,0.8229838658936558,0.5680647467311567,-0.4999999999999998,-0.8660254037844388,0,3,1,0,0,0,-0.6117105263157896,-0.30628813393782217,-34.94342105263157,-2.381992926162465,4.677236842105259,0.26936016976475075,0.0,0.0,1,0,0,3.2300000000000004,0.0,0,0,21.93,22.23,44.1,8292.95,13591.94,12523.96,,11209.2,2346.6933750989565,11781.092857142856
2025-08-03,CP37,Gatineau,IN,2584.98,7.0,7,21.64,33.0,0.5,95.17,2,0,2,0,0,8,31,2025,-0.5680647467311556,-0.8229838658936565,0.9350162426854147,0.354604887042536,-0.8660254037844384,-0.5000000000000004,0,3,1,0,0,0,1.1359782608695639,0.56879299398561,-9.498913043478263,-0.6475136948302208,13.413260869565221,0.7724642447866161,0.0,0.0,1,0,0,3.6400000000000006,0.0,0,0,21.23,21.93,6.6,4346.99,8292.95,10427.95,12516.95,9164.9575,3880.1431254304275,10851.83
2025-08-10,CP37,Gatineau,IN,1799.99,4.0,4,22.76,33.5,0.4,96.49,1,0,1,0,0,8,32,2025,-0.663122658240795,-0.7485107481711013,0.9927088740980539,0.12053668025532369,-0.8660254037844384,-0.5000000000000004,0,3,1,0,0,0,2.255978260869565,1.1295855506814036,-9.598913043478262,-0.6543304084043574,14.733260869565214,0.8484825085804657,0.0,0.0,1,0,0,4.760000000000002,0.0,0,0,21.64,21.23,0.5,2584.98,4346.99,13591.94,12937.96,7204.215,4881.579022601192,9933.29111111111
2025-08-17,CP37,Gatineau,IN,0.0,2.0,2,23.16,33.1,6.5,84.97,2,0,2,0,0,8,33,2025,-0.7485107481711011,-0.6631226582407952,0.992708874098054,-0.12053668025532309,-0.8660254037844384,-0.5000000000000004,0,3,1,0,0,0,2.6559782608695635,1.329868606644186,-3.4989130434782627,-0.238510880382021,3.213260869565218,0.18505038819777594,0.0,0.0,1,0,0,5.16,0.0,0,0,22.76,21.64,0.4,1799.99,2584.98,8292.95,12175.94,4256.2275,2894.220518900557,9119.961
2025-08-24,CP37,Gatineau,IN,0.0,4.0,4,19.47,27.9,12.0,67.61,4,0,4,0,0,8,34,2025,-0.8229838658936564,-0.5680647467311559,0.9350162426854149,-0.35460488704253545,-0.8660254037844384,-0.5000000000000004,0,3,1,0,0,0,-1.0340217391304378,-0.5177425846124898,2.0010869565217373,0.1364083661954955,-14.146739130434781,-0.8147049598789166,0.0,0.0,0,0,0,1.4699999999999989,0.0,1,0,23.16,22.76,6.5,0.0,1799.99,4346.99,12523.96,2182.99,1803.3881353533795,8290.873636363636
2025-08-31,CP37,Gatineau,IN,0.0,1.0,1,15.5,23.1,30.3,63.83,6,0,6,0,0,8,35,2025,-0.8854560256532096,-0.4647231720437691,0.8229838658936571,-0.5680647467311547,-0.8660254037844384,-0.5000000000000004,0,3,1,0,0,0,-5.004021739130437,-2.5055519150431125,20.301086956521736,1.383866950262505,-17.926739130434783,-1.0323936243794867,0.0,0.0,0,0,0,0.0,2.5,1,0,19.47,23.16,12.0,0.0,0.0,2584.98,10427.95,1096.2425,1305.76862744707,7599.9675
2025-06-08,CP37,Gatineau,LI,2504.93,17.0,17,18.1,23.4,0.0,13.52,0,0,0,0,0,6,23,2025,0.35460488704253584,-0.9350162426854147,-0.6631226582407956,0.7485107481711007,1.2246467991473532e-16,-1.0,0,2,1,0,0,0,-1.171125,-0.5863912347860363,-21.19625,-1.4448876509579425,-48.56524999999999,-2.796853019480506,0.0,0.0,0,0,0,0.10000000000000142,0.0,0,0,,,,,,,,,,
2025-06-15,CP37,Gatineau,LI,1862.9,15.0,15,16.27,24.0,18.2,86.74,3,0,3,0,0,6,24,2025,0.23931566428755768,-0.970941817426052,-0.4647231720437684,0.88545602565321,1.2246467991473532e-16,-1.0,0,2,1,0,0,0,-3.001125000000002,-1.5026862158157703,-2.99625,-0.20424578046506978,24.65475,1.4198570373268338,0.0,0.0,0,0,0,0.0,1.7300000000000004,1,0,18.1,,0.0,2504.93,,,,,,
2025-06-22,CP37,Gatineau,LI,1686.59,15.0,15,20.97,28.9,31.7,78.8,6,0,6,0,0,6,25,2025,0.12053668025532308,-0.992708874098054,-0.2393156642875578,0.970941817426052,1.2246467991473532e-16,-1.0,0,2,1,0,0,0,1.6988749999999975,0.8506396917469321,10.50375,0.7160105520433798,16.714750000000002,0.9625956626880702,0.0,0.0,1,0,0,2.969999999999999,0.0,1,0,16.27,18.1,18.2,1862.9,2504.93,,,2183.915,453.9837667251989,
2025-06-29,CP37,Gatineau,LI,1841.47,13.0,13,21.99,33.0,37.0,71.85,5,0,5,1,1,6,26,2025,-3.216245299353273e-16,-1.0,6.432490598706546e-16,1.0,1.2246467991473532e-16,-1.0,0,2,1,0,0,0,2.718874999999997,1.3613614844520292,15.80375,1.077296371472623,9.76475,0.5623479858946937,0.0,0.0,1,0,0,3.9899999999999984,0.0,1,0,20.97,16.27,31.7,1686.59,1862.9,,,2018.14,430.69093570680116,
2025-07-06,CP37,Gatineau,LI,1793.96,16.0,16,21.94,31.6,28.7,88.94,5,0,5,1,1,7,27,2025,-0.12053668025532283,-0.992708874098054,0.23931566428755732,0.9709418174260521,-0.4999999999999998,-0.8660254037844388,0,3,1,0,0,0,0.09828947368421126,0.04921429039611848,-12.843421052631573,-0.8754992262782624,0.2272368421052562,0.013086477429423319,0.0,0.0,1,0,0,3.9400000000000013,0.0,1,0,21.99,20.97,37.0,1841.47,1686.59,2504.93,,1973.9724999999999,362.582671435081,1973.9724999999999
2025-07-13,CP37,Gatineau,LI,734.98,9.0,9,22.23,30.0,84.8,80.51,4,0,4,0,0,7,28,2025,-0.23931566428755743,-0.9709418174260521,0.46472317204376795,0.8854560256532102,-0.4999999999999998,-0.8660254037844388,0,3,1,0,0,0,0.3882894736842104,0.1944195059691359,43.256578947368425,2.948677088812406,-8.202763157894736,-0.4723937981631176,0.0,0.0,1,0,0,4.23,0.0,1,0,21.94,21.99,28.7,1793.96,1841.47,1862.9,,1796.23,78.56553315544885,1937.97
2025-07-20,CP37,Gatineau,LI,2831.92,19.0,19,21.93,32.2,44.1,92.08,3,0,3,0,0,7,29,2025,-0.3546048870425356,-0.9350162426854148,0.6631226582407952,0.7485107481711011,-0.4999999999999998,-0.8660254037844388,0,3,1,0,0,0,0.0882894736842097,0.04420721399704812,2.556578947368429,0.17427466413878392,3.3672368421052568,0.19391780190873295,0.0,0.0,1,0,0,3.9299999999999997,0.0,1,0,22.23,21.94,84.8,734.98,1793.96,1686.59,,1514.25,523.5371432222676,1737.4716666666666
2025-07-27,CP37,Gatineau,LI,3859.92,17.0,17,21.23,32.5,6.6,93.39,3,0,3,0,0,7,30,2025,-0.46472317204376806,-0.8854560256532101,0.8229838658936558,0.5680647467311567,-0.4999999999999998,-0.8660254037844388,0,3,1,0,0,0,-0.6117105263157896,-0.30628813393782217,-34.94342105263157,-2.381992926162465,4.677236842105259,0.26936016976475075,0.0,0.0,1,0,0,3.2300000000000004,0.0,0,0,21.93,22.23,44.1,2831.92,734.98,1841.47,,1800.5825,856.5203582081397,1893.8214285714287
2025-08-03,CP37,Gatineau,LI,1614.93,16.0,16,21.64,33.0,0.5,95.17,2,0,2,0,0,8,31,2025,-0.5680647467311556,-0.8229838658936565,0.9350162426854147,0.354604887042536,-0.8660254037844384,-0.5000000000000004,0,3,1,0,0,0,1.1359782608695639,0.56879299398561,-9.498913043478263,-0.6475136948302208,13.413260869565221,0.7724642447866161,0.0,0.0,1,0,0,3.6400000000000006,0.0,0,0,21.23,21.93,6.6,3859.92,2831.92,1793.96,2504.93,2305.195,1344.3146237271492,2139.58375
2025-08-10,CP37,Gatineau,LI,1814.92,16.0,16,22.76,33.5,0.4,96.49,1,0,1,0,0,8,32,2025,-0.663122658240795,-0.7485107481711013,0.9927088740980539,0.12053668025532369,-0.8660254037844384,-0.5000000000000004,0,3,1,0,0,0,2.255978260869565,1.1295855506814036,-9.598913043478262,-0.6543304084043574,14.733260869565214,0.8484825085804657,0.0,0.0,1,0,0,4.760000000000002,0.0,0,0,21.64,21.23,0.5,1614.93,3859.92,734.98,1862.9,2260.4375,1369.7490077230696,2081.288888888889
2025-08-17,CP37,Gatineau,LI,1034.95,9.0,9,23.16,33.1,6.5,84.97,2,0,2,0,0,8,33,2025,-0.7485107481711011,-0.6631226582407952,0.992708874098054,-0.12053668025532309,-0.8660254037844384,-0.5000000000000004,0,3,1,0,0,0,2.6559782608695635,1.329868606644186,-3.4989130434782627,-0.238510880382021,3.213260869565218,0.18505038819777594,0.0,0.0,1,0,0,5.16,0.0,0,0,22.76,21.64,0.4,1814.92,1614.93,2831.92,1686.59,2530.4225,1034.1719215673638,2054.652
2025-08-24,CP37,Gatineau,LI,223.99,2.0,4,19.47,27.9,12.0,67.61,4,0,4,0,0,8,34,2025,-0.8229838658936564,-0.5680647467311559,0.9350162426854149,-0.35460488704253545,-0.8660254037844384,-0.5000000000000004,0,3,1,0,0,0,-1.0340217391304378,-0.5177425846124898,2.0010869565217373,0.1364083661954955,-14.146739130434781,-0.8147049598789166,0.0,0.0,0,0,0,1.4699999999999989,0.0,1,0,23.16,22.76,6.5,1034.95,1814.92,3859.92,1841.47,2081.1800000000003,1231.0966182771087,1961.9518181818182
2025-08-31,CP37,Gatineau,LI,179.98,4.0,4,15.5,23.1,30.3,63.83,6,0,6,0,0,8,35,2025,-0.8854560256532096,-0.4647231720437691,0.8229838658936571,-0.5680647467311547,-0.8660254037844384,-0.5000000000000004,0,3,1,0,0,0,-5.004021739130437,-2.5055519150431125,20.301086956521736,1.383866950262505,-17.926739130434783,-1.0323936243794867,0.0,0.0,0,0,0,0.0,2.5,1,0,19.47,23.16,12.0,223.99,1034.95,1614.93,1793.96,1172.1975,713.4513807015853,1817.1216666666667
2025-09-07,CP37,Gatineau,LI,89.99,2.0,2,16.53,24.9,15.5,69.78,4,0,4,1,1,9,36,2025,-0.9350162426854147,-0.3546048870425359,0.6631226582407956,-0.7485107481711007,-1.0,-1.8369701987210297e-16,0,3,0,0,1,0,0.6566666666666663,0.3287980168722356,5.166666666666666,0.3521968679970609,-2.969999999999999,-0.1710410935361622,0.0,0.0,0,0,0,0.0,1.4699999999999989,1,0,15.5,19.47,30.3,179.98,223.99,1814.92,734.98,813.4599999999999,774.7584016969406,1623.3758333333333
2025-06-08,CP37,Gatineau,LO,1395.46,104.0,81,18.1,23.4,0.0,13.52,0,0,0,0,0,6,23,2025,0.35460488704253584,-0.9350162426854147,-0.6631226582407956,0.7485107481711007,1.2246467991473532e-16,-1.0,0,2,1,0,0,0,-1.171125,-0.5863912347860363,-21.19625,-1.4448876509579425,-48.56524999999999,-2.796853019480506,0.0,0.0,0,0,0,0.10000000000000142,0.0,0,0,,,,,,,,,,
2025-06-15,CP37,Gatineau,LO,2369.23,127.0,107,16.27,24.0,18.2,86.74,3,0,3,0,0,6,24,2025,0.23931566428755768,-0.970941817426052,-0.4647231720437684,0.88545602565321,1.2246467991473532e-16,-1.0,0,2,1,0,0,0,-3.001125000000002,-1.5026862158157703,-2.99625,-0.20424578046506978,24.65475,1.4198570373268338,0.0,0.0,0,0,0,0.0,1.7300000000000004,1,0,18.1,,0.0,1395.46,,,,,,
2025-06-22,CP37,Gatineau,LO,3089.12,204.0,160,20.97,28.9,31.7,78.8,6,0,6,0,0,6,25,2025,0.12053668025532308,-0.992708874098054,-0.2393156642875578,0.970941817426052,1.2246467991473532e-16,-1.0,0,2,1,0,0,0,1.6988749999999975,0.8506396917469321,10.50375,0.7160105520433798,16.714750000000002,0.9625956626880702,0.0,0.0,1,0,0,2.969999999999999,0.0,1,0,16.27,18.1,18.2,2369.23,1395.46,,,1882.345,688.5593703160243,
2025-06-29,CP37,Gatineau,LO,4376.1,278.0,217,21.99,33.0,37.0,71.85,5,0,5,1,1,6,26,2025,-3.216245299353273e-16,-1.0,6.432490598706546e-16,1.0,1.2246467991473532e-16,-1.0,0,2,1,0,0,0,2.718874999999997,1.3613614844520292,15.80375,1.077296371472623,9.76475,0.5623479858946937,0.0,0.0,1,0,0,3.9899999999999984,0.0,1,0,20.97,16.27,31.7,3089.12,2369.23,,,2284.603333333333,849.9954725957857,
2025-07-06,CP37,Gatineau,LO,2388.87,163.0,133,21.94,31.6,28.7,88.94,5,0,5,1,1,7,27,2025,-0.12053668025532283,-0.992708874098054,0.23931566428755732,0.9709418174260521,-0.4999999999999998,-0.8660254037844388,0,3,1,0,0,0,0.09828947368421126,0.04921429039611848,-12.843421052631573,-0.8754992262782624,0.2272368421052562,0.013086477429423319,0.0,0.0,1,0,0,3.9400000000000013,0.0,1,0,21.99,20.97,37.0,4376.1,3089.12,1395.46,,2807.4775,1255.0900813454255,2807.4775
2025-07-13,CP37,Gatineau,LO,5353.72,128.0,80,22.23,30.0,84.8,80.51,4,0,4,0,0,7,28,2025,-0.23931566428755743,-0.9709418174260521,0.46472317204376795,0.8854560256532102,-0.4999999999999998,-0.8660254037844388,0,3,1,0,0,0,0.3882894736842104,0.1944195059691359,43.256578947368425,2.948677088812406,-8.202763157894736,-0.4723937981631176,0.0,0.0,1,0,0,4.23,0.0,1,0,21.94,21.99,28.7,2388.87,4376.1,2369.23,,3055.83,941.7140929531994,2723.756
2025-07-20,CP37,Gatineau,LO,3835.06,194.0,162,21.93,32.2,44.1,92.08,3,0,3,0,0,7,29,2025,-0.3546048870425356,-0.9350162426854148,0.6631226582407952,0.7485107481711011,-0.4999999999999998,-0.8660254037844388,0,3,1,0,0,0,0.0882894736842097,0.04420721399704812,2.556578947368429,0.17427466413878392,3.3672368421052568,0.19391780190873295,0.0,0.0,1,0,0,3.9299999999999997,0.0,1,0,22.23,21.94,84.8,5353.72,2388.87,3089.12,,3801.9525,1321.9379777023078,3162.0833333333335
2025-07-27,CP37,Gatineau,LO,2153.4,166.0,124,21.23,32.5,6.6,93.39,3,0,3,0,0,7,30,2025,-0.46472317204376806,-0.8854560256532101,0.8229838658936558,0.5680647467311567,-0.4999999999999998,-0.8660254037844388,0,3,1,0,0,0,-0.6117105263157896,-0.30628813393782217,-34.94342105263157,-2.381992926162465,4.677236842105259,0.26936016976475075,0.0,0.0,1,0,0,3.2300000000000004,0.0,0,0,21.93,22.23,44.1,3835.06,5353.72,4376.1,,3988.4375,1237.7963434096635,3258.2228571428573
2025-08-03,CP37,Gatineau,LO,1972.0,150.0,107,21.64,33.0,0.5,95.17,2,0,2,0,0,8,31,2025,-0.5680647467311556,-0.8229838658936565,0.9350162426854147,0.354604887042536,-0.8660254037844384,-0.5000000000000004,0,3,1,0,0,0,1.1359782608695639,0.56879299398561,-9.498913043478263,-0.6475136948302208,13.413260869565221,0.7724642447866161,0.0,0.0,1,0,0,3.6400000000000006,0.0,0,0,21.23,21.93,6.6,2153.4,3835.06,2388.87,1395.46,3432.7625,1480.8106961250426,3120.12
2025-08-10,CP37,Gatineau,LO,1641.84,116.0,99,22.76,33.5,0.4,96.49,1,0,1,0,0,8,32,2025,-0.663122658240795,-0.7485107481711013,0.9927088740980539,0.12053668025532369,-0.8660254037844384,-0.5000000000000004,0,3,1,0,0,0,2.255978260869565,1.1295855506814036,-9.598913043478262,-0.6543304084043574,14.733260869565214,0.8484825085804657,0.0,0.0,1,0,0,4.760000000000002,0.0,0,0,21.64,21.23,0.5,1972.0,2153.4,5353.72,2369.23,3328.545,1589.4518272977007,2992.551111111111
2025-08-17,CP37,Gatineau,LO,2325.99,158.0,131,23.16,33.1,6.5,84.97,2,0,2,0,0,8,33,2025,-0.7485107481711011,-0.6631226582407952,0.992708874098054,-0.12053668025532309,-0.8660254037844384,-0.5000000000000004,0,3,1,0,0,0,2.6559782608695635,1.329868606644186,-3.4989130434782627,-0.238510880382021,3.213260869565218,0.18505038819777594,0.0,0.0,1,0,0,5.16,0.0,0,0,22.76,21.64,0.4,1641.84,1972.0,3835.06,3089.12,2400.575,979.4893272687217,2857.48
2025-08-24,CP37,Gatineau,LO,940.53,62.0,48,19.47,27.9,12.0,67.61,4,0,4,0,0,8,34,2025,-0.8229838658936564,-0.5680647467311559,0.9350162426854149,-0.35460488704253545,-0.8660254037844384,-0.5000000000000004,0,3,1,0,0,0,-1.0340217391304378,-0.5177425846124898,2.0010869565217373,0.1364083661954955,-14.146739130434781,-0.8147049598789166,0.0,0.0,0,0,0,1.4699999999999989,0.0,1,0,23.16,22.76,6.5,2325.99,1641.84,2153.4,4376.1,2023.3075000000001,292.51248832314747,2809.1627272727274
2025-08-31,CP37,Gatineau,LO,445.22,28.0,26,15.5,23.1,30.3,63.83,6,0,6,0,0,8,35,2025,-0.8854560256532096,-0.4647231720437691,0.8229838658936571,-0.5680647467311547,-0.8660254037844384,-0.5000000000000004,0,3,1,0,0,0,-5.004021739130437,-2.5055519150431125,20.301086956521736,1.383866950262505,-17.926739130434783,-1.0323936243794867,0.0,0.0,0,0,0,0.0,2.5,1,0,19.47,23.16,12.0,940.53,2325.99,1972.0,2388.87,1720.09,590.0311613804812,2653.443333333333
2025-09-07,CP37,Gatineau,LO,242.54,21.0,10,16.53,24.9,15.5,69.78,4,0,4,1,1,9,36,2025,-0.9350162426854147,-0.3546048870425359,0.6631226582407956,-0.7485107481711007,-1.0,-1.8369701987210297e-16,0,3,0,0,1,0,0.6566666666666663,0.3287980168722356,5.166666666666666,0.3521968679970609,-2.969999999999999,-0.1710410935361622,0.0,0.0,0,0,0,0.0,1.4699999999999989,1,0,15.5,19.47,30.3,445.22,940.53,1641.84,5353.72,1338.395,821.2756116554291,2574.2566666666667
2025-06-08,CP37,Gatineau,ME,34591.76,177.0,126,18.1,23.4,0.0,13.52,0,0,0,0,0,6,23,2025,0.35460488704253584,-0.9350162426854147,-0.6631226582407956,0.7485107481711007,1.2246467991473532e-16,-1.0,0,2,1,0,0,0,-1.171125,-0.5863912347860363,-21.19625,-1.4448876509579425,-48.56524999999999,-2.796853019480506,0.0,0.0,0,0,0,0.10000000000000142,0.0,0,0,,,,,,,,,,
2025-06-15,CP37,Gatineau,ME,39460.49,222.0,130,16.27,24.0,18.2,86.74,3,0,3,0,0,6,24,2025,0.23931566428755768,-0.970941817426052,-0.4647231720437684,0.88545602565321,1.2246467991473532e-16,-1.0,0,2,1,0,0,0,-3.001125000000002,-1.5026862158157703,-2.99625,-0.20424578046506978,24.65475,1.4198570373268338,0.0,0.0,0,0,0,0.0,1.7300000000000004,1,0,18.1,,0.0,34591.76,,,,,,
2025-06-22,CP37,Gatineau,ME,47016.61,213.0,121,20.97,28.9,31.7,78.8,6,0,6,0,0,6,25,2025,0.12053668025532308,-0.992708874098054,-0.2393156642875578,0.970941817426052,1.2246467991473532e-16,-1.0,0,2,1,0,0,0,1.6988749999999975,0.8506396917469321,10.50375,0.7160105520433798,16.714750000000002,0.9625956626880702,0.0,0.0,1,0,0,2.969999999999999,0.0,1,0,16.27,18.1,18.2,39460.49,34591.76,,,37026.125,3442.711998766377,
2025-06-29,CP37,Gatineau,ME,30403.1,105.0,67,21.99,33.0,37.0,71.85,5,0,5,1,1,6,26,2025,-3.216245299353273e-16,-1.0,6.432490598706546e-16,1.0,1.2246467991473532e-16,-1.0,0,2,1,0,0,0,2.718874999999997,1.3613614844520292,15.80375,1.077296371472623,9.76475,0.5623479858946937,0.0,0.0,1,0,0,3.9899999999999984,0.0,1,0,20.97,16.27,31.7,47016.61,39460.49,,,40356.28666666667,6260.675932487908,
2025-07-06,CP37,Gatineau,ME,36314.05,153.0,96,21.94,31.6,28.7,88.94,5,0,5,1,1,7,27,2025,-0.12053668025532283,-0.992708874098054,0.23931566428755732,0.9709418174260521,-0.4999999999999998,-0.8660254037844388,0,3,1,0,0,0,0.09828947368421126,0.04921429039611848,-12.843421052631573,-0.8754992262782624,0.2272368421052562,0.013086477429423319,0.0,0.0,1,0,0,3.9400000000000013,0.0,1,0,21.99,20.97,37.0,30403.1,47016.61,34591.76,,37867.99,7134.226654641692,37867.99
2025-07-13,CP37,Gatineau,ME,33378.67,134.0,79,22.23,30.0,84.8,80.51,4,0,4,0,0,7,28,2025,-0.23931566428755743,-0.9709418174260521,0.46472317204376795,0.8854560256532102,-0.4999999999999998,-0.8660254037844388,0,3,1,0,0,0,0.3882894736842104,0.1944195059691359,43.256578947368425,2.948677088812406,-8.202763157894736,-0.4723937981631176,0.0,0.0,1,0,0,4.23,0.0,1,0,21.94,21.99,28.7,36314.05,30403.1,39460.49,,38298.5625,6919.321876192661,37557.202000000005
2025-07-20,CP37,Gatineau,ME,35054.32,162.0,98,21.93,32.2,44.1,92.08,3,0,3,0,0,7,29,2025,-0.3546048870425356,-0.9350162426854148,0.6631226582407952,0.7485107481711011,-0.4999999999999998,-0.8660254037844388,0,3,1,0,0,0,0.0882894736842097,0.04420721399704812,2.556578947368429,0.17427466413878392,3.3672368421052568,0.19391780190873295,0.0,0.0,1,0,0,3.9299999999999997,0.0,1,0,22.23,21.94,84.8,33378.67,36314.05,47016.61,,36778.1075,7239.6864284598,36860.78
2025-07-27,CP37,Gatineau,ME,39567.11,109.0,74,21.23,32.5,6.6,93.39,3,0,3,0,0,7,30,2025,-0.46472317204376806,-0.8854560256532101,0.8229838658936558,0.5680647467311567,-0.4999999999999998,-0.8660254037844388,0,3,1,0,0,0,-0.6117105263157896,-0.30628813393782217,-34.94342105263157,-2.381992926162465,4.677236842105259,0.26936016976475075,0.0,0.0,1,0,0,3.2300000000000004,0.0,0,0,21.93,22.23,44.1,35054.32,33378.67,30403.1,,33787.535,2556.6640464284687,36602.71428571428
2025-08-03,CP37,Gatineau,ME,34357.52,142.0,97,21.64,33.0,0.5,95.17,2,0,2,0,0,8,31,2025,-0.5680647467311556,-0.8229838658936565,0.9350162426854147,0.354604887042536,-0.8660254037844384,-0.5000000000000004,0,3,1,0,0,0,1.1359782608695639,0.56879299398561,-9.498913043478263,-0.6475136948302208,13.413260869565221,0.7724642447866161,0.0,0.0,1,0,0,3.6400000000000006,0.0,0,0,21.23,21.93,6.6,39567.11,35054.32,36314.05,34591.76,36078.5375,2618.136120110072,36973.26375
2025-08-10,CP37,Gatineau,ME,42547.78,143.0,89,22.76,33.5,0.4,96.49,1,0,1,0,0,8,32,2025,-0.663122658240795,-0.7485107481711013,0.9927088740980539,0.12053668025532369,-0.8660254037844384,-0.5000000000000004,0,3,1,0,0,0,2.255978260869565,1.1295855506814036,-9.598913043478262,-0.6543304084043574,14.733260869565214,0.8484825085804657,0.0,0.0,1,0,0,4.760000000000002,0.0,0,0,21.64,21.23,0.5,34357.52,39567.11,33378.67,39460.49,35589.405,2739.4246912870854,36682.625555555554
2025-08-17,CP37,Gatineau,ME,33549.39,105.0,69,23.16,33.1,6.5,84.97,2,0,2,0,0,8,33,2025,-0.7485107481711011,-0.6631226582407952,0.992708874098054,-0.12053668025532309,-0.8660254037844384,-0.5000000000000004,0,3,1,0,0,0,2.6559782608695635,1.329868606644186,-3.4989130434782627,-0.238510880382021,3.213260869565218,0.18505038819777594,0.0,0.0,1,0,0,5.16,0.0,0,0,22.76,21.64,0.4,42547.78,34357.52,35054.32,47016.61,37881.682499999995,3874.137829680101,37269.140999999996
2025-08-24,CP37,Gatineau,ME,21722.93,109.0,64,19.47,27.9,12.0,67.61,4,0,4,0,0,8,34,2025,-0.8229838658936564,-0.5680647467311559,0.9350162426854149,-0.35460488704253545,-0.8660254037844384,-0.5000000000000004,0,3,1,0,0,0,-1.0340217391304378,-0.5177425846124898,2.0010869565217373,0.1364083661954955,-14.146739130434781,-0.8147049598789166,0.0,0.0,0,0,0,1.4699999999999989,0.0,1,0,23.16,22.76,6.5,33549.39,42547.78,39567.11,30403.1,37505.45,4290.897644743669,36930.98181818182
2025-08-31,CP37,Gatineau,ME,15024.29,76.0,48,15.5,23.1,30.3,63.83,6,0,6,0,0,8,35,2025,-0.8854560256532096,-0.4647231720437691,0.8229838658936571,-0.5680647467311547,-0.8660254037844384,-0.5000000000000004,0,3,1,0,0,0,-5.004021739130437,-2.5055519150431125,20.301086956521736,1.383866950262505,-17.926739130434783,-1.0323936243794867,0.0,0.0,0,0,0,0.0,2.5,1,0,19.47,23.16,12.0,21722.93,33549.39,34357.52,36314.05,33044.405,8572.615575573569,35663.644166666665
2025-09-07,CP37,Gatineau,ME,13102.24,69.0,49,16.53,24.9,15.5,69.78,4,0,4,1,1,9,36,2025,-0.9350162426854147,-0.3546048870425359,0.6631226582407956,-0.7485107481711007,-1.0,-1.8369701987210297e-16,0,3,0,0,1,0,0.6566666666666663,0.3287980168722356,5.166666666666666,0.3521968679970609,-2.969999999999999,-0.1710410935361622,0.0,0.0,0,0,0,0.0,1.4699999999999989,1,0,15.5,19.47,30.3,15024.29,21722.93,42547.78,33378.67,28211.097500000003,12247.803088329405,34033.02166666667
2025-09-14,CP37,Gatineau,ME,1810.9,10.0,9,14.56,21.5,0.0,78.69,0,0,0,0,0,9,37,2025,-0.970941817426052,-0.23931566428755774,0.4647231720437685,-0.8854560256532099,-1.0,-1.8369701987210297e-16,0,3,0,0,1,0,-1.3133333333333344,-0.6575960337444721,-10.333333333333334,-0.7043937359941219,5.939999999999998,0.3420821870723244,0.0,0.0,0,0,0,0.0,3.4399999999999995,0,0,16.53,15.5,15.5,13102.24,15024.29,33549.39,35054.32,20849.7125,9237.661948929017,31836.500833333335
2025-06-08,CP37,Gatineau,MK,35.76,158.0,139,18.1,23.4,0.0,13.52,0,0,0,0,0,6,23,2025,0.35460488704253584,-0.9350162426854147,-0.6631226582407956,0.7485107481711007,1.2246467991473532e-16,-1.0,0,2,1,0,0,0,-1.171125,-0.5863912347860363,-21.19625,-1.4448876509579425,-48.56524999999999,-2.796853019480506,0.0,0.0,0,0,0,0.10000000000000142,0.0,0,0,,,,,,,,,,
2025-06-15,CP37,Gatineau,MK,29.84,135.0,116,16.27,24.0,18.2,86.74,3,0,3,0,0,6,24,2025,0.23931566428755768,-0.970941817426052,-0.4647231720437684,0.88545602565321,1.2246467991473532e-16,-1.0,0,2,1,0,0,0,-3.001125000000002,-1.5026862158157703,-2.99625,-0.20424578046506978,24.65475,1.4198570373268338,0.0,0.0,0,0,0,0.0,1.7300000000000004,1,0,18.1,,0.0,35.76,,,,,,
2025-06-22,CP37,Gatineau,MK,112.87,117.0,102,20.97,28.9,31.7,78.8,6,0,6,0,0,6,25,2025,0.12053668025532308,-0.992708874098054,-0.2393156642875578,0.970941817426052,1.2246467991473532e-16,-1.0,0,2,1,0,0,0,1.6988749999999975,0.8506396917469321,10.50375,0.7160105520433798,16.714750000000002,0.9625956626880702,0.0,0.0,1,0,0,2.969999999999999,0.0,1,0,16.27,18.1,18.2,29.84,35.76,,,32.8,4.186072144624359,
2025-06-29,CP37,Gatineau,MK,34.61,18.0,15,21.99,33.0,37.0,71.85,5,0,5,1,1,6,26,2025,-3.216245299353273e-16,-1.0,6.432490598706546e-16,1.0,1.2246467991473532e-16,-1.0,0,2,1,0,0,0,2.718874999999997,1.3613614844520292,15.80375,1.077296371472623,9.76475,0.5623479858946937,0.0,0.0,1,0,0,3.9899999999999984,0.0,1,0,20.97,16.27,31.7,112.87,29.84,,,59.49,46.32310330709721,
2025-07-06,CP37,Gatineau,MK,649.42,110.0,100,21.94,31.6,28.7,88.94,5,0,5,1,1,7,27,2025,-0.12053668025532283,-0.992708874098054,0.23931566428755732,0.9709418174260521,-0.4999999999999998,-0.8660254037844388,0,3,1,0,0,0,0.09828947368421126,0.04921429039611848,-12.843421052631573,-0.8754992262782624,0.2272368421052562,0.013086477429423319,0.0,0.0,1,0,0,3.9400000000000013,0.0,1,0,21.99,20.97,37.0,34.61,112.87,35.76,,53.269999999999996,39.81591222949271,53.269999999999996
2025-07-13,CP37,Gatineau,MK,162.19,60.0,58,22.23,30.0,84.8,80.51,4,0,4,0,0,7,28,2025,-0.23931566428755743,-0.9709418174260521,0.46472317204376795,0.8854560256532102,-0.4999999999999998,-0.8660254037844388,0,3,1,0,0,0,0.3882894736842104,0.1944195059691359,43.256578947368425,2.948677088812406,-8.202763157894736,-0.4723937981631176,0.0,0.0,1,0,0,4.23,0.0,1,0,21.94,21.99,28.7,649.42,34.61,29.84,,206.685,297.6012399727752,172.5
2025-07-20,CP37,Gatineau,MK,289.9,23.0,18,21.93,32.2,44.1,92.08,3,0,3,0,0,7,29,2025,-0.3546048870425356,-0.9350162426854148,0.6631226582407952,0.7485107481711011,-0.4999999999999998,-0.8660254037844388,0,3,1,0,0,0,0.0882894736842097,0.04420721399704812,2.556578947368429,0.17427466413878392,3.3672368421052568,0.19391780190873295,0.0,0.0,1,0,0,3.9299999999999997,0.0,1,0,22.23,21.94,84.8,162.19,649.42,112.87,,239.77249999999998,278.1043056570682,170.78166666666664
2025-07-27,CP37,Gatineau,MK,590.13,26.0,22,21.23,32.5,6.6,93.39,3,0,3,0,0,7,30,2025,-0.46472317204376806,-0.8854560256532101,0.8229838658936558,0.5680647467311567,-0.4999999999999998,-0.8660254037844388,0,3,1,0,0,0,-0.6117105263157896,-0.30628813393782217,-34.94342105263157,-2.381992926162465,4.677236842105259,0.26936016976475075,0.0,0.0,1,0,0,3.2300000000000004,0.0,0,0,21.93,22.23,44.1,289.9,162.19,34.61,,284.03,264.95259387294175,187.79857142857142
2025-08-03,CP37,Gatineau,MK,306.93,14.0,12,21.64,33.0,0.5,95.17,2,0,2,0,0,8,31,2025,-0.5680647467311556,-0.8229838658936565,0.9350162426854147,0.354604887042536,-0.8660254037844384,-0.5000000000000004,0,3,1,0,0,0,1.1359782608695639,0.56879299398561,-9.498913043478263,-0.6475136948302208,13.413260869565221,0.7724642447866161,0.0,0.0,1,0,0,3.6400000000000006,0.0,0,0,21.23,21.93,6.6,590.13,289.9,649.42,35.76,422.90999999999997,234.47522043917567,238.08999999999997
2025-08-10,CP37,Gatineau,MK,18.93,7.0,6,22.76,33.5,0.4,96.49,1,0,1,0,0,8,32,2025,-0.663122658240795,-0.7485107481711013,0.9927088740980539,0.12053668025532369,-0.8660254037844384,-0.5000000000000004,0,3,1,0,0,0,2.255978260869565,1.1295855506814036,-9.598913043478262,-0.6543304084043574,14.733260869565214,0.8484825085804657,0.0,0.0,1,0,0,4.760000000000002,0.0,0,0,21.64,21.23,0.5,306.93,590.13,162.19,29.84,337.28749999999997,180.51372734042516,245.73888888888885
2025-08-17,CP37,Gatineau,MK,13.92,13.0,13,23.16,33.1,6.5,84.97,2,0,2,0,0,8,33,2025,-0.7485107481711011,-0.6631226582407952,0.992708874098054,-0.12053668025532309,-0.8660254037844384,-0.5000000000000004,0,3,1,0,0,0,2.6559782608695635,1.329868606644186,-3.4989130434782627,-0.238510880382021,3.213260869565218,0.18505038819777594,0.0,0.0,1,0,0,5.16,0.0,0,0,22.76,21.64,0.4,18.93,306.93,289.9,112.87,301.4724999999999,233.32175471867174,223.058
2025-08-24,CP37,Gatineau,MK,24.93,14.0,11,19.47,27.9,12.0,67.61,4,0,4,0,0,8,34,2025,-0.8229838658936564,-0.5680647467311559,0.9350162426854149,-0.35460488704253545,-0.8660254037844384,-0.5000000000000004,0,3,1,0,0,0,-1.0340217391304378,-0.5177425846124898,2.0010869565217373,0.1364083661954955,-14.146739130434781,-0.8147049598789166,0.0,0.0,0,0,0,1.4699999999999989,0.0,1,0,23.16,22.76,6.5,13.92,18.93,590.13,34.61,232.47749999999996,274.9717567769461,204.04545454545453
2025-08-31,CP37,Gatineau,MK,101.98,7.0,7,15.5,23.1,30.3,63.83,6,0,6,0,0,8,35,2025,-0.8854560256532096,-0.4647231720437691,0.8229838658936571,-0.5680647467311547,-0.8660254037844384,-0.5000000000000004,0,3,1,0,0,0,-5.004021739130437,-2.5055519150431125,20.301086956521736,1.383866950262505,-17.926739130434783,-1.0323936243794867,0.0,0.0,0,0,0,0.0,2.5,1,0,19.47,23.16,12.0,24.93,13.92,306.93,649.42,91.17749999999995,143.90540304311028,189.11916666666664
2025-09-07,CP37,Gatineau,MK,17.94,7.0,5,16.53,24.9,15.5,69.78,4,0,4,1,1,9,36,2025,-0.9350162426854147,-0.3546048870425359,0.6631226582407956,-0.7485107481711007,-1.0,-1.8369701987210297e-16,0,3,0,0,1,0,0.6566666666666663,0.3287980168722356,5.166666666666666,0.3521968679970609,-2.969999999999999,-0.1710410935361622,0.0,0.0,0,0,0,0.0,1.4699999999999989,1,0,15.5,19.47,30.3,101.98,24.93,18.93,162.19,39.93999999999994,41.60417527123943,194.63749999999996
2025-06-08,CP37,Gatineau,PA,4759.95,27.0,28,18.1,23.4,0.0,13.52,0,0,0,0,0,6,23,2025,0.35460488704253584,-0.9350162426854147,-0.6631226582407956,0.7485107481711007,1.2246467991473532e-16,-1.0,0,2,1,0,0,0,-1.171125,-0.5863912347860363,-21.19625,-1.4448876509579425,-48.56524999999999,-2.796853019480506,0.0,0.0,0,0,0,0.10000000000000142,0.0,0,0,,,,,,,,,,
2025-06-15,CP37,Gatineau,PA,1476.84,17.0,17,16.27,24.0,18.2,86.74,3,0,3,0,0,6,24,2025,0.23931566428755768,-0.970941817426052,-0.4647231720437684,0.88545602565321,1.2246467991473532e-16,-1.0,0,2,1,0,0,0,-3.001125000000002,-1.5026862158157703,-2.99625,-0.20424578046506978,24.65475,1.4198570373268338,0.0,0.0,0,0,0,0.0,1.7300000000000004,1,0,18.1,,0.0,4759.95,,,,,,
2025-06-22,CP37,Gatineau,PA,1698.86,12.0,16,20.97,28.9,31.7,78.8,6,0,6,0,0,6,25,2025,0.12053668025532308,-0.992708874098054,-0.2393156642875578,0.970941817426052,1.2246467991473532e-16,-1.0,0,2,1,0,0,0,1.6988749999999975,0.8506396917469321,10.50375,0.7160105520433798,16.714750000000002,0.9625956626880702,0.0,0.0,1,0,0,2.969999999999999,0.0,1,0,16.27,18.1,18.2,1476.84,4759.95,,,3118.395,2321.509344381366,
2025-06-29,CP37,Gatineau,PA,4237.65,30.0,31,21.99,33.0,37.0,71.85,5,0,5,1,1,6,26,2025,-3.216245299353273e-16,-1.0,6.432490598706546e-16,1.0,1.2246467991473532e-16,-1.0,0,2,1,0,0,0,2.718874999999997,1.3613614844520292,15.80375,1.077296371472623,9.76475,0.5623479858946937,0.0,0.0,1,0,0,3.9899999999999984,0.0,1,0,20.97,16.27,31.7,1698.86,1476.84,,,2645.2166666666667,1834.7741069225206,
2025-07-06,CP37,Gatineau,PA,4538.17,33.0,33,21.94,31.6,28.7,88.94,5,0,5,1,1,7,27,2025,-0.12053668025532283,-0.992708874098054,0.23931566428755732,0.9709418174260521,-0.4999999999999998,-0.8660254037844388,0,3,1,0,0,0,0.09828947368421126,0.04921429039611848,-12.843421052631573,-0.8754992262782624,0.2272368421052562,0.013086477429423319,0.0,0.0,1,0,0,3.9400000000000013,0.0,1,0,21.99,20.97,37.0,4237.65,1698.86,4759.95,,3043.325,1696.5332286459936,3043.325
2025-07-13,CP37,Gatineau,PA,2963.76,15.0,15,22.23,30.0,84.8,80.51,4,0,4,0,0,7,28,2025,-0.23931566428755743,-0.9709418174260521,0.46472317204376795,0.8854560256532102,-0.4999999999999998,-0.8660254037844388,0,3,1,0,0,0,0.3882894736842104,0.1944195059691359,43.256578947368425,2.948677088812406,-8.202763157894736,-0.4723937981631176,0.0,0.0,1,0,0,4.23,0.0,1,0,21.94,21.99,28.7,4538.17,4237.65,1476.84,,2987.88,1623.7958183425237,3342.2940000000003
2025-07-20,CP37,Gatineau,PA,6169.8,30.0,29,21.93,32.2,44.1,92.08,3,0,3,0,0,7,29,2025,-0.3546048870425356,-0.9350162426854148,0.6631226582407952,0.7485107481711011,-0.4999999999999998,-0.8660254037844388,0,3,1,0,0,0,0.0882894736842097,0.04420721399704812,2.556578947368429,0.17427466413878392,3.3672368421052568,0.19391780190873295,0.0,0.0,1,0,0,3.9299999999999997,0.0,1,0,22.23,21.94,84.8,2963.76,4538.17,1698.86,,3359.6099999999997,1300.6082807927476,3279.205
2025-07-27,CP37,Gatineau,PA,2996.81,19.0,23,21.23,32.5,6.6,93.39,3,0,3,0,0,7,30,2025,-0.46472317204376806,-0.8854560256532101,0.8229838658936558,0.5680647467311567,-0.4999999999999998,-0.8660254037844388,0,3,1,0,0,0,-0.6117105263157896,-0.30628813393782217,-34.94342105263157,-2.381992926162465,4.677236842105259,0.26936016976475075,0.0,0.0,1,0,0,3.2300000000000004,0.0,0,0,21.93,22.23,44.1,6169.8,2963.76,4237.65,,4477.344999999999,1318.6479000476213,3692.1471428571426
2025-08-03,CP37,Gatineau,PA,2498.79,21.0,23,21.64,33.0,0.5,95.17,2,0,2,0,0,8,31,2025,-0.5680647467311556,-0.8229838658936565,0.9350162426854147,0.354604887042536,-0.8660254037844384,-0.5000000000000004,0,3,1,0,0,0,1.1359782608695639,0.56879299398561,-9.498913043478263,-0.6475136948302208,13.413260869565221,0.7724642447866161,0.0,0.0,1,0,0,3.6400000000000006,0.0,0,0,21.23,21.93,6.6,2996.81,6169.8,4538.17,4759.95,4167.135,1523.822613221981,3605.23
2025-08-10,CP37,Gatineau,PA,2164.57,21.0,21,22.76,33.5,0.4,96.49,1,0,1,0,0,8,32,2025,-0.663122658240795,-0.7485107481711013,0.9927088740980539,0.12053668025532369,-0.8660254037844384,-0.5000000000000004,0,3,1,0,0,0,2.255978260869565,1.1295855506814036,-9.598913043478262,-0.6543304084043574,14.733260869565214,0.8484825085804657,0.0,0.0,1,0,0,4.760000000000002,0.0,0,0,21.64,21.23,0.5,2498.79,2996.81,2963.76,1476.84,3657.29,1690.369431159946,3482.2922222222223
2025-08-17,CP37,Gatineau,PA,2044.83,17.0,16,23.16,33.1,6.5,84.97,2,0,2,0,0,8,33,2025,-0.7485107481711011,-0.6631226582407952,0.992708874098054,-0.12053668025532309,-0.8660254037844384,-0.5000000000000004,0,3,1,0,0,0,2.6559782608695635,1.329868606644186,-3.4989130434782627,-0.238510880382021,3.213260869565218,0.18505038819777594,0.0,0.0,1,0,0,5.16,0.0,0,0,22.76,21.64,0.4,2164.57,2498.79,6169.8,1698.86,3457.4925000000003,1840.253552718121,3350.5199999999995
2025-08-24,CP37,Gatineau,PA,4027.87,14.0,13,19.47,27.9,12.0,67.61,4,0,4,0,0,8,34,2025,-0.8229838658936564,-0.5680647467311559,0.9350162426854149,-0.35460488704253545,-0.8660254037844384,-0.5000000000000004,0,3,1,0,0,0,-1.0340217391304378,-0.5177425846124898,2.0010869565217373,0.1364083661954955,-14.146739130434781,-0.8147049598789166,0.0,0.0,0,0,0,1.4699999999999989,0.0,1,0,23.16,22.76,6.5,2044.83,2164.57,2996.81,4237.65,2426.25,426.12924643429756,3231.820909090909
2025-08-31,CP37,Gatineau,PA,2268.87,14.0,19,15.5,23.1,30.3,63.83,6,0,6,0,0,8,35,2025,-0.8854560256532096,-0.4647231720437691,0.8229838658936571,-0.5680647467311547,-0.8660254037844384,-0.5000000000000004,0,3,1,0,0,0,-5.004021739130437,-2.5055519150431125,20.301086956521736,1.383866950262505,-17.926739130434783,-1.0323936243794867,0.0,0.0,0,0,0,0.0,2.5,1,0,19.47,23.16,12.0,4027.87,2044.83,2498.79,4538.17,2684.0150000000003,916.2669068744814,3298.1583333333333
2025-09-07,CP37,Gatineau,PA,1168.94,6.0,8,16.53,24.9,15.5,69.78,4,0,4,1,1,9,36,2025,-0.9350162426854147,-0.3546048870425359,0.6631226582407956,-0.7485107481711007,-1.0,-1.8369701987210297e-16,0,3,0,0,1,0,0.6566666666666663,0.3287980168722356,5.166666666666666,0.3521968679970609,-2.969999999999999,-0.1710410935361622,0.0,0.0,0,0,0,0.0,1.4699999999999989,1,0,15.5,19.47,30.3,2268.87,4027.87,2164.57,2963.76,2626.535,938.6970407076659,3090.568333333333
2025-06-08,CP37,Gatineau,PC,76960.02,3588.0,2929,18.1,23.4,0.0,13.52,0,0,0,0,0,6,23,2025,0.35460488704253584,-0.9350162426854147,-0.6631226582407956,0.7485107481711007,1.2246467991473532e-16,-1.0,0,2,1,0,0,0,-1.171125,-0.5863912347860363,-21.19625,-1.4448876509579425,-48.56524999999999,-2.796853019480506,0.0,0.0,0,0,0,0.10000000000000142,0.0,0,0,,,,,,,,,,
2025-06-15,CP37,Gatineau,PC,68999.19,3110.0,2627,16.27,24.0,18.2,86.74,3,0,3,0,0,6,24,2025,0.23931566428755768,-0.970941817426052,-0.4647231720437684,0.88545602565321,1.2246467991473532e-16,-1.0,0,2,1,0,0,0,-3.001125000000002,-1.5026862158157703,-2.99625,-0.20424578046506978,24.65475,1.4198570373268338,0.0,0.0,0,0,0,0.0,1.7300000000000004,1,0,18.1,,0.0,76960.02,,,,,,
2025-06-22,CP37,Gatineau,PC,63163.03,2886.0,2396,20.97,28.9,31.7,78.8,6,0,6,0,0,6,25,2025,0.12053668025532308,-0.992708874098054,-0.2393156642875578,0.970941817426052,1.2246467991473532e-16,-1.0,0,2,1,0,0,0,1.6988749999999975,0.8506396917469321,10.50375,0.7160105520433798,16.714750000000002,0.9625956626880702,0.0,0.0,1,0,0,2.969999999999999,0.0,1,0,16.27,18.1,18.2,68999.19,76960.02,,,72979.60500000001,5629.15687687331,
2025-06-29,CP37,Gatineau,PC,65149.65,2967.0,2443,21.99,33.0,37.0,71.85,5,0,5,1,1,6,26,2025,-3.216245299353273e-16,-1.0,6.432490598706546e-16,1.0,1.2246467991473532e-16,-1.0,0,2,1,0,0,0,2.718874999999997,1.3613614844520292,15.80375,1.077296371472623,9.76475,0.5623479858946937,0.0,0.0,1,0,0,3.9899999999999984,0.0,1,0,20.97,16.27,31.7,63163.03,68999.19,,,69707.41333333333,6925.707074547224,
2025-07-06,CP37,Gatineau,PC,48117.11,2150.0,1825,21.94,31.6,28.7,88.94,5,0,5,1,1,7,27,2025,-0.12053668025532283,-0.992708874098054,0.23931566428755732,0.9709418174260521,-0.4999999999999998,-0.8660254037844388,0,3,1,0,0,0,0.09828947368421126,0.04921429039611848,-12.843421052631573,-0.8754992262782624,0.2272368421052562,0.013086477429423319,0.0,0.0,1,0,0,3.9400000000000013,0.0,1,0,21.99,20.97,37.0,65149.65,63163.03,76960.02,,68567.9725,6096.740711693839,68567.9725
2025-07-13,CP37,Gatineau,PC,32155.66,1492.0,1207,22.23,30.0,84.8,80.51,4,0,4,0,0,7,28,2025,-0.23931566428755743,-0.9709418174260521,0.46472317204376795,0.8854560256532102,-0.4999999999999998,-0.8660254037844388,0,3,1,0,0,0,0.3882894736842104,0.1944195059691359,43.256578947368425,2.948677088812406,-8.202763157894736,-0.4723937981631176,0.0,0.0,1,0,0,4.23,0.0,1,0,21.94,21.99,28.7,48117.11,65149.65,68999.19,,61357.244999999995,9153.208788024383,64477.8
2025-07-20,CP37,Gatineau,PC,47978.65,2094.0,1721,21.93,32.2,44.1,92.08,3,0,3,0,0,7,29,2025,-0.3546048870425356,-0.9350162426854148,0.6631226582407952,0.7485107481711011,-0.4999999999999998,-0.8660254037844388,0,3,1,0,0,0,0.0882894736842097,0.04420721399704812,2.556578947368429,0.17427466413878392,3.3672368421052568,0.19391780190873295,0.0,0.0,1,0,0,3.9299999999999997,0.0,1,0,22.23,21.94,84.8,32155.66,48117.11,63163.03,,52146.362499999996,15344.005461042165,59090.77666666667
2025-07-27,CP37,Gatineau,PC,41434.59,1794.0,1542,21.23,32.5,6.6,93.39,3,0,3,0,0,7,30,2025,-0.46472317204376806,-0.8854560256532101,0.8229838658936558,0.5680647467311567,-0.4999999999999998,-0.8660254037844388,0,3,1,0,0,0,-0.6117105263157896,-0.30628813393782217,-34.94342105263157,-2.381992926162465,4.677236842105259,0.26936016976475075,0.0,0.0,1,0,0,3.2300000000000004,0.0,0,0,21.93,22.23,44.1,47978.65,32155.66,65149.65,,48350.2675,13474.38342988249,57503.33
2025-08-03,CP37,Gatineau,PC,40800.78,1752.0,1490,21.64,33.0,0.5,95.17,2,0,2,0,0,8,31,2025,-0.5680647467311556,-0.8229838658936565,0.9350162426854147,0.354604887042536,-0.8660254037844384,-0.5000000000000004,0,3,1,0,0,0,1.1359782608695639,0.56879299398561,-9.498913043478263,-0.6475136948302208,13.413260869565221,0.7724642447866161,0.0,0.0,1,0,0,3.6400000000000006,0.0,0,0,21.23,21.93,6.6,41434.59,47978.65,48117.11,76960.02,42421.5025,7520.712547098969,55494.7375
2025-08-10,CP37,Gatineau,PC,36668.85,1545.0,1332,22.76,33.5,0.4,96.49,1,0,1,0,0,8,32,2025,-0.663122658240795,-0.7485107481711013,0.9927088740980539,0.12053668025532369,-0.8660254037844384,-0.5000000000000004,0,3,1,0,0,0,2.255978260869565,1.1295855506814036,-9.598913043478262,-0.6543304084043574,14.733260869565214,0.8484825085804657,0.0,0.0,1,0,0,4.760000000000002,0.0,0,0,21.64,21.23,0.5,40800.78,41434.59,32155.66,68999.19,40592.42,6493.27798853041,53862.07555555555
2025-08-17,CP37,Gatineau,PC,37482.16,1623.0,1344,23.16,33.1,6.5,84.97,2,0,2,0,0,8,33,2025,-0.7485107481711011,-0.6631226582407952,0.992708874098054,-0.12053668025532309,-0.8660254037844384,-0.5000000000000004,0,3,1,0,0,0,2.6559782608695635,1.329868606644186,-3.4989130434782627,-0.238510880382021,3.213260869565218,0.18505038819777594,0.0,0.0,1,0,0,5.16,0.0,0,0,22.76,21.64,0.4,36668.85,40800.78,47978.65,63163.03,41720.7175,4676.581314103841,52142.753000000004
2025-08-24,CP37,Gatineau,PC,25692.9,1055.0,904,19.47,27.9,12.0,67.61,4,0,4,0,0,8,34,2025,-0.8229838658936564,-0.5680647467311559,0.9350162426854149,-0.35460488704253545,-0.8660254037844384,-0.5000000000000004,0,3,1,0,0,0,-1.0340217391304378,-0.5177425846124898,2.0010869565217373,0.1364083661954955,-14.146739130434781,-0.8147049598789166,0.0,0.0,0,0,0,1.4699999999999989,0.0,1,0,23.16,22.76,6.5,37482.16,36668.85,41434.59,65149.65,39096.595,2371.4140147810936,50809.971818181824
2025-08-31,CP37,Gatineau,PC,21824.81,920.0,785,15.5,23.1,30.3,63.83,6,0,6,0,0,8,35,2025,-0.8854560256532096,-0.4647231720437691,0.8229838658936571,-0.5680647467311547,-0.8660254037844384,-0.5000000000000004,0,3,1,0,0,0,-5.004021739130437,-2.5055519150431125,20.301086956521736,1.383866950262505,-17.926739130434783,-1.0323936243794867,0.0,0.0,0,0,0,0.0,2.5,1,0,19.47,23.16,12.0,25692.9,37482.16,40800.78,48117.11,35161.1725,6560.320909515417,48716.8825
2025-09-07,CP37,Gatineau,PC,18046.56,795.0,687,16.53,24.9,15.5,69.78,4,0,4,1,1,9,36,2025,-0.9350162426854147,-0.3546048870425359,0.6631226582407956,-0.7485107481711007,-1.0,-1.8369701987210297e-16,0,3,0,0,1,0,0.6566666666666663,0.3287980168722356,5.166666666666666,0.3521968679970609,-2.969999999999999,-0.1710410935361622,0.0,0.0,0,0,0,0.0,1.4699999999999989,1,0,15.5,19.47,30.3,21824.81,25692.9,36668.85,32155.66,30417.18,7855.888745066779,44122.28166666667
2025-09-14,CP37,Gatineau,PC,3650.56,144.0,123,14.56,21.5,0.0,78.69,0,0,0,0,0,9,37,2025,-0.970941817426052,-0.23931566428755774,0.4647231720437685,-0.8854560256532099,-1.0,-1.8369701987210297e-16,0,3,0,0,1,0,-1.3133333333333344,-0.6575960337444721,-10.333333333333334,-0.7043937359941219,5.939999999999998,0.3420821870723244,0.0,0.0,0,0,0,0.0,3.4399999999999995,0,0,16.53,15.5,15.5,18046.56,21824.81,37482.16,47978.65,25761.6075,8414.202360871288,39876.229166666664
2025-06-08,CP37,Gatineau,PI,19219.95,1850.0,1250,18.1,23.4,0.0,13.52,0,0,0,0,0,6,23,2025,0.35460488704253584,-0.9350162426854147,-0.6631226582407956,0.7485107481711007,1.2246467991473532e-16,-1.0,0,2,1,0,0,0,-1.171125,-0.5863912347860363,-21.19625,-1.4448876509579425,-48.56524999999999,-2.796853019480506,0.0,0.0,0,0,0,0.10000000000000142,0.0,0,0,,,,,,,,,,
2025-06-15,CP37,Gatineau,PI,17285.58,1552.0,1130,16.27,24.0,18.2,86.74,3,0,3,0,0,6,24,2025,0.23931566428755768,-0.970941817426052,-0.4647231720437684,0.88545602565321,1.2246467991473532e-16,-1.0,0,2,1,0,0,0,-3.001125000000002,-1.5026862158157703,-2.99625,-0.20424578046506978,24.65475,1.4198570373268338,0.0,0.0,0,0,0,0.0,1.7300000000000004,1,0,18.1,,0.0,19219.95,,,,,,
2025-06-22,CP37,Gatineau,PI,16179.76,1280.0,957,20.97,28.9,31.7,78.8,6,0,6,0,0,6,25,2025,0.12053668025532308,-0.992708874098054,-0.2393156642875578,0.970941817426052,1.2246467991473532e-16,-1.0,0,2,1,0,0,0,1.6988749999999975,0.8506396917469321,10.50375,0.7160105520433798,16.714750000000002,0.9625956626880702,0.0,0.0,1,0,0,2.969999999999999,0.0,1,0,16.27,18.1,18.2,17285.58,19219.95,,,18252.765,1367.80614432382,
2025-06-29,CP37,Gatineau,PI,11300.77,1064.0,717,21.99,33.0,37.0,71.85,5,0,5,1,1,6,26,2025,-3.216245299353273e-16,-1.0,6.432490598706546e-16,1.0,1.2246467991473532e-16,-1.0,0,2,1,0,0,0,2.718874999999997,1.3613614844520292,15.80375,1.077296371472623,9.76475,0.5623479858946937,0.0,0.0,1,0,0,3.9899999999999984,0.0,1,0,20.97,16.27,31.7,16179.76,17285.58,,,17561.763333333332,1538.7971712455574,
2025-07-06,CP37,Gatineau,PI,9705.42,611.0,483,21.94,31.6,28.7,88.94,5,0,5,1,1,7,27,2025,-0.12053668025532283,-0.992708874098054,0.23931566428755732,0.9709418174260521,-0.4999999999999998,-0.8660254037844388,0,3,1,0,0,0,0.09828947368421126,0.04921429039611848,-12.843421052631573,-0.8754992262782624,0.2272368421052562,0.013086477429423319,0.0,0.0,1,0,0,3.9400000000000013,0.0,1,0,21.99,20.97,37.0,11300.77,16179.76,19219.95,,15996.515000000001,3373.2191157458665,15996.515000000001
2025-07-13,CP37,Gatineau,PI,7505.87,401.0,313,22.23,30.0,84.8,80.51,4,0,4,0,0,7,28,2025,-0.23931566428755743,-0.9709418174260521,0.46472317204376795,0.8854560256532102,-0.4999999999999998,-0.8660254037844388,0,3,1,0,0,0,0.3882894736842104,0.1944195059691359,43.256578947368425,2.948677088812406,-8.202763157894736,-0.4723937981631176,0.0,0.0,1,0,0,4.23,0.0,1,0,21.94,21.99,28.7,9705.42,11300.77,17285.58,,13617.8825,3682.915259595083,14738.296000000002
2025-07-20,CP37,Gatineau,PI,11145.65,735.0,468,21.93,32.2,44.1,92.08,3,0,3,0,0,7,29,2025,-0.3546048870425356,-0.9350162426854148,0.6631226582407952,0.7485107481711011,-0.4999999999999998,-0.8660254037844388,0,3,1,0,0,0,0.0882894736842097,0.04420721399704812,2.556578947368429,0.17427466413878392,3.3672368421052568,0.19391780190873295,0.0,0.0,1,0,0,3.9299999999999997,0.0,1,0,22.23,21.94,84.8,7505.87,9705.42,16179.76,,11172.955,3682.644174851359,13532.891666666668
2025-07-27,CP37,Gatineau,PI,7607.19,678.0,447,21.23,32.5,6.6,93.39,3,0,3,0,0,7,30,2025,-0.46472317204376806,-0.8854560256532101,0.8229838658936558,0.5680647467311567,-0.4999999999999998,-0.8660254037844388,0,3,1,0,0,0,-0.6117105263157896,-0.30628813393782217,-34.94342105263157,-2.381992926162465,4.677236842105259,0.26936016976475075,0.0,0.0,1,0,0,3.2300000000000004,0.0,0,0,21.93,22.23,44.1,11145.65,7505.87,11300.77,,9914.427500000002,1759.0421387481438,13191.857142857143
2025-08-03,CP37,Gatineau,PI,8361.5,566.0,370,21.64,33.0,0.5,95.17,2,0,2,0,0,8,31,2025,-0.5680647467311556,-0.8229838658936565,0.9350162426854147,0.354604887042536,-0.8660254037844384,-0.5000000000000004,0,3,1,0,0,0,1.1359782608695639,0.56879299398561,-9.498913043478263,-0.6475136948302208,13.413260869565221,0.7724642447866161,0.0,0.0,1,0,0,3.6400000000000006,0.0,0,0,21.23,21.93,6.6,7607.19,11145.65,9705.42,19219.95,8991.0325,1758.167017822343,12493.77375
2025-08-10,CP37,Gatineau,PI,7603.88,351.0,316,22.76,33.5,0.4,96.49,1,0,1,0,0,8,32,2025,-0.663122658240795,-0.7485107481711013,0.9927088740980539,0.12053668025532369,-0.8660254037844384,-0.5000000000000004,0,3,1,0,0,0,2.255978260869565,1.1295855506814036,-9.598913043478262,-0.6543304084043574,14.733260869565214,0.8484825085804657,0.0,0.0,1,0,0,4.760000000000002,0.0,0,0,21.64,21.23,0.5,8361.5,7607.19,7505.87,17285.58,8655.0525,1703.7101880381465,12034.632222222222
2025-08-17,CP37,Gatineau,PI,4114.24,371.0,291,23.16,33.1,6.5,84.97,2,0,2,0,0,8,33,2025,-0.7485107481711011,-0.6631226582407952,0.992708874098054,-0.12053668025532309,-0.8660254037844384,-0.5000000000000004,0,3,1,0,0,0,2.6559782608695635,1.329868606644186,-3.4989130434782627,-0.238510880382021,3.213260869565218,0.18505038819777594,0.0,0.0,1,0,0,5.16,0.0,0,0,22.76,21.64,0.4,7603.88,8361.5,11145.65,16179.76,8679.555,1682.2432375551334,11591.557
2025-08-24,CP37,Gatineau,PI,3563.65,274.0,214,19.47,27.9,12.0,67.61,4,0,4,0,0,8,34,2025,-0.8229838658936564,-0.5680647467311559,0.9350162426854149,-0.35460488704253545,-0.8660254037844384,-0.5000000000000004,0,3,1,0,0,0,-1.0340217391304378,-0.5177425846124898,2.0010869565217373,0.1364083661954955,-14.146739130434781,-0.8147049598789166,0.0,0.0,0,0,0,1.4699999999999989,0.0,1,0,23.16,22.76,6.5,4114.24,7603.88,7607.19,11300.77,6921.702499999999,1905.266541639683,10911.800909090909
2025-08-31,CP37,Gatineau,PI,2524.49,198.0,152,15.5,23.1,30.3,63.83,6,0,6,0,0,8,35,2025,-0.8854560256532096,-0.4647231720437691,0.8229838658936571,-0.5680647467311547,-0.8660254037844384,-0.5000000000000004,0,3,1,0,0,0,-5.004021739130437,-2.5055519150431125,20.301086956521736,1.383866950262505,-17.926739130434783,-1.0323936243794867,0.0,0.0,0,0,0,0.0,2.5,1,0,19.47,23.16,12.0,3563.65,4114.24,8361.5,9705.42,5910.8175,2422.7526583946415,10299.455
2025-09-07,CP37,Gatineau,PI,2638.29,277.0,175,16.53,24.9,15.5,69.78,4,0,4,1,1,9,36,2025,-0.9350162426854147,-0.3546048870425359,0.6631226582407956,-0.7485107481711007,-1.0,-1.8369701987210297e-16,0,3,0,0,1,0,0.6566666666666663,0.3287980168722356,5.166666666666666,0.3521968679970609,-2.969999999999999,-0.1710410935361622,0.0,0.0,0,0,0,0.0,1.4699999999999989,1,0,15.5,19.47,30.3,2524.49,3563.65,7603.88,7505.87,4451.565,2202.490190496498,8908.166666666666
2025-09-14,CP37,Gatineau,PI,316.45,35.0,32,14.56,21.5,0.0,78.69,0,0,0,0,0,9,37,2025,-0.970941817426052,-0.23931566428755774,0.4647231720437685,-0.8854560256532099,-1.0,-1.8369701987210297e-16,0,3,0,0,1,0,-1.3133333333333344,-0.6575960337444721,-10.333333333333334,-0.7043937359941219,5.939999999999998,0.3420821870723244,0.0,0.0,0,0,0,0.0,3.4399999999999995,0,0,16.53,15.5,15.5,2638.29,2524.49,4114.24,11145.65,3210.1674999999996,761.4666707687395,7687.559166666667
2025-06-08,CP37,Gatineau,SE,1395.0,17.0,17,18.1,23.4,0.0,13.52,0,0,0,0,0,6,23,2025,0.35460488704253584,-0.9350162426854147,-0.6631226582407956,0.7485107481711007,1.2246467991473532e-16,-1.0,0,2,1,0,0,0,-1.171125,-0.5863912347860363,-21.19625,-1.4448876509579425,-48.56524999999999,-2.796853019480506,0.0,0.0,0,0,0,0.10000000000000142,0.0,0,0,,,,,,,,,,
2025-06-15,CP37,Gatineau,SE,325.0,5.0,5,16.27,24.0,18.2,86.74,3,0,3,0,0,6,24,2025,0.23931566428755768,-0.970941817426052,-0.4647231720437684,0.88545602565321,1.2246467991473532e-16,-1.0,0,2,1,0,0,0,-3.001125000000002,-1.5026862158157703,-2.99625,-0.20424578046506978,24.65475,1.4198570373268338,0.0,0.0,0,0,0,0.0,1.7300000000000004,1,0,18.1,,0.0,1395.0,,,,,,
2025-06-22,CP37,Gatineau,SE,824.0,14.0,12,20.97,28.9,31.7,78.8,6,0,6,0,0,6,25,2025,0.12053668025532308,-0.992708874098054,-0.2393156642875578,0.970941817426052,1.2246467991473532e-16,-1.0,0,2,1,0,0,0,1.6988749999999975,0.8506396917469321,10.50375,0.7160105520433798,16.714750000000002,0.9625956626880702,0.0,0.0,1,0,0,2.969999999999999,0.0,1,0,16.27,18.1,18.2,325.0,1395.0,,,860.0,756.6042558696058,
2025-06-29,CP37,Gatineau,SE,230.0,5.0,5,21.99,33.0,37.0,71.85,5,0,5,1,1,6,26,2025,-3.216245299353273e-16,-1.0,6.432490598706546e-16,1.0,1.2246467991473532e-16,-1.0,0,2,1,0,0,0,2.718874999999997,1.3613614844520292,15.80375,1.077296371472623,9.76475,0.5623479858946937,0.0,0.0,1,0,0,3.9899999999999984,0.0,1,0,20.97,16.27,31.7,824.0,325.0,,,848.0,535.4035860918378,
2025-07-06,CP37,Gatineau,SE,230.0,4.0,4,21.94,31.6,28.7,88.94,5,0,5,1,1,7,27,2025,-0.12053668025532283,-0.992708874098054,0.23931566428755732,0.9709418174260521,-0.4999999999999998,-0.8660254037844388,0,3,1,0,0,0,0.09828947368421126,0.04921429039611848,-12.843421052631573,-0.8754992262782624,0.2272368421052562,0.013086477429423319,0.0,0.0,1,0,0,3.9400000000000013,0.0,1,0,21.99,20.97,37.0,230.0,824.0,1395.0,,693.5,535.3369655335475,693.5
2025-07-13,CP37,Gatineau,SE,230.0,5.0,5,22.23,30.0,84.8,80.51,4,0,4,0,0,7,28,2025,-0.23931566428755743,-0.9709418174260521,0.46472317204376795,0.8854560256532102,-0.4999999999999998,-0.8660254037844388,0,3,1,0,0,0,0.3882894736842104,0.1944195059691359,43.256578947368425,2.948677088812406,-8.202763157894736,-0.4723937981631176,0.0,0.0,1,0,0,4.23,0.0,1,0,21.94,21.99,28.7,230.0,230.0,325.0,,402.25,284.7108181998007,600.8
2025-07-20,CP37,Gatineau,SE,135.0,4.0,4,21.93,32.2,44.1,92.08,3,0,3,0,0,7,29,2025,-0.3546048870425356,-0.9350162426854148,0.6631226582407952,0.7485107481711011,-0.4999999999999998,-0.8660254037844388,0,3,1,0,0,0,0.0882894736842097,0.04420721399704812,2.556578947368429,0.17427466413878392,3.3672368421052568,0.19391780190873295,0.0,0.0,1,0,0,3.9299999999999997,0.0,1,0,22.23,21.94,84.8,230.0,230.0,824.0,,378.5,297.0,539.0
2025-07-27,CP37,Gatineau,SE,270.0,7.0,7,21.23,32.5,6.6,93.39,3,0,3,0,0,7,30,2025,-0.46472317204376806,-0.8854560256532101,0.8229838658936558,0.5680647467311567,-0.4999999999999998,-0.8660254037844388,0,3,1,0,0,0,-0.6117105263157896,-0.30628813393782217,-34.94342105263157,-2.381992926162465,4.677236842105259,0.26936016976475075,0.0,0.0,1,0,0,3.2300000000000004,0.0,0,0,21.93,22.23,44.1,135.0,230.0,230.0,,206.25,47.499999999999794,481.2857142857143
2025-08-03,CP37,Gatineau,SE,600.0,11.0,11,21.64,33.0,0.5,95.17,2,0,2,0,0,8,31,2025,-0.5680647467311556,-0.8229838658936565,0.9350162426854147,0.354604887042536,-0.8660254037844384,-0.5000000000000004,0,3,1,0,0,0,1.1359782608695639,0.56879299398561,-9.498913043478263,-0.6475136948302208,13.413260869565221,0.7724642447866161,0.0,0.0,1,0,0,3.6400000000000006,0.0,0,0,21.23,21.93,6.6,270.0,135.0,230.0,1395.0,216.25,57.35488935856571,454.875
2025-08-10,CP37,Gatineau,SE,230.0,4.0,4,22.76,33.5,0.4,96.49,1,0,1,0,0,8,32,2025,-0.663122658240795,-0.7485107481711013,0.9927088740980539,0.12053668025532369,-0.8660254037844384,-0.5000000000000004,0,3,1,0,0,0,2.255978260869565,1.1295855506814036,-9.598913043478262,-0.6543304084043574,14.733260869565214,0.8484825085804657,0.0,0.0,1,0,0,4.760000000000002,0.0,0,0,21.64,21.23,0.5,600.0,270.0,230.0,325.0,308.75,202.25293570180875,471.0
2025-08-17,CP37,Gatineau,SE,255.0,5.0,5,23.16,33.1,6.5,84.97,2,0,2,0,0,8,33,2025,-0.7485107481711011,-0.6631226582407952,0.992708874098054,-0.12053668025532309,-0.8660254037844384,-0.5000000000000004,0,3,1,0,0,0,2.6559782608695635,1.329868606644186,-3.4989130434782627,-0.238510880382021,3.213260869565218,0.18505038819777594,0.0,0.0,1,0,0,5.16,0.0,0,0,22.76,21.64,0.4,230.0,600.0,135.0,824.0,308.75,202.25293570180875,446.9
2025-08-31,CP37,Gatineau,SE,170.0,3.0,3,15.5,23.1,30.3,63.83,6,0,6,0,0,8,35,2025,-0.8854560256532096,-0.4647231720437691,0.8229838658936571,-0.5680647467311547,-0.8660254037844384,-0.5000000000000004,0,3,1,0,0,0,-5.004021739130437,-2.5055519150431125,20.301086956521736,1.383866950262505,-17.926739130434783,-1.0323936243794867,0.0,0.0,0,0,0,0.0,2.5,1,0,23.16,22.76,6.5,255.0,230.0,270.0,230.0,338.75,174.946420369209,429.45454545454544
2025-06-08,CP37,Gatineau,SP,50890.31,3.0,3,18.1,23.4,0.0,13.52,0,0,0,0,0,6,23,2025,0.35460488704253584,-0.9350162426854147,-0.6631226582407956,0.7485107481711007,1.2246467991473532e-16,-1.0,0,2,1,0,0,0,-1.171125,-0.5863912347860363,-21.19625,-1.4448876509579425,-48.56524999999999,-2.796853019480506,0.0,0.0,0,0,0,0.10000000000000142,0.0,0,0,,,,,,,,,,
2025-06-15,CP37,Gatineau,SP,12999.0,1.0,1,16.27,24.0,18.2,86.74,3,0,3,0,0,6,24,2025,0.23931566428755768,-0.970941817426052,-0.4647231720437684,0.88545602565321,1.2246467991473532e-16,-1.0,0,2,1,0,0,0,-3.001125000000002,-1.5026862158157703,-2.99625,-0.20424578046506978,24.65475,1.4198570373268338,0.0,0.0,0,0,0,0.0,1.7300000000000004,1,0,18.1,,0.0,50890.31,,,,,,
2025-06-22,CP37,Gatineau,SP,11585.23,2.0,2,20.97,28.9,31.7,78.8,6,0,6,0,0,6,25,2025,0.12053668025532308,-0.992708874098054,-0.2393156642875578,0.970941817426052,1.2246467991473532e-16,-1.0,0,2,1,0,0,0,1.6988749999999975,0.8506396917469321,10.50375,0.7160105520433798,16.714750000000002,0.9625956626880702,0.0,0.0,1,0,0,2.969999999999999,0.0,1,0,16.27,18.1,18.2,12999.0,50890.31,,,31944.655,26793.20224904164,
2025-06-29,CP37,Gatineau,SP,45997.0,3.0,3,21.99,33.0,37.0,71.85,5,0,5,1,1,6,26,2025,-3.216245299353273e-16,-1.0,6.432490598706546e-16,1.0,1.2246467991473532e-16,-1.0,0,2,1,0,0,0,2.718874999999997,1.3613614844520292,15.80375,1.077296371472623,9.76475,0.5623479858946937,0.0,0.0,1,0,0,3.9899999999999984,0.0,1,0,20.97,16.27,31.7,11585.23,12999.0,,,25158.179999999997,22295.886888749235,
2025-07-06,CP37,Gatineau,SP,87992.0,9.0,11,21.94,31.6,28.7,88.94,5,0,5,1,1,7,27,2025,-0.12053668025532283,-0.992708874098054,0.23931566428755732,0.9709418174260521,-0.4999999999999998,-0.8660254037844388,0,3,1,0,0,0,0.09828947368421126,0.04921429039611848,-12.843421052631573,-0.8754992262782624,0.2272368421052562,0.013086477429423319,0.0,0.0,1,0,0,3.9400000000000013,0.0,1,0,21.99,20.97,37.0,45997.0,11585.23,50890.31,,30367.885,20975.425768869787,30367.885
2025-07-13,CP37,Gatineau,SP,19998.0,2.0,2,22.23,30.0,84.8,80.51,4,0,4,0,0,7,28,2025,-0.23931566428755743,-0.9709418174260521,0.46472317204376795,0.8854560256532102,-0.4999999999999998,-0.8660254037844388,0,3,1,0,0,0,0.3882894736842104,0.1944195059691359,43.256578947368425,2.948677088812406,-8.202763157894736,-0.4723937981631176,0.0,0.0,1,0,0,4.23,0.0,1,0,21.94,21.99,28.7,87992.0,45997.0,12999.0,,39643.307499999995,35940.41508754304,41892.708
2025-07-20,CP37,Gatineau,SP,10998.0,2.0,2,21.93,32.2,44.1,92.08,3,0,3,0,0,7,29,2025,-0.3546048870425356,-0.9350162426854148,0.6631226582407952,0.7485107481711011,-0.4999999999999998,-0.8660254037844388,0,3,1,0,0,0,0.0882894736842097,0.04420721399704812,2.556578947368429,0.17427466413878392,3.3672368421052568,0.19391780190873295,0.0,0.0,1,0,0,3.9299999999999997,0.0,1,0,22.23,21.94,84.8,19998.0,87992.0,11585.23,,41393.057499999995,34345.852706256854,38243.59
2025-07-27,CP37,Gatineau,SP,51746.0,4.0,6,21.23,32.5,6.6,93.39,3,0,3,0,0,7,30,2025,-0.46472317204376806,-0.8854560256532101,0.8229838658936558,0.5680647467311567,-0.4999999999999998,-0.8660254037844388,0,3,1,0,0,0,-0.6117105263157896,-0.30628813393782217,-34.94342105263157,-2.381992926162465,4.677236842105259,0.26936016976475075,0.0,0.0,1,0,0,3.2300000000000004,0.0,0,0,21.93,22.23,44.1,10998.0,19998.0,45997.0,,41246.25,34516.56377620267,34351.362857142856
2025-08-10,CP37,Gatineau,SP,20997.0,3.0,3,22.76,33.5,0.4,96.49,1,0,1,0,0,8,32,2025,-0.663122658240795,-0.7485107481711013,0.9927088740980539,0.12053668025532369,-0.8660254037844384,-0.5000000000000004,0,3,1,0,0,0,2.255978260869565,1.1295855506814036,-9.598913043478262,-0.6543304084043574,14.733260869565214,0.8484825085804657,0.0,0.0,1,0,0,4.760000000000002,0.0,0,0,21.23,21.93,6.6,51746.0,10998.0,87992.0,50890.31,42683.5,34897.907764410935,36525.6925
2025-08-17,CP37,Gatineau,SP,42500.68,3.0,3,23.16,33.1,6.5,84.97,2,0,2,0,0,8,33,2025,-0.7485107481711011,-0.6631226582407952,0.992708874098054,-0.12053668025532309,-0.8660254037844384,-0.5000000000000004,0,3,1,0,0,0,2.6559782608695635,1.329868606644186,-3.4989130434782627,-0.238510880382021,3.213260869565218,0.18505038819777594,0.0,0.0,1,0,0,5.16,0.0,0,0,22.76,21.23,0.4,20997.0,51746.0,19998.0,12999.0,25934.75,17785.326374570686,34800.28222222222
2025-08-31,CP37,Gatineau,SP,10749.0,1.0,1,15.5,23.1,30.3,63.83,6,0,6,0,0,8,35,2025,-0.8854560256532096,-0.4647231720437691,0.8229838658936571,-0.5680647467311547,-0.8660254037844384,-0.5000000000000004,0,3,1,0,0,0,-5.004021739130437,-2.5055519150431125,20.301086956521736,1.383866950262505,-17.926739130434783,-1.0323936243794867,0.0,0.0,0,0,0,0.0,2.5,1,0,23.16,22.76,6.5,42500.68,20997.0,10998.0,11585.23,31560.42,18810.864654562436,35570.322
2025-06-08,CP37,Gatineau,TO,11590.81,30.0,34,18.1,23.4,0.0,13.52,0,0,0,0,0,6,23,2025,0.35460488704253584,-0.9350162426854147,-0.6631226582407956,0.7485107481711007,1.2246467991473532e-16,-1.0,0,2,1,0,0,0,-1.171125,-0.5863912347860363,-21.19625,-1.4448876509579425,-48.56524999999999,-2.796853019480506,0.0,0.0,0,0,0,0.10000000000000142,0.0,0,0,,,,,,,,,,
2025-06-15,CP37,Gatineau,TO,8363.44,21.0,23,16.27,24.0,18.2,86.74,3,0,3,0,0,6,24,2025,0.23931566428755768,-0.970941817426052,-0.4647231720437684,0.88545602565321,1.2246467991473532e-16,-1.0,0,2,1,0,0,0,-3.001125000000002,-1.5026862158157703,-2.99625,-0.20424578046506978,24.65475,1.4198570373268338,0.0,0.0,0,0,0,0.0,1.7300000000000004,1,0,18.1,,0.0,11590.81,,,,,,
2025-06-22,CP37,Gatineau,TO,7464.85,24.0,22,20.97,28.9,31.7,78.8,6,0,6,0,0,6,25,2025,0.12053668025532308,-0.992708874098054,-0.2393156642875578,0.970941817426052,1.2246467991473532e-16,-1.0,0,2,1,0,0,0,1.6988749999999975,0.8506396917469321,10.50375,0.7160105520433798,16.714750000000002,0.9625956626880702,0.0,0.0,1,0,0,2.969999999999999,0.0,1,0,16.27,18.1,18.2,8363.44,11590.81,,,9977.125,2282.0952123980273,
2025-06-29,CP37,Gatineau,TO,9896.39,20.0,30,21.99,33.0,37.0,71.85,5,0,5,1,1,6,26,2025,-3.216245299353273e-16,-1.0,6.432490598706546e-16,1.0,1.2246467991473532e-16,-1.0,0,2,1,0,0,0,2.718874999999997,1.3613614844520292,15.80375,1.077296371472623,9.76475,0.5623479858946937,0.0,0.0,1,0,0,3.9899999999999984,0.0,1,0,20.97,16.27,31.7,7464.85,8363.44,,,9139.699999999999,2169.751407673238,
2025-07-06,CP37,Gatineau,TO,3030.6400000000003,12.0,14,21.94,31.6,28.7,88.94,5,0,5,1,1,7,27,2025,-0.12053668025532283,-0.992708874098054,0.23931566428755732,0.9709418174260521,-0.4999999999999998,-0.8660254037844388,0,3,1,0,0,0,0.09828947368421126,0.04921429039611848,-12.843421052631573,-0.8754992262782624,0.2272368421052562,0.013086477429423319,0.0,0.0,1,0,0,3.9400000000000013,0.0,1,0,21.99,20.97,37.0,9896.39,7464.85,11590.81,,9328.8725,1811.5441994124785,9328.8725
2025-07-13,CP37,Gatineau,TO,0.0,8.0,12,22.23,30.0,84.8,80.51,4,0,4,0,0,7,28,2025,-0.23931566428755743,-0.9709418174260521,0.46472317204376795,0.8854560256532102,-0.4999999999999998,-0.8660254037844388,0,3,1,0,0,0,0.3882894736842104,0.1944195059691359,43.256578947368425,2.948677088812406,-8.202763157894736,-0.4723937981631176,0.0,0.0,1,0,0,4.23,0.0,1,0,21.94,21.99,28.7,3030.6400000000003,9896.39,8363.44,,7188.830000000001,2948.294474335969,8069.226
2025-07-20,CP37,Gatineau,TO,1409.97,10.0,10,21.93,32.2,44.1,92.08,3,0,3,0,0,7,29,2025,-0.3546048870425356,-0.9350162426854148,0.6631226582407952,0.7485107481711011,-0.4999999999999998,-0.8660254037844388,0,3,1,0,0,0,0.0882894736842097,0.04420721399704812,2.556578947368429,0.17427466413878392,3.3672368421052568,0.19391780190873295,0.0,0.0,1,0,0,3.9299999999999997,0.0,1,0,22.23,21.94,84.8,0.0,3030.6400000000003,7464.85,,5097.97,4430.579603941981,6724.355
2025-07-27,CP37,Gatineau,TO,5749.63,13.0,12,21.23,32.5,6.6,93.39,3,0,3,0,0,7,30,2025,-0.46472317204376806,-0.8854560256532101,0.8229838658936558,0.5680647467311567,-0.4999999999999998,-0.8660254037844388,0,3,1,0,0,0,-0.6117105263157896,-0.30628813393782217,-34.94342105263157,-2.381992926162465,4.677236842105259,0.26936016976475075,0.0,0.0,1,0,0,3.2300000000000004,0.0,0,0,21.93,22.23,44.1,1409.97,0.0,9896.39,,3584.25,4386.492030183879,5965.157142857142
2025-08-03,CP37,Gatineau,TO,4315.9400000000005,15.0,15,21.64,33.0,0.5,95.17,2,0,2,0,0,8,31,2025,-0.5680647467311556,-0.8229838658936565,0.9350162426854147,0.354604887042536,-0.8660254037844384,-0.5000000000000004,0,3,1,0,0,0,1.1359782608695639,0.56879299398561,-9.498913043478263,-0.6475136948302208,13.413260869565221,0.7724642447866161,0.0,0.0,1,0,0,3.6400000000000006,0.0,0,0,21.23,21.93,6.6,5749.63,1409.97,3030.6400000000003,11590.81,2547.5600000000004,2467.845992831272,5938.21625
2025-08-10,CP37,Gatineau,TO,797.98,10.0,10,22.76,33.5,0.4,96.49,1,0,1,0,0,8,32,2025,-0.663122658240795,-0.7485107481711013,0.9927088740980539,0.12053668025532369,-0.8660254037844384,-0.5000000000000004,0,3,1,0,0,0,2.255978260869565,1.1295855506814036,-9.598913043478262,-0.6543304084043574,14.733260869565214,0.8484825085804657,0.0,0.0,1,0,0,4.760000000000002,0.0,0,0,21.64,21.23,0.5,4315.9400000000005,5749.63,0.0,8363.44,2868.885,2630.0566564556543,5757.963333333333
2025-08-17,CP37,Gatineau,TO,1393.97,5.0,7,23.16,33.1,6.5,84.97,2,0,2,0,0,8,33,2025,-0.7485107481711011,-0.6631226582407952,0.992708874098054,-0.12053668025532309,-0.8660254037844384,-0.5000000000000004,0,3,1,0,0,0,2.6559782608695635,1.329868606644186,-3.4989130434782627,-0.238510880382021,3.213260869565218,0.18505038819777594,0.0,0.0,1,0,0,5.16,0.0,0,0,22.76,21.64,0.4,797.98,4315.9400000000005,1409.97,7464.85,3068.38,2355.88252425003,5261.965
2025-08-24,CP37,Gatineau,TO,243.99,2.0,4,19.47,27.9,12.0,67.61,4,0,4,0,0,8,34,2025,-0.8229838658936564,-0.5680647467311559,0.9350162426854149,-0.35460488704253545,-0.8660254037844384,-0.5000000000000004,0,3,1,0,0,0,-1.0340217391304378,-0.5177425846124898,2.0010869565217373,0.1364083661954955,-14.146739130434781,-0.8147049598789166,0.0,0.0,0,0,0,1.4699999999999989,0.0,1,0,23.16,22.76,6.5,1393.97,797.98,5749.63,9896.39,3064.3800000000006,2359.6474683166894,4910.329090909091
2025-08-31,CP37,Gatineau,TO,357.0,1.0,1,15.5,23.1,30.3,63.83,6,0,6,0,0,8,35,2025,-0.8854560256532096,-0.4647231720437691,0.8229838658936571,-0.5680647467311547,-0.8660254037844384,-0.5000000000000004,0,3,1,0,0,0,-5.004021739130437,-2.5055519150431125,20.301086956521736,1.383866950262505,-17.926739130434783,-1.0323936243794867,0.0,0.0,0,0,0,0.0,2.5,1,0,19.47,23.16,12.0,243.99,1393.97,4315.9400000000005,3030.6400000000003,1687.9700000000003,1813.8194288480595,4521.4675
2025-09-07,CP37,Gatineau,TO,461.99,1.0,1,16.53,24.9,15.5,69.78,4,0,4,1,1,9,36,2025,-0.9350162426854147,-0.3546048870425359,0.6631226582407956,-0.7485107481711007,-1.0,-1.8369701987210297e-16,0,3,0,0,1,0,0.6566666666666663,0.3287980168722356,5.166666666666666,0.3521968679970609,-2.969999999999999,-0.1710410935361622,0.0,0.0,0,0,0,0.0,1.4699999999999989,1,0,15.5,19.47,30.3,357.0,243.99,797.98,0.0,698.235,521.7841509347573,3585.316666666667
2025-06-08,CP44,St-Constant,AM,199.99,1.0,1,19.6,25.5,0.0,13.8,0,0,0,0,0,6,23,2025,0.35460488704253584,-0.9350162426854147,-0.6631226582407956,0.7485107481711007,1.2246467991473532e-16,-1.0,0,2,1,0,0,0,-0.862093023255813,-0.4316565630546725,-21.190697674418605,-1.4445091648263553,-49.853720930232555,-2.871055536954086,0.0,0.0,0,0,0,1.6000000000000014,0.0,0,0,,,,,,,,,,
2025-06-15,CP44,St-Constant,AM,409.97,3.0,2,17.66,25.3,18.1,87.88,3,0,3,0,0,6,24,2025,0.23931566428755768,-0.970941817426052,-0.4647231720437684,0.88545602565321,1.2246467991473532e-16,-1.0,0,2,1,0,0,0,-2.8020930232558143,-1.4030293844741717,-3.090697674418603,-0.2106840079076191,24.226279069767436,1.3951815705068222,0.0,0.0,0,0,0,0.0,0.33999999999999986,1,0,19.6,,0.0,199.99,,,,,,
2025-06-22,CP44,St-Constant,AM,77.97,3.0,3,21.91,29.6,51.1,80.03,6,0,6,0,0,6,25,2025,0.12053668025532308,-0.992708874098054,-0.2393156642875578,0.970941817426052,1.2246467991473532e-16,-1.0,0,2,1,0,0,0,1.4479069767441857,0.7249780851304,29.909302325581397,2.03883147155748,16.376279069767442,0.9431032593085485,0.0,0.0,1,0,0,3.91,0.0,1,0,17.66,19.6,18.1,409.97,199.99,,,304.98,148.47828191355126,
2025-07-06,CP44,St-Constant,AM,524.97,3.0,2,22.04,31.1,35.5,82.71,4,0,4,1,1,7,27,2025,-0.12053668025532283,-0.992708874098054,0.23931566428755732,0.9709418174260521,-0.4999999999999998,-0.8660254037844388,0,3,1,0,0,0,-0.686913580246916,-0.34394287758547215,5.802469135802468,0.3955377012153372,-4.750370370370376,-0.2735718999494725,0.0,0.0,1,0,0,4.039999999999999,0.0,1,0,21.91,17.66,51.1,77.97,409.97,,,229.31000000000003,167.93077978738742,
2025-07-13,CP44,St-Constant,AM,259.98,2.0,2,23.34,31.9,34.9,90.81,5,0,5,0,0,7,28,2025,-0.23931566428755743,-0.9709418174260521,0.46472317204376795,0.8854560256532102,-0.4999999999999998,-0.8660254037844388,0,3,1,0,0,0,0.6130864197530848,0.3069770542935737,5.202469135802467,0.3546374197705171,3.349629629629632,0.19290380969460688,0.0,0.0,1,0,0,5.34,0.0,1,0,22.04,21.91,35.5,524.97,77.97,199.99,,303.225,201.62888376090035,303.225
2025-07-20,CP44,St-Constant,AM,59.99,1.0,1,23.19,33.0,30.1,89.9,3,0,3,0,0,7,29,2025,-0.3546048870425356,-0.9350162426854148,0.6631226582407952,0.7485107481711011,-0.4999999999999998,-0.8660254037844388,0,3,1,0,0,0,0.4630864197530862,0.2318709083075307,0.4024691358024697,0.027435168211957472,2.4396296296296356,0.14049727935187722,0.0,0.0,1,0,0,5.190000000000001,0.0,1,0,23.34,22.04,34.9,259.98,524.97,409.97,,318.2225,193.45592527756807,294.576
2025-08-03,CP44,St-Constant,AM,272.97,3.0,3,22.99,32.4,1.2,89.73,3,0,3,0,0,8,31,2025,-0.5680647467311556,-0.8229838658936565,0.9350162426854147,0.354604887042536,-0.8660254037844384,-0.5000000000000004,0,3,1,0,0,0,1.2497752808988771,0.6257720313129324,-7.885393258426967,-0.5375246726212484,4.8629213483146145,0.2800536650491853,0.0,0.0,1,0,0,4.989999999999998,0.0,0,0,23.19,23.34,30.1,59.99,259.98,77.97,,230.72750000000002,215.96334972629037,255.47833333333335
2025-08-10,CP44,St-Constant,AM,27.99,1.0,3,23.74,33.7,0.9,96.86,3,0,3,0,0,8,32,2025,-0.663122658240795,-0.7485107481711013,0.9927088740980539,0.12053668025532369,-0.8660254037844384,-0.5000000000000004,0,3,1,0,0,0,1.9997752808988771,1.0013027612431509,-8.185393258426966,-0.5579748133436584,11.99292134831461,0.6906674687235409,0.0,0.0,1,0,0,5.739999999999998,0.0,0,0,22.99,23.19,1.2,272.97,59.99,524.97,,279.4775,190.49394590117558,257.9771428571429
2025-06-08,CP44,St-Constant,AP,45823.85,1206.0,840,19.6,25.5,0.0,13.8,0,0,0,0,0,6,23,2025,0.35460488704253584,-0.9350162426854147,-0.6631226582407956,0.7485107481711007,1.2246467991473532e-16,-1.0,0,2,1,0,0,0,-0.862093023255813,-0.4316565630546725,-21.190697674418605,-1.4445091648263553,-49.853720930232555,-2.871055536954086,0.0,0.0,0,0,0,1.6000000000000014,0.0,0,0,,,,,,,,,,
2025-06-15,CP44,St-Constant,AP,39240.59,1250.5,844,17.66,25.3,18.1,87.88,3,0,3,0,0,6,24,2025,0.23931566428755768,-0.970941817426052,-0.4647231720437684,0.88545602565321,1.2246467991473532e-16,-1.0,0,2,1,0,0,0,-2.8020930232558143,-1.4030293844741717,-3.090697674418603,-0.2106840079076191,24.226279069767436,1.3951815705068222,0.0,0.0,0,0,0,0.0,0.33999999999999986,1,0,19.6,,0.0,45823.85,,,,,,
2025-06-22,CP44,St-Constant,AP,39277.96,977.5,681,21.91,29.6,51.1,80.03,6,0,6,0,0,6,25,2025,0.12053668025532308,-0.992708874098054,-0.2393156642875578,0.970941817426052,1.2246467991473532e-16,-1.0,0,2,1,0,0,0,1.4479069767441857,0.7249780851304,29.909302325581397,2.03883147155748,16.376279069767442,0.9431032593085485,0.0,0.0,1,0,0,3.91,0.0,1,0,17.66,19.6,18.1,39240.59,45823.85,,,42532.22,4655.067788314155,
2025-06-29,CP44,St-Constant,AP,28712.53,930.5,609,22.9,33.8,15.0,73.83,4,0,4,1,1,6,26,2025,-3.216245299353273e-16,-1.0,6.432490598706546e-16,1.0,1.2246467991473532e-16,-1.0,0,2,1,0,0,0,2.437906976744184,1.2206786486382877,-6.190697674418605,-0.4220021287058558,10.176279069767439,0.5860477778525868,0.0,0.0,1,0,0,4.899999999999999,0.0,1,0,21.91,17.66,51.1,39277.96,39240.59,,,41447.46666666667,3790.1052016313947,
2025-07-06,CP44,St-Constant,AP,25410.46,473.0,451,22.04,31.1,35.5,82.71,4,0,4,1,1,7,27,2025,-0.12053668025532283,-0.992708874098054,0.23931566428755732,0.9709418174260521,-0.4999999999999998,-0.8660254037844388,0,3,1,0,0,0,-0.686913580246916,-0.34394287758547215,5.802469135802468,0.3955377012153372,-4.750370370370376,-0.2735718999494725,0.0,0.0,1,0,0,4.039999999999999,0.0,1,0,22.9,21.91,15.0,28712.53,39277.96,45823.85,,38263.7325,7079.636379713181,38263.7325
2025-07-13,CP44,St-Constant,AP,23698.97,585.0,459,23.34,31.9,34.9,90.81,5,0,5,0,0,7,28,2025,-0.23931566428755743,-0.9709418174260521,0.46472317204376795,0.8854560256532102,-0.4999999999999998,-0.8660254037844388,0,3,1,0,0,0,0.6130864197530848,0.3069770542935737,5.202469135802467,0.3546374197705171,3.349629629629632,0.19290380969460688,0.0,0.0,1,0,0,5.34,0.0,1,0,22.04,22.9,35.5,25410.46,28712.53,39240.59,,33160.384999999995,7170.271225211776,35693.077999999994
2025-07-20,CP44,St-Constant,AP,23082.12,422.0,317,23.19,33.0,30.1,89.9,3,0,3,0,0,7,29,2025,-0.3546048870425356,-0.9350162426854148,0.6631226582407952,0.7485107481711011,-0.4999999999999998,-0.8660254037844388,0,3,1,0,0,0,0.4630864197530862,0.2318709083075307,0.4024691358024697,0.027435168211957472,2.4396296296296356,0.14049727935187722,0.0,0.0,1,0,0,5.190000000000001,0.0,1,0,23.34,22.04,34.9,23698.97,25410.46,39277.96,,29274.979999999996,6985.756013331696,33694.06
2025-07-27,CP44,St-Constant,AP,19629.08,497.0,340,22.21,33.2,15.3,85.98,3,0,3,0,0,7,30,2025,-0.46472317204376806,-0.8854560256532101,0.8229838658936558,0.5680647467311567,-0.4999999999999998,-0.8660254037844388,0,3,1,0,0,0,-0.5169135802469143,-0.2588225788012884,-14.397530864197531,-0.9814384407602688,-1.4803703703703661,-0.08525392827834376,0.0,0.0,1,0,0,4.210000000000001,0.0,1,0,23.19,23.34,30.1,23082.12,23698.97,28712.53,,25226.02,2524.4114169577388,32178.06857142857
2025-08-03,CP44,St-Constant,AP,22012.46,506.0,347,22.99,32.4,1.2,89.73,3,0,3,0,0,8,31,2025,-0.5680647467311556,-0.8229838658936565,0.9350162426854147,0.354604887042536,-0.8660254037844384,-0.5000000000000004,0,3,1,0,0,0,1.2497752808988771,0.6257720313129324,-7.885393258426967,-0.5375246726212484,4.8629213483146145,0.2800536650491853,0.0,0.0,1,0,0,4.989999999999998,0.0,0,0,22.21,23.19,15.3,19629.08,23082.12,25410.46,45823.85,22955.1575,2426.291986693184,30609.445
2025-08-10,CP44,St-Constant,AP,13567.33,300.0,264,23.74,33.7,0.9,96.86,3,0,3,0,0,8,32,2025,-0.663122658240795,-0.7485107481711013,0.9927088740980539,0.12053668025532369,-0.8660254037844384,-0.5000000000000004,0,3,1,0,0,0,1.9997752808988771,1.0013027612431509,-8.185393258426966,-0.5579748133436584,11.99292134831461,0.6906674687235409,0.0,0.0,1,0,0,5.739999999999998,0.0,0,0,22.99,22.21,1.2,22012.46,19629.08,23698.97,39240.59,22105.6575,1792.042189242454,29654.224444444448
2025-08-17,CP44,St-Constant,AP,14148.48,320.0,261,24.31,33.8,7.4,83.39,2,0,2,0,0,8,33,2025,-0.7485107481711011,-0.6631226582407952,0.992708874098054,-0.12053668025532309,-0.8660254037844384,-0.5000000000000004,0,3,1,0,0,0,2.5697752808988774,1.2867061159901172,-1.6853932584269664,-0.11488843102477524,-1.4770786516853889,-0.08506435953642728,0.0,0.0,1,0,0,6.309999999999999,0.0,0,0,23.74,22.99,0.9,13567.33,22012.46,23082.12,39277.96,19572.7475,4255.823662006162,28045.534999999996
2025-08-24,CP44,St-Constant,AP,6517.400000000001,133.0,110,20.06,30.3,16.2,79.08,3,0,3,0,0,8,34,2025,-0.8229838658936564,-0.5680647467311559,0.9350162426854149,-0.35460488704253545,-0.8660254037844384,-0.5000000000000004,0,3,1,0,0,0,-1.6802247191011226,-0.8413013536144547,7.1146067415730325,0.48498236349925106,-5.787078651685391,-0.33327550874210393,0.0,0.0,1,0,0,2.0599999999999987,0.0,1,0,24.31,23.74,7.4,14148.48,13567.33,19629.08,28712.53,17339.3375,4142.889763666362,26782.166363636366
2025-08-31,CP44,St-Constant,AP,6408.400000000001,200.0,120,16.83,24.1,23.4,71.62,6,0,6,0,0,8,35,2025,-0.8854560256532096,-0.4647231720437691,0.8229838658936571,-0.5680647467311547,-0.8660254037844384,-0.5000000000000004,0,3,1,0,0,0,-4.910224719101123,-2.4585870305139292,14.314606741573032,0.9757857408370908,-13.247078651685385,-0.762893878364922,0.0,0.0,0,0,0,0.0,1.1700000000000017,1,0,20.06,24.31,16.2,6517.400000000001,14148.48,22012.46,25410.46,14061.417500000001,6334.639669143897,25093.435833333333
2025-09-07,CP44,St-Constant,AP,3354.98,99.0,85,18.0,25.9,22.5,72.75,6,0,6,1,1,9,36,2025,-0.9350162426854147,-0.3546048870425359,0.6631226582407956,-0.7485107481711007,-1.0,-1.8369701987210297e-16,0,3,0,0,1,0,0.9441666666666677,0.47275146334548673,10.083333333333334,0.6873519520587803,-4.638333333333335,-0.2671197324978338,0.0,0.0,0,0,0,0.0,0.0,1,0,16.83,20.06,23.4,6408.400000000001,6517.400000000001,13567.33,23698.97,10160.4025,4276.326582136996,21808.815
2025-09-14,CP44,St-Constant,AP,778.75,75.0,43,15.94,23.0,0.5,82.87,3,0,3,0,0,9,37,2025,-0.970941817426052,-0.23931566428755774,0.4647231720437685,-0.8854560256532099,-1.0,-1.8369701987210297e-16,0,3,0,0,1,0,-1.1158333333333328,-0.5587062748628471,-11.916666666666666,-0.8123250342512857,5.481666666666669,0.315686956588349,0.0,0.0,0,0,0,0.0,2.0600000000000005,0,0,18.0,16.83,22.5,3354.98,6408.400000000001,14148.48,23082.12,7607.3150000000005,4600.525491502734,18818.3475
2025-06-08,CP44,St-Constant,AS,3148.36,350.0,74,19.6,25.5,0.0,13.8,0,0,0,0,0,6,23,2025,0.35460488704253584,-0.9350162426854147,-0.6631226582407956,0.7485107481711007,1.2246467991473532e-16,-1.0,0,2,1,0,0,0,-0.862093023255813,-0.4316565630546725,-21.190697674418605,-1.4445091648263553,-49.853720930232555,-2.871055536954086,0.0,0.0,0,0,0,1.6000000000000014,0.0,0,0,,,,,,,,,,
2025-06-15,CP44,St-Constant,AS,2918.19,514.0,70,17.66,25.3,18.1,87.88,3,0,3,0,0,6,24,2025,0.23931566428755768,-0.970941817426052,-0.4647231720437684,0.88545602565321,1.2246467991473532e-16,-1.0,0,2,1,0,0,0,-2.8020930232558143,-1.4030293844741717,-3.090697674418603,-0.2106840079076191,24.226279069767436,1.3951815705068222,0.0,0.0,0,0,0,0.0,0.33999999999999986,1,0,19.6,,0.0,3148.36,,,,,,
2025-06-22,CP44,St-Constant,AS,2840.06,276.0,46,21.91,29.6,51.1,80.03,6,0,6,0,0,6,25,2025,0.12053668025532308,-0.992708874098054,-0.2393156642875578,0.970941817426052,1.2246467991473532e-16,-1.0,0,2,1,0,0,0,1.4479069767441857,0.7249780851304,29.909302325581397,2.03883147155748,16.376279069767442,0.9431032593085485,0.0,0.0,1,0,0,3.91,0.0,1,0,17.66,19.6,18.1,2918.19,3148.36,,,3033.275,162.7547678257077,
2025-06-29,CP44,St-Constant,AS,2525.76,447.0,57,22.9,33.8,15.0,73.83,4,0,4,1,1,6,26,2025,-3.216245299353273e-16,-1.0,6.432490598706546e-16,1.0,1.2246467991473532e-16,-1.0,0,2,1,0,0,0,2.437906976744184,1.2206786486382877,-6.190697674418605,-0.4220021287058558,10.176279069767439,0.5860477778525868,0.0,0.0,1,0,0,4.899999999999999,0.0,1,0,21.91,17.66,51.1,2840.06,2918.19,,,2968.8700000000003,160.2765400799506,
2025-07-06,CP44,St-Constant,AS,2895.81,335.0,48,22.04,31.1,35.5,82.71,4,0,4,1,1,7,27,2025,-0.12053668025532283,-0.992708874098054,0.23931566428755732,0.9709418174260521,-0.4999999999999998,-0.8660254037844388,0,3,1,0,0,0,-0.686913580246916,-0.34394287758547215,5.802469135802468,0.3955377012153372,-4.750370370370376,-0.2735718999494725,0.0,0.0,1,0,0,4.039999999999999,0.0,1,0,22.9,21.91,15.0,2525.76,2840.06,3148.36,,2858.0925,257.31756817533187,2858.0925
2025-07-13,CP44,St-Constant,AS,3826.99,363.0,64,23.34,31.9,34.9,90.81,5,0,5,0,0,7,28,2025,-0.23931566428755743,-0.9709418174260521,0.46472317204376795,0.8854560256532102,-0.4999999999999998,-0.8660254037844388,0,3,1,0,0,0,0.6130864197530848,0.3069770542935737,5.202469135802467,0.3546374197705171,3.349629629629632,0.19290380969460688,0.0,0.0,1,0,0,5.34,0.0,1,0,22.04,22.9,35.5,2895.81,2525.76,2918.19,,2794.955,182.44543047168878,2865.636
2025-07-20,CP44,St-Constant,AS,1303.67,104.0,30,23.19,33.0,30.1,89.9,3,0,3,0,0,7,29,2025,-0.3546048870425356,-0.9350162426854148,0.6631226582407952,0.7485107481711011,-0.4999999999999998,-0.8660254037844388,0,3,1,0,0,0,0.4630864197530862,0.2318709083075307,0.4024691358024697,0.027435168211957472,2.4396296296296356,0.14049727935187722,0.0,0.0,1,0,0,5.190000000000001,0.0,1,0,23.34,22.04,34.9,3826.99,2895.81,2840.06,,3022.155,560.7402908358437,3025.861666666666
2025-07-27,CP44,St-Constant,AS,1158.26,133.0,21,22.21,33.2,15.3,85.98,3,0,3,0,0,7,30,2025,-0.46472317204376806,-0.8854560256532101,0.8229838658936558,0.5680647467311567,-0.4999999999999998,-0.8660254037844388,0,3,1,0,0,0,-0.5169135802469143,-0.2588225788012884,-14.397530864197531,-0.9814384407602688,-1.4803703703703661,-0.08525392827834376,0.0,0.0,1,0,0,4.210000000000001,0.0,1,0,23.19,23.34,30.1,1303.67,3826.99,2525.76,,2638.0575,1044.540978847487,2779.8342857142857
2025-08-03,CP44,St-Constant,AS,1317.94,234.0,36,22.99,32.4,1.2,89.73,3,0,3,0,0,8,31,2025,-0.5680647467311556,-0.8229838658936565,0.9350162426854147,0.354604887042536,-0.8660254037844384,-0.5000000000000004,0,3,1,0,0,0,1.2497752808988771,0.6257720313129324,-7.885393258426967,-0.5375246726212484,4.8629213483146145,0.2800536650491853,0.0,0.0,1,0,0,4.989999999999998,0.0,0,0,22.21,23.19,15.3,1158.26,1303.67,2895.81,3148.36,2296.1825,1288.7815200768773,2577.1375
2025-08-10,CP44,St-Constant,AS,1499.41,178.0,32,23.74,33.7,0.9,96.86,3,0,3,0,0,8,32,2025,-0.663122658240795,-0.7485107481711013,0.9927088740980539,0.12053668025532369,-0.8660254037844384,-0.5000000000000004,0,3,1,0,0,0,1.9997752808988771,1.0013027612431509,-8.185393258426966,-0.5579748133436584,11.99292134831461,0.6906674687235409,0.0,0.0,1,0,0,5.739999999999998,0.0,0,0,22.99,22.21,1.2,1317.94,1158.26,3826.99,2918.19,1901.715,1285.5427174673475,2437.226666666667
2025-08-17,CP44,St-Constant,AS,906.81,153.0,34,24.31,33.8,7.4,83.39,2,0,2,0,0,8,33,2025,-0.7485107481711011,-0.6631226582407952,0.992708874098054,-0.12053668025532309,-0.8660254037844384,-0.5000000000000004,0,3,1,0,0,0,2.5697752808988774,1.2867061159901172,-1.6853932584269664,-0.11488843102477524,-1.4770786516853889,-0.08506435953642728,0.0,0.0,1,0,0,6.309999999999999,0.0,0,0,23.74,22.99,0.9,1499.41,1317.94,1303.67,2840.06,1319.8200000000002,139.783831444601,2343.445
2025-08-24,CP44,St-Constant,AS,1196.47,53.0,23,20.06,30.3,16.2,79.08,3,0,3,0,0,8,34,2025,-0.8229838658936564,-0.5680647467311559,0.9350162426854149,-0.35460488704253545,-0.8660254037844384,-0.5000000000000004,0,3,1,0,0,0,-1.6802247191011226,-0.8413013536144547,7.1146067415730325,0.48498236349925106,-5.787078651685391,-0.33327550874210393,0.0,0.0,1,0,0,2.0599999999999987,0.0,1,0,24.31,23.74,7.4,906.81,1499.41,1158.26,2525.76,1220.605,251.3699340944854,2212.8418181818183
2025-08-31,CP44,St-Constant,AS,1750.09,141.0,24,16.83,24.1,23.4,71.62,6,0,6,0,0,8,35,2025,-0.8854560256532096,-0.4647231720437691,0.8229838658936571,-0.5680647467311547,-0.8660254037844384,-0.5000000000000004,0,3,1,0,0,0,-4.910224719101123,-2.4585870305139292,14.314606741573032,0.9757857408370908,-13.247078651685385,-0.762893878364922,0.0,0.0,0,0,0,0.0,1.1700000000000017,1,0,20.06,24.31,16.2,1196.47,906.81,1317.94,2895.81,1230.1575,248.92510886810769,2128.1441666666665
2025-09-07,CP44,St-Constant,AS,1263.62,88.0,21,18.0,25.9,22.5,72.75,6,0,6,1,1,9,36,2025,-0.9350162426854147,-0.3546048870425359,0.6631226582407956,-0.7485107481711007,-1.0,-1.8369701987210297e-16,0,3,0,0,1,0,0.9441666666666677,0.47275146334548673,10.083333333333334,0.6873519520587803,-4.638333333333335,-0.2671197324978338,0.0,0.0,0,0,0,0.0,0.0,1,0,16.83,20.06,23.4,1750.09,1196.47,1499.41,3826.99,1338.1950000000002,365.9812204198452,2011.6216666666667
2025-09-14,CP44,St-Constant,AS,480.35,15.0,11,15.94,23.0,0.5,82.87,3,0,3,0,0,9,37,2025,-0.970941817426052,-0.23931566428755774,0.4647231720437685,-0.8854560256532099,-1.0,-1.8369701987210297e-16,0,3,0,0,1,0,-1.1158333333333328,-0.5587062748628471,-11.916666666666666,-0.8123250342512857,5.481666666666669,0.315686956588349,0.0,0.0,0,0,0,0.0,2.0600000000000005,0,0,18.0,16.83,22.5,1263.62,1750.09,906.81,1303.67,1279.2475,349.99937355896213,1873.7408333333333
2025-06-08,CP44,St-Constant,AZ,14.95,5.0,3,19.6,25.5,0.0,13.8,0,0,0,0,0,6,23,2025,0.35460488704253584,-0.9350162426854147,-0.6631226582407956,0.7485107481711007,1.2246467991473532e-16,-1.0,0,2,1,0,0,0,-0.862093023255813,-0.4316565630546725,-21.190697674418605,-1.4445091648263553,-49.853720930232555,-2.871055536954086,0.0,0.0,0,0,0,1.6000000000000014,0.0,0,0,,,,,,,,,,
2025-06-15,CP44,St-Constant,AZ,21.340000000000003,6.0,6,17.66,25.3,18.1,87.88,3,0,3,0,0,6,24,2025,0.23931566428755768,-0.970941817426052,-0.4647231720437684,0.88545602565321,1.2246467991473532e-16,-1.0,0,2,1,0,0,0,-2.8020930232558143,-1.4030293844741717,-3.090697674418603,-0.2106840079076191,24.226279069767436,1.3951815705068222,0.0,0.0,0,0,0,0.0,0.33999999999999986,1,0,19.6,,0.0,14.95,,,,,,
2025-06-22,CP44,St-Constant,AZ,207.92,8.0,8,21.91,29.6,51.1,80.03,6,0,6,0,0,6,25,2025,0.12053668025532308,-0.992708874098054,-0.2393156642875578,0.970941817426052,1.2246467991473532e-16,-1.0,0,2,1,0,0,0,1.4479069767441857,0.7249780851304,29.909302325581397,2.03883147155748,16.376279069767442,0.9431032593085485,0.0,0.0,1,0,0,3.91,0.0,1,0,17.66,19.6,18.1,21.340000000000003,14.95,,,18.145000000000003,4.518412331782041,
2025-06-29,CP44,St-Constant,AZ,2.99,1.0,1,22.9,33.8,15.0,73.83,4,0,4,1,1,6,26,2025,-3.216245299353273e-16,-1.0,6.432490598706546e-16,1.0,1.2246467991473532e-16,-1.0,0,2,1,0,0,0,2.437906976744184,1.2206786486382877,-6.190697674418605,-0.4220021287058558,10.176279069767439,0.5860477778525868,0.0,0.0,1,0,0,4.899999999999999,0.0,1,0,21.91,17.66,51.1,207.92,21.340000000000003,,,81.40333333333332,109.61322106996643,
2025-07-06,CP44,St-Constant,AZ,20.93,7.0,5,22.04,31.1,35.5,82.71,4,0,4,1,1,7,27,2025,-0.12053668025532283,-0.992708874098054,0.23931566428755732,0.9709418174260521,-0.4999999999999998,-0.8660254037844388,0,3,1,0,0,0,-0.686913580246916,-0.34394287758547215,5.802469135802468,0.3955377012153372,-4.750370370370376,-0.2735718999494725,0.0,0.0,1,0,0,4.039999999999999,0.0,1,0,22.9,21.91,15.0,2.99,207.92,14.95,,61.800000000000004,97.70978217831279,61.800000000000004
2025-07-13,CP44,St-Constant,AZ,0.0,-2.0,2,23.34,31.9,34.9,90.81,5,0,5,0,0,7,28,2025,-0.23931566428755743,-0.9709418174260521,0.46472317204376795,0.8854560256532102,-0.4999999999999998,-0.8660254037844388,0,3,1,0,0,0,0.6130864197530848,0.3069770542935737,5.202469135802467,0.3546374197705171,3.349629629629632,0.19290380969460688,0.0,0.0,1,0,0,5.34,0.0,1,0,22.04,22.9,35.5,20.93,2.99,21.340000000000003,,63.295,96.79548698157367,53.626
2025-07-20,CP44,St-Constant,AZ,5.98,2.0,2,23.19,33.0,30.1,89.9,3,0,3,0,0,7,29,2025,-0.3546048870425356,-0.9350162426854148,0.6631226582407952,0.7485107481711011,-0.4999999999999998,-0.8660254037844388,0,3,1,0,0,0,0.4630864197530862,0.2318709083075307,0.4024691358024697,0.027435168211957472,2.4396296296296356,0.14049727935187722,0.0,0.0,1,0,0,5.190000000000001,0.0,1,0,23.34,22.04,34.9,0.0,20.93,207.92,,57.96000000000001,100.39967629429887,44.68833333333333
2025-07-27,CP44,St-Constant,AZ,17.94,6.0,6,22.21,33.2,15.3,85.98,3,0,3,0,0,7,30,2025,-0.46472317204376806,-0.8854560256532101,0.8229838658936558,0.5680647467311567,-0.4999999999999998,-0.8660254037844388,0,3,1,0,0,0,-0.5169135802469143,-0.2588225788012884,-14.397530864197531,-0.9814384407602688,-1.4803703703703661,-0.08525392827834376,0.0,0.0,1,0,0,4.210000000000001,0.0,1,0,23.19,23.34,30.1,5.98,0.0,2.99,,7.475000000000008,9.296287789578548,39.15857142857143
2025-08-03,CP44,St-Constant,AZ,311.93,7.0,6,22.99,32.4,1.2,89.73,3,0,3,0,0,8,31,2025,-0.5680647467311556,-0.8229838658936565,0.9350162426854147,0.354604887042536,-0.8660254037844384,-0.5000000000000004,0,3,1,0,0,0,1.2497752808988771,0.6257720313129324,-7.885393258426967,-0.5375246726212484,4.8629213483146145,0.2800536650491853,0.0,0.0,1,0,0,4.989999999999998,0.0,0,0,22.21,23.19,15.3,17.94,5.98,20.93,14.95,11.21250000000001,9.87907342146353,36.50625
2025-08-10,CP44,St-Constant,AZ,116.96,4.0,4,23.74,33.7,0.9,96.86,3,0,3,0,0,8,32,2025,-0.663122658240795,-0.7485107481711013,0.9927088740980539,0.12053668025532369,-0.8660254037844384,-0.5000000000000004,0,3,1,0,0,0,1.9997752808988771,1.0013027612431509,-8.185393258426966,-0.5579748133436584,11.99292134831461,0.6906674687235409,0.0,0.0,1,0,0,5.739999999999998,0.0,0,0,22.99,22.21,1.2,311.93,17.94,0.0,21.340000000000003,83.9625,152.16123386614169,67.10888888888888
2025-08-17,CP44,St-Constant,AZ,253.42,8.0,8,24.31,33.8,7.4,83.39,2,0,2,0,0,8,33,2025,-0.7485107481711011,-0.6631226582407952,0.992708874098054,-0.12053668025532309,-0.8660254037844384,-0.5000000000000004,0,3,1,0,0,0,2.5697752808988774,1.2867061159901172,-1.6853932584269664,-0.11488843102477524,-1.4770786516853889,-0.08506435953642728,0.0,0.0,1,0,0,6.309999999999999,0.0,0,0,23.74,22.99,0.9,116.96,311.93,5.98,207.92,113.2025,141.51365832196785,72.09400000000001
2025-08-24,CP44,St-Constant,AZ,323.91,9.0,6,20.06,30.3,16.2,79.08,3,0,3,0,0,8,34,2025,-0.8229838658936564,-0.5680647467311559,0.9350162426854149,-0.35460488704253545,-0.8660254037844384,-0.5000000000000004,0,3,1,0,0,0,-1.6802247191011226,-0.8413013536144547,7.1146067415730325,0.48498236349925106,-5.787078651685391,-0.33327550874210393,0.0,0.0,1,0,0,2.0599999999999987,0.0,1,0,24.31,23.74,7.4,253.42,116.96,17.94,2.99,175.0625,132.83572671411355,88.57818181818182
2025-08-31,CP44,St-Constant,AZ,1120.37,13.0,13,16.83,24.1,23.4,71.62,6,0,6,0,0,8,35,2025,-0.8854560256532096,-0.4647231720437691,0.8229838658936571,-0.5680647467311547,-0.8660254037844384,-0.5000000000000004,0,3,1,0,0,0,-4.910224719101123,-2.4585870305139292,14.314606741573032,0.9757857408370908,-13.247078651685385,-0.762893878364922,0.0,0.0,0,0,0,0.0,1.1700000000000017,1,0,20.06,24.31,16.2,323.91,253.42,311.93,20.93,251.555,94.867765688176,108.18916666666667
2025-09-07,CP44,St-Constant,AZ,605.11,40.0,23,18.0,25.9,22.5,72.75,6,0,6,1,1,9,36,2025,-0.9350162426854147,-0.3546048870425359,0.6631226582407956,-0.7485107481711007,-1.0,-1.8369701987210297e-16,0,3,0,0,1,0,0.9441666666666677,0.47275146334548673,10.083333333333334,0.6873519520587803,-4.638333333333335,-0.2671197324978338,0.0,0.0,0,0,0,0.0,0.0,1,0,16.83,20.06,23.4,1120.37,323.91,116.96,0.0,453.66499999999996,452.69571609047347,200.30749999999998
2025-09-14,CP44,St-Constant,AZ,765.76,24.0,19,15.94,23.0,0.5,82.87,3,0,3,0,0,9,37,2025,-0.970941817426052,-0.23931566428755774,0.4647231720437685,-0.8854560256532099,-1.0,-1.8369701987210297e-16,0,3,0,0,1,0,-1.1158333333333328,-0.5587062748628471,-11.916666666666666,-0.8123250342512857,5.481666666666669,0.315686956588349,0.0,0.0,0,0,0,0.0,2.0600000000000005,0,0,18.0,16.83,22.5,605.11,1120.37,253.42,5.98,575.7025,393.6127366989877,248.95499999999996
2025-06-08,CP44,St-Constant,BQ,4399.9,15.0,17,19.6,25.5,0.0,13.8,0,0,0,0,0,6,23,2025,0.35460488704253584,-0.9350162426854147,-0.6631226582407956,0.7485107481711007,1.2246467991473532e-16,-1.0,0,2,1,0,0,0,-0.862093023255813,-0.4316565630546725,-21.190697674418605,-1.4445091648263553,-49.853720930232555,-2.871055536954086,0.0,0.0,0,0,0,1.6000000000000014,0.0,0,0,,,,,,,,,,
2025-06-15,CP44,St-Constant,BQ,2269.83,21.0,21,17.66,25.3,18.1,87.88,3,0,3,0,0,6,24,2025,0.23931566428755768,-0.970941817426052,-0.4647231720437684,0.88545602565321,1.2246467991473532e-16,-1.0,0,2,1,0,0,0,-2.8020930232558143,-1.4030293844741717,-3.090697674418603,-0.2106840079076191,24.226279069767436,1.3951815705068222,0.0,0.0,0,0,0,0.0,0.33999999999999986,1,0,19.6,,0.0,4399.9,,,,,,
2025-06-22,CP44,St-Constant,BQ,1672.81,20.0,18,21.91,29.6,51.1,80.03,6,0,6,0,0,6,25,2025,0.12053668025532308,-0.992708874098054,-0.2393156642875578,0.970941817426052,1.2246467991473532e-16,-1.0,0,2,1,0,0,0,1.4479069767441857,0.7249780851304,29.909302325581397,2.03883147155748,16.376279069767442,0.9431032593085485,0.0,0.0,1,0,0,3.91,0.0,1,0,17.66,19.6,18.1,2269.83,4399.9,,,3334.865,1506.186941402029,
2025-06-29,CP44,St-Constant,BQ,636.83,10.0,8,22.9,33.8,15.0,73.83,4,0,4,1,1,6,26,2025,-3.216245299353273e-16,-1.0,6.432490598706546e-16,1.0,1.2246467991473532e-16,-1.0,0,2,1,0,0,0,2.437906976744184,1.2206786486382877,-6.190697674418605,-0.4220021287058558,10.176279069767439,0.5860477778525868,0.0,0.0,1,0,0,4.899999999999999,0.0,1,0,21.91,17.66,51.1,1672.81,2269.83,,,2780.8466666666664,1433.5649591955478,
2025-07-06,CP44,St-Constant,BQ,5941.91,13.0,13,22.04,31.1,35.5,82.71,4,0,4,1,1,7,27,2025,-0.12053668025532283,-0.992708874098054,0.23931566428755732,0.9709418174260521,-0.4999999999999998,-0.8660254037844388,0,3,1,0,0,0,-0.686913580246916,-0.34394287758547215,5.802469135802468,0.3955377012153372,-4.750370370370376,-0.2735718999494725,0.0,0.0,1,0,0,4.039999999999999,0.0,1,0,22.9,21.91,15.0,636.83,1672.81,4399.9,,2244.8424999999997,1587.222163054582,2244.8424999999997
2025-07-13,CP44,St-Constant,BQ,769.95,5.0,5,23.34,31.9,34.9,90.81,5,0,5,0,0,7,28,2025,-0.23931566428755743,-0.9709418174260521,0.46472317204376795,0.8854560256532102,-0.4999999999999998,-0.8660254037844388,0,3,1,0,0,0,0.6130864197530848,0.3069770542935737,5.202469135802467,0.3546374197705171,3.349629629629632,0.19290380969460688,0.0,0.0,1,0,0,5.34,0.0,1,0,22.04,22.9,35.5,5941.91,636.83,2269.83,,2630.3450000000003,2308.492231298747,2984.256
2025-07-20,CP44,St-Constant,BQ,272.94,8.0,8,23.19,33.0,30.1,89.9,3,0,3,0,0,7,29,2025,-0.3546048870425356,-0.9350162426854148,0.6631226582407952,0.7485107481711011,-0.4999999999999998,-0.8660254037844388,0,3,1,0,0,0,0.4630864197530862,0.2318709083075307,0.4024691358024697,0.027435168211957472,2.4396296296296356,0.14049727935187722,0.0,0.0,1,0,0,5.190000000000001,0.0,1,0,23.34,22.04,34.9,769.95,5941.91,1672.81,,2255.375,2500.406475828813,2615.205
2025-07-27,CP44,St-Constant,BQ,402.97,5.0,5,22.21,33.2,15.3,85.98,3,0,3,0,0,7,30,2025,-0.46472317204376806,-0.8854560256532101,0.8229838658936558,0.5680647467311567,-0.4999999999999998,-0.8660254037844388,0,3,1,0,0,0,-0.5169135802469143,-0.2588225788012884,-14.397530864197531,-0.9814384407602688,-1.4803703703703661,-0.08525392827834376,0.0,0.0,1,0,0,4.210000000000001,0.0,1,0,23.19,23.34,30.1,272.94,769.95,636.83,,1905.4075000000003,2699.188469328945,2280.595714285714
2025-08-03,CP44,St-Constant,BQ,1378.95,6.0,6,22.99,32.4,1.2,89.73,3,0,3,0,0,8,31,2025,-0.5680647467311556,-0.8229838658936565,0.9350162426854147,0.354604887042536,-0.8660254037844384,-0.5000000000000004,0,3,1,0,0,0,1.2497752808988771,0.6257720313129324,-7.885393258426967,-0.5375246726212484,4.8629213483146145,0.2800536650491853,0.0,0.0,1,0,0,4.989999999999998,0.0,0,0,22.21,23.19,15.3,402.97,272.94,5941.91,4399.9,1846.9424999999999,2738.077922063517,2045.8925
2025-08-10,CP44,St-Constant,BQ,3410.87,13.0,13,23.74,33.7,0.9,96.86,3,0,3,0,0,8,32,2025,-0.663122658240795,-0.7485107481711013,0.9927088740980539,0.12053668025532369,-0.8660254037844384,-0.5000000000000004,0,3,1,0,0,0,1.9997752808988771,1.0013027612431509,-8.185393258426966,-0.5579748133436584,11.99292134831461,0.6906674687235409,0.0,0.0,1,0,0,5.739999999999998,0.0,0,0,22.99,22.21,1.2,1378.95,402.97,769.95,2269.83,706.2025000000001,495.41877419512576,1971.7877777777778
2025-08-17,CP44,St-Constant,BQ,353.96,4.0,6,24.31,33.8,7.4,83.39,2,0,2,0,0,8,33,2025,-0.7485107481711011,-0.6631226582407952,0.992708874098054,-0.12053668025532309,-0.8660254037844384,-0.5000000000000004,0,3,1,0,0,0,2.5697752808988774,1.2867061159901172,-1.6853932584269664,-0.11488843102477524,-1.4770786516853889,-0.08506435953642728,0.0,0.0,1,0,0,6.309999999999999,0.0,0,0,23.74,22.99,0.9,3410.87,1378.95,272.94,1672.81,1366.4325000000001,1449.5823784427248,2115.696
2025-08-24,CP44,St-Constant,BQ,1032.96,4.0,4,20.06,30.3,16.2,79.08,3,0,3,0,0,8,34,2025,-0.8229838658936564,-0.5680647467311559,0.9350162426854149,-0.35460488704253545,-0.8660254037844384,-0.5000000000000004,0,3,1,0,0,0,-1.6802247191011226,-0.8413013536144547,7.1146067415730325,0.48498236349925106,-5.787078651685391,-0.33327550874210393,0.0,0.0,1,0,0,2.0599999999999987,0.0,1,0,24.31,23.74,7.4,353.96,3410.87,402.97,636.83,1386.6875,1429.638750556121,1955.5381818181816
2025-08-31,CP44,St-Constant,BQ,692.47,3.0,3,16.83,24.1,23.4,71.62,6,0,6,0,0,8,35,2025,-0.8854560256532096,-0.4647231720437691,0.8229838658936571,-0.5680647467311547,-0.8660254037844384,-0.5000000000000004,0,3,1,0,0,0,-4.910224719101123,-2.4585870305139292,14.314606741573032,0.9757857408370908,-13.247078651685385,-0.762893878364922,0.0,0.0,0,0,0,0.0,1.1700000000000017,1,0,20.06,24.31,16.2,1032.96,353.96,1378.95,5941.91,1544.1850000000002,1315.269559912847,1878.6566666666668
2025-09-07,CP44,St-Constant,BQ,748.95,6.0,6,18.0,25.9,22.5,72.75,6,0,6,1,1,9,36,2025,-0.9350162426854147,-0.3546048870425359,0.6631226582407956,-0.7485107481711007,-1.0,-1.8369701987210297e-16,0,3,0,0,1,0,0.9441666666666677,0.47275146334548673,10.083333333333334,0.6873519520587803,-4.638333333333335,-0.2671197324978338,0.0,0.0,0,0,0,0.0,0.0,1,0,16.83,20.06,23.4,692.47,1032.96,3410.87,769.95,1372.565,1386.8554579936106,1569.7041666666667
2025-09-14,CP44,St-Constant,BQ,59.99,1.0,1,15.94,23.0,0.5,82.87,3,0,3,0,0,9,37,2025,-0.970941817426052,-0.23931566428755774,0.4647231720437685,-0.8854560256532099,-1.0,-1.8369701987210297e-16,0,3,0,0,1,0,-1.1158333333333328,-0.5587062748628471,-11.916666666666666,-0.8123250342512857,5.481666666666669,0.315686956588349,0.0,0.0,0,0,0,0.0,2.0600000000000005,0,0,18.0,16.83,22.5,748.95,692.47,353.96,272.94,707.085,278.602499211094,1442.9641666666666
2025-06-29,CP44,St-Constant,CA,9999.99,1.0,1,22.9,33.8,15.0,73.83,4,0,4,1,1,6,26,2025,-3.216245299353273e-16,-1.0,6.432490598706546e-16,1.0,1.2246467991473532e-16,-1.0,0,2,1,0,0,0,2.437906976744184,1.2206786486382877,-6.190697674418605,-0.4220021287058558,10.176279069767439,0.5860477778525868,0.0,0.0,1,0,0,4.899999999999999,0.0,1,0,,,,,,,,,,
2025-06-08,CP44,St-Constant,CC,0.0,1.0,1,19.6,25.5,0.0,13.8,0,0,0,0,0,6,23,2025,0.35460488704253584,-0.9350162426854147,-0.6631226582407956,0.7485107481711007,1.2246467991473532e-16,-1.0,0,2,1,0,0,0,-0.862093023255813,-0.4316565630546725,-21.190697674418605,-1.4445091648263553,-49.853720930232555,-2.871055536954086,0.0,0.0,0,0,0,1.6000000000000014,0.0,0,0,,,,,,,,,,
2025-06-15,CP44,St-Constant,CC,0.0,2.0,2,17.66,25.3,18.1,87.88,3,0,3,0,0,6,24,2025,0.23931566428755768,-0.970941817426052,-0.4647231720437684,0.88545602565321,1.2246467991473532e-16,-1.0,0,2,1,0,0,0,-2.8020930232558143,-1.4030293844741717,-3.090697674418603,-0.2106840079076191,24.226279069767436,1.3951815705068222,0.0,0.0,0,0,0,0.0,0.33999999999999986,1,0,19.6,,0.0,0.0,,,,,,
2025-06-22,CP44,St-Constant,CC,0.0,1.0,1,21.91,29.6,51.1,80.03,6,0,6,0,0,6,25,2025,0.12053668025532308,-0.992708874098054,-0.2393156642875578,0.970941817426052,1.2246467991473532e-16,-1.0,0,2,1,0,0,0,1.4479069767441857,0.7249780851304,29.909302325581397,2.03883147155748,16.376279069767442,0.9431032593085485,0.0,0.0,1,0,0,3.91,0.0,1,0,17.66,19.6,18.1,0.0,0.0,,,0.0,0.0,
2025-07-13,CP44,St-Constant,CC,0.0,1.0,1,23.34,31.9,34.9,90.81,5,0,5,0,0,7,28,2025,-0.23931566428755743,-0.9709418174260521,0.46472317204376795,0.8854560256532102,-0.4999999999999998,-0.8660254037844388,0,3,1,0,0,0,0.6130864197530848,0.3069770542935737,5.202469135802467,0.3546374197705171,3.349629629629632,0.19290380969460688,0.0,0.0,1,0,0,5.34,0.0,1,0,21.91,17.66,51.1,0.0,0.0,,,0.0,0.0,
2025-06-08,CP44,St-Constant,CH,13379.94,6.0,6,19.6,25.5,0.0,13.8,0,0,0,0,0,6,23,2025,0.35460488704253584,-0.9350162426854147,-0.6631226582407956,0.7485107481711007,1.2246467991473532e-16,-1.0,0,2,1,0,0,0,-0.862093023255813,-0.4316565630546725,-21.190697674418605,-1.4445091648263553,-49.853720930232555,-2.871055536954086,0.0,0.0,0,0,0,1.6000000000000014,0.0,0,0,,,,,,,,,,
2025-06-15,CP44,St-Constant,CH,18259.93,9.0,9,17.66,25.3,18.1,87.88,3,0,3,0,0,6,24,2025,0.23931566428755768,-0.970941817426052,-0.4647231720437684,0.88545602565321,1.2246467991473532e-16,-1.0,0,2,1,0,0,0,-2.8020930232558143,-1.4030293844741717,-3.090697674418603,-0.2106840079076191,24.226279069767436,1.3951815705068222,0.0,0.0,0,0,0,0.0,0.33999999999999986,1,0,19.6,,0.0,13379.94,,,,,,
2025-06-22,CP44,St-Constant,CH,13549.95,7.0,7,21.91,29.6,51.1,80.03,6,0,6,0,0,6,25,2025,0.12053668025532308,-0.992708874098054,-0.2393156642875578,0.970941817426052,1.2246467991473532e-16,-1.0,0,2,1,0,0,0,1.4479069767441857,0.7249780851304,29.909302325581397,2.03883147155748,16.376279069767442,0.9431032593085485,0.0,0.0,1,0,0,3.91,0.0,1,0,17.66,19.6,18.1,18259.93,13379.94,,,15819.935000000001,3450.674021122539,
2025-06-29,CP44,St-Constant,CH,3499.98,2.0,2,22.9,33.8,15.0,73.83,4,0,4,1,1,6,26,2025,-3.216245299353273e-16,-1.0,6.432490598706546e-16,1.0,1.2246467991473532e-16,-1.0,0,2,1,0,0,0,2.437906976744184,1.2206786486382877,-6.190697674418605,-0.4220021287058558,10.176279069767439,0.5860477778525868,0.0,0.0,1,0,0,4.899999999999999,0.0,1,0,21.91,17.66,51.1,13549.95,18259.93,,,15063.273333333336,2769.6906385792136,
2025-07-06,CP44,St-Constant,CH,3099.98,2.0,2,22.04,31.1,35.5,82.71,4,0,4,1,1,7,27,2025,-0.12053668025532283,-0.992708874098054,0.23931566428755732,0.9709418174260521,-0.4999999999999998,-0.8660254037844388,0,3,1,0,0,0,-0.686913580246916,-0.34394287758547215,5.802469135802468,0.3955377012153372,-4.750370370370376,-0.2735718999494725,0.0,0.0,1,0,0,4.039999999999999,0.0,1,0,22.9,21.91,15.0,3499.98,13549.95,13379.94,,12172.45,6208.185107887813,12172.45
2025-07-13,CP44,St-Constant,CH,8249.95,5.0,5,23.34,31.9,34.9,90.81,5,0,5,0,0,7,28,2025,-0.23931566428755743,-0.9709418174260521,0.46472317204376795,0.8854560256532102,-0.4999999999999998,-0.8660254037844388,0,3,1,0,0,0,0.6130864197530848,0.3069770542935737,5.202469135802467,0.3546374197705171,3.349629629629632,0.19290380969460688,0.0,0.0,1,0,0,5.34,0.0,1,0,22.04,22.9,35.5,3099.98,3499.98,18259.93,,9602.460000000001,7528.9878116030095,10357.956000000002
2025-07-20,CP44,St-Constant,CH,1253.98,2.0,3,23.19,33.0,30.1,89.9,3,0,3,0,0,7,29,2025,-0.3546048870425356,-0.9350162426854148,0.6631226582407952,0.7485107481711011,-0.4999999999999998,-0.8660254037844388,0,3,1,0,0,0,0.4630864197530862,0.2318709083075307,0.4024691358024697,0.027435168211957472,2.4396296296296356,0.14049727935187722,0.0,0.0,1,0,0,5.190000000000001,0.0,1,0,23.34,22.04,34.9,8249.95,3099.98,13549.95,,7099.965,4895.050016799285,10006.621666666668
2025-07-27,CP44,St-Constant,CH,2142.9599999999996,4.0,4,22.21,33.2,15.3,85.98,3,0,3,0,0,7,30,2025,-0.46472317204376806,-0.8854560256532101,0.8229838658936558,0.5680647467311567,-0.4999999999999998,-0.8660254037844388,0,3,1,0,0,0,-0.5169135802469143,-0.2588225788012884,-14.397530864197531,-0.9814384407602688,-1.4803703703703661,-0.08525392827834376,0.0,0.0,1,0,0,4.210000000000001,0.0,1,0,23.19,23.34,30.1,1253.98,8249.95,3499.98,,4025.9725,2981.054542756921,8756.244285714287
2025-08-03,CP44,St-Constant,CH,6830.93,7.0,6,22.99,32.4,1.2,89.73,3,0,3,0,0,8,31,2025,-0.5680647467311556,-0.8229838658936565,0.9350162426854147,0.354604887042536,-0.8660254037844384,-0.5000000000000004,0,3,1,0,0,0,1.2497752808988771,0.6257720313129324,-7.885393258426967,-0.5375246726212484,4.8629213483146145,0.2800536650491853,0.0,0.0,1,0,0,4.989999999999998,0.0,0,0,22.21,23.19,15.3,2142.9599999999996,1253.98,3099.98,13379.94,3686.7174999999997,3134.1532990413334,7929.583750000001
2025-08-10,CP44,St-Constant,CH,9249.95,5.0,5,23.74,33.7,0.9,96.86,3,0,3,0,0,8,32,2025,-0.663122658240795,-0.7485107481711013,0.9927088740980539,0.12053668025532369,-0.8660254037844384,-0.5000000000000004,0,3,1,0,0,0,1.9997752808988771,1.0013027612431509,-8.185393258426966,-0.5579748133436584,11.99292134831461,0.6906674687235409,0.0,0.0,1,0,0,5.739999999999998,0.0,0,0,22.99,22.21,1.2,6830.93,2142.9599999999996,8249.95,18259.93,4619.455,3441.441804500939,7807.511111111112
2025-08-17,CP44,St-Constant,CH,4026.9699999999993,3.0,3,24.31,33.8,7.4,83.39,2,0,2,0,0,8,33,2025,-0.7485107481711011,-0.6631226582407952,0.992708874098054,-0.12053668025532309,-0.8660254037844384,-0.5000000000000004,0,3,1,0,0,0,2.5697752808988774,1.2867061159901172,-1.6853932584269664,-0.11488843102477524,-1.4770786516853889,-0.08506435953642728,0.0,0.0,1,0,0,6.309999999999999,0.0,0,0,23.74,22.99,0.9,9249.95,6830.93,1253.98,13549.95,4869.455,3809.7049352629238,7951.755
2025-08-24,CP44,St-Constant,CH,2853.96,4.0,3,20.06,30.3,16.2,79.08,3,0,3,0,0,8,34,2025,-0.8229838658936564,-0.5680647467311559,0.9350162426854149,-0.35460488704253545,-0.8660254037844384,-0.5000000000000004,0,3,1,0,0,0,-1.6802247191011226,-0.8413013536144547,7.1146067415730325,0.48498236349925106,-5.787078651685391,-0.33327550874210393,0.0,0.0,1,0,0,2.0599999999999987,0.0,1,0,24.31,23.74,7.4,4026.9699999999993,9249.95,2142.9599999999996,3499.98,5562.702499999999,3122.8890574741336,7594.956363636364
2025-08-31,CP44,St-Constant,CH,2653.96,4.0,3,16.83,24.1,23.4,71.62,6,0,6,0,0,8,35,2025,-0.8854560256532096,-0.4647231720437691,0.8229838658936571,-0.5680647467311547,-0.8660254037844384,-0.5000000000000004,0,3,1,0,0,0,-4.910224719101123,-2.4585870305139292,14.314606741573032,0.9757857408370908,-13.247078651685385,-0.762893878364922,0.0,0.0,0,0,0,0.0,1.1700000000000017,1,0,20.06,24.31,16.2,2853.96,4026.9699999999993,6830.93,3099.98,5740.4525,2873.6489643468426,7199.873333333333
2025-09-14,CP44,St-Constant,CH,34.99,1.0,1,15.94,23.0,0.5,82.87,3,0,3,0,0,9,37,2025,-0.970941817426052,-0.23931566428755774,0.4647231720437685,-0.8854560256532099,-1.0,-1.8369701987210297e-16,0,3,0,0,1,0,-1.1158333333333328,-0.5587062748628471,-11.916666666666666,-0.8123250342512857,5.481666666666669,0.315686956588349,0.0,0.0,0,0,0,0.0,2.0600000000000005,0,0,16.83,20.06,23.4,2653.96,2853.96,9249.95,8249.95,4696.21,3095.647497708141,6306.041666666667
2025-06-08,CP44,St-Constant,FI,26.99,1.0,1,19.6,25.5,0.0,13.8,0,0,0,0,0,6,23,2025,0.35460488704253584,-0.9350162426854147,-0.6631226582407956,0.7485107481711007,1.2246467991473532e-16,-1.0,0,2,1,0,0,0,-0.862093023255813,-0.4316565630546725,-21.190697674418605,-1.4445091648263553,-49.853720930232555,-2.871055536954086,0.0,0.0,0,0,0,1.6000000000000014,0.0,0,0,,,,,,,,,,
2025-06-15,CP44,St-Constant,FI,6004.99,14.0,9,17.66,25.3,18.1,87.88,3,0,3,0,0,6,24,2025,0.23931566428755768,-0.970941817426052,-0.4647231720437684,0.88545602565321,1.2246467991473532e-16,-1.0,0,2,1,0,0,0,-2.8020930232558143,-1.4030293844741717,-3.090697674418603,-0.2106840079076191,24.226279069767436,1.3951815705068222,0.0,0.0,0,0,0,0.0,0.33999999999999986,1,0,19.6,,0.0,26.99,,,,,,
2025-06-22,CP44,St-Constant,FI,1659.99,1.0,1,21.91,29.6,51.1,80.03,6,0,6,0,0,6,25,2025,0.12053668025532308,-0.992708874098054,-0.2393156642875578,0.970941817426052,1.2246467991473532e-16,-1.0,0,2,1,0,0,0,1.4479069767441857,0.7249780851304,29.909302325581397,2.03883147155748,16.376279069767442,0.9431032593085485,0.0,0.0,1,0,0,3.91,0.0,1,0,17.66,19.6,18.1,6004.99,26.99,,,3015.99,4227.084337933181,
2025-07-06,CP44,St-Constant,FI,1073.34,6.0,4,22.04,31.1,35.5,82.71,4,0,4,1,1,7,27,2025,-0.12053668025532283,-0.992708874098054,0.23931566428755732,0.9709418174260521,-0.4999999999999998,-0.8660254037844388,0,3,1,0,0,0,-0.686913580246916,-0.34394287758547215,5.802469135802468,0.3955377012153372,-4.750370370370376,-0.2735718999494725,0.0,0.0,1,0,0,4.039999999999999,0.0,1,0,21.91,17.66,51.1,1659.99,6004.99,,,2563.99,3089.827341454535,
2025-07-13,CP44,St-Constant,FI,19.61,2.0,2,23.34,31.9,34.9,90.81,5,0,5,0,0,7,28,2025,-0.23931566428755743,-0.9709418174260521,0.46472317204376795,0.8854560256532102,-0.4999999999999998,-0.8660254037844388,0,3,1,0,0,0,0.6130864197530848,0.3069770542935737,5.202469135802467,0.3546374197705171,3.349629629629632,0.19290380969460688,0.0,0.0,1,0,0,5.34,0.0,1,0,22.04,21.91,35.5,1073.34,1659.99,26.99,,2191.3275,2630.6269257140334,2191.3275
2025-07-20,CP44,St-Constant,FI,446.97,3.0,3,23.19,33.0,30.1,89.9,3,0,3,0,0,7,29,2025,-0.3546048870425356,-0.9350162426854148,0.6631226582407952,0.7485107481711011,-0.4999999999999998,-0.8660254037844388,0,3,1,0,0,0,0.4630864197530862,0.2318709083075307,0.4024691358024697,0.027435168211957472,2.4396296296296356,0.14049727935187722,0.0,0.0,1,0,0,5.190000000000001,0.0,1,0,23.34,22.04,34.9,19.61,1073.34,6004.99,,2189.4825,2632.6526886187753,1756.984
2025-08-03,CP44,St-Constant,FI,81.98,2.0,2,22.99,32.4,1.2,89.73,3,0,3,0,0,8,31,2025,-0.5680647467311556,-0.8229838658936565,0.9350162426854147,0.354604887042536,-0.8660254037844384,-0.5000000000000004,0,3,1,0,0,0,1.2497752808988771,0.6257720313129324,-7.885393258426967,-0.5375246726212484,4.8629213483146145,0.2800536650491853,0.0,0.0,1,0,0,4.989999999999998,0.0,0,0,23.19,23.34,30.1,446.97,19.61,1659.99,,799.9775,718.3166169768037,1538.6483333333333
2025-08-10,CP44,St-Constant,FI,83.3,1.0,1,23.74,33.7,0.9,96.86,3,0,3,0,0,8,32,2025,-0.663122658240795,-0.7485107481711013,0.9927088740980539,0.12053668025532369,-0.8660254037844384,-0.5000000000000004,0,3,1,0,0,0,1.9997752808988771,1.0013027612431509,-8.185393258426966,-0.5579748133436584,11.99292134831461,0.6906674687235409,0.0,0.0,1,0,0,5.739999999999998,0.0,0,0,22.99,23.19,1.2,81.98,446.97,1073.34,,405.47499999999997,483.49640002106906,1330.552857142857
2025-08-31,CP44,St-Constant,FI,325.98,2.0,2,16.83,24.1,23.4,71.62,6,0,6,0,0,8,35,2025,-0.8854560256532096,-0.4647231720437691,0.8229838658936571,-0.5680647467311547,-0.8660254037844384,-0.5000000000000004,0,3,1,0,0,0,-4.910224719101123,-2.4585870305139292,14.314606741573032,0.9757857408370908,-13.247078651685385,-0.762893878364922,0.0,0.0,0,0,0,0.0,1.1700000000000017,1,0,23.74,22.99,0.9,83.3,81.98,19.61,26.99,157.965,194.94835085222044,1174.64625
2025-09-07,CP44,St-Constant,FI,1284.37,3.0,2,18.0,25.9,22.5,72.75,6,0,6,1,1,9,36,2025,-0.9350162426854147,-0.3546048870425359,0.6631226582407956,-0.7485107481711007,-1.0,-1.8369701987210297e-16,0,3,0,0,1,0,0.9441666666666677,0.47275146334548673,10.083333333333334,0.6873519520587803,-4.638333333333335,-0.2671197324978338,0.0,0.0,0,0,0,0.0,0.0,1,0,16.83,23.74,23.4,325.98,83.3,446.97,6004.99,234.5575,182.24147760137853,1080.35
2025-06-08,CP44,St-Constant,GA,10389.92,8.0,8,19.6,25.5,0.0,13.8,0,0,0,0,0,6,23,2025,0.35460488704253584,-0.9350162426854147,-0.6631226582407956,0.7485107481711007,1.2246467991473532e-16,-1.0,0,2,1,0,0,0,-0.862093023255813,-0.4316565630546725,-21.190697674418605,-1.4445091648263553,-49.853720930232555,-2.871055536954086,0.0,0.0,0,0,0,1.6000000000000014,0.0,0,0,,,,,,,,,,
2025-06-15,CP44,St-Constant,GA,8949.98,2.0,2,17.66,25.3,18.1,87.88,3,0,3,0,0,6,24,2025,0.23931566428755768,-0.970941817426052,-0.4647231720437684,0.88545602565321,1.2246467991473532e-16,-1.0,0,2,1,0,0,0,-2.8020930232558143,-1.4030293844741717,-3.090697674418603,-0.2106840079076191,24.226279069767436,1.3951815705068222,0.0,0.0,0,0,0,0.0,0.33999999999999986,1,0,19.6,,0.0,10389.92,,,,,,
2025-06-22,CP44,St-Constant,GA,10364.91,10.0,10,21.91,29.6,51.1,80.03,6,0,6,0,0,6,25,2025,0.12053668025532308,-0.992708874098054,-0.2393156642875578,0.970941817426052,1.2246467991473532e-16,-1.0,0,2,1,0,0,0,1.4479069767441857,0.7249780851304,29.909302325581397,2.03883147155748,16.376279069767442,0.9431032593085485,0.0,0.0,1,0,0,3.91,0.0,1,0,17.66,19.6,18.1,8949.98,10389.92,,,9669.95,1018.1913385017582,
2025-06-29,CP44,St-Constant,GA,5519.969999999999,3.0,3,22.9,33.8,15.0,73.83,4,0,4,1,1,6,26,2025,-3.216245299353273e-16,-1.0,6.432490598706546e-16,1.0,1.2246467991473532e-16,-1.0,0,2,1,0,0,0,2.437906976744184,1.2206786486382877,-6.190697674418605,-0.4220021287058558,10.176279069767439,0.5860477778525868,0.0,0.0,1,0,0,4.899999999999999,0.0,1,0,21.91,17.66,51.1,10364.91,8949.98,,,9901.603333333333,824.2248488327282,
2025-07-06,CP44,St-Constant,GA,18729.92,8.0,8,22.04,31.1,35.5,82.71,4,0,4,1,1,7,27,2025,-0.12053668025532283,-0.992708874098054,0.23931566428755732,0.9709418174260521,-0.4999999999999998,-0.8660254037844388,0,3,1,0,0,0,-0.686913580246916,-0.34394287758547215,5.802469135802468,0.3955377012153372,-4.750370370370376,-0.2735718999494725,0.0,0.0,1,0,0,4.039999999999999,0.0,1,0,22.9,21.91,15.0,5519.969999999999,10364.91,10389.92,,8806.195,2291.849777195996,8806.195
2025-07-13,CP44,St-Constant,GA,2949.9799999999996,2.0,2,23.34,31.9,34.9,90.81,5,0,5,0,0,7,28,2025,-0.23931566428755743,-0.9709418174260521,0.46472317204376795,0.8854560256532102,-0.4999999999999998,-0.8660254037844388,0,3,1,0,0,0,0.6130864197530848,0.3069770542935737,5.202469135802467,0.3546374197705171,3.349629629629632,0.19290380969460688,0.0,0.0,1,0,0,5.34,0.0,1,0,22.04,22.9,35.5,18729.92,5519.969999999999,8949.98,,10891.195,5607.761264643255,10790.939999999999
2025-07-20,CP44,St-Constant,GA,6639.96,4.0,4,23.19,33.0,30.1,89.9,3,0,3,0,0,7,29,2025,-0.3546048870425356,-0.9350162426854148,0.6631226582407952,0.7485107481711011,-0.4999999999999998,-0.8660254037844388,0,3,1,0,0,0,0.4630864197530862,0.2318709083075307,0.4024691358024697,0.027435168211957472,2.4396296296296356,0.14049727935187722,0.0,0.0,1,0,0,5.190000000000001,0.0,1,0,23.34,22.04,34.9,2949.9799999999996,18729.92,10364.91,,9391.195,6943.475095457125,9484.113333333333
2025-07-27,CP44,St-Constant,GA,249.99,1.0,1,22.21,33.2,15.3,85.98,3,0,3,0,0,7,30,2025,-0.46472317204376806,-0.8854560256532101,0.8229838658936558,0.5680647467311567,-0.4999999999999998,-0.8660254037844388,0,3,1,0,0,0,-0.5169135802469143,-0.2588225788012884,-14.397530864197531,-0.9814384407602688,-1.4803703703703661,-0.08525392827834376,0.0,0.0,1,0,0,4.210000000000001,0.0,1,0,23.19,23.34,30.1,6639.96,2949.9799999999996,5519.969999999999,,8459.9575,7018.7344348791485,9077.805714285714
2025-08-03,CP44,St-Constant,GA,3008.7999999999997,2.0,4,22.99,32.4,1.2,89.73,3,0,3,0,0,8,31,2025,-0.5680647467311556,-0.8229838658936565,0.9350162426854147,0.354604887042536,-0.8660254037844384,-0.5000000000000004,0,3,1,0,0,0,1.2497752808988771,0.6257720313129324,-7.885393258426967,-0.5375246726212484,4.8629213483146145,0.2800536650491853,0.0,0.0,1,0,0,4.989999999999998,0.0,0,0,22.21,23.19,15.3,249.99,6639.96,18729.92,10389.92,7142.4625,8156.894154698732,7974.32875
2025-08-10,CP44,St-Constant,GA,5849.96,4.0,4,23.74,33.7,0.9,96.86,3,0,3,0,0,8,32,2025,-0.663122658240795,-0.7485107481711013,0.9927088740980539,0.12053668025532369,-0.8660254037844384,-0.5000000000000004,0,3,1,0,0,0,1.9997752808988771,1.0013027612431509,-8.185393258426966,-0.5579748133436584,11.99292134831461,0.6906674687235409,0.0,0.0,1,0,0,5.739999999999998,0.0,0,0,22.99,22.21,1.2,3008.7999999999997,249.99,2949.9799999999996,8949.98,3212.1825,2622.6168603689903,7422.603333333333
2025-08-24,CP44,St-Constant,GA,569.98,2.0,2,20.06,30.3,16.2,79.08,3,0,3,0,0,8,34,2025,-0.8229838658936564,-0.5680647467311559,0.9350162426854149,-0.35460488704253545,-0.8660254037844384,-0.5000000000000004,0,3,1,0,0,0,-1.6802247191011226,-0.8413013536144547,7.1146067415730325,0.48498236349925106,-5.787078651685391,-0.33327550874210393,0.0,0.0,1,0,0,2.0599999999999987,0.0,1,0,23.74,22.99,0.9,5849.96,3008.7999999999997,6639.96,10364.91,3937.1775,2910.9566913802923,7265.339
2025-08-31,CP44,St-Constant,GA,689.97,3.0,3,16.83,24.1,23.4,71.62,6,0,6,0,0,8,35,2025,-0.8854560256532096,-0.4647231720437691,0.8229838658936571,-0.5680647467311547,-0.8660254037844384,-0.5000000000000004,0,3,1,0,0,0,-4.910224719101123,-2.4585870305139292,14.314606741573032,0.9757857408370908,-13.247078651685385,-0.762893878364922,0.0,0.0,0,0,0,0.0,1.1700000000000017,1,0,20.06,23.74,16.2,569.98,5849.96,249.99,5519.969999999999,2419.6825000000003,2597.6160890885517,6656.669999999999
2025-09-07,CP44,St-Constant,GA,239.99,1.0,1,18.0,25.9,22.5,72.75,6,0,6,1,1,9,36,2025,-0.9350162426854147,-0.3546048870425359,0.6631226582407956,-0.7485107481711007,-1.0,-1.8369701987210297e-16,0,3,0,0,1,0,0.9441666666666677,0.47275146334548673,10.083333333333334,0.6873519520587803,-4.638333333333335,-0.2671197324978338,0.0,0.0,0,0,0,0.0,0.0,1,0,16.83,20.06,23.4,689.97,569.98,3008.7999999999997,18729.92,2529.6775,2481.852280513831,6159.445
2025-06-08,CP44,St-Constant,HT,12051.03,4.0,4,19.6,25.5,0.0,13.8,0,0,0,0,0,6,23,2025,0.35460488704253584,-0.9350162426854147,-0.6631226582407956,0.7485107481711007,1.2246467991473532e-16,-1.0,0,2,1,0,0,0,-0.862093023255813,-0.4316565630546725,-21.190697674418605,-1.4445091648263553,-49.853720930232555,-2.871055536954086,0.0,0.0,0,0,0,1.6000000000000014,0.0,0,0,,,,,,,,,,
2025-06-15,CP44,St-Constant,HT,15270.0,5.0,5,17.66,25.3,18.1,87.88,3,0,3,0,0,6,24,2025,0.23931566428755768,-0.970941817426052,-0.4647231720437684,0.88545602565321,1.2246467991473532e-16,-1.0,0,2,1,0,0,0,-2.8020930232558143,-1.4030293844741717,-3.090697674418603,-0.2106840079076191,24.226279069767436,1.3951815705068222,0.0,0.0,0,0,0,0.0,0.33999999999999986,1,0,19.6,,0.0,12051.03,,,,,,
2025-06-22,CP44,St-Constant,HT,2699.0,1.0,1,21.91,29.6,51.1,80.03,6,0,6,0,0,6,25,2025,0.12053668025532308,-0.992708874098054,-0.2393156642875578,0.970941817426052,1.2246467991473532e-16,-1.0,0,2,1,0,0,0,1.4479069767441857,0.7249780851304,29.909302325581397,2.03883147155748,16.376279069767442,0.9431032593085485,0.0,0.0,1,0,0,3.91,0.0,1,0,17.66,19.6,18.1,15270.0,12051.03,,,13660.515,2276.1555154360613,
2025-06-29,CP44,St-Constant,HT,17695.0,5.0,5,22.9,33.8,15.0,73.83,4,0,4,1,1,6,26,2025,-3.216245299353273e-16,-1.0,6.432490598706546e-16,1.0,1.2246467991473532e-16,-1.0,0,2,1,0,0,0,2.437906976744184,1.2206786486382877,-6.190697674418605,-0.4220021287058558,10.176279069767439,0.5860477778525868,0.0,0.0,1,0,0,4.899999999999999,0.0,1,0,21.91,17.66,51.1,2699.0,15270.0,,,10006.676666666666,6530.087722506745,
2025-07-06,CP44,St-Constant,HT,9897.0,3.0,3,22.04,31.1,35.5,82.71,4,0,4,1,1,7,27,2025,-0.12053668025532283,-0.992708874098054,0.23931566428755732,0.9709418174260521,-0.4999999999999998,-0.8660254037844388,0,3,1,0,0,0,-0.686913580246916,-0.34394287758547215,5.802469135802468,0.3955377012153372,-4.750370370370376,-0.2735718999494725,0.0,0.0,1,0,0,4.039999999999999,0.0,1,0,22.9,21.91,15.0,17695.0,2699.0,12051.03,,11928.7575,6573.097394827773,11928.7575
2025-07-13,CP44,St-Constant,HT,13955.47,8.0,8,23.34,31.9,34.9,90.81,5,0,5,0,0,7,28,2025,-0.23931566428755743,-0.9709418174260521,0.46472317204376795,0.8854560256532102,-0.4999999999999998,-0.8660254037844388,0,3,1,0,0,0,0.6130864197530848,0.3069770542935737,5.202469135802467,0.3546374197705171,3.349629629629632,0.19290380969460688,0.0,0.0,1,0,0,5.34,0.0,1,0,22.04,22.9,35.5,9897.0,17695.0,15270.0,,11390.25,6647.55480734583,11522.405999999999
2025-07-20,CP44,St-Constant,HT,2299.0,1.0,1,23.19,33.0,30.1,89.9,3,0,3,0,0,7,29,2025,-0.3546048870425356,-0.9350162426854148,0.6631226582407952,0.7485107481711011,-0.4999999999999998,-0.8660254037844388,0,3,1,0,0,0,0.4630864197530862,0.2318709083075307,0.4024691358024697,0.027435168211957472,2.4396296296296356,0.14049727935187722,0.0,0.0,1,0,0,5.190000000000001,0.0,1,0,23.34,22.04,34.9,13955.47,9897.0,2699.0,,11061.6175,6420.432255844747,11927.916666666666
2025-07-27,CP44,St-Constant,HT,2968.99,2.0,2,22.21,33.2,15.3,85.98,3,0,3,0,0,7,30,2025,-0.46472317204376806,-0.8854560256532101,0.8229838658936558,0.5680647467311567,-0.4999999999999998,-0.8660254037844388,0,3,1,0,0,0,-0.5169135802469143,-0.2588225788012884,-14.397530864197531,-0.9814384407602688,-1.4803703703703661,-0.08525392827834376,0.0,0.0,1,0,0,4.210000000000001,0.0,1,0,23.19,23.34,30.1,2299.0,13955.47,17695.0,,10961.6175,6594.84508424762,10552.357142857143
2025-08-03,CP44,St-Constant,HT,4098.0,2.0,2,22.99,32.4,1.2,89.73,3,0,3,0,0,8,31,2025,-0.5680647467311556,-0.8229838658936565,0.9350162426854147,0.354604887042536,-0.8660254037844384,-0.5000000000000004,0,3,1,0,0,0,1.2497752808988771,0.6257720313129324,-7.885393258426967,-0.5375246726212484,4.8629213483146145,0.2800536650491853,0.0,0.0,1,0,0,4.989999999999998,0.0,0,0,22.21,23.19,15.3,2968.99,2299.0,9897.0,12051.03,7280.115,5621.558410503266,9604.436249999999
2025-08-10,CP44,St-Constant,HT,2199.0,1.0,1,23.74,33.7,0.9,96.86,3,0,3,0,0,8,32,2025,-0.663122658240795,-0.7485107481711013,0.9927088740980539,0.12053668025532369,-0.8660254037844384,-0.5000000000000004,0,3,1,0,0,0,1.9997752808988771,1.0013027612431509,-8.185393258426966,-0.5579748133436584,11.99292134831461,0.6906674687235409,0.0,0.0,1,0,0,5.739999999999998,0.0,0,0,22.99,22.21,1.2,4098.0,2968.99,13955.47,15270.0,5830.365,5467.370648008054,8992.609999999999
2025-08-17,CP44,St-Constant,HT,4598.0,3.0,3,24.31,33.8,7.4,83.39,2,0,2,0,0,8,33,2025,-0.7485107481711011,-0.6631226582407952,0.992708874098054,-0.12053668025532309,-0.8660254037844384,-0.5000000000000004,0,3,1,0,0,0,2.5697752808988774,1.2867061159901172,-1.6853932584269664,-0.11488843102477524,-1.4770786516853889,-0.08506435953642728,0.0,0.0,1,0,0,6.309999999999999,0.0,0,0,23.74,22.99,0.9,2199.0,4098.0,2299.0,2699.0,2891.2475,874.1203569065026,8313.249
2025-06-08,CP44,St-Constant,IN,6434.98,8.0,8,19.6,25.5,0.0,13.8,0,0,0,0,0,6,23,2025,0.35460488704253584,-0.9350162426854147,-0.6631226582407956,0.7485107481711007,1.2246467991473532e-16,-1.0,0,2,1,0,0,0,-0.862093023255813,-0.4316565630546725,-21.190697674418605,-1.4445091648263553,-49.853720930232555,-2.871055536954086,0.0,0.0,0,0,0,1.6000000000000014,0.0,0,0,,,,,,,,,,
2025-06-15,CP44,St-Constant,IN,7754.97,10.0,10,17.66,25.3,18.1,87.88,3,0,3,0,0,6,24,2025,0.23931566428755768,-0.970941817426052,-0.4647231720437684,0.88545602565321,1.2246467991473532e-16,-1.0,0,2,1,0,0,0,-2.8020930232558143,-1.4030293844741717,-3.090697674418603,-0.2106840079076191,24.226279069767436,1.3951815705068222,0.0,0.0,0,0,0,0.0,0.33999999999999986,1,0,19.6,,0.0,6434.98,,,,,,
2025-06-22,CP44,St-Constant,IN,3199.95,6.0,6,21.91,29.6,51.1,80.03,6,0,6,0,0,6,25,2025,0.12053668025532308,-0.992708874098054,-0.2393156642875578,0.970941817426052,1.2246467991473532e-16,-1.0,0,2,1,0,0,0,1.4479069767441857,0.7249780851304,29.909302325581397,2.03883147155748,16.376279069767442,0.9431032593085485,0.0,0.0,1,0,0,3.91,0.0,1,0,17.66,19.6,18.1,7754.97,6434.98,,,7094.975,933.3738800984311,
2025-06-29,CP44,St-Constant,IN,8870.0,7.0,7,22.9,33.8,15.0,73.83,4,0,4,1,1,6,26,2025,-3.216245299353273e-16,-1.0,6.432490598706546e-16,1.0,1.2246467991473532e-16,-1.0,0,2,1,0,0,0,2.437906976744184,1.2206786486382877,-6.190697674418605,-0.4220021287058558,10.176279069767439,0.5860477778525868,0.0,0.0,1,0,0,4.899999999999999,0.0,1,0,21.91,17.66,51.1,3199.95,7754.97,,,5796.633333333334,2343.6438829808026,
2025-07-06,CP44,St-Constant,IN,3495.0,3.0,3,22.04,31.1,35.5,82.71,4,0,4,1,1,7,27,2025,-0.12053668025532283,-0.992708874098054,0.23931566428755732,0.9709418174260521,-0.4999999999999998,-0.8660254037844388,0,3,1,0,0,0,-0.686913580246916,-0.34394287758547215,5.802469135802468,0.3955377012153372,-4.750370370370376,-0.2735718999494725,0.0,0.0,1,0,0,4.039999999999999,0.0,1,0,22.9,21.91,15.0,8870.0,3199.95,6434.98,,6564.975,2454.2154415956775,6564.975
2025-07-13,CP44,St-Constant,IN,6339.98,7.0,7,23.34,31.9,34.9,90.81,5,0,5,0,0,7,28,2025,-0.23931566428755743,-0.9709418174260521,0.46472317204376795,0.8854560256532102,-0.4999999999999998,-0.8660254037844388,0,3,1,0,0,0,0.6130864197530848,0.3069770542935737,5.202469135802467,0.3546374197705171,3.349629629629632,0.19290380969460688,0.0,0.0,1,0,0,5.34,0.0,1,0,22.04,22.9,35.5,3495.0,8870.0,7754.97,,5829.98,2904.9668673842048,5950.9800000000005
2025-07-20,CP44,St-Constant,IN,1105.0,1.0,1,23.19,33.0,30.1,89.9,3,0,3,0,0,7,29,2025,-0.3546048870425356,-0.9350162426854148,0.6631226582407952,0.7485107481711011,-0.4999999999999998,-0.8660254037844388,0,3,1,0,0,0,0.4630864197530862,0.2318709083075307,0.4024691358024697,0.027435168211957472,2.4396296296296356,0.14049727935187722,0.0,0.0,1,0,0,5.190000000000001,0.0,1,0,23.34,22.04,34.9,6339.98,3495.0,3199.95,,5476.2325,2668.986188716295,6015.813333333333
2025-07-27,CP44,St-Constant,IN,1539.99,2.0,2,22.21,33.2,15.3,85.98,3,0,3,0,0,7,30,2025,-0.46472317204376806,-0.8854560256532101,0.8229838658936558,0.5680647467311567,-0.4999999999999998,-0.8660254037844388,0,3,1,0,0,0,-0.5169135802469143,-0.2588225788012884,-14.397530864197531,-0.9814384407602688,-1.4803703703703661,-0.08525392827834376,0.0,0.0,1,0,0,4.210000000000001,0.0,1,0,23.19,23.34,30.1,1105.0,6339.98,8870.0,,4952.495000000001,3376.362416383447,5314.268571428571
2025-08-03,CP44,St-Constant,IN,2584.99,4.0,4,22.99,32.4,1.2,89.73,3,0,3,0,0,8,31,2025,-0.5680647467311556,-0.8229838658936565,0.9350162426854147,0.354604887042536,-0.8660254037844384,-0.5000000000000004,0,3,1,0,0,0,1.2497752808988771,0.6257720313129324,-7.885393258426967,-0.5375246726212484,4.8629213483146145,0.2800536650491853,0.0,0.0,1,0,0,4.989999999999998,0.0,0,0,22.21,23.19,15.3,1539.99,1105.0,3495.0,6434.98,3119.9925,2385.061340949467,4842.48375
2025-08-10,CP44,St-Constant,IN,3364.98,4.0,4,23.74,33.7,0.9,96.86,3,0,3,0,0,8,32,2025,-0.663122658240795,-0.7485107481711013,0.9927088740980539,0.12053668025532369,-0.8660254037844384,-0.5000000000000004,0,3,1,0,0,0,1.9997752808988771,1.0013027612431509,-8.185393258426966,-0.5579748133436584,11.99292134831461,0.6906674687235409,0.0,0.0,1,0,0,5.739999999999998,0.0,0,0,22.99,22.21,1.2,2584.99,1539.99,6339.98,7754.97,2892.49,2380.7646040855593,4591.651111111111
2025-08-17,CP44,St-Constant,IN,1434.99,2.0,2,24.31,33.8,7.4,83.39,2,0,2,0,0,8,33,2025,-0.7485107481711011,-0.6631226582407952,0.992708874098054,-0.12053668025532309,-0.8660254037844384,-0.5000000000000004,0,3,1,0,0,0,2.5697752808988774,1.2867061159901172,-1.6853932584269664,-0.11488843102477524,-1.4770786516853889,-0.08506435953642728,0.0,0.0,1,0,0,6.309999999999999,0.0,0,0,23.74,22.99,0.9,3364.98,2584.99,1105.0,3199.95,2148.74,1021.3591516862903,4468.9839999999995
2025-08-24,CP44,St-Constant,IN,279.99,1.0,1,20.06,30.3,16.2,79.08,3,0,3,0,0,8,34,2025,-0.8229838658936564,-0.5680647467311559,0.9350162426854149,-0.35460488704253545,-0.8660254037844384,-0.5000000000000004,0,3,1,0,0,0,-1.6802247191011226,-0.8413013536144547,7.1146067415730325,0.48498236349925106,-5.787078651685391,-0.33327550874210393,0.0,0.0,1,0,0,2.0599999999999987,0.0,1,0,24.31,23.74,7.4,1434.99,3364.98,1539.99,8870.0,2231.2374999999997,916.941669368889,4193.166363636364
2025-08-31,CP44,St-Constant,IN,150.0,1.0,1,16.83,24.1,23.4,71.62,6,0,6,0,0,8,35,2025,-0.8854560256532096,-0.4647231720437691,0.8229838658936571,-0.5680647467311547,-0.8660254037844384,-0.5000000000000004,0,3,1,0,0,0,-4.910224719101123,-2.4585870305139292,14.314606741573032,0.9757857408370908,-13.247078651685385,-0.762893878364922,0.0,0.0,0,0,0,0.0,1.1700000000000017,1,0,20.06,24.31,16.2,279.99,1434.99,2584.99,3495.0,1916.2375,1348.45464329543,3867.068333333333
2025-06-08,CP44,St-Constant,INM,4709.98,11.0,11,19.6,25.5,0.0,13.8,0,0,0,0,0,6,23,2025,0.35460488704253584,-0.9350162426854147,-0.6631226582407956,0.7485107481711007,1.2246467991473532e-16,-1.0,0,2,1,0,0,0,-0.862093023255813,-0.4316565630546725,-21.190697674418605,-1.4445091648263553,-49.853720930232555,-2.871055536954086,0.0,0.0,0,0,0,1.6000000000000014,0.0,0,0,,,,,,,,,,
2025-06-15,CP44,St-Constant,INM,2829.98,7.0,7,17.66,25.3,18.1,87.88,3,0,3,0,0,6,24,2025,0.23931566428755768,-0.970941817426052,-0.4647231720437684,0.88545602565321,1.2246467991473532e-16,-1.0,0,2,1,0,0,0,-2.8020930232558143,-1.4030293844741717,-3.090697674418603,-0.2106840079076191,24.226279069767436,1.3951815705068222,0.0,0.0,0,0,0,0.0,0.33999999999999986,1,0,19.6,,0.0,4709.98,,,,,,
2025-06-22,CP44,St-Constant,INM,2420.0,8.0,5,21.91,29.6,51.1,80.03,6,0,6,0,0,6,25,2025,0.12053668025532308,-0.992708874098054,-0.2393156642875578,0.970941817426052,1.2246467991473532e-16,-1.0,0,2,1,0,0,0,1.4479069767441857,0.7249780851304,29.909302325581397,2.03883147155748,16.376279069767442,0.9431032593085485,0.0,0.0,1,0,0,3.91,0.0,1,0,17.66,19.6,18.1,2829.98,4709.98,,,3769.9799999999996,1329.3607486307087,
2025-06-29,CP44,St-Constant,INM,3079.98,7.0,7,22.9,33.8,15.0,73.83,4,0,4,1,1,6,26,2025,-3.216245299353273e-16,-1.0,6.432490598706546e-16,1.0,1.2246467991473532e-16,-1.0,0,2,1,0,0,0,2.437906976744184,1.2206786486382877,-6.190697674418605,-0.4220021287058558,10.176279069767439,0.5860477778525868,0.0,0.0,1,0,0,4.899999999999999,0.0,1,0,21.91,17.66,51.1,2420.0,2829.98,,,3319.986666666666,1221.0986856652219,
2025-07-06,CP44,St-Constant,INM,2864.99,8.0,8,22.04,31.1,35.5,82.71,4,0,4,1,1,7,27,2025,-0.12053668025532283,-0.992708874098054,0.23931566428755732,0.9709418174260521,-0.4999999999999998,-0.8660254037844388,0,3,1,0,0,0,-0.686913580246916,-0.34394287758547215,5.802469135802468,0.3955377012153372,-4.750370370370376,-0.2735718999494725,0.0,0.0,1,0,0,4.039999999999999,0.0,1,0,22.9,21.91,15.0,3079.98,2420.0,4709.98,,3259.9849999999997,1004.2188341027397,3259.9849999999997
2025-07-13,CP44,St-Constant,INM,925.0,2.0,2,23.34,31.9,34.9,90.81,5,0,5,0,0,7,28,2025,-0.23931566428755743,-0.9709418174260521,0.46472317204376795,0.8854560256532102,-0.4999999999999998,-0.8660254037844388,0,3,1,0,0,0,0.6130864197530848,0.3069770542935737,5.202469135802467,0.3546374197705171,3.349629629629632,0.19290380969460688,0.0,0.0,1,0,0,5.34,0.0,1,0,22.04,22.9,35.5,2864.99,3079.98,2829.98,,2798.7375,275.62349033600054,3180.986
2025-07-20,CP44,St-Constant,INM,769.99,1.0,1,23.19,33.0,30.1,89.9,3,0,3,0,0,7,29,2025,-0.3546048870425356,-0.9350162426854148,0.6631226582407952,0.7485107481711011,-0.4999999999999998,-0.8660254037844388,0,3,1,0,0,0,0.4630864197530862,0.2318709083075307,0.4024691358024697,0.027435168211957472,2.4396296296296356,0.14049727935187722,0.0,0.0,1,0,0,5.190000000000001,0.0,1,0,23.34,22.04,34.9,925.0,2864.99,2420.0,,2322.4925000000003,971.3536689031783,2804.9883333333332
2025-08-03,CP44,St-Constant,INM,330.0,2.0,2,22.99,32.4,1.2,89.73,3,0,3,0,0,8,31,2025,-0.5680647467311556,-0.8229838658936565,0.9350162426854147,0.354604887042536,-0.8660254037844384,-0.5000000000000004,0,3,1,0,0,0,1.2497752808988771,0.6257720313129324,-7.885393258426967,-0.5375246726212484,4.8629213483146145,0.2800536650491853,0.0,0.0,1,0,0,4.989999999999998,0.0,0,0,23.19,23.34,30.1,769.99,925.0,3079.98,,1909.99,1231.625876663309,2514.2742857142853
2025-08-10,CP44,St-Constant,INM,1704.98,3.0,3,23.74,33.7,0.9,96.86,3,0,3,0,0,8,32,2025,-0.663122658240795,-0.7485107481711013,0.9927088740980539,0.12053668025532369,-0.8660254037844384,-0.5000000000000004,0,3,1,0,0,0,1.9997752808988771,1.0013027612431509,-8.185393258426966,-0.5579748133436584,11.99292134831461,0.6906674687235409,0.0,0.0,1,0,0,5.739999999999998,0.0,0,0,22.99,23.19,1.2,330.0,769.99,2864.99,4709.98,1222.495,1123.6252637630857,2241.24
2025-08-24,CP44,St-Constant,INM,760.0,1.0,1,20.06,30.3,16.2,79.08,3,0,3,0,0,8,34,2025,-0.8229838658936564,-0.5680647467311559,0.9350162426854149,-0.35460488704253545,-0.8660254037844384,-0.5000000000000004,0,3,1,0,0,0,-1.6802247191011226,-0.8413013536144547,7.1146067415730325,0.48498236349925106,-5.787078651685391,-0.33327550874210393,0.0,0.0,1,0,0,2.0599999999999987,0.0,1,0,23.74,22.99,0.9,1704.98,330.0,925.0,2829.98,932.4925000000001,573.3519426073865,2181.655555555555
2025-08-31,CP44,St-Constant,INM,125.0,1.0,1,16.83,24.1,23.4,71.62,6,0,6,0,0,8,35,2025,-0.8854560256532096,-0.4647231720437691,0.8229838658936571,-0.5680647467311547,-0.8660254037844384,-0.5000000000000004,0,3,1,0,0,0,-4.910224719101123,-2.4585870305139292,14.314606741573032,0.9757857408370908,-13.247078651685385,-0.762893878364922,0.0,0.0,0,0,0,0.0,1.1700000000000017,1,0,20.06,23.74,16.2,760.0,1704.98,769.99,2420.0,891.2425000000001,579.9679948856348,2039.4899999999998
2025-06-08,CP44,St-Constant,LI,1547.92,39.0,34,19.6,25.5,0.0,13.8,0,0,0,0,0,6,23,2025,0.35460488704253584,-0.9350162426854147,-0.6631226582407956,0.7485107481711007,1.2246467991473532e-16,-1.0,0,2,1,0,0,0,-0.862093023255813,-0.4316565630546725,-21.190697674418605,-1.4445091648263553,-49.853720930232555,-2.871055536954086,0.0,0.0,0,0,0,1.6000000000000014,0.0,0,0,,,,,,,,,,
2025-06-15,CP44,St-Constant,LI,1119.92,31.0,31,17.66,25.3,18.1,87.88,3,0,3,0,0,6,24,2025,0.23931566428755768,-0.970941817426052,-0.4647231720437684,0.88545602565321,1.2246467991473532e-16,-1.0,0,2,1,0,0,0,-2.8020930232558143,-1.4030293844741717,-3.090697674418603,-0.2106840079076191,24.226279069767436,1.3951815705068222,0.0,0.0,0,0,0,0.0,0.33999999999999986,1,0,19.6,,0.0,1547.92,,,,,,
2025-06-22,CP44,St-Constant,LI,1029.94,24.0,24,21.91,29.6,51.1,80.03,6,0,6,0,0,6,25,2025,0.12053668025532308,-0.992708874098054,-0.2393156642875578,0.970941817426052,1.2246467991473532e-16,-1.0,0,2,1,0,0,0,1.4479069767441857,0.7249780851304,29.909302325581397,2.03883147155748,16.376279069767442,0.9431032593085485,0.0,0.0,1,0,0,3.91,0.0,1,0,17.66,19.6,18.1,1119.92,1547.92,,,1333.92,302.64170234784234,
2025-06-29,CP44,St-Constant,LI,1209.92,29.0,29,22.9,33.8,15.0,73.83,4,0,4,1,1,6,26,2025,-3.216245299353273e-16,-1.0,6.432490598706546e-16,1.0,1.2246467991473532e-16,-1.0,0,2,1,0,0,0,2.437906976744184,1.2206786486382877,-6.190697674418605,-0.4220021287058558,10.176279069767439,0.5860477778525868,0.0,0.0,1,0,0,4.899999999999999,0.0,1,0,21.91,17.66,51.1,1029.94,1119.92,,,1232.5933333333335,276.76213637947905,
2025-07-06,CP44,St-Constant,LI,2269.86,43.0,43,22.04,31.1,35.5,82.71,4,0,4,1,1,7,27,2025,-0.12053668025532283,-0.992708874098054,0.23931566428755732,0.9709418174260521,-0.4999999999999998,-0.8660254037844388,0,3,1,0,0,0,-0.686913580246916,-0.34394287758547215,5.802469135802468,0.3955377012153372,-4.750370370370376,-0.2735718999494725,0.0,0.0,1,0,0,4.039999999999999,0.0,1,0,22.9,21.91,15.0,1209.92,1029.94,1547.92,,1226.9250000000002,226.2595267239224,1226.9250000000002
2025-07-13,CP44,St-Constant,LI,1319.9,28.0,28,23.34,31.9,34.9,90.81,5,0,5,0,0,7,28,2025,-0.23931566428755743,-0.9709418174260521,0.46472317204376795,0.8854560256532102,-0.4999999999999998,-0.8660254037844388,0,3,1,0,0,0,0.6130864197530848,0.3069770542935737,5.202469135802467,0.3546374197705171,3.349629629629632,0.19290380969460688,0.0,0.0,1,0,0,5.34,0.0,1,0,22.04,22.9,35.5,2269.86,1209.92,1119.92,,1407.41,579.6425345561406,1435.5120000000002
2025-07-20,CP44,St-Constant,LI,509.97,17.0,17,23.19,33.0,30.1,89.9,3,0,3,0,0,7,29,2025,-0.3546048870425356,-0.9350162426854148,0.6631226582407952,0.7485107481711011,-0.4999999999999998,-0.8660254037844388,0,3,1,0,0,0,0.4630864197530862,0.2318709083075307,0.4024691358024697,0.027435168211957472,2.4396296296296356,0.14049727935187722,0.0,0.0,1,0,0,5.190000000000001,0.0,1,0,23.34,22.04,34.9,1319.9,2269.86,1029.94,,1457.4050000000002,554.6668379907587,1416.2433333333336
2025-07-27,CP44,St-Constant,LI,50.0,8.0,8,22.21,33.2,15.3,85.98,3,0,3,0,0,7,30,2025,-0.46472317204376806,-0.8854560256532101,0.8229838658936558,0.5680647467311567,-0.4999999999999998,-0.8660254037844388,0,3,1,0,0,0,-0.5169135802469143,-0.2588225788012884,-14.397530864197531,-0.9814384407602688,-1.4803703703703661,-0.08525392827834376,0.0,0.0,1,0,0,4.210000000000001,0.0,1,0,23.19,23.34,30.1,509.97,1319.9,1209.92,,1327.4125,723.4824246367933,1286.7757142857142
2025-08-03,CP44,St-Constant,LI,709.96,18.0,18,22.99,32.4,1.2,89.73,3,0,3,0,0,8,31,2025,-0.5680647467311556,-0.8229838658936565,0.9350162426854147,0.354604887042536,-0.8660254037844384,-0.5000000000000004,0,3,1,0,0,0,1.2497752808988771,0.6257720313129324,-7.885393258426967,-0.5375246726212484,4.8629213483146145,0.2800536650491853,0.0,0.0,1,0,0,4.989999999999998,0.0,0,0,22.21,23.19,15.3,50.0,509.97,2269.86,1547.92,1037.4325,975.0051388368851,1132.17875
2025-08-10,CP44,St-Constant,LI,739.9399999999999,20.0,20,23.74,33.7,0.9,96.86,3,0,3,0,0,8,32,2025,-0.663122658240795,-0.7485107481711013,0.9927088740980539,0.12053668025532369,-0.8660254037844384,-0.5000000000000004,0,3,1,0,0,0,1.9997752808988771,1.0013027612431509,-8.185393258426966,-0.5579748133436584,11.99292134831461,0.6906674687235409,0.0,0.0,1,0,0,5.739999999999998,0.0,0,0,22.99,22.21,1.2,709.96,50.0,1319.9,1119.92,647.4575,526.6066701929128,1085.2655555555557
2025-08-17,CP44,St-Constant,LI,1019.95,15.0,15,24.31,33.8,7.4,83.39,2,0,2,0,0,8,33,2025,-0.7485107481711011,-0.6631226582407952,0.992708874098054,-0.12053668025532309,-0.8660254037844384,-0.5000000000000004,0,3,1,0,0,0,2.5697752808988774,1.2867061159901172,-1.6853932584269664,-0.11488843102477524,-1.4770786516853889,-0.08506435953642728,0.0,0.0,1,0,0,6.309999999999999,0.0,0,0,23.74,22.99,0.9,739.9399999999999,709.96,509.97,1029.94,502.4675,318.4490811600297,1050.733
2025-08-24,CP44,St-Constant,LI,229.97000000000003,7.0,7,20.06,30.3,16.2,79.08,3,0,3,0,0,8,34,2025,-0.8229838658936564,-0.5680647467311559,0.9350162426854149,-0.35460488704253545,-0.8660254037844384,-0.5000000000000004,0,3,1,0,0,0,-1.6802247191011226,-0.8413013536144547,7.1146067415730325,0.48498236349925106,-5.787078651685391,-0.33327550874210393,0.0,0.0,1,0,0,2.0599999999999987,0.0,1,0,24.31,23.74,7.4,1019.95,739.9399999999999,50.0,1209.92,629.9625,411.0723383521857,1047.9345454545455
2025-08-31,CP44,St-Constant,LI,99.99,1.0,1,16.83,24.1,23.4,71.62,6,0,6,0,0,8,35,2025,-0.8854560256532096,-0.4647231720437691,0.8229838658936571,-0.5680647467311547,-0.8660254037844384,-0.5000000000000004,0,3,1,0,0,0,-4.910224719101123,-2.4585870305139292,14.314606741573032,0.9757857408370908,-13.247078651685385,-0.762893878364922,0.0,0.0,0,0,0,0.0,1.1700000000000017,1,0,20.06,24.31,16.2,229.97000000000003,1019.95,709.96,2269.86,674.955,327.8625730902108,979.7708333333334
2025-09-07,CP44,St-Constant,LI,0.0,1.0,1,18.0,25.9,22.5,72.75,6,0,6,1,1,9,36,2025,-0.9350162426854147,-0.3546048870425359,0.6631226582407956,-0.7485107481711007,-1.0,-1.8369701987210297e-16,0,3,0,0,1,0,0.9441666666666677,0.47275146334548673,10.083333333333334,0.6873519520587803,-4.638333333333335,-0.2671197324978338,0.0,0.0,0,0,0,0.0,0.0,1,0,16.83,20.06,23.4,99.99,229.97000000000003,739.9399999999999,1319.9,522.4625,431.59593428537676,859.11
2025-09-14,CP44,St-Constant,LI,0.0,1.0,1,15.94,23.0,0.5,82.87,3,0,3,0,0,9,37,2025,-0.970941817426052,-0.23931566428755774,0.4647231720437685,-0.8854560256532099,-1.0,-1.8369701987210297e-16,0,3,0,0,1,0,-1.1158333333333328,-0.5587062748628471,-11.916666666666666,-0.8123250342512857,5.481666666666669,0.315686956588349,0.0,0.0,0,0,0,0.0,2.0600000000000005,0,0,18.0,16.83,22.5,0.0,99.99,1019.95,509.97,337.47749999999996,464.62097508793914,765.7833333333333
2025-06-08,CP44,St-Constant,LO,2046.95,124.0,100,19.6,25.5,0.0,13.8,0,0,0,0,0,6,23,2025,0.35460488704253584,-0.9350162426854147,-0.6631226582407956,0.7485107481711007,1.2246467991473532e-16,-1.0,0,2,1,0,0,0,-0.862093023255813,-0.4316565630546725,-21.190697674418605,-1.4445091648263553,-49.853720930232555,-2.871055536954086,0.0,0.0,0,0,0,1.6000000000000014,0.0,0,0,,,,,,,,,,
2025-06-15,CP44,St-Constant,LO,2326.67,120.0,105,17.66,25.3,18.1,87.88,3,0,3,0,0,6,24,2025,0.23931566428755768,-0.970941817426052,-0.4647231720437684,0.88545602565321,1.2246467991473532e-16,-1.0,0,2,1,0,0,0,-2.8020930232558143,-1.4030293844741717,-3.090697674418603,-0.2106840079076191,24.226279069767436,1.3951815705068222,0.0,0.0,0,0,0,0.0,0.33999999999999986,1,0,19.6,,0.0,2046.95,,,,,,
2025-06-22,CP44,St-Constant,LO,2301.06,149.0,124,21.91,29.6,51.1,80.03,6,0,6,0,0,6,25,2025,0.12053668025532308,-0.992708874098054,-0.2393156642875578,0.970941817426052,1.2246467991473532e-16,-1.0,0,2,1,0,0,0,1.4479069767441857,0.7249780851304,29.909302325581397,2.03883147155748,16.376279069767442,0.9431032593085485,0.0,0.0,1,0,0,3.91,0.0,1,0,17.66,19.6,18.1,2326.67,2046.95,,,2186.81,197.79190883350117,
2025-06-29,CP44,St-Constant,LO,2966.05,157.0,140,22.9,33.8,15.0,73.83,4,0,4,1,1,6,26,2025,-3.216245299353273e-16,-1.0,6.432490598706546e-16,1.0,1.2246467991473532e-16,-1.0,0,2,1,0,0,0,2.437906976744184,1.2206786486382877,-6.190697674418605,-0.4220021287058558,10.176279069767439,0.5860477778525868,0.0,0.0,1,0,0,4.899999999999999,0.0,1,0,21.91,17.66,51.1,2301.06,2326.67,,,2224.8933333333334,154.63453829378915,
2025-07-06,CP44,St-Constant,LO,2029.34,123.0,103,22.04,31.1,35.5,82.71,4,0,4,1,1,7,27,2025,-0.12053668025532283,-0.992708874098054,0.23931566428755732,0.9709418174260521,-0.4999999999999998,-0.8660254037844388,0,3,1,0,0,0,-0.686913580246916,-0.34394287758547215,5.802469135802468,0.3955377012153372,-4.750370370370376,-0.2735718999494725,0.0,0.0,1,0,0,4.039999999999999,0.0,1,0,22.9,21.91,15.0,2966.05,2301.06,2046.95,,2410.1825,391.49652372871304,2410.1825
2025-07-13,CP44,St-Constant,LO,2717.1,133.0,102,23.34,31.9,34.9,90.81,5,0,5,0,0,7,28,2025,-0.23931566428755743,-0.9709418174260521,0.46472317204376795,0.8854560256532102,-0.4999999999999998,-0.8660254037844388,0,3,1,0,0,0,0.6130864197530848,0.3069770542935737,5.202469135802467,0.3546374197705171,3.349629629629632,0.19290380969460688,0.0,0.0,1,0,0,5.34,0.0,1,0,22.04,22.9,35.5,2029.34,2966.05,2326.67,,2405.78,397.0030297953238,2334.014
2025-07-20,CP44,St-Constant,LO,2423.04,100.0,95,23.19,33.0,30.1,89.9,3,0,3,0,0,7,29,2025,-0.3546048870425356,-0.9350162426854148,0.6631226582407952,0.7485107481711011,-0.4999999999999998,-0.8660254037844388,0,3,1,0,0,0,0.4630864197530862,0.2318709083075307,0.4024691358024697,0.027435168211957472,2.4396296296296356,0.14049727935187722,0.0,0.0,1,0,0,5.190000000000001,0.0,1,0,23.34,22.04,34.9,2717.1,2029.34,2301.06,,2503.3875,418.48419766063665,2397.8616666666667
2025-07-27,CP44,St-Constant,LO,2075.56,95.0,80,22.21,33.2,15.3,85.98,3,0,3,0,0,7,30,2025,-0.46472317204376806,-0.8854560256532101,0.8229838658936558,0.5680647467311567,-0.4999999999999998,-0.8660254037844388,0,3,1,0,0,0,-0.5169135802469143,-0.2588225788012884,-14.397530864197531,-0.9814384407602688,-1.4803703703703661,-0.08525392827834376,0.0,0.0,1,0,0,4.210000000000001,0.0,1,0,23.19,23.34,30.1,2423.04,2717.1,2966.05,,2533.8825,402.98328934543525,2401.4585714285713
2025-08-03,CP44,St-Constant,LO,1611.03,71.0,60,22.99,32.4,1.2,89.73,3,0,3,0,0,8,31,2025,-0.5680647467311556,-0.8229838658936565,0.9350162426854147,0.354604887042536,-0.8660254037844384,-0.5000000000000004,0,3,1,0,0,0,1.2497752808988771,0.6257720313129324,-7.885393258426967,-0.5375246726212484,4.8629213483146145,0.2800536650491853,0.0,0.0,1,0,0,4.989999999999998,0.0,0,0,22.21,23.19,15.3,2075.56,2423.04,2029.34,2046.95,2311.2599999999998,322.61135049261145,2360.72125
2025-08-10,CP44,St-Constant,LO,2097.43,99.0,79,23.74,33.7,0.9,96.86,3,0,3,0,0,8,32,2025,-0.663122658240795,-0.7485107481711013,0.9927088740980539,0.12053668025532369,-0.8660254037844384,-0.5000000000000004,0,3,1,0,0,0,1.9997752808988771,1.0013027612431509,-8.185393258426966,-0.5579748133436584,11.99292134831461,0.6906674687235409,0.0,0.0,1,0,0,5.739999999999998,0.0,0,0,22.99,22.21,1.2,1611.03,2075.56,2717.1,2326.67,2206.6825,475.86118524733655,2277.422222222222
2025-08-17,CP44,St-Constant,LO,1172.02,75.0,51,24.31,33.8,7.4,83.39,2,0,2,0,0,8,33,2025,-0.7485107481711011,-0.6631226582407952,0.992708874098054,-0.12053668025532309,-0.8660254037844384,-0.5000000000000004,0,3,1,0,0,0,2.5697752808988774,1.2867061159901172,-1.6853932584269664,-0.11488843102477524,-1.4770786516853889,-0.08506435953642728,0.0,0.0,1,0,0,6.309999999999999,0.0,0,0,23.74,22.99,0.9,2097.43,1611.03,2423.04,2301.06,2051.765,334.0379020909652,2259.423
2025-08-24,CP44,St-Constant,LO,680.63,38.0,31,20.06,30.3,16.2,79.08,3,0,3,0,0,8,34,2025,-0.8229838658936564,-0.5680647467311559,0.9350162426854149,-0.35460488704253545,-0.8660254037844384,-0.5000000000000004,0,3,1,0,0,0,-1.6802247191011226,-0.8413013536144547,7.1146067415730325,0.48498236349925106,-5.787078651685391,-0.33327550874210393,0.0,0.0,1,0,0,2.0599999999999987,0.0,1,0,24.31,23.74,7.4,1172.02,2097.43,2075.56,2966.05,1739.0099999999998,439.54041884677656,2160.568181818182
2025-08-31,CP44,St-Constant,LO,241.83,30.0,14,16.83,24.1,23.4,71.62,6,0,6,0,0,8,35,2025,-0.8854560256532096,-0.4647231720437691,0.8229838658936571,-0.5680647467311547,-0.8660254037844384,-0.5000000000000004,0,3,1,0,0,0,-4.910224719101123,-2.4585870305139292,14.314606741573032,0.9757857408370908,-13.247078651685385,-0.762893878364922,0.0,0.0,0,0,0,0.0,1.1700000000000017,1,0,20.06,24.31,16.2,680.63,1172.02,1611.03,2029.34,1390.2775,605.5389431668837,2037.24
2025-09-07,CP44,St-Constant,LO,422.51,26.0,20,18.0,25.9,22.5,72.75,6,0,6,1,1,9,36,2025,-0.9350162426854147,-0.3546048870425359,0.6631226582407956,-0.7485107481711007,-1.0,-1.8369701987210297e-16,0,3,0,0,1,0,0.9441666666666677,0.47275146334548673,10.083333333333334,0.6873519520587803,-4.638333333333335,-0.2671197324978338,0.0,0.0,0,0,0,0.0,0.0,1,0,16.83,20.06,23.4,241.83,680.63,2097.43,2717.1,1047.9774999999997,796.1480325238931,1886.8133333333333
2025-09-14,CP44,St-Constant,LO,463.31,19.0,19,15.94,23.0,0.5,82.87,3,0,3,0,0,9,37,2025,-0.970941817426052,-0.23931566428755774,0.4647231720437685,-0.8854560256532099,-1.0,-1.8369701987210297e-16,0,3,0,0,1,0,-1.1158333333333328,-0.5587062748628471,-11.916666666666666,-0.8123250342512857,5.481666666666669,0.315686956588349,0.0,0.0,0,0,0,0.0,2.0600000000000005,0,0,18.0,16.83,22.5,422.51,241.83,1172.02,2423.04,629.2475,404.1760595231561,1728.1333333333334
2025-06-08,CP44,St-Constant,ME,10874.84,60.0,42,19.6,25.5,0.0,13.8,0,0,0,0,0,6,23,2025,0.35460488704253584,-0.9350162426854147,-0.6631226582407956,0.7485107481711007,1.2246467991473532e-16,-1.0,0,2,1,0,0,0,-0.862093023255813,-0.4316565630546725,-21.190697674418605,-1.4445091648263553,-49.853720930232555,-2.871055536954086,0.0,0.0,0,0,0,1.6000000000000014,0.0,0,0,,,,,,,,,,
2025-06-15,CP44,St-Constant,ME,17415.09,100.0,52,17.66,25.3,18.1,87.88,3,0,3,0,0,6,24,2025,0.23931566428755768,-0.970941817426052,-0.4647231720437684,0.88545602565321,1.2246467991473532e-16,-1.0,0,2,1,0,0,0,-2.8020930232558143,-1.4030293844741717,-3.090697674418603,-0.2106840079076191,24.226279069767436,1.3951815705068222,0.0,0.0,0,0,0,0.0,0.33999999999999986,1,0,19.6,,0.0,10874.84,,,,,,
2025-06-22,CP44,St-Constant,ME,14166.85,52.0,36,21.91,29.6,51.1,80.03,6,0,6,0,0,6,25,2025,0.12053668025532308,-0.992708874098054,-0.2393156642875578,0.970941817426052,1.2246467991473532e-16,-1.0,0,2,1,0,0,0,1.4479069767441857,0.7249780851304,29.909302325581397,2.03883147155748,16.376279069767442,0.9431032593085485,0.0,0.0,1,0,0,3.91,0.0,1,0,17.66,19.6,18.1,17415.09,10874.84,,,14144.965,4624.6551256553175,
2025-06-29,CP44,St-Constant,ME,6338.29,24.0,25,22.9,33.8,15.0,73.83,4,0,4,1,1,6,26,2025,-3.216245299353273e-16,-1.0,6.432490598706546e-16,1.0,1.2246467991473532e-16,-1.0,0,2,1,0,0,0,2.437906976744184,1.2206786486382877,-6.190697674418605,-0.4220021287058558,10.176279069767439,0.5860477778525868,0.0,0.0,1,0,0,4.899999999999999,0.0,1,0,21.91,17.66,51.1,14166.85,17415.09,,,14152.26,3270.149410455125,
2025-07-06,CP44,St-Constant,ME,29429.08,108.0,65,22.04,31.1,35.5,82.71,4,0,4,1,1,7,27,2025,-0.12053668025532283,-0.992708874098054,0.23931566428755732,0.9709418174260521,-0.4999999999999998,-0.8660254037844388,0,3,1,0,0,0,-0.686913580246916,-0.34394287758547215,5.802469135802468,0.3955377012153372,-4.750370370370376,-0.2735718999494725,0.0,0.0,1,0,0,4.039999999999999,0.0,1,0,22.9,21.91,15.0,6338.29,14166.85,10874.84,,12198.7675,4732.207015198264,12198.7675
2025-07-13,CP44,St-Constant,ME,20826.99,85.0,56,23.34,31.9,34.9,90.81,5,0,5,0,0,7,28,2025,-0.23931566428755743,-0.9709418174260521,0.46472317204376795,0.8854560256532102,-0.4999999999999998,-0.8660254037844388,0,3,1,0,0,0,0.6130864197530848,0.3069770542935737,5.202469135802467,0.3546374197705171,3.349629629629632,0.19290380969460688,0.0,0.0,1,0,0,5.34,0.0,1,0,22.04,22.9,35.5,29429.08,6338.29,17415.09,,16837.3275,9595.958854852652,15644.829999999998
2025-07-20,CP44,St-Constant,ME,12090.36,51.0,33,23.19,33.0,30.1,89.9,3,0,3,0,0,7,29,2025,-0.3546048870425356,-0.9350162426854148,0.6631226582407952,0.7485107481711011,-0.4999999999999998,-0.8660254037844388,0,3,1,0,0,0,0.4630864197530862,0.2318709083075307,0.4024691358024697,0.027435168211957472,2.4396296296296356,0.14049727935187722,0.0,0.0,1,0,0,5.190000000000001,0.0,1,0,23.34,22.04,34.9,20826.99,29429.08,14166.85,,17690.3025,9813.606387512442,16508.523333333334
2025-07-27,CP44,St-Constant,ME,11556.51,49.0,35,22.21,33.2,15.3,85.98,3,0,3,0,0,7,30,2025,-0.46472317204376806,-0.8854560256532101,0.8229838658936558,0.5680647467311567,-0.4999999999999998,-0.8660254037844388,0,3,1,0,0,0,-0.5169135802469143,-0.2588225788012884,-14.397530864197531,-0.9814384407602688,-1.4803703703703661,-0.08525392827834376,0.0,0.0,1,0,0,4.210000000000001,0.0,1,0,23.19,23.34,30.1,12090.36,20826.99,6338.29,,17171.18,10112.488925261345,15877.357142857143
2025-08-03,CP44,St-Constant,ME,8939.57,24.0,21,22.99,32.4,1.2,89.73,3,0,3,0,0,8,31,2025,-0.5680647467311556,-0.8229838658936565,0.9350162426854147,0.354604887042536,-0.8660254037844384,-0.5000000000000004,0,3,1,0,0,0,1.2497752808988771,0.6257720313129324,-7.885393258426967,-0.5375246726212484,4.8629213483146145,0.2800536650491853,0.0,0.0,1,0,0,4.989999999999998,0.0,0,0,22.21,23.19,15.3,11556.51,12090.36,29429.08,10874.84,18475.735,8448.922125638277,15337.251250000001
2025-08-10,CP44,St-Constant,ME,4119.59,19.0,13,23.74,33.7,0.9,96.86,3,0,3,0,0,8,32,2025,-0.663122658240795,-0.7485107481711013,0.9927088740980539,0.12053668025532369,-0.8660254037844384,-0.5000000000000004,0,3,1,0,0,0,1.9997752808988771,1.0013027612431509,-8.185393258426966,-0.5579748133436584,11.99292134831461,0.6906674687235409,0.0,0.0,1,0,0,5.739999999999998,0.0,0,0,22.99,22.21,1.2,8939.57,11556.51,20826.99,17415.09,13353.3575,5169.156167869662,14626.39777777778
2025-08-17,CP44,St-Constant,ME,7106.63,37.0,22,24.31,33.8,7.4,83.39,2,0,2,0,0,8,33,2025,-0.7485107481711011,-0.6631226582407952,0.992708874098054,-0.12053668025532309,-0.8660254037844384,-0.5000000000000004,0,3,1,0,0,0,2.5697752808988774,1.2867061159901172,-1.6853932584269664,-0.11488843102477524,-1.4770786516853889,-0.08506435953642728,0.0,0.0,1,0,0,6.309999999999999,0.0,0,0,23.74,22.99,0.9,4119.59,8939.57,12090.36,14166.85,9176.5075,3641.5885852410966,13575.717
2025-08-24,CP44,St-Constant,ME,3299.88,18.0,14,20.06,30.3,16.2,79.08,3,0,3,0,0,8,34,2025,-0.8229838658936564,-0.5680647467311559,0.9350162426854149,-0.35460488704253545,-0.8660254037844384,-0.5000000000000004,0,3,1,0,0,0,-1.6802247191011226,-0.8413013536144547,7.1146067415730325,0.48498236349925106,-5.787078651685391,-0.33327550874210393,0.0,0.0,1,0,0,2.0599999999999987,0.0,1,0,24.31,23.74,7.4,7106.63,4119.59,11556.51,6338.29,7930.575,3128.7893061853656,12987.618181818183
2025-08-31,CP44,St-Constant,ME,1654.93,8.0,9,16.83,24.1,23.4,71.62,6,0,6,0,0,8,35,2025,-0.8854560256532096,-0.4647231720437691,0.8229838658936571,-0.5680647467311547,-0.8660254037844384,-0.5000000000000004,0,3,1,0,0,0,-4.910224719101123,-2.4585870305139292,14.314606741573032,0.9757857408370908,-13.247078651685385,-0.762893878364922,0.0,0.0,0,0,0,0.0,1.1700000000000017,1,0,20.06,24.31,16.2,3299.88,7106.63,8939.57,29429.08,5866.4175000000005,2621.762408957928,12180.306666666665
2025-09-07,CP44,St-Constant,ME,849.83,21.0,8,18.0,25.9,22.5,72.75,6,0,6,1,1,9,36,2025,-0.9350162426854147,-0.3546048870425359,0.6631226582407956,-0.7485107481711007,-1.0,-1.8369701987210297e-16,0,3,0,0,1,0,0.9441666666666677,0.47275146334548673,10.083333333333334,0.6873519520587803,-4.638333333333335,-0.2671197324978338,0.0,0.0,0,0,0,0.0,0.0,1,0,16.83,20.06,23.4,1654.93,3299.88,4119.59,20826.99,4045.2575,2283.7673611144214,11411.980833333335
2025-09-14,CP44,St-Constant,ME,139.96,4.0,1,15.94,23.0,0.5,82.87,3,0,3,0,0,9,37,2025,-0.970941817426052,-0.23931566428755774,0.4647231720437685,-0.8854560256532099,-1.0,-1.8369701987210297e-16,0,3,0,0,1,0,-1.1158333333333328,-0.5587062748628471,-11.916666666666666,-0.8123250342512857,5.481666666666669,0.315686956588349,0.0,0.0,0,0,0,0.0,2.0600000000000005,0,0,18.0,16.83,22.5,849.83,1654.93,7106.63,12090.36,3227.8175,2779.639008449032,10031.542500000001
2025-06-08,CP44,St-Constant,MK,1.99,2.0,2,19.6,25.5,0.0,13.8,0,0,0,0,0,6,23,2025,0.35460488704253584,-0.9350162426854147,-0.6631226582407956,0.7485107481711007,1.2246467991473532e-16,-1.0,0,2,1,0,0,0,-0.862093023255813,-0.4316565630546725,-21.190697674418605,-1.4445091648263553,-49.853720930232555,-2.871055536954086,0.0,0.0,0,0,0,1.6000000000000014,0.0,0,0,,,,,,,,,,
2025-06-15,CP44,St-Constant,MK,1.99,1.0,1,17.66,25.3,18.1,87.88,3,0,3,0,0,6,24,2025,0.23931566428755768,-0.970941817426052,-0.4647231720437684,0.88545602565321,1.2246467991473532e-16,-1.0,0,2,1,0,0,0,-2.8020930232558143,-1.4030293844741717,-3.090697674418603,-0.2106840079076191,24.226279069767436,1.3951815705068222,0.0,0.0,0,0,0,0.0,0.33999999999999986,1,0,19.6,,0.0,1.99,,,,,,
2025-06-22,CP44,St-Constant,MK,1.99,1.0,1,21.91,29.6,51.1,80.03,6,0,6,0,0,6,25,2025,0.12053668025532308,-0.992708874098054,-0.2393156642875578,0.970941817426052,1.2246467991473532e-16,-1.0,0,2,1,0,0,0,1.4479069767441857,0.7249780851304,29.909302325581397,2.03883147155748,16.376279069767442,0.9431032593085485,0.0,0.0,1,0,0,3.91,0.0,1,0,17.66,19.6,18.1,1.99,1.99,,,1.99,0.0,
2025-06-29,CP44,St-Constant,MK,0.0,1.0,1,22.9,33.8,15.0,73.83,4,0,4,1,1,6,26,2025,-3.216245299353273e-16,-1.0,6.432490598706546e-16,1.0,1.2246467991473532e-16,-1.0,0,2,1,0,0,0,2.437906976744184,1.2206786486382877,-6.190697674418605,-0.4220021287058558,10.176279069767439,0.5860477778525868,0.0,0.0,1,0,0,4.899999999999999,0.0,1,0,21.91,17.66,51.1,1.99,1.99,,,1.99,0.0,
2025-07-06,CP44,St-Constant,MK,0.0,1.0,1,22.04,31.1,35.5,82.71,4,0,4,1,1,7,27,2025,-0.12053668025532283,-0.992708874098054,0.23931566428755732,0.9709418174260521,-0.4999999999999998,-0.8660254037844388,0,3,1,0,0,0,-0.686913580246916,-0.34394287758547215,5.802469135802468,0.3955377012153372,-4.750370370370376,-0.2735718999494725,0.0,0.0,1,0,0,4.039999999999999,0.0,1,0,22.9,21.91,15.0,0.0,1.99,1.99,,1.4925,0.995,1.4925
2025-07-13,CP44,St-Constant,MK,0.0,2.0,2,23.34,31.9,34.9,90.81,5,0,5,0,0,7,28,2025,-0.23931566428755743,-0.9709418174260521,0.46472317204376795,0.8854560256532102,-0.4999999999999998,-0.8660254037844388,0,3,1,0,0,0,0.6130864197530848,0.3069770542935737,5.202469135802467,0.3546374197705171,3.349629629629632,0.19290380969460688,0.0,0.0,1,0,0,5.34,0.0,1,0,22.04,22.9,35.5,0.0,0.0,1.99,,0.9949999999999999,1.1489270356873553,1.194
2025-07-20,CP44,St-Constant,MK,0.0,1.0,1,23.19,33.0,30.1,89.9,3,0,3,0,0,7,29,2025,-0.3546048870425356,-0.9350162426854148,0.6631226582407952,0.7485107481711011,-0.4999999999999998,-0.8660254037844388,0,3,1,0,0,0,0.4630864197530862,0.2318709083075307,0.4024691358024697,0.027435168211957472,2.4396296296296356,0.14049727935187722,0.0,0.0,1,0,0,5.190000000000001,0.0,1,0,23.34,22.04,34.9,0.0,0.0,1.99,,0.4975,0.995,0.995
2025-07-27,CP44,St-Constant,MK,5.0,1.0,1,22.21,33.2,15.3,85.98,3,0,3,0,0,7,30,2025,-0.46472317204376806,-0.8854560256532101,0.8229838658936558,0.5680647467311567,-0.4999999999999998,-0.8660254037844388,0,3,1,0,0,0,-0.5169135802469143,-0.2588225788012884,-14.397530864197531,-0.9814384407602688,-1.4803703703703661,-0.08525392827834376,0.0,0.0,1,0,0,4.210000000000001,0.0,1,0,23.19,23.34,30.1,0.0,0.0,0.0,,0.0,0.0,0.8528571428571429
2025-08-03,CP44,St-Constant,MK,10.0,2.0,1,22.99,32.4,1.2,89.73,3,0,3,0,0,8,31,2025,-0.5680647467311556,-0.8229838658936565,0.9350162426854147,0.354604887042536,-0.8660254037844384,-0.5000000000000004,0,3,1,0,0,0,1.2497752808988771,0.6257720313129324,-7.885393258426967,-0.5375246726212484,4.8629213483146145,0.2800536650491853,0.0,0.0,1,0,0,4.989999999999998,0.0,0,0,22.21,23.19,15.3,5.0,0.0,0.0,1.99,1.25,2.5,1.3712499999999999
2025-08-17,CP44,St-Constant,MK,0.0,2.0,2,24.31,33.8,7.4,83.39,2,0,2,0,0,8,33,2025,-0.7485107481711011,-0.6631226582407952,0.992708874098054,-0.12053668025532309,-0.8660254037844384,-0.5000000000000004,0,3,1,0,0,0,2.5697752808988774,1.2867061159901172,-1.6853932584269664,-0.11488843102477524,-1.4770786516853889,-0.08506435953642728,0.0,0.0,1,0,0,6.309999999999999,0.0,0,0,22.99,22.21,1.2,10.0,5.0,0.0,1.99,3.75,4.7871355387816905,2.33
2025-08-31,CP44,St-Constant,MK,0.0,2.0,2,16.83,24.1,23.4,71.62,6,0,6,0,0,8,35,2025,-0.8854560256532096,-0.4647231720437691,0.8229838658936571,-0.5680647467311547,-0.8660254037844384,-0.5000000000000004,0,3,1,0,0,0,-4.910224719101123,-2.4585870305139292,14.314606741573032,0.9757857408370908,-13.247078651685385,-0.762893878364922,0.0,0.0,0,0,0,0.0,1.1700000000000017,1,0,24.31,22.99,7.4,0.0,10.0,0.0,1.99,3.75,4.7871355387816905,2.097
2025-09-07,CP44,St-Constant,MK,0.0,1.0,1,18.0,25.9,22.5,72.75,6,0,6,1,1,9,36,2025,-0.9350162426854147,-0.3546048870425359,0.6631226582407956,-0.7485107481711007,-1.0,-1.8369701987210297e-16,0,3,0,0,1,0,0.9441666666666677,0.47275146334548673,10.083333333333334,0.6873519520587803,-4.638333333333335,-0.2671197324978338,0.0,0.0,0,0,0,0.0,0.0,1,0,16.83,24.31,23.4,0.0,0.0,5.0,0.0,3.75,4.7871355387816905,1.9063636363636363
2025-06-08,CP44,St-Constant,PA,2083.74,13.0,12,19.6,25.5,0.0,13.8,0,0,0,0,0,6,23,2025,0.35460488704253584,-0.9350162426854147,-0.6631226582407956,0.7485107481711007,1.2246467991473532e-16,-1.0,0,2,1,0,0,0,-0.862093023255813,-0.4316565630546725,-21.190697674418605,-1.4445091648263553,-49.853720930232555,-2.871055536954086,0.0,0.0,0,0,0,1.6000000000000014,0.0,0,0,,,,,,,,,,
2025-06-15,CP44,St-Constant,PA,3542.9,14.0,14,17.66,25.3,18.1,87.88,3,0,3,0,0,6,24,2025,0.23931566428755768,-0.970941817426052,-0.4647231720437684,0.88545602565321,1.2246467991473532e-16,-1.0,0,2,1,0,0,0,-2.8020930232558143,-1.4030293844741717,-3.090697674418603,-0.2106840079076191,24.226279069767436,1.3951815705068222,0.0,0.0,0,0,0,0.0,0.33999999999999986,1,0,19.6,,0.0,2083.74,,,,,,
2025-06-22,CP44,St-Constant,PA,1922.68,9.0,11,21.91,29.6,51.1,80.03,6,0,6,0,0,6,25,2025,0.12053668025532308,-0.992708874098054,-0.2393156642875578,0.970941817426052,1.2246467991473532e-16,-1.0,0,2,1,0,0,0,1.4479069767441857,0.7249780851304,29.909302325581397,2.03883147155748,16.376279069767442,0.9431032593085485,0.0,0.0,1,0,0,3.91,0.0,1,0,17.66,19.6,18.1,3542.9,2083.74,,,2813.3199999999997,1031.7819308361632,
2025-06-29,CP44,St-Constant,PA,2169.64,15.0,15,22.9,33.8,15.0,73.83,4,0,4,1,1,6,26,2025,-3.216245299353273e-16,-1.0,6.432490598706546e-16,1.0,1.2246467991473532e-16,-1.0,0,2,1,0,0,0,2.437906976744184,1.2206786486382877,-6.190697674418605,-0.4220021287058558,10.176279069767439,0.5860477778525868,0.0,0.0,1,0,0,4.899999999999999,0.0,1,0,21.91,17.66,51.1,1922.68,3542.9,,,2516.44,892.580629187078,
2025-07-06,CP44,St-Constant,PA,3427.11,16.0,16,22.04,31.1,35.5,82.71,4,0,4,1,1,7,27,2025,-0.12053668025532283,-0.992708874098054,0.23931566428755732,0.9709418174260521,-0.4999999999999998,-0.8660254037844388,0,3,1,0,0,0,-0.686913580246916,-0.34394287758547215,5.802469135802468,0.3955377012153372,-4.750370370370376,-0.2735718999494725,0.0,0.0,1,0,0,4.039999999999999,0.0,1,0,22.9,21.91,15.0,2169.64,1922.68,2083.74,,2429.74,749.1335081723862,2429.74
2025-07-13,CP44,St-Constant,PA,2117.89,14.0,12,23.34,31.9,34.9,90.81,5,0,5,0,0,7,28,2025,-0.23931566428755743,-0.9709418174260521,0.46472317204376795,0.8854560256532102,-0.4999999999999998,-0.8660254037844388,0,3,1,0,0,0,0.6130864197530848,0.3069770542935737,5.202469135802467,0.3546374197705171,3.349629629629632,0.19290380969460688,0.0,0.0,1,0,0,5.34,0.0,1,0,22.04,22.9,35.5,3427.11,2169.64,3542.9,,2765.5825,838.1474048708059,2629.214
2025-07-20,CP44,St-Constant,PA,3036.9,12.0,11,23.19,33.0,30.1,89.9,3,0,3,0,0,7,29,2025,-0.3546048870425356,-0.9350162426854148,0.6631226582407952,0.7485107481711011,-0.4999999999999998,-0.8660254037844388,0,3,1,0,0,0,0.4630864197530862,0.2318709083075307,0.4024691358024697,0.027435168211957472,2.4396296296296356,0.14049727935187722,0.0,0.0,1,0,0,5.190000000000001,0.0,1,0,23.34,22.04,34.9,2117.89,3427.11,1922.68,,2409.33,686.8024753886665,2543.9933333333333
2025-07-27,CP44,St-Constant,PA,464.93,7.0,7,22.21,33.2,15.3,85.98,3,0,3,0,0,7,30,2025,-0.46472317204376806,-0.8854560256532101,0.8229838658936558,0.5680647467311567,-0.4999999999999998,-0.8660254037844388,0,3,1,0,0,0,-0.5169135802469143,-0.2588225788012884,-14.397530864197531,-0.9814384407602688,-1.4803703703703661,-0.08525392827834376,0.0,0.0,1,0,0,4.210000000000001,0.0,1,0,23.19,23.34,30.1,3036.9,2117.89,2169.64,,2687.885,648.5206886702484,2614.4085714285716
2025-08-03,CP44,St-Constant,PA,270.08,2.0,2,22.99,32.4,1.2,89.73,3,0,3,0,0,8,31,2025,-0.5680647467311556,-0.8229838658936565,0.9350162426854147,0.354604887042536,-0.8660254037844384,-0.5000000000000004,0,3,1,0,0,0,1.2497752808988771,0.6257720313129324,-7.885393258426967,-0.5375246726212484,4.8629213483146145,0.2800536650491853,0.0,0.0,1,0,0,4.989999999999998,0.0,0,0,22.21,23.19,15.3,464.93,3036.9,3427.11,2083.74,2261.7075000000004,1317.5962022910005,2345.72375
2025-08-10,CP44,St-Constant,PA,799.91,9.0,8,23.74,33.7,0.9,96.86,3,0,3,0,0,8,32,2025,-0.663122658240795,-0.7485107481711013,0.9927088740980539,0.12053668025532369,-0.8660254037844384,-0.5000000000000004,0,3,1,0,0,0,1.9997752808988771,1.0013027612431509,-8.185393258426966,-0.5579748133436584,11.99292134831461,0.6906674687235409,0.0,0.0,1,0,0,5.739999999999998,0.0,0,0,22.99,22.21,1.2,270.08,464.93,2117.89,3542.9,1472.45,1332.2770937258765,2115.0966666666664
2025-08-17,CP44,St-Constant,PA,1064.78,12.0,13,24.31,33.8,7.4,83.39,2,0,2,0,0,8,33,2025,-0.7485107481711011,-0.6631226582407952,0.992708874098054,-0.12053668025532309,-0.8660254037844384,-0.5000000000000004,0,3,1,0,0,0,2.5697752808988774,1.2867061159901172,-1.6853932584269664,-0.11488843102477524,-1.4770786516853889,-0.08506435953642728,0.0,0.0,1,0,0,6.309999999999999,0.0,0,0,23.74,22.99,0.9,799.91,270.08,3036.9,1922.68,1142.955,1281.4492058212847,1983.578
2025-08-24,CP44,St-Constant,PA,2461.02,9.0,9,20.06,30.3,16.2,79.08,3,0,3,0,0,8,34,2025,-0.8229838658936564,-0.5680647467311559,0.9350162426854149,-0.35460488704253545,-0.8660254037844384,-0.5000000000000004,0,3,1,0,0,0,-1.6802247191011226,-0.8413013536144547,7.1146067415730325,0.48498236349925106,-5.787078651685391,-0.33327550874210393,0.0,0.0,1,0,0,2.0599999999999987,0.0,1,0,24.31,23.74,7.4,1064.78,799.91,464.93,2169.64,649.925,352.65920532434916,1900.0509090909093
2025-09-07,CP44,St-Constant,PA,545.98,3.0,3,18.0,25.9,22.5,72.75,6,0,6,1,1,9,36,2025,-0.9350162426854147,-0.3546048870425359,0.6631226582407956,-0.7485107481711007,-1.0,-1.8369701987210297e-16,0,3,0,0,1,0,0.9441666666666677,0.47275146334548673,10.083333333333334,0.6873519520587803,-4.638333333333335,-0.2671197324978338,0.0,0.0,0,0,0,0.0,0.0,1,0,20.06,24.31,16.2,2461.02,1064.78,270.08,3427.11,1148.9475,935.0318483479593,1946.7983333333334
2025-09-14,CP44,St-Constant,PA,79.99,1.0,1,15.94,23.0,0.5,82.87,3,0,3,0,0,9,37,2025,-0.970941817426052,-0.23931566428755774,0.4647231720437685,-0.8854560256532099,-1.0,-1.8369701987210297e-16,0,3,0,0,1,0,-1.1158333333333328,-0.5587062748628471,-11.916666666666666,-0.8123250342512857,5.481666666666669,0.315686956588349,0.0,0.0,0,0,0,0.0,2.0600000000000005,0,0,18.0,20.06,22.5,545.98,2461.02,799.91,2117.89,1217.9225000000001,855.3722763169659,1818.6516666666669
2025-06-08,CP44,St-Constant,PC,23542.75,1076.0,840,19.6,25.5,0.0,13.8,0,0,0,0,0,6,23,2025,0.35460488704253584,-0.9350162426854147,-0.6631226582407956,0.7485107481711007,1.2246467991473532e-16,-1.0,0,2,1,0,0,0,-0.862093023255813,-0.4316565630546725,-21.190697674418605,-1.4445091648263553,-49.853720930232555,-2.871055536954086,0.0,0.0,0,0,0,1.6000000000000014,0.0,0,0,,,,,,,,,,
2025-06-15,CP44,St-Constant,PC,20725.21,991.0,735,17.66,25.3,18.1,87.88,3,0,3,0,0,6,24,2025,0.23931566428755768,-0.970941817426052,-0.4647231720437684,0.88545602565321,1.2246467991473532e-16,-1.0,0,2,1,0,0,0,-2.8020930232558143,-1.4030293844741717,-3.090697674418603,-0.2106840079076191,24.226279069767436,1.3951815705068222,0.0,0.0,0,0,0,0.0,0.33999999999999986,1,0,19.6,,0.0,23542.75,,,,,,
2025-06-22,CP44,St-Constant,PC,20126.05,1002.0,778,21.91,29.6,51.1,80.03,6,0,6,0,0,6,25,2025,0.12053668025532308,-0.992708874098054,-0.2393156642875578,0.970941817426052,1.2246467991473532e-16,-1.0,0,2,1,0,0,0,1.4479069767441857,0.7249780851304,29.909302325581397,2.03883147155748,16.376279069767442,0.9431032593085485,0.0,0.0,1,0,0,3.91,0.0,1,0,17.66,19.6,18.1,20725.21,23542.75,,,22133.98,1992.3016402643457,
2025-06-29,CP44,St-Constant,PC,20757.26,979.0,699,22.9,33.8,15.0,73.83,4,0,4,1,1,6,26,2025,-3.216245299353273e-16,-1.0,6.432490598706546e-16,1.0,1.2246467991473532e-16,-1.0,0,2,1,0,0,0,2.437906976744184,1.2206786486382877,-6.190697674418605,-0.4220021287058558,10.176279069767439,0.5860477778525868,0.0,0.0,1,0,0,4.899999999999999,0.0,1,0,21.91,17.66,51.1,20126.05,20725.21,,,21464.67,1824.4343071757887,
2025-07-06,CP44,St-Constant,PC,17893.96,856.0,637,22.04,31.1,35.5,82.71,4,0,4,1,1,7,27,2025,-0.12053668025532283,-0.992708874098054,0.23931566428755732,0.9709418174260521,-0.4999999999999998,-0.8660254037844388,0,3,1,0,0,0,-0.686913580246916,-0.34394287758547215,5.802469135802468,0.3955377012153372,-4.750370370370376,-0.2735718999494725,0.0,0.0,1,0,0,4.039999999999999,0.0,1,0,22.9,21.91,15.0,20757.26,20126.05,23542.75,,21287.817499999997,1531.0609353729196,21287.817499999997
2025-07-13,CP44,St-Constant,PC,16283.9,712.0,570,23.34,31.9,34.9,90.81,5,0,5,0,0,7,28,2025,-0.23931566428755743,-0.9709418174260521,0.46472317204376795,0.8854560256532102,-0.4999999999999998,-0.8660254037844388,0,3,1,0,0,0,0.6130864197530848,0.3069770542935737,5.202469135802467,0.3546374197705171,3.349629629629632,0.19290380969460688,0.0,0.0,1,0,0,5.34,0.0,1,0,22.04,22.9,35.5,17893.96,20757.26,20725.21,,19875.62,1352.6250771740067,20609.046
2025-07-20,CP44,St-Constant,PC,14645.0,651.0,502,23.19,33.0,30.1,89.9,3,0,3,0,0,7,29,2025,-0.3546048870425356,-0.9350162426854148,0.6631226582407952,0.7485107481711011,-0.4999999999999998,-0.8660254037844388,0,3,1,0,0,0,0.4630864197530862,0.2318709083075307,0.4024691358024697,0.027435168211957472,2.4396296296296356,0.14049727935187722,0.0,0.0,1,0,0,5.190000000000001,0.0,1,0,23.34,22.04,34.9,16283.9,17893.96,20126.05,,18765.2925,2060.430744567337,19888.18833333333
2025-07-27,CP44,St-Constant,PC,14642.42,659.0,508,22.21,33.2,15.3,85.98,3,0,3,0,0,7,30,2025,-0.46472317204376806,-0.8854560256532101,0.8229838658936558,0.5680647467311567,-0.4999999999999998,-0.8660254037844388,0,3,1,0,0,0,-0.5169135802469143,-0.2588225788012884,-14.397530864197531,-0.9814384407602688,-1.4803703703703661,-0.08525392827834376,0.0,0.0,1,0,0,4.210000000000001,0.0,1,0,23.19,23.34,30.1,14645.0,16283.9,20757.26,,17395.03,2604.5342895035888,19139.161428571428
2025-08-03,CP44,St-Constant,PC,13954.73,632.0,481,22.99,32.4,1.2,89.73,3,0,3,0,0,8,31,2025,-0.5680647467311556,-0.8229838658936565,0.9350162426854147,0.354604887042536,-0.8660254037844384,-0.5000000000000004,0,3,1,0,0,0,1.2497752808988771,0.6257720313129324,-7.885393258426967,-0.5375246726212484,4.8629213483146145,0.2800536650491853,0.0,0.0,1,0,0,4.989999999999998,0.0,0,0,22.21,23.19,15.3,14642.42,14645.0,17893.96,23542.75,15866.32,1557.2679900389496,18577.06875
2025-08-10,CP44,St-Constant,PC,17920.09,695.0,550,23.74,33.7,0.9,96.86,3,0,3,0,0,8,32,2025,-0.663122658240795,-0.7485107481711013,0.9927088740980539,0.12053668025532369,-0.8660254037844384,-0.5000000000000004,0,3,1,0,0,0,1.9997752808988771,1.0013027612431509,-8.185393258426966,-0.5579748133436584,11.99292134831461,0.6906674687235409,0.0,0.0,1,0,0,5.739999999999998,0.0,0,0,22.99,22.21,1.2,13954.73,14642.42,16283.9,20725.21,14881.5125,989.7339522442089,18063.475555555557
2025-08-17,CP44,St-Constant,PC,17048.64,639.0,518,24.31,33.8,7.4,83.39,2,0,2,0,0,8,33,2025,-0.7485107481711011,-0.6631226582407952,0.992708874098054,-0.12053668025532309,-0.8660254037844384,-0.5000000000000004,0,3,1,0,0,0,2.5697752808988774,1.2867061159901172,-1.6853932584269664,-0.11488843102477524,-1.4770786516853889,-0.08506435953642728,0.0,0.0,1,0,0,6.309999999999999,0.0,0,0,23.74,22.99,0.9,17920.09,13954.73,14645.0,20126.05,15290.56,1782.8537968661215,18049.137
2025-08-24,CP44,St-Constant,PC,9905.82,418.0,329,20.06,30.3,16.2,79.08,3,0,3,0,0,8,34,2025,-0.8229838658936564,-0.5680647467311559,0.9350162426854149,-0.35460488704253545,-0.8660254037844384,-0.5000000000000004,0,3,1,0,0,0,-1.6802247191011226,-0.8413013536144547,7.1146067415730325,0.48498236349925106,-5.787078651685391,-0.33327550874210393,0.0,0.0,1,0,0,2.0599999999999987,0.0,1,0,24.31,23.74,7.4,17048.64,17920.09,14642.42,20757.26,15891.47,1894.327430637749,17958.182727272728
2025-08-31,CP44,St-Constant,PC,7094.55,295.0,240,16.83,24.1,23.4,71.62,6,0,6,0,0,8,35,2025,-0.8854560256532096,-0.4647231720437691,0.8229838658936571,-0.5680647467311547,-0.8660254037844384,-0.5000000000000004,0,3,1,0,0,0,-4.910224719101123,-2.4585870305139292,14.314606741573032,0.9757857408370908,-13.247078651685385,-0.762893878364922,0.0,0.0,0,0,0,0.0,1.1700000000000017,1,0,20.06,24.31,16.2,9905.82,17048.64,13954.73,17893.96,14707.32,3625.1190496956933,17287.1525
2025-09-07,CP44,St-Constant,PC,7508.78,322.0,272,18.0,25.9,22.5,72.75,6,0,6,1,1,9,36,2025,-0.9350162426854147,-0.3546048870425359,0.6631226582407956,-0.7485107481711007,-1.0,-1.8369701987210297e-16,0,3,0,0,1,0,0.9441666666666677,0.47275146334548673,10.083333333333334,0.6873519520587803,-4.638333333333335,-0.2671197324978338,0.0,0.0,0,0,0,0.0,0.0,1,0,16.83,20.06,23.4,7094.55,9905.82,17920.09,16283.9,12992.275000000001,5324.372336407355,15916.469166666668
2025-09-14,CP44,St-Constant,PC,3275.86,134.0,118,15.94,23.0,0.5,82.87,3,0,3,0,0,9,37,2025,-0.970941817426052,-0.23931566428755774,0.4647231720437685,-0.8854560256532099,-1.0,-1.8369701987210297e-16,0,3,0,0,1,0,-1.1158333333333328,-0.5587062748628471,-11.916666666666666,-0.8123250342512857,5.481666666666669,0.315686956588349,0.0,0.0,0,0,0,0.0,2.0600000000000005,0,0,18.0,16.83,22.5,7508.78,7094.55,17048.64,14645.0,10389.4475,4609.169668240137,14815.1
2025-06-08,CP44,St-Constant,PI,4816.49,160.0,150,19.6,25.5,0.0,13.8,0,0,0,0,0,6,23,2025,0.35460488704253584,-0.9350162426854147,-0.6631226582407956,0.7485107481711007,1.2246467991473532e-16,-1.0,0,2,1,0,0,0,-0.862093023255813,-0.4316565630546725,-21.190697674418605,-1.4445091648263553,-49.853720930232555,-2.871055536954086,0.0,0.0,0,0,0,1.6000000000000014,0.0,0,0,,,,,,,,,,
2025-06-15,CP44,St-Constant,PI,4309.0,155.0,139,17.66,25.3,18.1,87.88,3,0,3,0,0,6,24,2025,0.23931566428755768,-0.970941817426052,-0.4647231720437684,0.88545602565321,1.2246467991473532e-16,-1.0,0,2,1,0,0,0,-2.8020930232558143,-1.4030293844741717,-3.090697674418603,-0.2106840079076191,24.226279069767436,1.3951815705068222,0.0,0.0,0,0,0,0.0,0.33999999999999986,1,0,19.6,,0.0,4816.49,,,,,,
2025-06-22,CP44,St-Constant,PI,3201.43,102.0,91,21.91,29.6,51.1,80.03,6,0,6,0,0,6,25,2025,0.12053668025532308,-0.992708874098054,-0.2393156642875578,0.970941817426052,1.2246467991473532e-16,-1.0,0,2,1,0,0,0,1.4479069767441857,0.7249780851304,29.909302325581397,2.03883147155748,16.376279069767442,0.9431032593085485,0.0,0.0,1,0,0,3.91,0.0,1,0,17.66,19.6,18.1,4309.0,4816.49,,,4562.745,358.84962038436083,
2025-06-29,CP44,St-Constant,PI,2515.73,71.0,68,22.9,33.8,15.0,73.83,4,0,4,1,1,6,26,2025,-3.216245299353273e-16,-1.0,6.432490598706546e-16,1.0,1.2246467991473532e-16,-1.0,0,2,1,0,0,0,2.437906976744184,1.2206786486382877,-6.190697674418605,-0.4220021287058558,10.176279069767439,0.5860477778525868,0.0,0.0,1,0,0,4.899999999999999,0.0,1,0,21.91,17.66,51.1,3201.43,4309.0,,,4108.973333333333,825.9011450732669,
2025-07-06,CP44,St-Constant,PI,4274.35,91.0,74,22.04,31.1,35.5,82.71,4,0,4,1,1,7,27,2025,-0.12053668025532283,-0.992708874098054,0.23931566428755732,0.9709418174260521,-0.4999999999999998,-0.8660254037844388,0,3,1,0,0,0,-0.686913580246916,-0.34394287758547215,5.802469135802468,0.3955377012153372,-4.750370370370376,-0.2735718999494725,0.0,0.0,1,0,0,4.039999999999999,0.0,1,0,22.9,21.91,15.0,2515.73,3201.43,4816.49,,3710.6625,1043.7182956901413,3710.6625
2025-07-13,CP44,St-Constant,PI,2047.42,76.0,74,23.34,31.9,34.9,90.81,5,0,5,0,0,7,28,2025,-0.23931566428755743,-0.9709418174260521,0.46472317204376795,0.8854560256532102,-0.4999999999999998,-0.8660254037844388,0,3,1,0,0,0,0.6130864197530848,0.3069770542935737,5.202469135802467,0.3546374197705171,3.349629629629632,0.19290380969460688,0.0,0.0,1,0,0,5.34,0.0,1,0,22.04,22.9,35.5,4274.35,2515.73,4309.0,,3575.1275,873.5853011727019,3823.4
2025-07-20,CP44,St-Constant,PI,2071.35,94.0,62,23.19,33.0,30.1,89.9,3,0,3,0,0,7,29,2025,-0.3546048870425356,-0.9350162426854148,0.6631226582407952,0.7485107481711011,-0.4999999999999998,-0.8660254037844388,0,3,1,0,0,0,0.4630864197530862,0.2318709083075307,0.4024691358024697,0.027435168211957472,2.4396296296296356,0.14049727935187722,0.0,0.0,1,0,0,5.190000000000001,0.0,1,0,23.34,22.04,34.9,2047.42,4274.35,3201.43,,3009.7325,967.1416942852792,3527.403333333333
2025-07-27,CP44,St-Constant,PI,2225.06,53.0,50,22.21,33.2,15.3,85.98,3,0,3,0,0,7,30,2025,-0.46472317204376806,-0.8854560256532101,0.8229838658936558,0.5680647467311567,-0.4999999999999998,-0.8660254037844388,0,3,1,0,0,0,-0.5169135802469143,-0.2588225788012884,-14.397530864197531,-0.9814384407602688,-1.4803703703703661,-0.08525392827834376,0.0,0.0,1,0,0,4.210000000000001,0.0,1,0,23.19,23.34,30.1,2071.35,2047.42,2515.73,,2727.2125,1053.6654677323668,3319.3957142857143
2025-08-03,CP44,St-Constant,PI,1053.9,39.0,36,22.99,32.4,1.2,89.73,3,0,3,0,0,8,31,2025,-0.5680647467311556,-0.8229838658936565,0.9350162426854147,0.354604887042536,-0.8660254037844384,-0.5000000000000004,0,3,1,0,0,0,1.2497752808988771,0.6257720313129324,-7.885393258426967,-0.5375246726212484,4.8629213483146145,0.2800536650491853,0.0,0.0,1,0,0,4.989999999999998,0.0,0,0,22.21,23.19,15.3,2225.06,2071.35,4274.35,4816.49,2654.545,1082.7346207481626,3182.60375
2025-08-10,CP44,St-Constant,PI,1183.01,49.0,44,23.74,33.7,0.9,96.86,3,0,3,0,0,8,32,2025,-0.663122658240795,-0.7485107481711013,0.9927088740980539,0.12053668025532369,-0.8660254037844384,-0.5000000000000004,0,3,1,0,0,0,1.9997752808988771,1.0013027612431509,-8.185393258426966,-0.5579748133436584,11.99292134831461,0.6906674687235409,0.0,0.0,1,0,0,5.739999999999998,0.0,0,0,22.99,22.21,1.2,1053.9,2225.06,2047.42,4309.0,1849.4325,536.163657936331,2946.081111111111
2025-08-17,CP44,St-Constant,PI,1381.45,39.0,33,24.31,33.8,7.4,83.39,2,0,2,0,0,8,33,2025,-0.7485107481711011,-0.6631226582407952,0.992708874098054,-0.12053668025532309,-0.8660254037844384,-0.5000000000000004,0,3,1,0,0,0,2.5697752808988774,1.2867061159901172,-1.6853932584269664,-0.11488843102477524,-1.4770786516853889,-0.08506435953642728,0.0,0.0,1,0,0,6.309999999999999,0.0,0,0,23.74,22.99,0.9,1183.01,1053.9,2071.35,3201.43,1633.33,600.1480763389428,2769.7740000000003
2025-08-24,CP44,St-Constant,PI,778.96,15.0,20,20.06,30.3,16.2,79.08,3,0,3,0,0,8,34,2025,-0.8229838658936564,-0.5680647467311559,0.9350162426854149,-0.35460488704253545,-0.8660254037844384,-0.5000000000000004,0,3,1,0,0,0,-1.6802247191011226,-0.8413013536144547,7.1146067415730325,0.48498236349925106,-5.787078651685391,-0.33327550874210393,0.0,0.0,1,0,0,2.0599999999999987,0.0,1,0,24.31,23.74,7.4,1381.45,1183.01,2225.06,2515.73,1460.855,526.9802817626737,2643.562727272727
2025-08-31,CP44,St-Constant,PI,214.09,44.0,26,16.83,24.1,23.4,71.62,6,0,6,0,0,8,35,2025,-0.8854560256532096,-0.4647231720437691,0.8229838658936571,-0.5680647467311547,-0.8660254037844384,-0.5000000000000004,0,3,1,0,0,0,-4.910224719101123,-2.4585870305139292,14.314606741573032,0.9757857408370908,-13.247078651685385,-0.762893878364922,0.0,0.0,0,0,0,0.0,1.1700000000000017,1,0,20.06,24.31,16.2,778.96,1381.45,1053.9,4274.35,1099.33,252.51723281128164,2488.179166666667
2025-09-07,CP44,St-Constant,PI,353.64,14.0,16,18.0,25.9,22.5,72.75,6,0,6,1,1,9,36,2025,-0.9350162426854147,-0.3546048870425359,0.6631226582407956,-0.7485107481711007,-1.0,-1.8369701987210297e-16,0,3,0,0,1,0,0.9441666666666677,0.47275146334548673,10.083333333333334,0.6873519520587803,-4.638333333333335,-0.2671197324978338,0.0,0.0,0,0,0,0.0,0.0,1,0,16.83,20.06,23.4,214.09,778.96,1183.01,2047.42,889.3775,515.2865294426009,2104.6458333333335
2025-09-14,CP44,St-Constant,PI,169.32,4.0,4,15.94,23.0,0.5,82.87,3,0,3,0,0,9,37,2025,-0.970941817426052,-0.23931566428755774,0.4647231720437685,-0.8854560256532099,-1.0,-1.8369701987210297e-16,0,3,0,0,1,0,-1.1158333333333328,-0.5587062748628471,-11.916666666666666,-0.8123250342512857,5.481666666666669,0.315686956588349,0.0,0.0,0,0,0,0.0,2.0600000000000005,0,0,18.0,16.83,22.5,353.64,214.09,1381.45,2071.35,682.035,524.5288669844592,1775.0325
2025-06-08,CP44,St-Constant,SE,669.98,11.0,11,19.6,25.5,0.0,13.8,0,0,0,0,0,6,23,2025,0.35460488704253584,-0.9350162426854147,-0.6631226582407956,0.7485107481711007,1.2246467991473532e-16,-1.0,0,2,1,0,0,0,-0.862093023255813,-0.4316565630546725,-21.190697674418605,-1.4445091648263553,-49.853720930232555,-2.871055536954086,0.0,0.0,0,0,0,1.6000000000000014,0.0,0,0,,,,,,,,,,
2025-06-15,CP44,St-Constant,SE,444.98,7.0,7,17.66,25.3,18.1,87.88,3,0,3,0,0,6,24,2025,0.23931566428755768,-0.970941817426052,-0.4647231720437684,0.88545602565321,1.2246467991473532e-16,-1.0,0,2,1,0,0,0,-2.8020930232558143,-1.4030293844741717,-3.090697674418603,-0.2106840079076191,24.226279069767436,1.3951815705068222,0.0,0.0,0,0,0,0.0,0.33999999999999986,1,0,19.6,,0.0,669.98,,,,,,
2025-06-22,CP44,St-Constant,SE,424.96,9.0,9,21.91,29.6,51.1,80.03,6,0,6,0,0,6,25,2025,0.12053668025532308,-0.992708874098054,-0.2393156642875578,0.970941817426052,1.2246467991473532e-16,-1.0,0,2,1,0,0,0,1.4479069767441857,0.7249780851304,29.909302325581397,2.03883147155748,16.376279069767442,0.9431032593085485,0.0,0.0,1,0,0,3.91,0.0,1,0,17.66,19.6,18.1,444.98,669.98,,,557.48,159.0990257669732,
2025-06-29,CP44,St-Constant,SE,514.95,10.0,10,22.9,33.8,15.0,73.83,4,0,4,1,1,6,26,2025,-3.216245299353273e-16,-1.0,6.432490598706546e-16,1.0,1.2246467991473532e-16,-1.0,0,2,1,0,0,0,2.437906976744184,1.2206786486382877,-6.190697674418605,-0.4220021287058558,10.176279069767439,0.5860477778525868,0.0,0.0,1,0,0,4.899999999999999,0.0,1,0,21.91,17.66,51.1,424.96,444.98,,,513.3066666666667,136.0518288496459,
2025-07-06,CP44,St-Constant,SE,791.96,8.0,8,22.04,31.1,35.5,82.71,4,0,4,1,1,7,27,2025,-0.12053668025532283,-0.992708874098054,0.23931566428755732,0.9709418174260521,-0.4999999999999998,-0.8660254037844388,0,3,1,0,0,0,-0.686913580246916,-0.34394287758547215,5.802469135802468,0.3955377012153372,-4.750370370370376,-0.2735718999494725,0.0,0.0,1,0,0,4.039999999999999,0.0,1,0,22.9,21.91,15.0,514.95,424.96,669.98,,513.7175,111.0888918464248,513.7175
2025-07-13,CP44,St-Constant,SE,102.17,4.0,4,23.34,31.9,34.9,90.81,5,0,5,0,0,7,28,2025,-0.23931566428755743,-0.9709418174260521,0.46472317204376795,0.8854560256532102,-0.4999999999999998,-0.8660254037844388,0,3,1,0,0,0,0.6130864197530848,0.3069770542935737,5.202469135802467,0.3546374197705171,3.349629629629632,0.19290380969460688,0.0,0.0,1,0,0,5.34,0.0,1,0,22.04,22.9,35.5,791.96,514.95,444.98,,544.2125000000001,169.61069686687415,569.366
2025-07-20,CP44,St-Constant,SE,804.96,7.0,7,23.19,33.0,30.1,89.9,3,0,3,0,0,7,29,2025,-0.3546048870425356,-0.9350162426854148,0.6631226582407952,0.7485107481711011,-0.4999999999999998,-0.8660254037844388,0,3,1,0,0,0,0.4630864197530862,0.2318709083075307,0.4024691358024697,0.027435168211957472,2.4396296296296356,0.14049727935187722,0.0,0.0,1,0,0,5.190000000000001,0.0,1,0,23.34,22.04,34.9,102.17,791.96,424.96,,458.51000000000005,284.29924035541615,491.5
2025-07-27,CP44,St-Constant,SE,442.46,10.0,10,22.21,33.2,15.3,85.98,3,0,3,0,0,7,30,2025,-0.46472317204376806,-0.8854560256532101,0.8229838658936558,0.5680647467311567,-0.4999999999999998,-0.8660254037844388,0,3,1,0,0,0,-0.5169135802469143,-0.2588225788012884,-14.397530864197531,-0.9814384407602688,-1.4803703703703661,-0.08525392827834376,0.0,0.0,1,0,0,4.210000000000001,0.0,1,0,23.19,23.34,30.1,804.96,102.17,514.95,,553.51,329.28213546035767,536.28
2025-08-10,CP44,St-Constant,SE,0.0,2.0,2,23.74,33.7,0.9,96.86,3,0,3,0,0,8,32,2025,-0.663122658240795,-0.7485107481711013,0.9927088740980539,0.12053668025532369,-0.8660254037844384,-0.5000000000000004,0,3,1,0,0,0,1.9997752808988771,1.0013027612431509,-8.185393258426966,-0.5579748133436584,11.99292134831461,0.6906674687235409,0.0,0.0,1,0,0,5.739999999999998,0.0,0,0,22.21,23.19,15.3,442.46,804.96,791.96,669.98,535.3875,334.0717004252231,524.5525
2025-08-17,CP44,St-Constant,SE,29.99,4.0,4,24.31,33.8,7.4,83.39,2,0,2,0,0,8,33,2025,-0.7485107481711011,-0.6631226582407952,0.992708874098054,-0.12053668025532309,-0.8660254037844384,-0.5000000000000004,0,3,1,0,0,0,2.5697752808988774,1.2867061159901172,-1.6853932584269664,-0.11488843102477524,-1.4770786516853889,-0.08506435953642728,0.0,0.0,1,0,0,6.309999999999999,0.0,0,0,23.74,22.21,0.9,0.0,442.46,102.17,444.98,337.3975,364.6102348513181,466.2688888888889
2025-08-24,CP44,St-Constant,SE,29.99,2.0,2,20.06,30.3,16.2,79.08,3,0,3,0,0,8,34,2025,-0.8229838658936564,-0.5680647467311559,0.9350162426854149,-0.35460488704253545,-0.8660254037844384,-0.5000000000000004,0,3,1,0,0,0,-1.6802247191011226,-0.8413013536144547,7.1146067415730325,0.48498236349925106,-5.787078651685391,-0.33327550874210393,0.0,0.0,1,0,0,2.0599999999999987,0.0,1,0,24.31,23.74,7.4,29.99,0.0,804.96,424.96,319.35249999999996,381.5262228973696,422.64099999999996
2025-08-31,CP44,St-Constant,SE,0.0,2.0,2,16.83,24.1,23.4,71.62,6,0,6,0,0,8,35,2025,-0.8854560256532096,-0.4647231720437691,0.8229838658936571,-0.5680647467311547,-0.8660254037844384,-0.5000000000000004,0,3,1,0,0,0,-4.910224719101123,-2.4585870305139292,14.314606741573032,0.9757857408370908,-13.247078651685385,-0.762893878364922,0.0,0.0,0,0,0,0.0,1.1700000000000017,1,0,20.06,24.31,16.2,29.99,29.99,442.46,514.95,125.61,211.70589930372768,386.9454545454546
2025-06-08,CP44,St-Constant,SP,27247.01,3.0,3,19.6,25.5,0.0,13.8,0,0,0,0,0,6,23,2025,0.35460488704253584,-0.9350162426854147,-0.6631226582407956,0.7485107481711007,1.2246467991473532e-16,-1.0,0,2,1,0,0,0,-0.862093023255813,-0.4316565630546725,-21.190697674418605,-1.4445091648263553,-49.853720930232555,-2.871055536954086,0.0,0.0,0,0,0,1.6000000000000014,0.0,0,0,,,,,,,,,,
2025-06-15,CP44,St-Constant,SP,10449.0,1.0,1,17.66,25.3,18.1,87.88,3,0,3,0,0,6,24,2025,0.23931566428755768,-0.970941817426052,-0.4647231720437684,0.88545602565321,1.2246467991473532e-16,-1.0,0,2,1,0,0,0,-2.8020930232558143,-1.4030293844741717,-3.090697674418603,-0.2106840079076191,24.226279069767436,1.3951815705068222,0.0,0.0,0,0,0,0.0,0.33999999999999986,1,0,19.6,,0.0,27247.01,,,,,,
2025-06-22,CP44,St-Constant,SP,16216.99,4.0,4,21.91,29.6,51.1,80.03,6,0,6,0,0,6,25,2025,0.12053668025532308,-0.992708874098054,-0.2393156642875578,0.970941817426052,1.2246467991473532e-16,-1.0,0,2,1,0,0,0,1.4479069767441857,0.7249780851304,29.909302325581397,2.03883147155748,16.376279069767442,0.9431032593085485,0.0,0.0,1,0,0,3.91,0.0,1,0,17.66,19.6,18.1,10449.0,27247.01,,,18848.004999999997,11877.986781439435,
2025-06-29,CP44,St-Constant,SP,15998.0,2.0,2,22.9,33.8,15.0,73.83,4,0,4,1,1,6,26,2025,-3.216245299353273e-16,-1.0,6.432490598706546e-16,1.0,1.2246467991473532e-16,-1.0,0,2,1,0,0,0,2.437906976744184,1.2206786486382877,-6.190697674418605,-0.4220021287058558,10.176279069767439,0.5860477778525868,0.0,0.0,1,0,0,4.899999999999999,0.0,1,0,21.91,17.66,51.1,16216.99,10449.0,,,17971.0,8535.262052221946,
2025-07-06,CP44,St-Constant,SP,24996.98,5.0,5,22.04,31.1,35.5,82.71,4,0,4,1,1,7,27,2025,-0.12053668025532283,-0.992708874098054,0.23931566428755732,0.9709418174260521,-0.4999999999999998,-0.8660254037844388,0,3,1,0,0,0,-0.686913580246916,-0.34394287758547215,5.802469135802468,0.3955377012153372,-4.750370370370376,-0.2735718999494725,0.0,0.0,1,0,0,4.039999999999999,0.0,1,0,22.9,21.91,15.0,15998.0,16216.99,27247.01,,17477.75,7038.488079841199,17477.75
2025-07-13,CP44,St-Constant,SP,8499.0,1.0,1,23.34,31.9,34.9,90.81,5,0,5,0,0,7,28,2025,-0.23931566428755743,-0.9709418174260521,0.46472317204376795,0.8854560256532102,-0.4999999999999998,-0.8660254037844388,0,3,1,0,0,0,0.6130864197530848,0.3069770542935737,5.202469135802467,0.3546374197705171,3.349629629629632,0.19290380969460688,0.0,0.0,1,0,0,5.34,0.0,1,0,22.04,22.9,35.5,24996.98,15998.0,10449.0,,16915.2425,6012.643995372722,18981.595999999998
2025-07-20,CP44,St-Constant,SP,9749.0,1.0,1,23.19,33.0,30.1,89.9,3,0,3,0,0,7,29,2025,-0.3546048870425356,-0.9350162426854148,0.6631226582407952,0.7485107481711011,-0.4999999999999998,-0.8660254037844388,0,3,1,0,0,0,0.4630864197530862,0.2318709083075307,0.4024691358024697,0.027435168211957472,2.4396296296296356,0.14049727935187722,0.0,0.0,1,0,0,5.190000000000001,0.0,1,0,23.34,22.04,34.9,8499.0,24996.98,16216.99,,16427.7425,6746.008306034884,17234.496666666666
2025-08-03,CP44,St-Constant,SP,15999.0,1.0,1,22.99,32.4,1.2,89.73,3,0,3,0,0,8,31,2025,-0.5680647467311556,-0.8229838658936565,0.9350162426854147,0.354604887042536,-0.8660254037844384,-0.5000000000000004,0,3,1,0,0,0,1.2497752808988771,0.6257720313129324,-7.885393258426967,-0.5375246726212484,4.8629213483146145,0.2800536650491853,0.0,0.0,1,0,0,4.989999999999998,0.0,0,0,23.19,23.34,30.1,9749.0,8499.0,15998.0,,14810.744999999999,7541.625494553543,16165.14
2025-08-10,CP44,St-Constant,SP,5499.0,1.0,1,23.74,33.7,0.9,96.86,3,0,3,0,0,8,32,2025,-0.663122658240795,-0.7485107481711013,0.9927088740980539,0.12053668025532369,-0.8660254037844384,-0.5000000000000004,0,3,1,0,0,0,1.9997752808988771,1.0013027612431509,-8.185393258426966,-0.5579748133436584,11.99292134831461,0.6906674687235409,0.0,0.0,1,0,0,5.739999999999998,0.0,0,0,22.99,23.19,1.2,15999.0,9749.0,24996.98,27247.01,14810.994999999999,7541.677986591134,16144.3725
2025-08-17,CP44,St-Constant,SP,21498.0,2.0,2,24.31,33.8,7.4,83.39,2,0,2,0,0,8,33,2025,-0.7485107481711011,-0.6631226582407952,0.992708874098054,-0.12053668025532309,-0.8660254037844384,-0.5000000000000004,0,3,1,0,0,0,2.5697752808988774,1.2867061159901172,-1.6853932584269664,-0.11488843102477524,-1.4770786516853889,-0.08506435953642728,0.0,0.0,1,0,0,6.309999999999999,0.0,0,0,23.74,22.99,0.9,5499.0,15999.0,8499.0,10449.0,9936.5,4417.649261768069,14961.553333333331
2025-06-08,CP44,St-Constant,TO,3631.98,7.0,7,19.6,25.5,0.0,13.8,0,0,0,0,0,6,23,2025,0.35460488704253584,-0.9350162426854147,-0.6631226582407956,0.7485107481711007,1.2246467991473532e-16,-1.0,0,2,1,0,0,0,-0.862093023255813,-0.4316565630546725,-21.190697674418605,-1.4445091648263553,-49.853720930232555,-2.871055536954086,0.0,0.0,0,0,0,1.6000000000000014,0.0,0,0,,,,,,,,,,
2025-06-15,CP44,St-Constant,TO,3919.93,11.0,11,17.66,25.3,18.1,87.88,3,0,3,0,0,6,24,2025,0.23931566428755768,-0.970941817426052,-0.4647231720437684,0.88545602565321,1.2246467991473532e-16,-1.0,0,2,1,0,0,0,-2.8020930232558143,-1.4030293844741717,-3.090697674418603,-0.2106840079076191,24.226279069767436,1.3951815705068222,0.0,0.0,0,0,0,0.0,0.33999999999999986,1,0,19.6,,0.0,3631.98,,,,,,
2025-06-22,CP44,St-Constant,TO,1042.48,3.0,3,21.91,29.6,51.1,80.03,6,0,6,0,0,6,25,2025,0.12053668025532308,-0.992708874098054,-0.2393156642875578,0.970941817426052,1.2246467991473532e-16,-1.0,0,2,1,0,0,0,1.4479069767441857,0.7249780851304,29.909302325581397,2.03883147155748,16.376279069767442,0.9431032593085485,0.0,0.0,1,0,0,3.91,0.0,1,0,17.66,19.6,18.1,3919.93,3631.98,,,3775.955,203.61139764266625,
2025-06-29,CP44,St-Constant,TO,3093.44,10.0,10,22.9,33.8,15.0,73.83,4,0,4,1,1,6,26,2025,-3.216245299353273e-16,-1.0,6.432490598706546e-16,1.0,1.2246467991473532e-16,-1.0,0,2,1,0,0,0,2.437906976744184,1.2206786486382877,-6.190697674418605,-0.4220021287058558,10.176279069767439,0.5860477778525868,0.0,0.0,1,0,0,4.899999999999999,0.0,1,0,21.91,17.66,51.1,1042.48,3919.93,,,2864.7966666666666,1584.7262621138495,
2025-07-06,CP44,St-Constant,TO,697.48,4.0,4,22.04,31.1,35.5,82.71,4,0,4,1,1,7,27,2025,-0.12053668025532283,-0.992708874098054,0.23931566428755732,0.9709418174260521,-0.4999999999999998,-0.8660254037844388,0,3,1,0,0,0,-0.686913580246916,-0.34394287758547215,5.802469135802468,0.3955377012153372,-4.750370370370376,-0.2735718999494725,0.0,0.0,1,0,0,4.039999999999999,0.0,1,0,22.9,21.91,15.0,3093.44,1042.48,3631.98,,2921.9575,1298.9640721327387,2921.9575
2025-07-13,CP44,St-Constant,TO,1259.96,7.0,7,23.34,31.9,34.9,90.81,5,0,5,0,0,7,28,2025,-0.23931566428755743,-0.9709418174260521,0.46472317204376795,0.8854560256532102,-0.4999999999999998,-0.8660254037844388,0,3,1,0,0,0,0.6130864197530848,0.3069770542935737,5.202469135802467,0.3546374197705171,3.349629629629632,0.19290380969460688,0.0,0.0,1,0,0,5.34,0.0,1,0,22.04,22.9,35.5,697.48,3093.44,3919.93,,2188.3325,1565.5955860390638,2477.062
2025-07-20,CP44,St-Constant,TO,0.0,2.0,2,23.19,33.0,30.1,89.9,3,0,3,0,0,7,29,2025,-0.3546048870425356,-0.9350162426854148,0.6631226582407952,0.7485107481711011,-0.4999999999999998,-0.8660254037844388,0,3,1,0,0,0,0.4630864197530862,0.2318709083075307,0.4024691358024697,0.027435168211957472,2.4396296296296356,0.14049727935187722,0.0,0.0,1,0,0,5.190000000000001,0.0,1,0,23.34,22.04,34.9,1259.96,697.48,1042.48,,1523.3400000000001,1072.0469693690354,2274.2116666666666
2025-07-27,CP44,St-Constant,TO,1380.22,4.0,4,22.21,33.2,15.3,85.98,3,0,3,0,0,7,30,2025,-0.46472317204376806,-0.8854560256532101,0.8229838658936558,0.5680647467311567,-0.4999999999999998,-0.8660254037844388,0,3,1,0,0,0,-0.5169135802469143,-0.2588225788012884,-14.397530864197531,-0.9814384407602688,-1.4803703703703661,-0.08525392827834376,0.0,0.0,1,0,0,4.210000000000001,0.0,1,0,23.19,23.34,30.1,0.0,1259.96,3093.44,,1262.7200000000003,1324.8272078526568,1949.3242857142857
2025-08-03,CP44,St-Constant,TO,697.48,4.0,4,22.99,32.4,1.2,89.73,3,0,3,0,0,8,31,2025,-0.5680647467311556,-0.8229838658936565,0.9350162426854147,0.354604887042536,-0.8660254037844384,-0.5000000000000004,0,3,1,0,0,0,1.2497752808988771,0.6257720313129324,-7.885393258426967,-0.5375246726212484,4.8629213483146145,0.2800536650491853,0.0,0.0,1,0,0,4.989999999999998,0.0,0,0,22.21,23.19,15.3,1380.22,0.0,697.48,3631.98,834.415,630.8700953180982,1878.18625
2025-08-10,CP44,St-Constant,TO,547.48,2.0,2,23.74,33.7,0.9,96.86,3,0,3,0,0,8,32,2025,-0.663122658240795,-0.7485107481711013,0.9927088740980539,0.12053668025532369,-0.8660254037844384,-0.5000000000000004,0,3,1,0,0,0,1.9997752808988771,1.0013027612431509,-8.185393258426966,-0.5579748133436584,11.99292134831461,0.6906674687235409,0.0,0.0,1,0,0,5.739999999999998,0.0,0,0,22.99,22.21,1.2,697.48,1380.22,1259.96,3919.93,834.415,630.8700953180982,1746.9966666666667
2025-08-17,CP44,St-Constant,TO,149.99,3.0,3,24.31,33.8,7.4,83.39,2,0,2,0,0,8,33,2025,-0.7485107481711011,-0.6631226582407952,0.992708874098054,-0.12053668025532309,-0.8660254037844384,-0.5000000000000004,0,3,1,0,0,0,2.5697752808988774,1.2867061159901172,-1.6853932584269664,-0.11488843102477524,-1.4770786516853889,-0.08506435953642728,0.0,0.0,1,0,0,6.309999999999999,0.0,0,0,23.74,22.99,0.9,547.48,697.48,0.0,1042.48,656.2950000000001,568.1336231028748,1627.045
2025-08-31,CP44,St-Constant,TO,494.99,1.0,1,16.83,24.1,23.4,71.62,6,0,6,0,0,8,35,2025,-0.8854560256532096,-0.4647231720437691,0.8229838658936571,-0.5680647467311547,-0.8660254037844384,-0.5000000000000004,0,3,1,0,0,0,-4.910224719101123,-2.4585870305139292,14.314606741573032,0.9757857408370908,-13.247078651685385,-0.762893878364922,0.0,0.0,0,0,0,0.0,1.1700000000000017,1,0,24.31,23.74,7.4,149.99,547.48,1380.22,3093.44,693.7925,512.6157810924274,1492.7672727272727
2025-06-08,CP48,Beloeil,AM,249.97,3.0,3,18.2,24.0,0.0,13.7,0,0,0,0,0,6,23,2025,0.35460488704253584,-0.9350162426854147,-0.6631226582407956,0.7485107481711007,1.2246467991473532e-16,-1.0,0,2,1,0,0,0,-1.3550000000000004,-0.6784588520739284,-23.616666666666667,-1.6098805224252755,-49.915476190476184,-2.874611997305494,0.0,0.0,0,0,0,0.1999999999999993,0.0,0,0,,,,,,,,,,
2025-06-15,CP48,Beloeil,AM,565.96,4.0,4,17.04,23.8,8.3,87.57,4,0,4,0,0,6,24,2025,0.23931566428755768,-0.970941817426052,-0.4647231720437684,0.88545602565321,1.2246467991473532e-16,-1.0,0,2,1,0,0,0,-2.5150000000000006,-1.2592797143659997,-15.316666666666666,-1.0440932957719322,23.954523809523806,1.3795312954609384,0.0,0.0,0,0,0,0.0,0.9600000000000009,0,0,18.2,,0.0,249.97,,,,,,
2025-06-22,CP48,Beloeil,AM,751.92,8.0,8,21.24,28.6,53.1,76.4,5,0,5,0,0,6,25,2025,0.12053668025532308,-0.992708874098054,-0.2393156642875578,0.970941817426052,1.2246467991473532e-16,-1.0,0,2,1,0,0,0,1.6849999999999987,0.8436923732432237,29.483333333333334,2.009794385441293,12.784523809523819,0.7362555329023761,0.0,0.0,1,0,0,3.2399999999999984,0.0,1,0,17.04,18.2,8.3,565.96,249.97,,,407.96500000000003,223.43867178713717,
2025-06-29,CP48,Beloeil,AM,252.97,3.0,3,21.94,33.3,35.2,76.26,5,0,5,1,1,6,26,2025,-3.216245299353273e-16,-1.0,6.432490598706546e-16,1.0,1.2246467991473532e-16,-1.0,0,2,1,0,0,0,2.3850000000000016,1.1941877211780958,11.583333333333336,0.7896026556708303,12.644523809523818,0.7281929897727253,0.0,0.0,1,0,0,3.9400000000000013,0.0,1,0,21.24,17.04,53.1,751.92,565.96,,,522.6166666666667,253.7664950960495,
2025-07-06,CP48,Beloeil,AM,724.97,3.0,3,21.63,30.9,54.3,82.1,5,0,5,1,1,7,27,2025,-0.12053668025532283,-0.992708874098054,0.23931566428755732,0.9709418174260521,-0.4999999999999998,-0.8660254037844388,0,3,1,0,0,0,-0.5465116279069768,-0.273642547391012,20.972093023255816,1.4296075118968474,-4.636395348837212,-0.26700812475794383,0.0,0.0,1,0,0,3.629999999999999,0.0,1,0,21.94,21.24,35.2,252.97,751.92,249.97,,455.205,247.20225302371335,455.205
2025-07-13,CP48,Beloeil,AM,99.99,1.0,1,22.43,30.8,34.1,88.79,5,0,5,0,0,7,28,2025,-0.23931566428755743,-0.9709418174260521,0.46472317204376795,0.8854560256532102,-0.4999999999999998,-0.8660254037844388,0,3,1,0,0,0,0.2534883720930239,0.1269235645345548,0.7720930232558203,0.05263136992124165,2.0536046511628,0.11826625765179608,0.0,0.0,1,0,0,4.43,0.0,1,0,21.63,21.94,54.3,724.97,252.97,565.96,,573.955,229.18141409518063,509.158
2025-07-20,CP48,Beloeil,AM,24.99,1.0,1,22.93,32.0,31.4,88.01,4,0,4,0,0,7,29,2025,-0.3546048870425356,-0.9350162426854148,0.6631226582407952,0.7485107481711011,-0.4999999999999998,-0.8660254037844388,0,3,1,0,0,0,0.7534883720930239,0.37727738448803383,-1.9279069767441825,-0.13141989658044845,1.273604651162799,0.07334637450088471,0.0,0.0,1,0,0,4.93,0.0,1,0,22.43,21.63,34.1,99.99,724.97,751.92,,457.4625,330.59000422224904,440.96333333333337
2025-07-27,CP48,Beloeil,AM,27.99,1.0,1,21.63,32.8,7.9,88.48,3,0,3,0,0,7,30,2025,-0.46472317204376806,-0.8854560256532101,0.8229838658936558,0.5680647467311567,-0.4999999999999998,-0.8660254037844388,0,3,1,0,0,0,-0.5465116279069768,-0.273642547391012,-25.427906976744183,-1.7333475865025645,1.7436046511627978,0.10041348357899788,0.0,0.0,1,0,0,3.629999999999999,0.0,0,0,22.93,22.43,31.4,24.99,99.99,252.97,,275.72999999999996,314.1600920974315,381.5385714285714
2025-08-10,CP48,Beloeil,AM,399.98,2.0,2,22.64,32.5,0.4,94.59,2,0,2,0,0,8,32,2025,-0.663122658240795,-0.7485107481711013,0.9927088740980539,0.12053668025532369,-0.8660254037844384,-0.5000000000000004,0,3,1,0,0,0,1.7976923076923086,0.9001182726635089,-11.03956043956044,-0.7525352150085376,10.759890109890108,0.6196577005806536,0.0,0.0,1,0,0,4.640000000000001,0.0,0,0,21.63,22.93,7.9,27.99,24.99,724.97,249.97,219.485,338.76874132658696,337.345
2025-08-17,CP48,Beloeil,AM,269.97,3.0,3,23.13,33.2,6.8,82.17,2,0,2,0,0,8,33,2025,-0.7485107481711011,-0.6631226582407952,0.992708874098054,-0.12053668025532309,-0.8660254037844384,-0.5000000000000004,0,3,1,0,0,0,2.287692307692307,1.1454650162179176,-4.63956043956044,-0.31626554626379116,-1.6601098901098936,-0.09560505420693413,0.0,0.0,1,0,0,5.129999999999999,0.0,0,0,22.64,21.63,0.4,399.98,27.99,99.99,565.96,138.2375,177.90588811222628,344.30444444444447
2025-06-08,CP48,Beloeil,AP,66002.28,1693.0,1278,18.2,24.0,0.0,13.7,0,0,0,0,0,6,23,2025,0.35460488704253584,-0.9350162426854147,-0.6631226582407956,0.7485107481711007,1.2246467991473532e-16,-1.0,0,2,1,0,0,0,-1.3550000000000004,-0.6784588520739284,-23.616666666666667,-1.6098805224252755,-49.915476190476184,-2.874611997305494,0.0,0.0,0,0,0,0.1999999999999993,0.0,0,0,,,,,,,,,,
2025-06-15,CP48,Beloeil,AP,55782.12,1646.0,1207,17.04,23.8,8.3,87.57,4,0,4,0,0,6,24,2025,0.23931566428755768,-0.970941817426052,-0.4647231720437684,0.88545602565321,1.2246467991473532e-16,-1.0,0,2,1,0,0,0,-2.5150000000000006,-1.2592797143659997,-15.316666666666666,-1.0440932957719322,23.954523809523806,1.3795312954609384,0.0,0.0,0,0,0,0.0,0.9600000000000009,0,0,18.2,,0.0,66002.28,,,,,,
2025-06-22,CP48,Beloeil,AP,53674.61,1353.5,1052,21.24,28.6,53.1,76.4,5,0,5,0,0,6,25,2025,0.12053668025532308,-0.992708874098054,-0.2393156642875578,0.970941817426052,1.2246467991473532e-16,-1.0,0,2,1,0,0,0,1.6849999999999987,0.8436923732432237,29.483333333333334,2.009794385441293,12.784523809523819,0.7362555329023761,0.0,0.0,1,0,0,3.2399999999999984,0.0,1,0,17.04,18.2,8.3,55782.12,66002.28,,,60892.2,7226.7444408115,
2025-06-29,CP48,Beloeil,AP,48324.7,1432.0,970,21.94,33.3,35.2,76.26,5,0,5,1,1,6,26,2025,-3.216245299353273e-16,-1.0,6.432490598706546e-16,1.0,1.2246467991473532e-16,-1.0,0,2,1,0,0,0,2.3850000000000016,1.1941877211780958,11.583333333333336,0.7896026556708303,12.644523809523818,0.7281929897727253,0.0,0.0,1,0,0,3.9400000000000013,0.0,1,0,21.24,17.04,53.1,53674.61,55782.12,,,58486.33666666667,6593.743454399274,
2025-07-06,CP48,Beloeil,AP,34711.37,871.0,614,21.63,30.9,54.3,82.1,5,0,5,1,1,7,27,2025,-0.12053668025532283,-0.992708874098054,0.23931566428755732,0.9709418174260521,-0.4999999999999998,-0.8660254037844388,0,3,1,0,0,0,-0.5465116279069768,-0.273642547391012,20.972093023255816,1.4296075118968474,-4.636395348837212,-0.26700812475794383,0.0,0.0,1,0,0,3.629999999999999,0.0,1,0,21.94,21.24,35.2,48324.7,53674.61,66002.28,,55945.9275,7402.6808273281395,55945.9275
2025-07-13,CP48,Beloeil,AP,33824.79,906.0,690,22.43,30.8,34.1,88.79,5,0,5,0,0,7,28,2025,-0.23931566428755743,-0.9709418174260521,0.46472317204376795,0.8854560256532102,-0.4999999999999998,-0.8660254037844388,0,3,1,0,0,0,0.2534883720930239,0.1269235645345548,0.7720930232558203,0.05263136992124165,2.0536046511628,0.11826625765179608,0.0,0.0,1,0,0,4.43,0.0,1,0,21.63,21.94,54.3,34711.37,48324.7,55782.12,,48123.2,9476.19816089061,51699.016
2025-07-20,CP48,Beloeil,AP,29259.02,660.0,501,22.93,32.0,31.4,88.01,4,0,4,0,0,7,29,2025,-0.3546048870425356,-0.9350162426854148,0.6631226582407952,0.7485107481711011,-0.4999999999999998,-0.8660254037844388,0,3,1,0,0,0,0.7534883720930239,0.37727738448803383,-1.9279069767441825,-0.13141989658044845,1.273604651162799,0.07334637450088471,0.0,0.0,1,0,0,4.93,0.0,1,0,22.43,21.63,34.1,33824.79,34711.37,53674.61,,42633.8675,9910.421829785628,48719.97833333333
2025-07-27,CP48,Beloeil,AP,31686.76,749.0,525,21.63,32.8,7.9,88.48,3,0,3,0,0,7,30,2025,-0.46472317204376806,-0.8854560256532101,0.8229838658936558,0.5680647467311567,-0.4999999999999998,-0.8660254037844388,0,3,1,0,0,0,-0.5465116279069768,-0.273642547391012,-25.427906976744183,-1.7333475865025645,1.7436046511627978,0.10041348357899788,0.0,0.0,1,0,0,3.629999999999999,0.0,0,0,22.93,22.43,31.4,29259.02,33824.79,48324.7,,36529.97,8218.022358771383,45939.84142857143
2025-08-03,CP48,Beloeil,AP,31282.22,502.0,397,21.96,31.3,5.5,90.46,3,0,3,0,0,8,31,2025,-0.5680647467311556,-0.8229838658936565,0.9350162426854147,0.354604887042536,-0.8660254037844384,-0.5000000000000004,0,3,1,0,0,0,1.1176923076923089,0.5596370775267776,-5.93956043956044,-0.40488282272756776,6.629890109890098,0.38181267825595605,0.0,0.0,1,0,0,3.960000000000001,0.0,0,0,21.63,22.93,7.9,31686.76,29259.02,34711.37,66002.28,32370.485,2431.970390314471,44158.20625
2025-08-10,CP48,Beloeil,AP,19459.89,496.0,361,22.64,32.5,0.4,94.59,2,0,2,0,0,8,32,2025,-0.663122658240795,-0.7485107481711013,0.9927088740980539,0.12053668025532369,-0.8660254037844384,-0.5000000000000004,0,3,1,0,0,0,1.7976923076923086,0.9001182726635089,-11.03956043956044,-0.7525352150085376,10.759890109890108,0.6196577005806536,0.0,0.0,1,0,0,4.640000000000001,0.0,0,0,21.96,21.63,5.5,31282.22,31686.76,33824.79,55782.12,31513.197500000002,1871.5635739913564,42727.54111111111
2025-08-17,CP48,Beloeil,AP,25832.69,446.0,334,23.13,33.2,6.8,82.17,2,0,2,0,0,8,33,2025,-0.7485107481711011,-0.6631226582407952,0.992708874098054,-0.12053668025532309,-0.8660254037844384,-0.5000000000000004,0,3,1,0,0,0,2.287692307692307,1.1454650162179176,-4.63956043956044,-0.31626554626379116,-1.6601098901098936,-0.09560505420693413,0.0,0.0,1,0,0,5.129999999999999,0.0,0,0,22.64,21.96,0.4,19459.89,31282.22,29259.02,53674.61,27921.972499999996,5740.482686890647,40400.776
2025-08-24,CP48,Beloeil,AP,12534.6,219.0,181,18.97,28.5,19.2,81.26,3,0,3,0,0,8,34,2025,-0.8229838658936564,-0.5680647467311559,0.9350162426854149,-0.35460488704253545,-0.8660254037844384,-0.5000000000000004,0,3,1,0,0,0,-1.8723076923076931,-0.937478765795028,7.7604395604395595,0.5290069369291551,-2.57010989010989,-0.1480115845496638,0.0,0.0,0,0,0,0.9699999999999989,0.0,1,0,23.13,22.64,6.8,25832.69,19459.89,31686.76,48324.7,27065.39,5730.092944731896,39076.40454545455
2025-08-31,CP48,Beloeil,AP,7144.88,214.0,158,16.37,23.8,29.6,68.47,5,0,5,0,0,8,35,2025,-0.8854560256532096,-0.4647231720437691,0.8229838658936571,-0.5680647467311547,-0.8660254037844384,-0.5000000000000004,0,3,1,0,0,0,-4.472307692307691,-2.239318629553118,18.160439560439563,1.2379451486393684,-15.360109890109896,-0.8845824890370431,0.0,0.0,0,0,0,0.0,1.629999999999999,1,0,18.97,23.13,19.2,12534.6,25832.69,31282.22,34711.37,22277.35,8095.006375262027,36864.5875
2025-09-07,CP48,Beloeil,AP,6126.14,139.0,138,17.87,27.1,28.5,71.21,5,0,5,1,1,9,36,2025,-0.9350162426854147,-0.3546048870425359,0.6631226582407956,-0.7485107481711007,-1.0,-1.8369701987210297e-16,0,3,0,0,1,0,1.0040000000000013,0.5027104704665866,11.120000000000001,0.758018549443997,-4.504000000000005,-0.2593835303996214,0.0,0.0,0,0,0,0.0,0.129999999999999,1,0,16.37,18.97,29.6,7144.88,12534.6,19459.89,33824.79,16243.015,8141.223365516558,31959.80416666667
2025-09-14,CP48,Beloeil,AP,2585.32,110.0,61,15.36,23.5,0.7,82.47,3,0,3,0,0,9,37,2025,-0.970941817426052,-0.23931566428755774,0.4647231720437685,-0.8854560256532099,-1.0,-1.8369701987210297e-16,0,3,0,0,1,0,-1.5060000000000002,-0.754065705699879,-16.68,-1.1370278241659955,6.756,0.3890752955994317,0.0,0.0,0,0,0,0.0,2.6400000000000006,0,0,17.87,16.37,28.5,6126.14,7144.88,25832.69,29259.02,12909.5775,9062.637702789645,27821.805833333332
2025-06-08,CP48,Beloeil,AS,3272.45,670.0,67,18.2,24.0,0.0,13.7,0,0,0,0,0,6,23,2025,0.35460488704253584,-0.9350162426854147,-0.6631226582407956,0.7485107481711007,1.2246467991473532e-16,-1.0,0,2,1,0,0,0,-1.3550000000000004,-0.6784588520739284,-23.616666666666667,-1.6098805224252755,-49.915476190476184,-2.874611997305494,0.0,0.0,0,0,0,0.1999999999999993,0.0,0,0,,,,,,,,,,
2025-06-15,CP48,Beloeil,AS,2741.7200000000003,580.0,83,17.04,23.8,8.3,87.57,4,0,4,0,0,6,24,2025,0.23931566428755768,-0.970941817426052,-0.4647231720437684,0.88545602565321,1.2246467991473532e-16,-1.0,0,2,1,0,0,0,-2.5150000000000006,-1.2592797143659997,-15.316666666666666,-1.0440932957719322,23.954523809523806,1.3795312954609384,0.0,0.0,0,0,0,0.0,0.9600000000000009,0,0,18.2,,0.0,3272.45,,,,,,
2025-06-22,CP48,Beloeil,AS,2388.35,486.0,82,21.24,28.6,53.1,76.4,5,0,5,0,0,6,25,2025,0.12053668025532308,-0.992708874098054,-0.2393156642875578,0.970941817426052,1.2246467991473532e-16,-1.0,0,2,1,0,0,0,1.6849999999999987,0.8436923732432237,29.483333333333334,2.009794385441293,12.784523809523819,0.7362555329023761,0.0,0.0,1,0,0,3.2399999999999984,0.0,1,0,17.04,18.2,8.3,2741.7200000000003,3272.45,,,3007.085,375.282781979136,
2025-06-29,CP48,Beloeil,AS,2868.62,391.5,75,21.94,33.3,35.2,76.26,5,0,5,1,1,6,26,2025,-3.216245299353273e-16,-1.0,6.432490598706546e-16,1.0,1.2246467991473532e-16,-1.0,0,2,1,0,0,0,2.3850000000000016,1.1941877211780958,11.583333333333336,0.7896026556708303,12.644523809523818,0.7281929897727253,0.0,0.0,1,0,0,3.9400000000000013,0.0,1,0,21.24,17.04,53.1,2388.35,2741.7200000000003,,,2800.84,445.00514974548327,
2025-07-06,CP48,Beloeil,AS,1392.71,285.0,49,21.63,30.9,54.3,82.1,5,0,5,1,1,7,27,2025,-0.12053668025532283,-0.992708874098054,0.23931566428755732,0.9709418174260521,-0.4999999999999998,-0.8660254037844388,0,3,1,0,0,0,-0.5465116279069768,-0.273642547391012,20.972093023255816,1.4296075118968474,-4.636395348837212,-0.26700812475794383,0.0,0.0,1,0,0,3.629999999999999,0.0,1,0,21.94,21.24,35.2,2868.62,2388.35,3272.45,,2817.785,364.92225788515555,2817.785
2025-07-13,CP48,Beloeil,AS,2634.67,376.0,57,22.43,30.8,34.1,88.79,5,0,5,0,0,7,28,2025,-0.23931566428755743,-0.9709418174260521,0.46472317204376795,0.8854560256532102,-0.4999999999999998,-0.8660254037844388,0,3,1,0,0,0,0.2534883720930239,0.1269235645345548,0.7720930232558203,0.05263136992124165,2.0536046511628,0.11826625765179608,0.0,0.0,1,0,0,4.43,0.0,1,0,21.63,21.94,54.3,1392.71,2868.62,2741.7200000000003,,2347.85,668.3979950598296,2532.77
2025-07-20,CP48,Beloeil,AS,2606.16,479.0,56,22.93,32.0,31.4,88.01,4,0,4,0,0,7,29,2025,-0.3546048870425356,-0.9350162426854148,0.6631226582407952,0.7485107481711011,-0.4999999999999998,-0.8660254037844388,0,3,1,0,0,0,0.7534883720930239,0.37727738448803383,-1.9279069767441825,-0.13141989658044845,1.273604651162799,0.07334637450088471,0.0,0.0,1,0,0,4.93,0.0,1,0,22.43,21.63,34.1,2634.67,1392.71,2388.35,,2321.0875,649.2392597686926,2549.7533333333336
2025-07-27,CP48,Beloeil,AS,2666.96,312.0,48,21.63,32.8,7.9,88.48,3,0,3,0,0,7,30,2025,-0.46472317204376806,-0.8854560256532101,0.8229838658936558,0.5680647467311567,-0.4999999999999998,-0.8660254037844388,0,3,1,0,0,0,-0.5465116279069768,-0.273642547391012,-25.427906976744183,-1.7333475865025645,1.7436046511627978,0.10041348357899788,0.0,0.0,1,0,0,3.629999999999999,0.0,0,0,22.93,22.43,31.4,2606.16,2634.67,2868.62,,2375.54,665.6867723386626,2557.8114285714287
2025-08-03,CP48,Beloeil,AS,3563.57,487.0,46,21.96,31.3,5.5,90.46,3,0,3,0,0,8,31,2025,-0.5680647467311556,-0.8229838658936565,0.9350162426854147,0.354604887042536,-0.8660254037844384,-0.5000000000000004,0,3,1,0,0,0,1.1176923076923089,0.5596370775267776,-5.93956043956044,-0.40488282272756776,6.629890109890098,0.38181267825595605,0.0,0.0,1,0,0,3.960000000000001,0.0,0,0,21.63,22.93,7.9,2666.96,2606.16,1392.71,3272.45,2325.125,622.10601392903,2571.455
2025-08-10,CP48,Beloeil,AS,1733.71,163.0,41,22.64,32.5,0.4,94.59,2,0,2,0,0,8,32,2025,-0.663122658240795,-0.7485107481711013,0.9927088740980539,0.12053668025532369,-0.8660254037844384,-0.5000000000000004,0,3,1,0,0,0,1.7976923076923086,0.9001182726635089,-11.03956043956044,-0.7525352150085376,10.759890109890108,0.6196577005806536,0.0,0.0,1,0,0,4.640000000000001,0.0,0,0,21.96,21.63,5.5,3563.57,2666.96,2634.67,2741.7200000000003,2867.84,464.4845453474923,2681.69
2025-08-17,CP48,Beloeil,AS,2107.48,107.0,27,23.13,33.2,6.8,82.17,2,0,2,0,0,8,33,2025,-0.7485107481711011,-0.6631226582407952,0.992708874098054,-0.12053668025532309,-0.8660254037844384,-0.5000000000000004,0,3,1,0,0,0,2.287692307692307,1.1454650162179176,-4.63956043956044,-0.31626554626379116,-1.6601098901098936,-0.09560505420693413,0.0,0.0,1,0,0,5.129999999999999,0.0,0,0,22.64,21.96,0.4,1733.71,3563.57,2606.16,2388.35,2642.6,747.4820078548156,2586.892
2025-08-24,CP48,Beloeil,AS,801.7,87.0,29,18.97,28.5,19.2,81.26,3,0,3,0,0,8,34,2025,-0.8229838658936564,-0.5680647467311559,0.9350162426854149,-0.35460488704253545,-0.8660254037844384,-0.5000000000000004,0,3,1,0,0,0,-1.8723076923076931,-0.937478765795028,7.7604395604395595,0.5290069369291551,-2.57010989010989,-0.1480115845496638,0.0,0.0,0,0,0,0.9699999999999989,0.0,1,0,23.13,22.64,6.8,2107.48,1733.71,2666.96,2868.62,2517.93,795.6220127254735,2543.309090909091
2025-08-31,CP48,Beloeil,AS,806.55,97.0,24,16.37,23.8,29.6,68.47,5,0,5,0,0,8,35,2025,-0.8854560256532096,-0.4647231720437691,0.8229838658936571,-0.5680647467311547,-0.8660254037844384,-0.5000000000000004,0,3,1,0,0,0,-4.472307692307691,-2.239318629553118,18.160439560439563,1.2379451486393684,-15.360109890109896,-0.8845824890370431,0.0,0.0,0,0,0,0.0,1.629999999999999,1,0,18.97,23.13,19.2,801.7,2107.48,3563.57,1392.71,2051.6150000000002,1147.8211121511924,2398.1749999999997
2025-09-07,CP48,Beloeil,AS,735.51,103.0,16,17.87,27.1,28.5,71.21,5,0,5,1,1,9,36,2025,-0.9350162426854147,-0.3546048870425359,0.6631226582407956,-0.7485107481711007,-1.0,-1.8369701987210297e-16,0,3,0,0,1,0,1.0040000000000013,0.5027104704665866,11.120000000000001,0.758018549443997,-4.504000000000005,-0.2593835303996214,0.0,0.0,0,0,0,0.0,0.129999999999999,1,0,16.37,18.97,29.6,806.55,801.7,1733.71,2634.67,1362.3600000000001,662.4120139309074,2192.6833333333334
2025-09-14,CP48,Beloeil,AS,275.74,26.0,5,15.36,23.5,0.7,82.47,3,0,3,0,0,9,37,2025,-0.970941817426052,-0.23931566428755774,0.4647231720437685,-0.8854560256532099,-1.0,-1.8369701987210297e-16,0,3,0,0,1,0,-1.5060000000000002,-0.754065705699879,-16.68,-1.1370278241659955,6.756,0.3890752955994317,0.0,0.0,0,0,0,0.0,2.6400000000000006,0,0,17.87,16.37,28.5,735.51,806.55,2107.48,2606.16,1112.81,663.9046916036473,2025.4991666666667
2025-06-08,CP48,Beloeil,AZ,56.86,14.0,16,18.2,24.0,0.0,13.7,0,0,0,0,0,6,23,2025,0.35460488704253584,-0.9350162426854147,-0.6631226582407956,0.7485107481711007,1.2246467991473532e-16,-1.0,0,2,1,0,0,0,-1.3550000000000004,-0.6784588520739284,-23.616666666666667,-1.6098805224252755,-49.915476190476184,-2.874611997305494,0.0,0.0,0,0,0,0.1999999999999993,0.0,0,0,,,,,,,,,,
2025-06-15,CP48,Beloeil,AZ,38.900000000000006,10.0,9,17.04,23.8,8.3,87.57,4,0,4,0,0,6,24,2025,0.23931566428755768,-0.970941817426052,-0.4647231720437684,0.88545602565321,1.2246467991473532e-16,-1.0,0,2,1,0,0,0,-2.5150000000000006,-1.2592797143659997,-15.316666666666666,-1.0440932957719322,23.954523809523806,1.3795312954609384,0.0,0.0,0,0,0,0.0,0.9600000000000009,0,0,18.2,,0.0,56.86,,,,,,
2025-06-22,CP48,Beloeil,AZ,32.89,11.0,7,21.24,28.6,53.1,76.4,5,0,5,0,0,6,25,2025,0.12053668025532308,-0.992708874098054,-0.2393156642875578,0.970941817426052,1.2246467991473532e-16,-1.0,0,2,1,0,0,0,1.6849999999999987,0.8436923732432237,29.483333333333334,2.009794385441293,12.784523809523819,0.7362555329023761,0.0,0.0,1,0,0,3.2399999999999984,0.0,1,0,17.04,18.2,8.3,38.900000000000006,56.86,,,47.88,12.699637790110389,
2025-06-29,CP48,Beloeil,AZ,14.95,5.0,4,21.94,33.3,35.2,76.26,5,0,5,1,1,6,26,2025,-3.216245299353273e-16,-1.0,6.432490598706546e-16,1.0,1.2246467991473532e-16,-1.0,0,2,1,0,0,0,2.3850000000000016,1.1941877211780958,11.583333333333336,0.7896026556708303,12.644523809523818,0.7281929897727253,0.0,0.0,1,0,0,3.9400000000000013,0.0,1,0,21.24,17.04,53.1,32.89,38.900000000000006,,,42.88333333333333,12.471585036928277,
2025-07-06,CP48,Beloeil,AZ,116.95,5.0,5,21.63,30.9,54.3,82.1,5,0,5,1,1,7,27,2025,-0.12053668025532283,-0.992708874098054,0.23931566428755732,0.9709418174260521,-0.4999999999999998,-0.8660254037844388,0,3,1,0,0,0,-0.5465116279069768,-0.273642547391012,20.972093023255816,1.4296075118968474,-4.636395348837212,-0.26700812475794383,0.0,0.0,1,0,0,3.629999999999999,0.0,1,0,21.94,21.24,35.2,14.95,32.89,56.86,,35.9,17.284715791704528,35.9
2025-07-13,CP48,Beloeil,AZ,11.96,4.0,4,22.43,30.8,34.1,88.79,5,0,5,0,0,7,28,2025,-0.23931566428755743,-0.9709418174260521,0.46472317204376795,0.8854560256532102,-0.4999999999999998,-0.8660254037844388,0,3,1,0,0,0,0.2534883720930239,0.1269235645345548,0.7720930232558203,0.05263136992124165,2.0536046511628,0.11826625765179608,0.0,0.0,1,0,0,4.43,0.0,1,0,21.63,21.94,54.3,116.95,14.95,38.900000000000006,,50.9225,45.17876741346537,52.11
2025-07-20,CP48,Beloeil,AZ,2.99,1.0,1,22.93,32.0,31.4,88.01,4,0,4,0,0,7,29,2025,-0.3546048870425356,-0.9350162426854148,0.6631226582407952,0.7485107481711011,-0.4999999999999998,-0.8660254037844388,0,3,1,0,0,0,0.7534883720930239,0.37727738448803383,-1.9279069767441825,-0.13141989658044845,1.273604651162799,0.07334637450088471,0.0,0.0,1,0,0,4.93,0.0,1,0,22.43,21.63,34.1,11.96,116.95,32.89,,44.1875,49.381028998999206,45.41833333333333
2025-07-27,CP48,Beloeil,AZ,100.97,3.0,2,21.63,32.8,7.9,88.48,3,0,3,0,0,7,30,2025,-0.46472317204376806,-0.8854560256532101,0.8229838658936558,0.5680647467311567,-0.4999999999999998,-0.8660254037844388,0,3,1,0,0,0,-0.5465116279069768,-0.273642547391012,-25.427906976744183,-1.7333475865025645,1.7436046511627978,0.10041348357899788,0.0,0.0,1,0,0,3.629999999999999,0.0,0,0,22.93,22.43,31.4,2.99,11.96,14.95,,36.712500000000006,53.732535379724396,39.357142857142854
2025-08-03,CP48,Beloeil,AZ,2.99,1.0,3,21.96,31.3,5.5,90.46,3,0,3,0,0,8,31,2025,-0.5680647467311556,-0.8229838658936565,0.9350162426854147,0.354604887042536,-0.8660254037844384,-0.5000000000000004,0,3,1,0,0,0,1.1176923076923089,0.5596370775267776,-5.93956043956044,-0.40488282272756776,6.629890109890098,0.38181267825595605,0.0,0.0,1,0,0,3.960000000000001,0.0,0,0,21.63,22.93,7.9,100.97,2.99,116.95,56.86,58.2175,59.068084656606224,47.05875
2025-08-10,CP48,Beloeil,AZ,412.96,4.0,6,22.64,32.5,0.4,94.59,2,0,2,0,0,8,32,2025,-0.663122658240795,-0.7485107481711013,0.9927088740980539,0.12053668025532369,-0.8660254037844384,-0.5000000000000004,0,3,1,0,0,0,1.7976923076923086,0.9001182726635089,-11.03956043956044,-0.7525352150085376,10.759890109890108,0.6196577005806536,0.0,0.0,1,0,0,4.640000000000001,0.0,0,0,21.96,21.63,5.5,2.99,100.97,11.96,38.900000000000006,29.7275,47.68286091458858,42.162222222222226
2025-08-17,CP48,Beloeil,AZ,502.83,19.0,14,23.13,33.2,6.8,82.17,2,0,2,0,0,8,33,2025,-0.7485107481711011,-0.6631226582407952,0.992708874098054,-0.12053668025532309,-0.8660254037844384,-0.5000000000000004,0,3,1,0,0,0,2.287692307692307,1.1454650162179176,-4.63956043956044,-0.31626554626379116,-1.6601098901098936,-0.09560505420693413,0.0,0.0,1,0,0,5.129999999999999,0.0,0,0,22.64,21.96,0.4,412.96,2.99,2.99,32.89,129.9775,194.22682673873862,79.242
2025-08-24,CP48,Beloeil,AZ,1033.79,21.0,20,18.97,28.5,19.2,81.26,3,0,3,0,0,8,34,2025,-0.8229838658936564,-0.5680647467311559,0.9350162426854149,-0.35460488704253545,-0.8660254037844384,-0.5000000000000004,0,3,1,0,0,0,-1.8723076923076931,-0.937478765795028,7.7604395604395595,0.5290069369291551,-2.57010989010989,-0.1480115845496638,0.0,0.0,0,0,0,0.9699999999999989,0.0,1,0,23.13,22.64,6.8,502.83,412.96,100.97,14.95,254.9375,240.5586109281201,117.75
2025-08-31,CP48,Beloeil,AZ,1303.71,29.0,22,16.37,23.8,29.6,68.47,5,0,5,0,0,8,35,2025,-0.8854560256532096,-0.4647231720437691,0.8229838658936571,-0.5680647467311547,-0.8660254037844384,-0.5000000000000004,0,3,1,0,0,0,-4.472307692307691,-2.239318629553118,18.160439560439563,1.2379451486393684,-15.360109890109896,-0.8845824890370431,0.0,0.0,0,0,0,0.0,1.629999999999999,1,0,18.97,23.13,19.2,1033.79,502.83,2.99,116.95,488.1425,423.8601473265287,194.08666666666667
2025-09-07,CP48,Beloeil,AZ,2404.16,34.0,33,17.87,27.1,28.5,71.21,5,0,5,1,1,9,36,2025,-0.9350162426854147,-0.3546048870425359,0.6631226582407956,-0.7485107481711007,-1.0,-1.8369701987210297e-16,0,3,0,0,1,0,1.0040000000000013,0.5027104704665866,11.120000000000001,0.758018549443997,-4.504000000000005,-0.2593835303996214,0.0,0.0,0,0,0,0.0,0.129999999999999,1,0,16.37,18.97,29.6,1303.71,1033.79,412.96,11.96,813.3225,426.52922630420846,297.99083333333334
2025-09-14,CP48,Beloeil,AZ,1328.69,31.0,24,15.36,23.5,0.7,82.47,3,0,3,0,0,9,37,2025,-0.970941817426052,-0.23931566428755774,0.4647231720437685,-0.8854560256532099,-1.0,-1.8369701987210297e-16,0,3,0,0,1,0,-1.5060000000000002,-0.754065705699879,-16.68,-1.1370278241659955,6.756,0.3890752955994317,0.0,0.0,0,0,0,0.0,2.6400000000000006,0,0,17.87,16.37,28.5,2404.16,1303.71,502.83,2.99,1311.1225,801.0484801548114,495.0958333333333
2025-06-08,CP48,Beloeil,BQ,6711.84,22.0,24,18.2,24.0,0.0,13.7,0,0,0,0,0,6,23,2025,0.35460488704253584,-0.9350162426854147,-0.6631226582407956,0.7485107481711007,1.2246467991473532e-16,-1.0,0,2,1,0,0,0,-1.3550000000000004,-0.6784588520739284,-23.616666666666667,-1.6098805224252755,-49.915476190476184,-2.874611997305494,0.0,0.0,0,0,0,0.1999999999999993,0.0,0,0,,,,,,,,,,
2025-06-15,CP48,Beloeil,BQ,4803.0,21.0,21,17.04,23.8,8.3,87.57,4,0,4,0,0,6,24,2025,0.23931566428755768,-0.970941817426052,-0.4647231720437684,0.88545602565321,1.2246467991473532e-16,-1.0,0,2,1,0,0,0,-2.5150000000000006,-1.2592797143659997,-15.316666666666666,-1.0440932957719322,23.954523809523806,1.3795312954609384,0.0,0.0,0,0,0,0.0,0.9600000000000009,0,0,18.2,,0.0,6711.84,,,,,,
2025-06-22,CP48,Beloeil,BQ,6073.7,39.0,38,21.24,28.6,53.1,76.4,5,0,5,0,0,6,25,2025,0.12053668025532308,-0.992708874098054,-0.2393156642875578,0.970941817426052,1.2246467991473532e-16,-1.0,0,2,1,0,0,0,1.6849999999999987,0.8436923732432237,29.483333333333334,2.009794385441293,12.784523809523819,0.7362555329023761,0.0,0.0,1,0,0,3.2399999999999984,0.0,1,0,17.04,18.2,8.3,4803.0,6711.84,,,5757.42,1349.7537082001295,
2025-06-29,CP48,Beloeil,BQ,3682.69,33.0,35,21.94,33.3,35.2,76.26,5,0,5,1,1,6,26,2025,-3.216245299353273e-16,-1.0,6.432490598706546e-16,1.0,1.2246467991473532e-16,-1.0,0,2,1,0,0,0,2.3850000000000016,1.1941877211780958,11.583333333333336,0.7896026556708303,12.644523809523818,0.7281929897727253,0.0,0.0,1,0,0,3.9400000000000013,0.0,1,0,21.24,17.04,53.1,6073.7,4803.0,,,5862.846666666667,971.731383939684,
2025-07-06,CP48,Beloeil,BQ,2855.82,26.0,28,21.63,30.9,54.3,82.1,5,0,5,1,1,7,27,2025,-0.12053668025532283,-0.992708874098054,0.23931566428755732,0.9709418174260521,-0.4999999999999998,-0.8660254037844388,0,3,1,0,0,0,-0.5465116279069768,-0.273642547391012,20.972093023255816,1.4296075118968474,-4.636395348837212,-0.26700812475794383,0.0,0.0,1,0,0,3.629999999999999,0.0,1,0,21.94,21.24,35.2,3682.69,6073.7,6711.84,,5317.8075,1348.2502343747865,5317.8075
2025-07-13,CP48,Beloeil,BQ,2694.86,15.0,15,22.43,30.8,34.1,88.79,5,0,5,0,0,7,28,2025,-0.23931566428755743,-0.9709418174260521,0.46472317204376795,0.8854560256532102,-0.4999999999999998,-0.8660254037844388,0,3,1,0,0,0,0.2534883720930239,0.1269235645345548,0.7720930232558203,0.05263136992124165,2.0536046511628,0.11826625765179608,0.0,0.0,1,0,0,4.43,0.0,1,0,21.63,21.94,54.3,2855.82,3682.69,4803.0,,4353.8025,1396.9215394901985,4825.41
2025-07-20,CP48,Beloeil,BQ,3261.31,21.0,21,22.93,32.0,31.4,88.01,4,0,4,0,0,7,29,2025,-0.3546048870425356,-0.9350162426854148,0.6631226582407952,0.7485107481711011,-0.4999999999999998,-0.8660254037844388,0,3,1,0,0,0,0.7534883720930239,0.37727738448803383,-1.9279069767441825,-0.13141989658044845,1.273604651162799,0.07334637450088471,0.0,0.0,1,0,0,4.93,0.0,1,0,22.43,21.63,34.1,2694.86,2855.82,6073.7,,3826.7675,1559.211084905333,4470.318333333334
2025-07-27,CP48,Beloeil,BQ,1985.84,16.0,15,21.63,32.8,7.9,88.48,3,0,3,0,0,7,30,2025,-0.46472317204376806,-0.8854560256532101,0.8229838658936558,0.5680647467311567,-0.4999999999999998,-0.8660254037844388,0,3,1,0,0,0,-0.5465116279069768,-0.273642547391012,-25.427906976744183,-1.7333475865025645,1.7436046511627978,0.10041348357899788,0.0,0.0,1,0,0,3.629999999999999,0.0,0,0,22.93,22.43,31.4,3261.31,2694.86,3682.69,,3123.67,442.3685373833293,4297.602857142857
2025-08-03,CP48,Beloeil,BQ,2371.09,14.0,11,21.96,31.3,5.5,90.46,3,0,3,0,0,8,31,2025,-0.5680647467311556,-0.8229838658936565,0.9350162426854147,0.354604887042536,-0.8660254037844384,-0.5000000000000004,0,3,1,0,0,0,1.1176923076923089,0.5596370775267776,-5.93956043956044,-0.40488282272756776,6.629890109890098,0.38181267825595605,0.0,0.0,1,0,0,3.960000000000001,0.0,0,0,21.63,22.93,7.9,1985.84,3261.31,2855.82,6711.84,2699.4575,532.1022885608236,4008.6325
2025-08-10,CP48,Beloeil,BQ,2729.86,19.0,20,22.64,32.5,0.4,94.59,2,0,2,0,0,8,32,2025,-0.663122658240795,-0.7485107481711013,0.9927088740980539,0.12053668025532369,-0.8660254037844384,-0.5000000000000004,0,3,1,0,0,0,1.7976923076923086,0.9001182726635089,-11.03956043956044,-0.7525352150085376,10.759890109890108,0.6196577005806536,0.0,0.0,1,0,0,4.640000000000001,0.0,0,0,21.96,21.63,5.5,2371.09,1985.84,2694.86,4803.0,2578.275,539.763444143203,3826.6833333333334
2025-08-17,CP48,Beloeil,BQ,1917.59,11.0,11,23.13,33.2,6.8,82.17,2,0,2,0,0,8,33,2025,-0.7485107481711011,-0.6631226582407952,0.992708874098054,-0.12053668025532309,-0.8660254037844384,-0.5000000000000004,0,3,1,0,0,0,2.287692307692307,1.1454650162179176,-4.63956043956044,-0.31626554626379116,-1.6601098901098936,-0.09560505420693413,0.0,0.0,1,0,0,5.129999999999999,0.0,0,0,22.64,21.96,0.4,2729.86,2371.09,3261.31,6073.7,2587.025,542.5598052749571,3717.001
2025-08-24,CP48,Beloeil,BQ,1584.06,8.0,8,18.97,28.5,19.2,81.26,3,0,3,0,0,8,34,2025,-0.8229838658936564,-0.5680647467311559,0.9350162426854149,-0.35460488704253545,-0.8660254037844384,-0.5000000000000004,0,3,1,0,0,0,-1.8723076923076931,-0.937478765795028,7.7604395604395595,0.5290069369291551,-2.57010989010989,-0.1480115845496638,0.0,0.0,0,0,0,0.9699999999999989,0.0,1,0,23.13,22.64,6.8,1917.59,2729.86,1985.84,3682.69,2251.0950000000003,376.47510997851197,3553.418181818182
2025-08-31,CP48,Beloeil,BQ,1563.76,7.0,7,16.37,23.8,29.6,68.47,5,0,5,0,0,8,35,2025,-0.8854560256532096,-0.4647231720437691,0.8229838658936571,-0.5680647467311547,-0.8660254037844384,-0.5000000000000004,0,3,1,0,0,0,-4.472307692307691,-2.239318629553118,18.160439560439563,1.2379451486393684,-15.360109890109896,-0.8845824890370431,0.0,0.0,0,0,0,0.0,1.629999999999999,1,0,18.97,23.13,19.2,1584.06,1917.59,2371.09,2855.82,2150.65,503.12993994262166,3389.3050000000003
2025-09-07,CP48,Beloeil,BQ,1080.98,3.0,3,17.87,27.1,28.5,71.21,5,0,5,1,1,9,36,2025,-0.9350162426854147,-0.3546048870425359,0.6631226582407956,-0.7485107481711007,-1.0,-1.8369701987210297e-16,0,3,0,0,1,0,1.0040000000000013,0.5027104704665866,11.120000000000001,0.758018549443997,-4.504000000000005,-0.2593835303996214,0.0,0.0,0,0,0,0.0,0.129999999999999,1,0,16.37,18.97,29.6,1563.76,1584.06,2729.86,2694.86,1948.8175,545.3805569431918,2960.2983333333336
2025-09-14,CP48,Beloeil,BQ,49.0,1.0,1,15.36,23.5,0.7,82.47,3,0,3,0,0,9,37,2025,-0.970941817426052,-0.23931566428755774,0.4647231720437685,-0.8854560256532099,-1.0,-1.8369701987210297e-16,0,3,0,0,1,0,-1.5060000000000002,-0.754065705699879,-16.68,-1.1370278241659955,6.756,0.3890752955994317,0.0,0.0,0,0,0,0.0,2.6400000000000006,0,0,17.87,16.37,28.5,1080.98,1563.76,1917.59,3261.31,1536.5974999999999,344.35112006739007,2650.13
2025-06-08,CP48,Beloeil,CC,0.0,6.0,6,18.2,24.0,0.0,13.7,0,0,0,0,0,6,23,2025,0.35460488704253584,-0.9350162426854147,-0.6631226582407956,0.7485107481711007,1.2246467991473532e-16,-1.0,0,2,1,0,0,0,-1.3550000000000004,-0.6784588520739284,-23.616666666666667,-1.6098805224252755,-49.915476190476184,-2.874611997305494,0.0,0.0,0,0,0,0.1999999999999993,0.0,0,0,,,,,,,,,,
2025-06-15,CP48,Beloeil,CC,0.0,3.0,3,17.04,23.8,8.3,87.57,4,0,4,0,0,6,24,2025,0.23931566428755768,-0.970941817426052,-0.4647231720437684,0.88545602565321,1.2246467991473532e-16,-1.0,0,2,1,0,0,0,-2.5150000000000006,-1.2592797143659997,-15.316666666666666,-1.0440932957719322,23.954523809523806,1.3795312954609384,0.0,0.0,0,0,0,0.0,0.9600000000000009,0,0,18.2,,0.0,0.0,,,,,,
2025-06-22,CP48,Beloeil,CC,125.0,4.0,4,21.24,28.6,53.1,76.4,5,0,5,0,0,6,25,2025,0.12053668025532308,-0.992708874098054,-0.2393156642875578,0.970941817426052,1.2246467991473532e-16,-1.0,0,2,1,0,0,0,1.6849999999999987,0.8436923732432237,29.483333333333334,2.009794385441293,12.784523809523819,0.7362555329023761,0.0,0.0,1,0,0,3.2399999999999984,0.0,1,0,17.04,18.2,8.3,0.0,0.0,,,0.0,0.0,
2025-07-06,CP48,Beloeil,CC,0.0,1.0,1,21.63,30.9,54.3,82.1,5,0,5,1,1,7,27,2025,-0.12053668025532283,-0.992708874098054,0.23931566428755732,0.9709418174260521,-0.4999999999999998,-0.8660254037844388,0,3,1,0,0,0,-0.5465116279069768,-0.273642547391012,20.972093023255816,1.4296075118968474,-4.636395348837212,-0.26700812475794383,0.0,0.0,1,0,0,3.629999999999999,0.0,1,0,21.24,17.04,53.1,125.0,0.0,,,41.666666666666664,72.16878364870323,
2025-07-13,CP48,Beloeil,CC,0.0,2.0,2,22.43,30.8,34.1,88.79,5,0,5,0,0,7,28,2025,-0.23931566428755743,-0.9709418174260521,0.46472317204376795,0.8854560256532102,-0.4999999999999998,-0.8660254037844388,0,3,1,0,0,0,0.2534883720930239,0.1269235645345548,0.7720930232558203,0.05263136992124165,2.0536046511628,0.11826625765179608,0.0,0.0,1,0,0,4.43,0.0,1,0,21.63,21.24,54.3,0.0,125.0,0.0,,31.25,62.50000000000001,31.25
2025-07-20,CP48,Beloeil,CC,0.0,1.0,1,22.93,32.0,31.4,88.01,4,0,4,0,0,7,29,2025,-0.3546048870425356,-0.9350162426854148,0.6631226582407952,0.7485107481711011,-0.4999999999999998,-0.8660254037844388,0,3,1,0,0,0,0.7534883720930239,0.37727738448803383,-1.9279069767441825,-0.13141989658044845,1.273604651162799,0.07334637450088471,0.0,0.0,1,0,0,4.93,0.0,1,0,22.43,21.63,34.1,0.0,0.0,0.0,,31.25,62.50000000000001,25.0
2025-06-08,CP48,Beloeil,CH,17299.93,7.0,7,18.2,24.0,0.0,13.7,0,0,0,0,0,6,23,2025,0.35460488704253584,-0.9350162426854147,-0.6631226582407956,0.7485107481711007,1.2246467991473532e-16,-1.0,0,2,1,0,0,0,-1.3550000000000004,-0.6784588520739284,-23.616666666666667,-1.6098805224252755,-49.915476190476184,-2.874611997305494,0.0,0.0,0,0,0,0.1999999999999993,0.0,0,0,,,,,,,,,,
2025-06-15,CP48,Beloeil,CH,17449.9,10.0,10,17.04,23.8,8.3,87.57,4,0,4,0,0,6,24,2025,0.23931566428755768,-0.970941817426052,-0.4647231720437684,0.88545602565321,1.2246467991473532e-16,-1.0,0,2,1,0,0,0,-2.5150000000000006,-1.2592797143659997,-15.316666666666666,-1.0440932957719322,23.954523809523806,1.3795312954609384,0.0,0.0,0,0,0,0.0,0.9600000000000009,0,0,18.2,,0.0,17299.93,,,,,,
2025-06-22,CP48,Beloeil,CH,16999.91,9.0,9,21.24,28.6,53.1,76.4,5,0,5,0,0,6,25,2025,0.12053668025532308,-0.992708874098054,-0.2393156642875578,0.970941817426052,1.2246467991473532e-16,-1.0,0,2,1,0,0,0,1.6849999999999987,0.8436923732432237,29.483333333333334,2.009794385441293,12.784523809523819,0.7362555329023761,0.0,0.0,1,0,0,3.2399999999999984,0.0,1,0,17.04,18.2,8.3,17449.9,17299.93,,,17374.915,106.04480397454735,
2025-06-29,CP48,Beloeil,CH,13549.93,7.0,7,21.94,33.3,35.2,76.26,5,0,5,1,1,6,26,2025,-3.216245299353273e-16,-1.0,6.432490598706546e-16,1.0,1.2246467991473532e-16,-1.0,0,2,1,0,0,0,2.3850000000000016,1.1941877211780958,11.583333333333336,0.7896026556708303,12.644523809523818,0.7281929897727253,0.0,0.0,1,0,0,3.9400000000000013,0.0,1,0,21.24,17.04,53.1,16999.91,17449.9,,,17249.913333333334,229.12660306767887,
2025-07-06,CP48,Beloeil,CH,9299.97,3.0,3,21.63,30.9,54.3,82.1,5,0,5,1,1,7,27,2025,-0.12053668025532283,-0.992708874098054,0.23931566428755732,0.9709418174260521,-0.4999999999999998,-0.8660254037844388,0,3,1,0,0,0,-0.5465116279069768,-0.273642547391012,20.972093023255816,1.4296075118968474,-4.636395348837212,-0.26700812475794383,0.0,0.0,1,0,0,3.629999999999999,0.0,1,0,21.94,21.24,35.2,13549.93,16999.91,17299.93,,16324.9175,1859.4269279068214,16324.9175
2025-07-13,CP48,Beloeil,CH,10449.95,5.0,5,22.43,30.8,34.1,88.79,5,0,5,0,0,7,28,2025,-0.23931566428755743,-0.9709418174260521,0.46472317204376795,0.8854560256532102,-0.4999999999999998,-0.8660254037844388,0,3,1,0,0,0,0.2534883720930239,0.1269235645345548,0.7720930232558203,0.05263136992124165,2.0536046511628,0.11826625765179608,0.0,0.0,1,0,0,4.43,0.0,1,0,21.63,21.94,54.3,9299.97,13549.93,17449.9,,14324.9275,3775.879743091888,14919.928
2025-07-20,CP48,Beloeil,CH,3379.97,3.0,3,22.93,32.0,31.4,88.01,4,0,4,0,0,7,29,2025,-0.3546048870425356,-0.9350162426854148,0.6631226582407952,0.7485107481711011,-0.4999999999999998,-0.8660254037844388,0,3,1,0,0,0,0.7534883720930239,0.37727738448803383,-1.9279069767441825,-0.13141989658044845,1.273604651162799,0.07334637450088471,0.0,0.0,1,0,0,4.93,0.0,1,0,22.43,21.63,34.1,10449.95,9299.97,16999.91,,12574.94,3453.1133779050247,14174.931666666665
2025-07-27,CP48,Beloeil,CH,8315.92,8.0,8,21.63,32.8,7.9,88.48,3,0,3,0,0,7,30,2025,-0.46472317204376806,-0.8854560256532101,0.8229838658936558,0.5680647467311567,-0.4999999999999998,-0.8660254037844388,0,3,1,0,0,0,-0.5465116279069768,-0.273642547391012,-25.427906976744183,-1.7333475865025645,1.7436046511627978,0.10041348357899788,0.0,0.0,1,0,0,3.629999999999999,0.0,0,0,22.93,22.43,31.4,3379.97,10449.95,13549.93,,9169.955000000002,4256.892387689245,12632.794285714286
2025-08-03,CP48,Beloeil,CH,12738.91,9.0,8,21.96,31.3,5.5,90.46,3,0,3,0,0,8,31,2025,-0.5680647467311556,-0.8229838658936565,0.9350162426854147,0.354604887042536,-0.8660254037844384,-0.5000000000000004,0,3,1,0,0,0,1.1176923076923089,0.5596370775267776,-5.93956043956044,-0.40488282272756776,6.629890109890098,0.38181267825595605,0.0,0.0,1,0,0,3.960000000000001,0.0,0,0,21.63,22.93,7.9,8315.92,3379.97,9299.97,17299.93,7861.452499999999,3112.334494216782,12093.185
2025-08-10,CP48,Beloeil,CH,1653.97,3.0,2,22.64,32.5,0.4,94.59,2,0,2,0,0,8,32,2025,-0.663122658240795,-0.7485107481711013,0.9927088740980539,0.12053668025532369,-0.8660254037844384,-0.5000000000000004,0,3,1,0,0,0,1.7976923076923086,0.9001182726635089,-11.03956043956044,-0.7525352150085376,10.759890109890108,0.6196577005806536,0.0,0.0,1,0,0,4.640000000000001,0.0,0,0,21.96,21.63,5.5,12738.91,8315.92,10449.95,17449.9,8721.1875,3992.6415648988955,12164.932222222222
2025-08-17,CP48,Beloeil,CH,1546.01,-1.0,2,23.13,33.2,6.8,82.17,2,0,2,0,0,8,33,2025,-0.7485107481711011,-0.6631226582407952,0.992708874098054,-0.12053668025532309,-0.8660254037844384,-0.5000000000000004,0,3,1,0,0,0,2.287692307692307,1.1454650162179176,-4.63956043956044,-0.31626554626379116,-1.6601098901098936,-0.09560505420693413,0.0,0.0,1,0,0,5.129999999999999,0.0,0,0,22.64,21.96,0.4,1653.97,12738.91,3379.97,16999.91,6522.1925,5014.58497345742,11113.836
2025-08-24,CP48,Beloeil,CH,3799.98,2.0,2,18.97,28.5,19.2,81.26,3,0,3,0,0,8,34,2025,-0.8229838658936564,-0.5680647467311559,0.9350162426854149,-0.35460488704253545,-0.8660254037844384,-0.5000000000000004,0,3,1,0,0,0,-1.8723076923076931,-0.937478765795028,7.7604395604395595,0.5290069369291551,-2.57010989010989,-0.1480115845496638,0.0,0.0,0,0,0,0.9699999999999989,0.0,1,0,23.13,22.64,6.8,1546.01,1653.97,8315.92,13549.93,6063.7025,5461.567695618626,10244.033636363636
2025-08-31,CP48,Beloeil,CH,3587.45,5.0,7,16.37,23.8,29.6,68.47,5,0,5,0,0,8,35,2025,-0.8854560256532096,-0.4647231720437691,0.8229838658936571,-0.5680647467311547,-0.8660254037844384,-0.5000000000000004,0,3,1,0,0,0,-4.472307692307691,-2.239318629553118,18.160439560439563,1.2379451486393684,-15.360109890109896,-0.8845824890370431,0.0,0.0,0,0,0,0.0,1.629999999999999,1,0,18.97,23.13,19.2,3799.98,1546.01,12738.91,9299.97,4934.7175,5305.333556911536,9707.029166666667
2025-09-07,CP48,Beloeil,CH,59.98,2.0,4,17.87,27.1,28.5,71.21,5,0,5,1,1,9,36,2025,-0.9350162426854147,-0.3546048870425359,0.6631226582407956,-0.7485107481711007,-1.0,-1.8369701987210297e-16,0,3,0,0,1,0,1.0040000000000013,0.5027104704665866,11.120000000000001,0.758018549443997,-4.504000000000005,-0.2593835303996214,0.0,0.0,0,0,0,0.0,0.129999999999999,1,0,16.37,18.97,29.6,3587.45,3799.98,1653.97,10449.95,2646.8525,1212.7237328804954,8564.3225
2025-09-14,CP48,Beloeil,CH,53.98,2.0,1,15.36,23.5,0.7,82.47,3,0,3,0,0,9,37,2025,-0.970941817426052,-0.23931566428755774,0.4647231720437685,-0.8854560256532099,-1.0,-1.8369701987210297e-16,0,3,0,0,1,0,-1.5060000000000002,-0.754065705699879,-16.68,-1.1370278241659955,6.756,0.3890752955994317,0.0,0.0,0,0,0,0.0,2.6400000000000006,0,0,17.87,16.37,28.5,59.98,3587.45,1546.01,3379.97,2248.355,1777.9191207044828,7115.162499999999
2025-06-08,CP48,Beloeil,DI,200.0,1.0,1,18.2,24.0,0.0,13.7,0,0,0,0,0,6,23,2025,0.35460488704253584,-0.9350162426854147,-0.6631226582407956,0.7485107481711007,1.2246467991473532e-16,-1.0,0,2,1,0,0,0,-1.3550000000000004,-0.6784588520739284,-23.616666666666667,-1.6098805224252755,-49.915476190476184,-2.874611997305494,0.0,0.0,0,0,0,0.1999999999999993,0.0,0,0,,,,,,,,,,
2025-07-06,CP48,Beloeil,DI,29.99,1.0,1,21.63,30.9,54.3,82.1,5,0,5,1,1,7,27,2025,-0.12053668025532283,-0.992708874098054,0.23931566428755732,0.9709418174260521,-0.4999999999999998,-0.8660254037844388,0,3,1,0,0,0,-0.5465116279069768,-0.273642547391012,20.972093023255816,1.4296075118968474,-4.636395348837212,-0.26700812475794383,0.0,0.0,1,0,0,3.629999999999999,0.0,1,0,18.2,,0.0,200.0,,,,,,
2025-07-13,CP48,Beloeil,DI,29.99,1.0,1,22.43,30.8,34.1,88.79,5,0,5,0,0,7,28,2025,-0.23931566428755743,-0.9709418174260521,0.46472317204376795,0.8854560256532102,-0.4999999999999998,-0.8660254037844388,0,3,1,0,0,0,0.2534883720930239,0.1269235645345548,0.7720930232558203,0.05263136992124165,2.0536046511628,0.11826625765179608,0.0,0.0,1,0,0,4.43,0.0,1,0,21.63,18.2,54.3,29.99,200.0,,,114.995,120.21522386952495,
2025-06-15,CP48,Beloeil,FI,1599.98,2.0,2,17.04,23.8,8.3,87.57,4,0,4,0,0,6,24,2025,0.23931566428755768,-0.970941817426052,-0.4647231720437684,0.88545602565321,1.2246467991473532e-16,-1.0,0,2,1,0,0,0,-2.5150000000000006,-1.2592797143659997,-15.316666666666666,-1.0440932957719322,23.954523809523806,1.3795312954609384,0.0,0.0,0,0,0,0.0,0.9600000000000009,0,0,,,,,,,,,,
2025-06-29,CP48,Beloeil,FI,34.99,1.0,1,21.94,33.3,35.2,76.26,5,0,5,1,1,6,26,2025,-3.216245299353273e-16,-1.0,6.432490598706546e-16,1.0,1.2246467991473532e-16,-1.0,0,2,1,0,0,0,2.3850000000000016,1.1941877211780958,11.583333333333336,0.7896026556708303,12.644523809523818,0.7281929897727253,0.0,0.0,1,0,0,3.9400000000000013,0.0,1,0,17.04,,8.3,1599.98,,,,,,
2025-07-06,CP48,Beloeil,FI,3131.5399999999995,4.0,4,21.63,30.9,54.3,82.1,5,0,5,1,1,7,27,2025,-0.12053668025532283,-0.992708874098054,0.23931566428755732,0.9709418174260521,-0.4999999999999998,-0.8660254037844388,0,3,1,0,0,0,-0.5465116279069768,-0.273642547391012,20.972093023255816,1.4296075118968474,-4.636395348837212,-0.26700812475794383,0.0,0.0,1,0,0,3.629999999999999,0.0,1,0,21.94,17.04,35.2,34.99,1599.98,,,817.485,1106.615041489135,
2025-07-13,CP48,Beloeil,FI,1699.98,2.0,2,22.43,30.8,34.1,88.79,5,0,5,0,0,7,28,2025,-0.23931566428755743,-0.9709418174260521,0.46472317204376795,0.8854560256532102,-0.4999999999999998,-0.8660254037844388,0,3,1,0,0,0,0.2534883720930239,0.1269235645345548,0.7720930232558203,0.05263136992124165,2.0536046511628,0.11826625765179608,0.0,0.0,1,0,0,4.43,0.0,1,0,21.63,21.94,54.3,3131.5399999999995,34.99,,,1588.8366666666664,1548.3050752462618,
2025-07-20,CP48,Beloeil,FI,191.56,8.0,4,22.93,32.0,31.4,88.01,4,0,4,0,0,7,29,2025,-0.3546048870425356,-0.9350162426854148,0.6631226582407952,0.7485107481711011,-0.4999999999999998,-0.8660254037844388,0,3,1,0,0,0,0.7534883720930239,0.37727738448803383,-1.9279069767441825,-0.13141989658044845,1.273604651162799,0.07334637450088471,0.0,0.0,1,0,0,4.93,0.0,1,0,22.43,21.63,34.1,1699.98,3131.5399999999995,1599.98,,1616.6225,1265.406633257336,1616.6225
2025-08-03,CP48,Beloeil,FI,108.97,3.0,2,21.96,31.3,5.5,90.46,3,0,3,0,0,8,31,2025,-0.5680647467311556,-0.8229838658936565,0.9350162426854147,0.354604887042536,-0.8660254037844384,-0.5000000000000004,0,3,1,0,0,0,1.1176923076923089,0.5596370775267776,-5.93956043956044,-0.40488282272756776,6.629890109890098,0.38181267825595605,0.0,0.0,1,0,0,3.960000000000001,0.0,0,0,22.93,22.43,31.4,191.56,1699.98,34.99,,1264.5175000000002,1453.5446644295682,1331.6100000000001
2025-08-10,CP48,Beloeil,FI,2079.9700000000003,3.0,3,22.64,32.5,0.4,94.59,2,0,2,0,0,8,32,2025,-0.663122658240795,-0.7485107481711013,0.9927088740980539,0.12053668025532369,-0.8660254037844384,-0.5000000000000004,0,3,1,0,0,0,1.7976923076923086,0.9001182726635089,-11.03956043956044,-0.7525352150085376,10.759890109890108,0.6196577005806536,0.0,0.0,1,0,0,4.640000000000001,0.0,0,0,21.96,22.93,5.5,108.97,191.56,3131.5399999999995,,1283.0124999999998,1433.0108357202557,1127.8366666666666
2025-08-17,CP48,Beloeil,FI,2069.98,2.0,2,23.13,33.2,6.8,82.17,2,0,2,0,0,8,33,2025,-0.7485107481711011,-0.6631226582407952,0.992708874098054,-0.12053668025532309,-0.8660254037844384,-0.5000000000000004,0,3,1,0,0,0,2.287692307692307,1.1454650162179176,-4.63956043956044,-0.31626554626379116,-1.6601098901098936,-0.09560505420693413,0.0,0.0,1,0,0,5.129999999999999,0.0,0,0,22.64,21.96,0.4,2079.9700000000003,108.97,1699.98,,1020.1200000000002,1016.8902986064918,1263.8557142857142
2025-08-31,CP48,Beloeil,FI,114.49,3.0,2,16.37,23.8,29.6,68.47,5,0,5,0,0,8,35,2025,-0.8854560256532096,-0.4647231720437691,0.8229838658936571,-0.5680647467311547,-0.8660254037844384,-0.5000000000000004,0,3,1,0,0,0,-4.472307692307691,-2.239318629553118,18.160439560439563,1.2379451486393684,-15.360109890109896,-0.8845824890370431,0.0,0.0,0,0,0,0.0,1.629999999999999,1,0,23.13,22.64,6.8,2069.98,2079.9700000000003,191.56,1599.98,1112.6200000000003,1111.7507271866298,1364.6212500000001
2025-09-07,CP48,Beloeil,FI,80.0,2.0,1,17.87,27.1,28.5,71.21,5,0,5,1,1,9,36,2025,-0.9350162426854147,-0.3546048870425359,0.6631226582407956,-0.7485107481711007,-1.0,-1.8369701987210297e-16,0,3,0,0,1,0,1.0040000000000013,0.5027104704665866,11.120000000000001,0.758018549443997,-4.504000000000005,-0.2593835303996214,0.0,0.0,0,0,0,0.0,0.129999999999999,1,0,16.37,23.13,29.6,114.49,2069.98,108.97,34.99,1093.3525000000002,1133.4896066682747,1225.7177777777779
2025-06-08,CP48,Beloeil,GA,2699.99,1.0,1,18.2,24.0,0.0,13.7,0,0,0,0,0,6,23,2025,0.35460488704253584,-0.9350162426854147,-0.6631226582407956,0.7485107481711007,1.2246467991473532e-16,-1.0,0,2,1,0,0,0,-1.3550000000000004,-0.6784588520739284,-23.616666666666667,-1.6098805224252755,-49.915476190476184,-2.874611997305494,0.0,0.0,0,0,0,0.1999999999999993,0.0,0,0,,,,,,,,,,
2025-06-15,CP48,Beloeil,GA,2259.9700000000003,3.0,3,17.04,23.8,8.3,87.57,4,0,4,0,0,6,24,2025,0.23931566428755768,-0.970941817426052,-0.4647231720437684,0.88545602565321,1.2246467991473532e-16,-1.0,0,2,1,0,0,0,-2.5150000000000006,-1.2592797143659997,-15.316666666666666,-1.0440932957719322,23.954523809523806,1.3795312954609384,0.0,0.0,0,0,0,0.0,0.9600000000000009,0,0,18.2,,0.0,2699.99,,,,,,
2025-06-22,CP48,Beloeil,GA,11319.95,6.0,6,21.24,28.6,53.1,76.4,5,0,5,0,0,6,25,2025,0.12053668025532308,-0.992708874098054,-0.2393156642875578,0.970941817426052,1.2246467991473532e-16,-1.0,0,2,1,0,0,0,1.6849999999999987,0.8436923732432237,29.483333333333334,2.009794385441293,12.784523809523819,0.7362555329023761,0.0,0.0,1,0,0,3.2399999999999984,0.0,1,0,17.04,18.2,8.3,2259.9700000000003,2699.99,,,2479.98,311.1411258577043,
2025-06-29,CP48,Beloeil,GA,9699.96,4.0,4,21.94,33.3,35.2,76.26,5,0,5,1,1,6,26,2025,-3.216245299353273e-16,-1.0,6.432490598706546e-16,1.0,1.2246467991473532e-16,-1.0,0,2,1,0,0,0,2.3850000000000016,1.1941877211780958,11.583333333333336,0.7896026556708303,12.644523809523818,0.7281929897727253,0.0,0.0,1,0,0,3.9400000000000013,0.0,1,0,21.24,17.04,53.1,11319.95,2259.9700000000003,,,5426.636666666666,5108.498892407958,
2025-07-06,CP48,Beloeil,GA,5399.98,2.0,2,21.63,30.9,54.3,82.1,5,0,5,1,1,7,27,2025,-0.12053668025532283,-0.992708874098054,0.23931566428755732,0.9709418174260521,-0.4999999999999998,-0.8660254037844388,0,3,1,0,0,0,-0.5465116279069768,-0.273642547391012,20.972093023255816,1.4296075118968474,-4.636395348837212,-0.26700812475794383,0.0,0.0,1,0,0,3.629999999999999,0.0,1,0,21.94,21.24,35.2,9699.96,11319.95,2699.99,,6494.9675,4686.4873519824705,6494.9675
2025-07-13,CP48,Beloeil,GA,4099.97,3.0,3,22.43,30.8,34.1,88.79,5,0,5,0,0,7,28,2025,-0.23931566428755743,-0.9709418174260521,0.46472317204376795,0.8854560256532102,-0.4999999999999998,-0.8660254037844388,0,3,1,0,0,0,0.2534883720930239,0.1269235645345548,0.7720930232558203,0.05263136992124165,2.0536046511628,0.11826625765179608,0.0,0.0,1,0,0,4.43,0.0,1,0,21.63,21.94,54.3,5399.98,9699.96,2259.9700000000003,,7169.964999999999,4117.610472126603,6275.969999999999
2025-07-20,CP48,Beloeil,GA,2239.9700000000003,3.0,3,22.93,32.0,31.4,88.01,4,0,4,0,0,7,29,2025,-0.3546048870425356,-0.9350162426854148,0.6631226582407952,0.7485107481711011,-0.4999999999999998,-0.8660254037844388,0,3,1,0,0,0,0.7534883720930239,0.37727738448803383,-1.9279069767441825,-0.13141989658044845,1.273604651162799,0.07334637450088471,0.0,0.0,1,0,0,4.93,0.0,1,0,22.43,21.63,34.1,4099.97,5399.98,11319.95,,7629.965,3431.9365961752064,5913.303333333333
2025-07-27,CP48,Beloeil,GA,13459.95,5.0,5,21.63,32.8,7.9,88.48,3,0,3,0,0,7,30,2025,-0.46472317204376806,-0.8854560256532101,0.8229838658936558,0.5680647467311567,-0.4999999999999998,-0.8660254037844388,0,3,1,0,0,0,-0.5465116279069768,-0.273642547391012,-25.427906976744183,-1.7333475865025645,1.7436046511627978,0.10041348357899788,0.0,0.0,1,0,0,3.629999999999999,0.0,0,0,22.93,22.43,31.4,2239.9700000000003,4099.97,9699.96,,5359.969999999999,3170.6526142210323,5388.541428571429
2025-08-03,CP48,Beloeil,GA,7199.98,2.0,2,21.96,31.3,5.5,90.46,3,0,3,0,0,8,31,2025,-0.5680647467311556,-0.8229838658936565,0.9350162426854147,0.354604887042536,-0.8660254037844384,-0.5000000000000004,0,3,1,0,0,0,1.1176923076923089,0.5596370775267776,-5.93956043956044,-0.40488282272756776,6.629890109890098,0.38181267825595605,0.0,0.0,1,0,0,3.960000000000001,0.0,0,0,21.63,22.93,7.9,13459.95,2239.9700000000003,5399.98,2699.99,6299.967500000001,4946.341934550388,6397.4675
2025-08-10,CP48,Beloeil,GA,1619.95,5.0,5,22.64,32.5,0.4,94.59,2,0,2,0,0,8,32,2025,-0.663122658240795,-0.7485107481711013,0.9927088740980539,0.12053668025532369,-0.8660254037844384,-0.5000000000000004,0,3,1,0,0,0,1.7976923076923086,0.9001182726635089,-11.03956043956044,-0.7525352150085376,10.759890109890108,0.6196577005806536,0.0,0.0,1,0,0,4.640000000000001,0.0,0,0,21.96,21.63,5.5,7199.98,13459.95,4099.97,2259.9700000000003,6749.967500000001,4918.974845787654,6486.635555555556
2025-08-17,CP48,Beloeil,GA,284.99,1.0,1,23.13,33.2,6.8,82.17,2,0,2,0,0,8,33,2025,-0.7485107481711011,-0.6631226582407952,0.992708874098054,-0.12053668025532309,-0.8660254037844384,-0.5000000000000004,0,3,1,0,0,0,2.287692307692307,1.1454650162179176,-4.63956043956044,-0.31626554626379116,-1.6601098901098936,-0.09560505420693413,0.0,0.0,1,0,0,5.129999999999999,0.0,0,0,22.64,21.96,0.4,1619.95,7199.98,2239.9700000000003,11319.95,6129.9625,5487.741144304428,5999.967
2025-08-24,CP48,Beloeil,GA,7509.94,6.0,6,18.97,28.5,19.2,81.26,3,0,3,0,0,8,34,2025,-0.8229838658936564,-0.5680647467311559,0.9350162426854149,-0.35460488704253545,-0.8660254037844384,-0.5000000000000004,0,3,1,0,0,0,-1.8723076923076931,-0.937478765795028,7.7604395604395595,0.5290069369291551,-2.57010989010989,-0.1480115845496638,0.0,0.0,0,0,0,0.9699999999999989,0.0,1,0,23.13,22.64,6.8,284.99,1619.95,13459.95,9699.96,5641.2175,6011.71311624995,5480.423636363636
2025-08-31,CP48,Beloeil,GA,399.99,1.0,1,16.37,23.8,29.6,68.47,5,0,5,0,0,8,35,2025,-0.8854560256532096,-0.4647231720437691,0.8229838658936571,-0.5680647467311547,-0.8660254037844384,-0.5000000000000004,0,3,1,0,0,0,-4.472307692307691,-2.239318629553118,18.160439560439563,1.2379451486393684,-15.360109890109896,-0.8845824890370431,0.0,0.0,0,0,0,0.0,1.629999999999999,1,0,18.97,23.13,19.2,7509.94,284.99,7199.98,5399.98,4153.715,3738.5815002350846,5649.55
2025-09-07,CP48,Beloeil,GA,349.99,1.0,1,17.87,27.1,28.5,71.21,5,0,5,1,1,9,36,2025,-0.9350162426854147,-0.3546048870425359,0.6631226582407956,-0.7485107481711007,-1.0,-1.8369701987210297e-16,0,3,0,0,1,0,1.0040000000000013,0.5027104704665866,11.120000000000001,0.758018549443997,-4.504000000000005,-0.2593835303996214,0.0,0.0,0,0,0,0.0,0.129999999999999,1,0,16.37,18.97,29.6,399.99,7509.94,1619.95,4099.97,2453.7174999999997,3424.5062820341996,5457.883333333333
2025-06-08,CP48,Beloeil,HT,7417.0,3.0,3,18.2,24.0,0.0,13.7,0,0,0,0,0,6,23,2025,0.35460488704253584,-0.9350162426854147,-0.6631226582407956,0.7485107481711007,1.2246467991473532e-16,-1.0,0,2,1,0,0,0,-1.3550000000000004,-0.6784588520739284,-23.616666666666667,-1.6098805224252755,-49.915476190476184,-2.874611997305494,0.0,0.0,0,0,0,0.1999999999999993,0.0,0,0,,,,,,,,,,
2025-06-15,CP48,Beloeil,HT,17494.0,6.0,6,17.04,23.8,8.3,87.57,4,0,4,0,0,6,24,2025,0.23931566428755768,-0.970941817426052,-0.4647231720437684,0.88545602565321,1.2246467991473532e-16,-1.0,0,2,1,0,0,0,-2.5150000000000006,-1.2592797143659997,-15.316666666666666,-1.0440932957719322,23.954523809523806,1.3795312954609384,0.0,0.0,0,0,0,0.0,0.9600000000000009,0,0,18.2,,0.0,7417.0,,,,,,
2025-06-22,CP48,Beloeil,HT,10596.0,4.0,4,21.24,28.6,53.1,76.4,5,0,5,0,0,6,25,2025,0.12053668025532308,-0.992708874098054,-0.2393156642875578,0.970941817426052,1.2246467991473532e-16,-1.0,0,2,1,0,0,0,1.6849999999999987,0.8436923732432237,29.483333333333334,2.009794385441293,12.784523809523819,0.7362555329023761,0.0,0.0,1,0,0,3.2399999999999984,0.0,1,0,17.04,18.2,8.3,17494.0,7417.0,,,12455.5,7125.515034016839,
2025-06-29,CP48,Beloeil,HT,15323.99,7.0,7,21.94,33.3,35.2,76.26,5,0,5,1,1,6,26,2025,-3.216245299353273e-16,-1.0,6.432490598706546e-16,1.0,1.2246467991473532e-16,-1.0,0,2,1,0,0,0,2.3850000000000016,1.1941877211780958,11.583333333333336,0.7896026556708303,12.644523809523818,0.7281929897727253,0.0,0.0,1,0,0,3.9400000000000013,0.0,1,0,21.24,17.04,53.1,10596.0,17494.0,,,11835.666666666666,5151.607742572539,
2025-07-06,CP48,Beloeil,HT,5998.0,2.0,2,21.63,30.9,54.3,82.1,5,0,5,1,1,7,27,2025,-0.12053668025532283,-0.992708874098054,0.23931566428755732,0.9709418174260521,-0.4999999999999998,-0.8660254037844388,0,3,1,0,0,0,-0.5465116279069768,-0.273642547391012,20.972093023255816,1.4296075118968474,-4.636395348837212,-0.26700812475794383,0.0,0.0,1,0,0,3.629999999999999,0.0,1,0,21.94,21.24,35.2,15323.99,10596.0,7417.0,,12707.7475,4553.5489611611365,12707.7475
2025-07-13,CP48,Beloeil,HT,14419.0,6.0,6,22.43,30.8,34.1,88.79,5,0,5,0,0,7,28,2025,-0.23931566428755743,-0.9709418174260521,0.46472317204376795,0.8854560256532102,-0.4999999999999998,-0.8660254037844388,0,3,1,0,0,0,0.2534883720930239,0.1269235645345548,0.7720930232558203,0.05263136992124165,2.0536046511628,0.11826625765179608,0.0,0.0,1,0,0,4.43,0.0,1,0,21.63,21.94,54.3,5998.0,15323.99,17494.0,,12352.9975,5122.816171471671,11365.797999999999
2025-07-20,CP48,Beloeil,HT,11446.0,4.0,4,22.93,32.0,31.4,88.01,4,0,4,0,0,7,29,2025,-0.3546048870425356,-0.9350162426854148,0.6631226582407952,0.7485107481711011,-0.4999999999999998,-0.8660254037844388,0,3,1,0,0,0,0.7534883720930239,0.37727738448803383,-1.9279069767441825,-0.13141989658044845,1.273604651162799,0.07334637450088471,0.0,0.0,1,0,0,4.93,0.0,1,0,22.43,21.63,34.1,14419.0,5998.0,10596.0,,11584.2475,4250.658378615208,11874.665
2025-07-27,CP48,Beloeil,HT,14095.0,5.0,5,21.63,32.8,7.9,88.48,3,0,3,0,0,7,30,2025,-0.46472317204376806,-0.8854560256532101,0.8229838658936558,0.5680647467311567,-0.4999999999999998,-0.8660254037844388,0,3,1,0,0,0,-0.5465116279069768,-0.273642547391012,-25.427906976744183,-1.7333475865025645,1.7436046511627978,0.10041348357899788,0.0,0.0,1,0,0,3.629999999999999,0.0,0,0,22.93,22.43,31.4,11446.0,14419.0,15323.99,,11796.7475,4205.795374839936,11813.427142857143
2025-08-03,CP48,Beloeil,HT,1649.0,1.0,1,21.96,31.3,5.5,90.46,3,0,3,0,0,8,31,2025,-0.5680647467311556,-0.8229838658936565,0.9350162426854147,0.354604887042536,-0.8660254037844384,-0.5000000000000004,0,3,1,0,0,0,1.1176923076923089,0.5596370775267776,-5.93956043956044,-0.40488282272756776,6.629890109890098,0.38181267825595605,0.0,0.0,1,0,0,3.960000000000001,0.0,0,0,21.63,22.93,7.9,14095.0,11446.0,5998.0,7417.0,11489.5,3895.6841504413565,12098.62375
2025-08-10,CP48,Beloeil,HT,6427.99,3.0,3,22.64,32.5,0.4,94.59,2,0,2,0,0,8,32,2025,-0.663122658240795,-0.7485107481711013,0.9927088740980539,0.12053668025532369,-0.8660254037844384,-0.5000000000000004,0,3,1,0,0,0,1.7976923076923086,0.9001182726635089,-11.03956043956044,-0.7525352150085376,10.759890109890108,0.6196577005806536,0.0,0.0,1,0,0,4.640000000000001,0.0,0,0,21.96,21.63,5.5,1649.0,14095.0,14419.0,17494.0,10402.25,5985.52372395265,10937.554444444446
2025-08-17,CP48,Beloeil,HT,5299.0,1.0,1,23.13,33.2,6.8,82.17,2,0,2,0,0,8,33,2025,-0.7485107481711011,-0.6631226582407952,0.992708874098054,-0.12053668025532309,-0.8660254037844384,-0.5000000000000004,0,3,1,0,0,0,2.287692307692307,1.1454650162179176,-4.63956043956044,-0.31626554626379116,-1.6601098901098936,-0.09560505420693413,0.0,0.0,1,0,0,5.129999999999999,0.0,0,0,22.64,21.96,0.4,6427.99,1649.0,11446.0,10596.0,8404.497500000001,5512.89048594519,10486.598
2025-06-08,CP48,Beloeil,IN,5164.98,7.0,7,18.2,24.0,0.0,13.7,0,0,0,0,0,6,23,2025,0.35460488704253584,-0.9350162426854147,-0.6631226582407956,0.7485107481711007,1.2246467991473532e-16,-1.0,0,2,1,0,0,0,-1.3550000000000004,-0.6784588520739284,-23.616666666666667,-1.6098805224252755,-49.915476190476184,-2.874611997305494,0.0,0.0,0,0,0,0.1999999999999993,0.0,0,0,,,,,,,,,,
2025-06-15,CP48,Beloeil,IN,8479.97,11.0,11,17.04,23.8,8.3,87.57,4,0,4,0,0,6,24,2025,0.23931566428755768,-0.970941817426052,-0.4647231720437684,0.88545602565321,1.2246467991473532e-16,-1.0,0,2,1,0,0,0,-2.5150000000000006,-1.2592797143659997,-15.316666666666666,-1.0440932957719322,23.954523809523806,1.3795312954609384,0.0,0.0,0,0,0,0.0,0.9600000000000009,0,0,18.2,,0.0,5164.98,,,,,,
2025-06-22,CP48,Beloeil,IN,5384.99,6.0,6,21.24,28.6,53.1,76.4,5,0,5,0,0,6,25,2025,0.12053668025532308,-0.992708874098054,-0.2393156642875578,0.970941817426052,1.2246467991473532e-16,-1.0,0,2,1,0,0,0,1.6849999999999987,0.8436923732432237,29.483333333333334,2.009794385441293,12.784523809523819,0.7362555329023761,0.0,0.0,1,0,0,3.2399999999999984,0.0,1,0,17.04,18.2,8.3,8479.97,5164.98,,,6822.474999999999,2344.0519085655933,
2025-06-29,CP48,Beloeil,IN,6959.97,10.0,10,21.94,33.3,35.2,76.26,5,0,5,1,1,6,26,2025,-3.216245299353273e-16,-1.0,6.432490598706546e-16,1.0,1.2246467991473532e-16,-1.0,0,2,1,0,0,0,2.3850000000000016,1.1941877211780958,11.583333333333336,0.7896026556708303,12.644523809523818,0.7281929897727253,0.0,0.0,1,0,0,3.9400000000000013,0.0,1,0,21.24,17.04,53.1,5384.99,8479.97,,,6343.313333333333,1853.6659309145573,
2025-07-06,CP48,Beloeil,IN,2539.99,3.0,3,21.63,30.9,54.3,82.1,5,0,5,1,1,7,27,2025,-0.12053668025532283,-0.992708874098054,0.23931566428755732,0.9709418174260521,-0.4999999999999998,-0.8660254037844388,0,3,1,0,0,0,-0.5465116279069768,-0.273642547391012,20.972093023255816,1.4296075118968474,-4.636395348837212,-0.26700812475794383,0.0,0.0,1,0,0,3.629999999999999,0.0,1,0,21.94,21.24,35.2,6959.97,5384.99,5164.98,,6497.4775,1544.5985293137933,6497.4775
2025-07-13,CP48,Beloeil,IN,7444.98,8.0,8,22.43,30.8,34.1,88.79,5,0,5,0,0,7,28,2025,-0.23931566428755743,-0.9709418174260521,0.46472317204376795,0.8854560256532102,-0.4999999999999998,-0.8660254037844388,0,3,1,0,0,0,0.2534883720930239,0.1269235645345548,0.7720930232558203,0.05263136992124165,2.0536046511628,0.11826625765179608,0.0,0.0,1,0,0,4.43,0.0,1,0,21.63,21.94,54.3,2539.99,6959.97,8479.97,,5841.23,2537.77254368209,5705.98
2025-07-20,CP48,Beloeil,IN,5435.0,4.0,4,22.93,32.0,31.4,88.01,4,0,4,0,0,7,29,2025,-0.3546048870425356,-0.9350162426854148,0.6631226582407952,0.7485107481711011,-0.4999999999999998,-0.8660254037844388,0,3,1,0,0,0,0.7534883720930239,0.37727738448803383,-1.9279069767441825,-0.13141989658044845,1.273604651162799,0.07334637450088471,0.0,0.0,1,0,0,4.93,0.0,1,0,22.43,21.63,34.1,7444.98,2539.99,5384.99,,5582.4825,2210.7414028084936,5995.813333333333
2025-07-27,CP48,Beloeil,IN,4694.99,5.0,5,21.63,32.8,7.9,88.48,3,0,3,0,0,7,30,2025,-0.46472317204376806,-0.8854560256532101,0.8229838658936558,0.5680647467311567,-0.4999999999999998,-0.8660254037844388,0,3,1,0,0,0,-0.5465116279069768,-0.273642547391012,-25.427906976744183,-1.7333475865025645,1.7436046511627978,0.10041348357899788,0.0,0.0,1,0,0,3.629999999999999,0.0,0,0,22.93,22.43,31.4,5435.0,7444.98,6959.97,,5594.985000000001,2209.3932199060146,5915.697142857142
2025-08-03,CP48,Beloeil,IN,2329.9700000000003,4.0,4,21.96,31.3,5.5,90.46,3,0,3,0,0,8,31,2025,-0.5680647467311556,-0.8229838658936565,0.9350162426854147,0.354604887042536,-0.8660254037844384,-0.5000000000000004,0,3,1,0,0,0,1.1176923076923089,0.5596370775267776,-5.93956043956044,-0.40488282272756776,6.629890109890098,0.38181267825595605,0.0,0.0,1,0,0,3.960000000000001,0.0,0,0,21.63,22.93,7.9,4694.99,5435.0,2539.99,5164.98,5028.74,2025.547543274822,5763.108749999999
2025-08-10,CP48,Beloeil,IN,2944.98,3.0,3,22.64,32.5,0.4,94.59,2,0,2,0,0,8,32,2025,-0.663122658240795,-0.7485107481711013,0.9927088740980539,0.12053668025532369,-0.8660254037844384,-0.5000000000000004,0,3,1,0,0,0,1.7976923076923086,0.9001182726635089,-11.03956043956044,-0.7525352150085376,10.759890109890108,0.6196577005806536,0.0,0.0,1,0,0,4.640000000000001,0.0,0,0,21.96,21.63,5.5,2329.9700000000003,4694.99,7444.98,8479.97,4976.235,2112.4223378623888,5381.648888888889
2025-08-17,CP48,Beloeil,IN,1995.0,1.0,1,23.13,33.2,6.8,82.17,2,0,2,0,0,8,33,2025,-0.7485107481711011,-0.6631226582407952,0.992708874098054,-0.12053668025532309,-0.8660254037844384,-0.5000000000000004,0,3,1,0,0,0,2.287692307692307,1.1454650162179176,-4.63956043956044,-0.31626554626379116,-1.6601098901098936,-0.09560505420693413,0.0,0.0,1,0,0,5.129999999999999,0.0,0,0,22.64,21.96,0.4,2944.98,2329.9700000000003,5435.0,5384.99,3851.2349999999997,1455.5387777383335,5137.982
2025-08-31,CP48,Beloeil,IN,280.0,1.0,1,16.37,23.8,29.6,68.47,5,0,5,0,0,8,35,2025,-0.8854560256532096,-0.4647231720437691,0.8229838658936571,-0.5680647467311547,-0.8660254037844384,-0.5000000000000004,0,3,1,0,0,0,-4.472307692307691,-2.239318629553118,18.160439560439563,1.2379451486393684,-15.360109890109896,-0.8845824890370431,0.0,0.0,0,0,0,0.0,1.629999999999999,1,0,23.13,22.64,6.8,1995.0,2944.98,4694.99,6959.97,2991.2349999999997,1202.036632899903,4852.256363636364
2025-06-08,CP48,Beloeil,INM,370.0,3.0,3,18.2,24.0,0.0,13.7,0,0,0,0,0,6,23,2025,0.35460488704253584,-0.9350162426854147,-0.6631226582407956,0.7485107481711007,1.2246467991473532e-16,-1.0,0,2,1,0,0,0,-1.3550000000000004,-0.6784588520739284,-23.616666666666667,-1.6098805224252755,-49.915476190476184,-2.874611997305494,0.0,0.0,0,0,0,0.1999999999999993,0.0,0,0,,,,,,,,,,
2025-06-15,CP48,Beloeil,INM,2505.0,8.0,8,17.04,23.8,8.3,87.57,4,0,4,0,0,6,24,2025,0.23931566428755768,-0.970941817426052,-0.4647231720437684,0.88545602565321,1.2246467991473532e-16,-1.0,0,2,1,0,0,0,-2.5150000000000006,-1.2592797143659997,-15.316666666666666,-1.0440932957719322,23.954523809523806,1.3795312954609384,0.0,0.0,0,0,0,0.0,0.9600000000000009,0,0,18.2,,0.0,370.0,,,,,,
2025-06-22,CP48,Beloeil,INM,2475.0,105.0,6,21.24,28.6,53.1,76.4,5,0,5,0,0,6,25,2025,0.12053668025532308,-0.992708874098054,-0.2393156642875578,0.970941817426052,1.2246467991473532e-16,-1.0,0,2,1,0,0,0,1.6849999999999987,0.8436923732432237,29.483333333333334,2.009794385441293,12.784523809523819,0.7362555329023761,0.0,0.0,1,0,0,3.2399999999999984,0.0,1,0,17.04,18.2,8.3,2505.0,370.0,,,1437.5,1509.672977833279,
2025-06-29,CP48,Beloeil,INM,2970.0,11.0,10,21.94,33.3,35.2,76.26,5,0,5,1,1,6,26,2025,-3.216245299353273e-16,-1.0,6.432490598706546e-16,1.0,1.2246467991473532e-16,-1.0,0,2,1,0,0,0,2.3850000000000016,1.1941877211780958,11.583333333333336,0.7896026556708303,12.644523809523818,0.7281929897727253,0.0,0.0,1,0,0,3.9400000000000013,0.0,1,0,21.24,17.04,53.1,2475.0,2505.0,,,1783.3333333333333,1224.0744803047457,
2025-07-06,CP48,Beloeil,INM,3529.9700000000003,6.0,6,21.63,30.9,54.3,82.1,5,0,5,1,1,7,27,2025,-0.12053668025532283,-0.992708874098054,0.23931566428755732,0.9709418174260521,-0.4999999999999998,-0.8660254037844388,0,3,1,0,0,0,-0.5465116279069768,-0.273642547391012,20.972093023255816,1.4296075118968474,-4.636395348837212,-0.26700812475794383,0.0,0.0,1,0,0,3.629999999999999,0.0,1,0,21.94,21.24,35.2,2970.0,2475.0,370.0,,2080.0,1162.3037468751445,2080.0
2025-07-13,CP48,Beloeil,INM,934.99,3.0,3,22.43,30.8,34.1,88.79,5,0,5,0,0,7,28,2025,-0.23931566428755743,-0.9709418174260521,0.46472317204376795,0.8854560256532102,-0.4999999999999998,-0.8660254037844388,0,3,1,0,0,0,0.2534883720930239,0.1269235645345548,0.7720930232558203,0.05263136992124165,2.0536046511628,0.11826625765179608,0.0,0.0,1,0,0,4.43,0.0,1,0,21.63,21.94,54.3,3529.9700000000003,2970.0,2505.0,,2869.9925000000003,494.9109012994159,2369.994
2025-07-20,CP48,Beloeil,INM,3330.0,3.0,3,22.93,32.0,31.4,88.01,4,0,4,0,0,7,29,2025,-0.3546048870425356,-0.9350162426854148,0.6631226582407952,0.7485107481711011,-0.4999999999999998,-0.8660254037844388,0,3,1,0,0,0,0.7534883720930239,0.37727738448803383,-1.9279069767441825,-0.13141989658044845,1.273604651162799,0.07334637450088471,0.0,0.0,1,0,0,4.93,0.0,1,0,22.43,21.63,34.1,934.99,3529.9700000000003,2475.0,,2477.4900000000002,1114.9876980786232,2130.826666666667
2025-07-27,CP48,Beloeil,INM,1704.98,3.0,3,21.63,32.8,7.9,88.48,3,0,3,0,0,7,30,2025,-0.46472317204376806,-0.8854560256532101,0.8229838658936558,0.5680647467311567,-0.4999999999999998,-0.8660254037844388,0,3,1,0,0,0,-0.5465116279069768,-0.273642547391012,-25.427906976744183,-1.7333475865025645,1.7436046511627978,0.10041348357899788,0.0,0.0,1,0,0,3.629999999999999,0.0,0,0,22.93,22.43,31.4,3330.0,934.99,2970.0,,2691.24,1193.5386532771643,2302.137142857143
2025-08-17,CP48,Beloeil,INM,165.0,1.0,1,23.13,33.2,6.8,82.17,2,0,2,0,0,8,33,2025,-0.7485107481711011,-0.6631226582407952,0.992708874098054,-0.12053668025532309,-0.8660254037844384,-0.5000000000000004,0,3,1,0,0,0,2.287692307692307,1.1454650162179176,-4.63956043956044,-0.31626554626379116,-1.6601098901098936,-0.09560505420693413,0.0,0.0,1,0,0,5.129999999999999,0.0,0,0,21.63,22.93,7.9,1704.98,3330.0,3529.9700000000003,370.0,2374.985,1260.7585415798965,2227.4925
2025-06-08,CP48,Beloeil,LI,674.93,25.0,25,18.2,24.0,0.0,13.7,0,0,0,0,0,6,23,2025,0.35460488704253584,-0.9350162426854147,-0.6631226582407956,0.7485107481711007,1.2246467991473532e-16,-1.0,0,2,1,0,0,0,-1.3550000000000004,-0.6784588520739284,-23.616666666666667,-1.6098805224252755,-49.915476190476184,-2.874611997305494,0.0,0.0,0,0,0,0.1999999999999993,0.0,0,0,,,,,,,,,,
2025-06-15,CP48,Beloeil,LI,2259.9,44.0,44,17.04,23.8,8.3,87.57,4,0,4,0,0,6,24,2025,0.23931566428755768,-0.970941817426052,-0.4647231720437684,0.88545602565321,1.2246467991473532e-16,-1.0,0,2,1,0,0,0,-2.5150000000000006,-1.2592797143659997,-15.316666666666666,-1.0440932957719322,23.954523809523806,1.3795312954609384,0.0,0.0,0,0,0,0.0,0.9600000000000009,0,0,18.2,,0.0,674.93,,,,,,
2025-06-22,CP48,Beloeil,LI,709.9499999999999,33.0,33,21.24,28.6,53.1,76.4,5,0,5,0,0,6,25,2025,0.12053668025532308,-0.992708874098054,-0.2393156642875578,0.970941817426052,1.2246467991473532e-16,-1.0,0,2,1,0,0,0,1.6849999999999987,0.8436923732432237,29.483333333333334,2.009794385441293,12.784523809523819,0.7362555329023761,0.0,0.0,1,0,0,3.2399999999999984,0.0,1,0,17.04,18.2,8.3,2259.9,674.93,,,1467.415,1120.7430349772424,
2025-06-29,CP48,Beloeil,LI,949.92,38.0,38,21.94,33.3,35.2,76.26,5,0,5,1,1,6,26,2025,-3.216245299353273e-16,-1.0,6.432490598706546e-16,1.0,1.2246467991473532e-16,-1.0,0,2,1,0,0,0,2.3850000000000016,1.1941877211780958,11.583333333333336,0.7896026556708303,12.644523809523818,0.7281929897727253,0.0,0.0,1,0,0,3.9400000000000013,0.0,1,0,21.24,17.04,53.1,709.9499999999999,2259.9,,,1214.9266666666665,905.1428343821398,
2025-07-06,CP48,Beloeil,LI,1669.9,35.0,35,21.63,30.9,54.3,82.1,5,0,5,1,1,7,27,2025,-0.12053668025532283,-0.992708874098054,0.23931566428755732,0.9709418174260521,-0.4999999999999998,-0.8660254037844388,0,3,1,0,0,0,-0.5465116279069768,-0.273642547391012,20.972093023255816,1.4296075118968474,-4.636395348837212,-0.26700812475794383,0.0,0.0,1,0,0,3.629999999999999,0.0,1,0,21.94,21.24,35.2,949.92,709.9499999999999,674.93,,1148.675,750.8303184475172,1148.675
2025-07-13,CP48,Beloeil,LI,1119.93,38.0,38,22.43,30.8,34.1,88.79,5,0,5,0,0,7,28,2025,-0.23931566428755743,-0.9709418174260521,0.46472317204376795,0.8854560256532102,-0.4999999999999998,-0.8660254037844388,0,3,1,0,0,0,0.2534883720930239,0.1269235645345548,0.7720930232558203,0.05263136992124165,2.0536046511628,0.11826625765179608,0.0,0.0,1,0,0,4.43,0.0,1,0,21.63,21.94,54.3,1669.9,949.92,2259.9,,1397.4175,704.9795154648114,1252.92
2025-07-20,CP48,Beloeil,LI,1009.96,26.0,26,22.93,32.0,31.4,88.01,4,0,4,0,0,7,29,2025,-0.3546048870425356,-0.9350162426854148,0.6631226582407952,0.7485107481711011,-0.4999999999999998,-0.8660254037844388,0,3,1,0,0,0,0.7534883720930239,0.37727738448803383,-1.9279069767441825,-0.13141989658044845,1.273604651162799,0.07334637450088471,0.0,0.0,1,0,0,4.93,0.0,1,0,22.43,21.63,34.1,1119.93,1669.9,709.9499999999999,,1112.425,407.9332875606012,1230.7549999999999
2025-07-27,CP48,Beloeil,LI,249.97,27.0,27,21.63,32.8,7.9,88.48,3,0,3,0,0,7,30,2025,-0.46472317204376806,-0.8854560256532101,0.8229838658936558,0.5680647467311567,-0.4999999999999998,-0.8660254037844388,0,3,1,0,0,0,-0.5465116279069768,-0.273642547391012,-25.427906976744183,-1.7333475865025645,1.7436046511627978,0.10041348357899788,0.0,0.0,1,0,0,3.629999999999999,0.0,0,0,22.93,22.43,31.4,1009.96,1119.93,949.92,,1187.4275,329.26187747495675,1199.212857142857
2025-08-03,CP48,Beloeil,LI,249.94,18.0,18,21.96,31.3,5.5,90.46,3,0,3,0,0,8,31,2025,-0.5680647467311556,-0.8229838658936565,0.9350162426854147,0.354604887042536,-0.8660254037844384,-0.5000000000000004,0,3,1,0,0,0,1.1176923076923089,0.5596370775267776,-5.93956043956044,-0.40488282272756776,6.629890109890098,0.38181267825595605,0.0,0.0,1,0,0,3.960000000000001,0.0,0,0,21.63,22.93,7.9,249.97,1009.96,1669.9,674.93,1012.44,584.5723231559977,1080.5575
2025-08-10,CP48,Beloeil,LI,1309.9,24.0,24,22.64,32.5,0.4,94.59,2,0,2,0,0,8,32,2025,-0.663122658240795,-0.7485107481711013,0.9927088740980539,0.12053668025532369,-0.8660254037844384,-0.5000000000000004,0,3,1,0,0,0,1.7976923076923086,0.9001182726635089,-11.03956043956044,-0.7525352150085376,10.759890109890108,0.6196577005806536,0.0,0.0,1,0,0,4.640000000000001,0.0,0,0,21.96,21.63,5.5,249.94,249.97,1119.93,2259.9,657.45,472.67162703086,988.2666666666667
2025-08-17,CP48,Beloeil,LI,279.97,10.0,10,23.13,33.2,6.8,82.17,2,0,2,0,0,8,33,2025,-0.7485107481711011,-0.6631226582407952,0.992708874098054,-0.12053668025532309,-0.8660254037844384,-0.5000000000000004,0,3,1,0,0,0,2.287692307692307,1.1454650162179176,-4.63956043956044,-0.31626554626379116,-1.6601098901098936,-0.09560505420693413,0.0,0.0,1,0,0,5.129999999999999,0.0,0,0,22.64,21.96,0.4,1309.9,249.94,1009.96,709.9499999999999,704.9425000000001,539.4554361807844,1020.43
2025-08-24,CP48,Beloeil,LI,819.96,15.0,15,18.97,28.5,19.2,81.26,3,0,3,0,0,8,34,2025,-0.8229838658936564,-0.5680647467311559,0.9350162426854149,-0.35460488704253545,-0.8660254037844384,-0.5000000000000004,0,3,1,0,0,0,-1.8723076923076931,-0.937478765795028,7.7604395604395595,0.5290069369291551,-2.57010989010989,-0.1480115845496638,0.0,0.0,0,0,0,0.9699999999999989,0.0,1,0,23.13,22.64,6.8,279.97,1309.9,249.97,949.92,522.445,525.1606431369363,953.1154545454546
2025-08-31,CP48,Beloeil,LI,299.99,5.0,5,16.37,23.8,29.6,68.47,5,0,5,0,0,8,35,2025,-0.8854560256532096,-0.4647231720437691,0.8229838658936571,-0.5680647467311547,-0.8660254037844384,-0.5000000000000004,0,3,1,0,0,0,-4.472307692307691,-2.239318629553118,18.160439560439563,1.2379451486393684,-15.360109890109896,-0.8845824890370431,0.0,0.0,0,0,0,0.0,1.629999999999999,1,0,18.97,23.13,19.2,819.96,279.97,249.94,1669.9,664.9425000000001,503.4651602891708,942.0191666666666
2025-09-07,CP48,Beloeil,LI,0.0,1.0,1,17.87,27.1,28.5,71.21,5,0,5,1,1,9,36,2025,-0.9350162426854147,-0.3546048870425359,0.6631226582407956,-0.7485107481711007,-1.0,-1.8369701987210297e-16,0,3,0,0,1,0,1.0040000000000013,0.5027104704665866,11.120000000000001,0.758018549443997,-4.504000000000005,-0.2593835303996214,0.0,0.0,0,0,0,0.0,0.129999999999999,1,0,16.37,18.97,29.6,299.99,819.96,1309.9,1119.93,677.455,490.1593293681832,910.7741666666667
2025-06-08,CP48,Beloeil,LO,3112.31,159.0,127,18.2,24.0,0.0,13.7,0,0,0,0,0,6,23,2025,0.35460488704253584,-0.9350162426854147,-0.6631226582407956,0.7485107481711007,1.2246467991473532e-16,-1.0,0,2,1,0,0,0,-1.3550000000000004,-0.6784588520739284,-23.616666666666667,-1.6098805224252755,-49.915476190476184,-2.874611997305494,0.0,0.0,0,0,0,0.1999999999999993,0.0,0,0,,,,,,,,,,
2025-06-15,CP48,Beloeil,LO,4240.31,200.0,163,17.04,23.8,8.3,87.57,4,0,4,0,0,6,24,2025,0.23931566428755768,-0.970941817426052,-0.4647231720437684,0.88545602565321,1.2246467991473532e-16,-1.0,0,2,1,0,0,0,-2.5150000000000006,-1.2592797143659997,-15.316666666666666,-1.0440932957719322,23.954523809523806,1.3795312954609384,0.0,0.0,0,0,0,0.0,0.9600000000000009,0,0,18.2,,0.0,3112.31,,,,,,
2025-06-22,CP48,Beloeil,LO,4501.17,242.0,211,21.24,28.6,53.1,76.4,5,0,5,0,0,6,25,2025,0.12053668025532308,-0.992708874098054,-0.2393156642875578,0.970941817426052,1.2246467991473532e-16,-1.0,0,2,1,0,0,0,1.6849999999999987,0.8436923732432237,29.483333333333334,2.009794385441293,12.784523809523819,0.7362555329023761,0.0,0.0,1,0,0,3.2399999999999984,0.0,1,0,17.04,18.2,8.3,4240.31,3112.31,,,3676.3100000000004,797.6164491784258,
2025-06-29,CP48,Beloeil,LO,7345.7,339.0,276,21.94,33.3,35.2,76.26,5,0,5,1,1,6,26,2025,-3.216245299353273e-16,-1.0,6.432490598706546e-16,1.0,1.2246467991473532e-16,-1.0,0,2,1,0,0,0,2.3850000000000016,1.1941877211780958,11.583333333333336,0.7896026556708303,12.644523809523818,0.7281929897727253,0.0,0.0,1,0,0,3.9400000000000013,0.0,1,0,21.24,17.04,53.1,4501.17,4240.31,,,3951.263333333334,738.1693616869595,
2025-07-06,CP48,Beloeil,LO,4787.71,250.0,194,21.63,30.9,54.3,82.1,5,0,5,1,1,7,27,2025,-0.12053668025532283,-0.992708874098054,0.23931566428755732,0.9709418174260521,-0.4999999999999998,-0.8660254037844388,0,3,1,0,0,0,-0.5465116279069768,-0.273642547391012,20.972093023255816,1.4296075118968474,-4.636395348837212,-0.26700812475794383,0.0,0.0,1,0,0,3.629999999999999,0.0,1,0,21.94,21.24,35.2,7345.7,4501.17,3112.31,,4799.8724999999995,1801.0587836117395,4799.8724999999995
2025-07-13,CP48,Beloeil,LO,4363.56,238.0,194,22.43,30.8,34.1,88.79,5,0,5,0,0,7,28,2025,-0.23931566428755743,-0.9709418174260521,0.46472317204376795,0.8854560256532102,-0.4999999999999998,-0.8660254037844388,0,3,1,0,0,0,0.2534883720930239,0.1269235645345548,0.7720930232558203,0.05263136992124165,2.0536046511628,0.11826625765179608,0.0,0.0,1,0,0,4.43,0.0,1,0,21.63,21.94,54.3,4787.71,7345.7,4240.31,,5218.7225,1435.4996425257877,4797.4400000000005
2025-07-20,CP48,Beloeil,LO,4807.59,198.0,169,22.93,32.0,31.4,88.01,4,0,4,0,0,7,29,2025,-0.3546048870425356,-0.9350162426854148,0.6631226582407952,0.7485107481711011,-0.4999999999999998,-0.8660254037844388,0,3,1,0,0,0,0.7534883720930239,0.37727738448803383,-1.9279069767441825,-0.13141989658044845,1.273604651162799,0.07334637450088471,0.0,0.0,1,0,0,4.93,0.0,1,0,22.43,21.63,34.1,4363.56,4787.71,4501.17,,5249.535,1408.5680567749166,4725.126666666667
2025-07-27,CP48,Beloeil,LO,2035.74,140.0,108,21.63,32.8,7.9,88.48,3,0,3,0,0,7,30,2025,-0.46472317204376806,-0.8854560256532101,0.8229838658936558,0.5680647467311567,-0.4999999999999998,-0.8660254037844388,0,3,1,0,0,0,-0.5465116279069768,-0.273642547391012,-25.427906976744183,-1.7333475865025645,1.7436046511627978,0.10041348357899788,0.0,0.0,1,0,0,3.629999999999999,0.0,0,0,22.93,22.43,31.4,4807.59,4363.56,7345.7,,5326.14,1361.8594907209279,4736.907142857142
2025-08-03,CP48,Beloeil,LO,2326.72,137.0,116,21.96,31.3,5.5,90.46,3,0,3,0,0,8,31,2025,-0.5680647467311556,-0.8229838658936565,0.9350162426854147,0.354604887042536,-0.8660254037844384,-0.5000000000000004,0,3,1,0,0,0,1.1176923076923089,0.5596370775267776,-5.93956043956044,-0.40488282272756776,6.629890109890098,0.38181267825595605,0.0,0.0,1,0,0,3.960000000000001,0.0,0,0,21.63,22.93,7.9,2035.74,4807.59,4787.71,3112.31,3998.65,1324.5344570074412,4399.2612500000005
2025-08-10,CP48,Beloeil,LO,1919.26,115.0,90,22.64,32.5,0.4,94.59,2,0,2,0,0,8,32,2025,-0.663122658240795,-0.7485107481711013,0.9927088740980539,0.12053668025532369,-0.8660254037844384,-0.5000000000000004,0,3,1,0,0,0,1.7976923076923086,0.9001182726635089,-11.03956043956044,-0.7525352150085376,10.759890109890108,0.6196577005806536,0.0,0.0,1,0,0,4.640000000000001,0.0,0,0,21.96,21.63,5.5,2326.72,2035.74,4363.56,4240.31,3383.4025,1404.966296117098,4168.978888888889
2025-08-17,CP48,Beloeil,LO,1684.09,128.0,104,23.13,33.2,6.8,82.17,2,0,2,0,0,8,33,2025,-0.7485107481711011,-0.6631226582407952,0.992708874098054,-0.12053668025532309,-0.8660254037844384,-0.5000000000000004,0,3,1,0,0,0,2.287692307692307,1.1454650162179176,-4.63956043956044,-0.31626554626379116,-1.6601098901098936,-0.09560505420693413,0.0,0.0,1,0,0,5.129999999999999,0.0,0,0,22.64,21.96,0.4,1919.26,2326.72,4807.59,4501.17,2772.3274999999994,1367.618951886208,3944.007
2025-08-24,CP48,Beloeil,LO,744.01,36.0,33,18.97,28.5,19.2,81.26,3,0,3,0,0,8,34,2025,-0.8229838658936564,-0.5680647467311559,0.9350162426854149,-0.35460488704253545,-0.8660254037844384,-0.5000000000000004,0,3,1,0,0,0,-1.8723076923076931,-0.937478765795028,7.7604395604395595,0.5290069369291551,-2.57010989010989,-0.1480115845496638,0.0,0.0,0,0,0,0.9699999999999989,0.0,1,0,23.13,22.64,6.8,1684.09,1919.26,2035.74,7345.7,1991.4524999999999,267.1136728529557,3738.5600000000004
2025-08-31,CP48,Beloeil,LO,160.29,18.0,17,16.37,23.8,29.6,68.47,5,0,5,0,0,8,35,2025,-0.8854560256532096,-0.4647231720437691,0.8229838658936571,-0.5680647467311547,-0.8660254037844384,-0.5000000000000004,0,3,1,0,0,0,-4.472307692307691,-2.239318629553118,18.160439560439563,1.2379451486393684,-15.360109890109896,-0.8845824890370431,0.0,0.0,0,0,0,0.0,1.629999999999999,1,0,18.97,23.13,19.2,744.01,1684.09,2326.72,4787.71,1668.5199999999998,671.083440564581,3489.0141666666664
2025-09-07,CP48,Beloeil,LO,198.45,15.0,12,17.87,27.1,28.5,71.21,5,0,5,1,1,9,36,2025,-0.9350162426854147,-0.3546048870425359,0.6631226582407956,-0.7485107481711007,-1.0,-1.8369701987210297e-16,0,3,0,0,1,0,1.0040000000000013,0.5027104704665866,11.120000000000001,0.758018549443997,-4.504000000000005,-0.2593835303996214,0.0,0.0,0,0,0,0.0,0.129999999999999,1,0,16.37,18.97,29.6,160.29,744.01,1919.26,4363.56,1126.9124999999997,820.4134545611714,3243.0125000000003
2025-09-14,CP48,Beloeil,LO,174.86,14.0,9,15.36,23.5,0.7,82.47,3,0,3,0,0,9,37,2025,-0.970941817426052,-0.23931566428755774,0.4647231720437685,-0.8854560256532099,-1.0,-1.8369701987210297e-16,0,3,0,0,1,0,-1.5060000000000002,-0.754065705699879,-16.68,-1.1370278241659955,6.756,0.3890752955994317,0.0,0.0,0,0,0,0.0,2.6400000000000006,0,0,17.87,16.37,28.5,198.45,160.29,1684.09,4807.59,696.7099999999997,710.203256915461,2906.1908333333336
2025-06-08,CP48,Beloeil,ME,35301.68,117.0,73,18.2,24.0,0.0,13.7,0,0,0,0,0,6,23,2025,0.35460488704253584,-0.9350162426854147,-0.6631226582407956,0.7485107481711007,1.2246467991473532e-16,-1.0,0,2,1,0,0,0,-1.3550000000000004,-0.6784588520739284,-23.616666666666667,-1.6098805224252755,-49.915476190476184,-2.874611997305494,0.0,0.0,0,0,0,0.1999999999999993,0.0,0,0,,,,,,,,,,
2025-06-15,CP48,Beloeil,ME,28258.55,147.0,88,17.04,23.8,8.3,87.57,4,0,4,0,0,6,24,2025,0.23931566428755768,-0.970941817426052,-0.4647231720437684,0.88545602565321,1.2246467991473532e-16,-1.0,0,2,1,0,0,0,-2.5150000000000006,-1.2592797143659997,-15.316666666666666,-1.0440932957719322,23.954523809523806,1.3795312954609384,0.0,0.0,0,0,0,0.0,0.9600000000000009,0,0,18.2,,0.0,35301.68,,,,,,
2025-06-22,CP48,Beloeil,ME,26018.79,136.0,80,21.24,28.6,53.1,76.4,5,0,5,0,0,6,25,2025,0.12053668025532308,-0.992708874098054,-0.2393156642875578,0.970941817426052,1.2246467991473532e-16,-1.0,0,2,1,0,0,0,1.6849999999999987,0.8436923732432237,29.483333333333334,2.009794385441293,12.784523809523819,0.7362555329023761,0.0,0.0,1,0,0,3.2399999999999984,0.0,1,0,17.04,18.2,8.3,28258.55,35301.68,,,31780.114999999998,4980.244983778408,
2025-06-29,CP48,Beloeil,ME,27396.24,165.0,85,21.94,33.3,35.2,76.26,5,0,5,1,1,6,26,2025,-3.216245299353273e-16,-1.0,6.432490598706546e-16,1.0,1.2246467991473532e-16,-1.0,0,2,1,0,0,0,2.3850000000000016,1.1941877211780958,11.583333333333336,0.7896026556708303,12.644523809523818,0.7281929897727253,0.0,0.0,1,0,0,3.9400000000000013,0.0,1,0,21.24,17.04,53.1,26018.79,28258.55,,,29859.673333333336,4844.1416819115975,
2025-07-06,CP48,Beloeil,ME,27484.64,157.0,94,21.63,30.9,54.3,82.1,5,0,5,1,1,7,27,2025,-0.12053668025532283,-0.992708874098054,0.23931566428755732,0.9709418174260521,-0.4999999999999998,-0.8660254037844388,0,3,1,0,0,0,-0.5465116279069768,-0.273642547391012,20.972093023255816,1.4296075118968474,-4.636395348837212,-0.26700812475794383,0.0,0.0,1,0,0,3.629999999999999,0.0,1,0,21.94,21.24,35.2,27396.24,26018.79,35301.68,,29243.815000000002,4142.5754915551415,29243.815000000002
2025-07-13,CP48,Beloeil,ME,31541.08,115.0,79,22.43,30.8,34.1,88.79,5,0,5,0,0,7,28,2025,-0.23931566428755743,-0.9709418174260521,0.46472317204376795,0.8854560256532102,-0.4999999999999998,-0.8660254037844388,0,3,1,0,0,0,0.2534883720930239,0.1269235645345548,0.7720930232558203,0.05263136992124165,2.0536046511628,0.11826625765179608,0.0,0.0,1,0,0,4.43,0.0,1,0,21.63,21.94,54.3,27484.64,27396.24,28258.55,,27289.555,931.5282857934644,28891.98
2025-07-20,CP48,Beloeil,ME,32937.37,115.0,72,22.93,32.0,31.4,88.01,4,0,4,0,0,7,29,2025,-0.3546048870425356,-0.9350162426854148,0.6631226582407952,0.7485107481711011,-0.4999999999999998,-0.8660254037844388,0,3,1,0,0,0,0.7534883720930239,0.37727738448803383,-1.9279069767441825,-0.13141989658044845,1.273604651162799,0.07334637450088471,0.0,0.0,1,0,0,4.93,0.0,1,0,22.43,21.63,34.1,31541.08,27484.64,26018.79,,28110.1875,2383.6944405044133,29333.49666666667
2025-07-27,CP48,Beloeil,ME,21968.96,106.0,60,21.63,32.8,7.9,88.48,3,0,3,0,0,7,30,2025,-0.46472317204376806,-0.8854560256532101,0.8229838658936558,0.5680647467311567,-0.4999999999999998,-0.8660254037844388,0,3,1,0,0,0,-0.5465116279069768,-0.273642547391012,-25.427906976744183,-1.7333475865025645,1.7436046511627978,0.10041348357899788,0.0,0.0,1,0,0,3.629999999999999,0.0,0,0,22.93,22.43,31.4,32937.37,31541.08,27396.24,,29839.8325,2828.8429695003674,29848.335714285717
2025-08-03,CP48,Beloeil,ME,18925.15,83.0,54,21.96,31.3,5.5,90.46,3,0,3,0,0,8,31,2025,-0.5680647467311556,-0.8229838658936565,0.9350162426854147,0.354604887042536,-0.8660254037844384,-0.5000000000000004,0,3,1,0,0,0,1.1176923076923089,0.5596370775267776,-5.93956043956044,-0.40488282272756776,6.629890109890098,0.38181267825595605,0.0,0.0,1,0,0,3.960000000000001,0.0,0,0,21.63,22.93,7.9,21968.96,32937.37,27484.64,35301.68,28483.012499999997,4920.118738197111,28863.41375
2025-08-10,CP48,Beloeil,ME,23984.11,94.0,50,22.64,32.5,0.4,94.59,2,0,2,0,0,8,32,2025,-0.663122658240795,-0.7485107481711013,0.9927088740980539,0.12053668025532369,-0.8660254037844384,-0.5000000000000004,0,3,1,0,0,0,1.7976923076923086,0.9001182726635089,-11.03956043956044,-0.7525352150085376,10.759890109890108,0.6196577005806536,0.0,0.0,1,0,0,4.640000000000001,0.0,0,0,21.96,21.63,5.5,18925.15,21968.96,31541.08,28258.55,26343.140000000003,6944.121635095398,27759.162222222225
2025-08-17,CP48,Beloeil,ME,15097.19,81.0,46,23.13,33.2,6.8,82.17,2,0,2,0,0,8,33,2025,-0.7485107481711011,-0.6631226582407952,0.992708874098054,-0.12053668025532309,-0.8660254037844384,-0.5000000000000004,0,3,1,0,0,0,2.287692307692307,1.1454650162179176,-4.63956043956044,-0.31626554626379116,-1.6601098901098936,-0.09560505420693413,0.0,0.0,1,0,0,5.129999999999999,0.0,0,0,22.64,21.96,0.4,23984.11,18925.15,32937.37,26018.79,24453.897500000003,6025.832425235951,27381.657
2025-08-24,CP48,Beloeil,ME,3440.94,37.0,26,18.97,28.5,19.2,81.26,3,0,3,0,0,8,34,2025,-0.8229838658936564,-0.5680647467311559,0.9350162426854149,-0.35460488704253545,-0.8660254037844384,-0.5000000000000004,0,3,1,0,0,0,-1.8723076923076931,-0.937478765795028,7.7604395604395595,0.5290069369291551,-2.57010989010989,-0.1480115845496638,0.0,0.0,0,0,0,0.9699999999999989,0.0,1,0,23.13,22.64,6.8,15097.19,23984.11,21968.96,27396.24,19993.8525,3870.513886005096,26264.887272727272
2025-08-31,CP48,Beloeil,ME,2514.83,17.0,13,16.37,23.8,29.6,68.47,5,0,5,0,0,8,35,2025,-0.8854560256532096,-0.4647231720437691,0.8229838658936571,-0.5680647467311547,-0.8660254037844384,-0.5000000000000004,0,3,1,0,0,0,-4.472307692307691,-2.239318629553118,18.160439560439563,1.2379451486393684,-15.360109890109896,-0.8845824890370431,0.0,0.0,0,0,0,0.0,1.629999999999999,1,0,18.97,23.13,19.2,3440.94,15097.19,18925.15,27484.64,15361.8475,8741.064285720107,24362.891666666666
2025-09-07,CP48,Beloeil,ME,2572.87,13.0,10,17.87,27.1,28.5,71.21,5,0,5,1,1,9,36,2025,-0.9350162426854147,-0.3546048870425359,0.6631226582407956,-0.7485107481711007,-1.0,-1.8369701987210297e-16,0,3,0,0,1,0,1.0040000000000013,0.5027104704665866,11.120000000000001,0.758018549443997,-4.504000000000005,-0.2593835303996214,0.0,0.0,0,0,0,0.0,0.129999999999999,1,0,16.37,18.97,29.6,2514.83,3440.94,23984.11,31541.08,11259.2675,10234.62583348759,21630.654166666667
2025-09-14,CP48,Beloeil,ME,76.96000000000001,4.0,4,15.36,23.5,0.7,82.47,3,0,3,0,0,9,37,2025,-0.970941817426052,-0.23931566428755774,0.4647231720437685,-0.8854560256532099,-1.0,-1.8369701987210297e-16,0,3,0,0,1,0,-1.5060000000000002,-0.754065705699879,-16.68,-1.1370278241659955,6.756,0.3890752955994317,0.0,0.0,0,0,0,0.0,2.6400000000000006,0,0,17.87,16.37,28.5,2572.87,2514.83,15097.19,32937.37,5906.4575,6141.77724409568,19490.180833333332
2025-06-08,CP48,Beloeil,MK,1.99,1.0,1,18.2,24.0,0.0,13.7,0,0,0,0,0,6,23,2025,0.35460488704253584,-0.9350162426854147,-0.6631226582407956,0.7485107481711007,1.2246467991473532e-16,-1.0,0,2,1,0,0,0,-1.3550000000000004,-0.6784588520739284,-23.616666666666667,-1.6098805224252755,-49.915476190476184,-2.874611997305494,0.0,0.0,0,0,0,0.1999999999999993,0.0,0,0,,,,,,,,,,
2025-06-15,CP48,Beloeil,MK,1.99,1.0,1,17.04,23.8,8.3,87.57,4,0,4,0,0,6,24,2025,0.23931566428755768,-0.970941817426052,-0.4647231720437684,0.88545602565321,1.2246467991473532e-16,-1.0,0,2,1,0,0,0,-2.5150000000000006,-1.2592797143659997,-15.316666666666666,-1.0440932957719322,23.954523809523806,1.3795312954609384,0.0,0.0,0,0,0,0.0,0.9600000000000009,0,0,18.2,,0.0,1.99,,,,,,
2025-06-29,CP48,Beloeil,MK,1.99,1.0,1,21.94,33.3,35.2,76.26,5,0,5,1,1,6,26,2025,-3.216245299353273e-16,-1.0,6.432490598706546e-16,1.0,1.2246467991473532e-16,-1.0,0,2,1,0,0,0,2.3850000000000016,1.1941877211780958,11.583333333333336,0.7896026556708303,12.644523809523818,0.7281929897727253,0.0,0.0,1,0,0,3.9400000000000013,0.0,1,0,17.04,18.2,8.3,1.99,1.99,,,1.99,0.0,
2025-07-06,CP48,Beloeil,MK,1.99,1.0,1,21.63,30.9,54.3,82.1,5,0,5,1,1,7,27,2025,-0.12053668025532283,-0.992708874098054,0.23931566428755732,0.9709418174260521,-0.4999999999999998,-0.8660254037844388,0,3,1,0,0,0,-0.5465116279069768,-0.273642547391012,20.972093023255816,1.4296075118968474,-4.636395348837212,-0.26700812475794383,0.0,0.0,1,0,0,3.629999999999999,0.0,1,0,21.94,17.04,35.2,1.99,1.99,,,1.99,0.0,
2025-07-13,CP48,Beloeil,MK,3.98,2.0,1,22.43,30.8,34.1,88.79,5,0,5,0,0,7,28,2025,-0.23931566428755743,-0.9709418174260521,0.46472317204376795,0.8854560256532102,-0.4999999999999998,-0.8660254037844388,0,3,1,0,0,0,0.2534883720930239,0.1269235645345548,0.7720930232558203,0.05263136992124165,2.0536046511628,0.11826625765179608,0.0,0.0,1,0,0,4.43,0.0,1,0,21.63,21.94,54.3,1.99,1.99,1.99,,1.99,0.0,1.99
2025-07-20,CP48,Beloeil,MK,1.99,1.0,1,22.93,32.0,31.4,88.01,4,0,4,0,0,7,29,2025,-0.3546048870425356,-0.9350162426854148,0.6631226582407952,0.7485107481711011,-0.4999999999999998,-0.8660254037844388,0,3,1,0,0,0,0.7534883720930239,0.37727738448803383,-1.9279069767441825,-0.13141989658044845,1.273604651162799,0.07334637450088471,0.0,0.0,1,0,0,4.93,0.0,1,0,22.43,21.63,34.1,3.98,1.99,1.99,,2.4875,0.9950000000000001,2.388
2025-08-17,CP48,Beloeil,MK,1.99,1.0,1,23.13,33.2,6.8,82.17,2,0,2,0,0,8,33,2025,-0.7485107481711011,-0.6631226582407952,0.992708874098054,-0.12053668025532309,-0.8660254037844384,-0.5000000000000004,0,3,1,0,0,0,2.287692307692307,1.1454650162179176,-4.63956043956044,-0.31626554626379116,-1.6601098901098936,-0.09560505420693413,0.0,0.0,1,0,0,5.129999999999999,0.0,0,0,22.93,22.43,31.4,1.99,3.98,1.99,,2.4875,0.9950000000000001,2.3216666666666668
2025-06-08,CP48,Beloeil,PA,2345.34,7.0,7,18.2,24.0,0.0,13.7,0,0,0,0,0,6,23,2025,0.35460488704253584,-0.9350162426854147,-0.6631226582407956,0.7485107481711007,1.2246467991473532e-16,-1.0,0,2,1,0,0,0,-1.3550000000000004,-0.6784588520739284,-23.616666666666667,-1.6098805224252755,-49.915476190476184,-2.874611997305494,0.0,0.0,0,0,0,0.1999999999999993,0.0,0,0,,,,,,,,,,
2025-06-15,CP48,Beloeil,PA,2465.55,17.0,17,17.04,23.8,8.3,87.57,4,0,4,0,0,6,24,2025,0.23931566428755768,-0.970941817426052,-0.4647231720437684,0.88545602565321,1.2246467991473532e-16,-1.0,0,2,1,0,0,0,-2.5150000000000006,-1.2592797143659997,-15.316666666666666,-1.0440932957719322,23.954523809523806,1.3795312954609384,0.0,0.0,0,0,0,0.0,0.9600000000000009,0,0,18.2,,0.0,2345.34,,,,,,
2025-06-22,CP48,Beloeil,PA,1955.92,7.0,7,21.24,28.6,53.1,76.4,5,0,5,0,0,6,25,2025,0.12053668025532308,-0.992708874098054,-0.2393156642875578,0.970941817426052,1.2246467991473532e-16,-1.0,0,2,1,0,0,0,1.6849999999999987,0.8436923732432237,29.483333333333334,2.009794385441293,12.784523809523819,0.7362555329023761,0.0,0.0,1,0,0,3.2399999999999984,0.0,1,0,17.04,18.2,8.3,2465.55,2345.34,,,2405.445,85.0013061664349,
2025-06-29,CP48,Beloeil,PA,1561.19,6.0,6,21.94,33.3,35.2,76.26,5,0,5,1,1,6,26,2025,-3.216245299353273e-16,-1.0,6.432490598706546e-16,1.0,1.2246467991473532e-16,-1.0,0,2,1,0,0,0,2.3850000000000016,1.1941877211780958,11.583333333333336,0.7896026556708303,12.644523809523818,0.7281929897727253,0.0,0.0,1,0,0,3.9400000000000013,0.0,1,0,21.24,17.04,53.1,1955.92,2465.55,,,2255.6033333333335,266.4023014790476,
2025-07-06,CP48,Beloeil,PA,5289.04,20.0,20,21.63,30.9,54.3,82.1,5,0,5,1,1,7,27,2025,-0.12053668025532283,-0.992708874098054,0.23931566428755732,0.9709418174260521,-0.4999999999999998,-0.8660254037844388,0,3,1,0,0,0,-0.5465116279069768,-0.273642547391012,20.972093023255816,1.4296075118968474,-4.636395348837212,-0.26700812475794383,0.0,0.0,1,0,0,3.629999999999999,0.0,1,0,21.94,21.24,35.2,1561.19,1955.92,2345.34,,2082.0,409.7144455186645,2082.0
2025-07-13,CP48,Beloeil,PA,2709.86,14.0,14,22.43,30.8,34.1,88.79,5,0,5,0,0,7,28,2025,-0.23931566428755743,-0.9709418174260521,0.46472317204376795,0.8854560256532102,-0.4999999999999998,-0.8660254037844388,0,3,1,0,0,0,0.2534883720930239,0.1269235645345548,0.7720930232558203,0.05263136992124165,2.0536046511628,0.11826625765179608,0.0,0.0,1,0,0,4.43,0.0,1,0,21.63,21.94,54.3,5289.04,1561.19,2465.55,,2817.925,1688.4917297300174,2723.4080000000004
2025-07-20,CP48,Beloeil,PA,1228.49,8.0,9,22.93,32.0,31.4,88.01,4,0,4,0,0,7,29,2025,-0.3546048870425356,-0.9350162426854148,0.6631226582407952,0.7485107481711011,-0.4999999999999998,-0.8660254037844388,0,3,1,0,0,0,0.7534883720930239,0.37727738448803383,-1.9279069767441825,-0.13141989658044845,1.273604651162799,0.07334637450088471,0.0,0.0,1,0,0,4.93,0.0,1,0,22.43,21.63,34.1,2709.86,5289.04,1955.92,,2879.0025000000005,1675.8680361407735,2721.15
2025-07-27,CP48,Beloeil,PA,2634.93,7.0,7,21.63,32.8,7.9,88.48,3,0,3,0,0,7,30,2025,-0.46472317204376806,-0.8854560256532101,0.8229838658936558,0.5680647467311567,-0.4999999999999998,-0.8660254037844388,0,3,1,0,0,0,-0.5465116279069768,-0.273642547391012,-25.427906976744183,-1.7333475865025645,1.7436046511627978,0.10041348357899788,0.0,0.0,1,0,0,3.629999999999999,0.0,0,0,22.93,22.43,31.4,1228.49,2709.86,1561.19,,2697.145,1840.7808699299326,2507.912857142857
2025-08-03,CP48,Beloeil,PA,1598.84,11.0,11,21.96,31.3,5.5,90.46,3,0,3,0,0,8,31,2025,-0.5680647467311556,-0.8229838658936565,0.9350162426854147,0.354604887042536,-0.8660254037844384,-0.5000000000000004,0,3,1,0,0,0,1.1176923076923089,0.5596370775267776,-5.93956043956044,-0.40488282272756776,6.629890109890098,0.38181267825595605,0.0,0.0,1,0,0,3.960000000000001,0.0,0,0,21.63,22.93,7.9,2634.93,1228.49,5289.04,2345.34,2965.58,1692.2046941391773,2523.79
2025-08-10,CP48,Beloeil,PA,4854.860000000001,14.0,16,22.64,32.5,0.4,94.59,2,0,2,0,0,8,32,2025,-0.663122658240795,-0.7485107481711013,0.9927088740980539,0.12053668025532369,-0.8660254037844384,-0.5000000000000004,0,3,1,0,0,0,1.7976923076923086,0.9001182726635089,-11.03956043956044,-0.7525352150085376,10.759890109890108,0.6196577005806536,0.0,0.0,1,0,0,4.640000000000001,0.0,0,0,21.96,21.63,5.5,1598.84,2634.93,2709.86,2465.55,2043.03,742.9194722175482,2421.0177777777776
2025-08-17,CP48,Beloeil,PA,2042.15,10.0,10,23.13,33.2,6.8,82.17,2,0,2,0,0,8,33,2025,-0.7485107481711011,-0.6631226582407952,0.992708874098054,-0.12053668025532309,-0.8660254037844384,-0.5000000000000004,0,3,1,0,0,0,2.287692307692307,1.1454650162179176,-4.63956043956044,-0.31626554626379116,-1.6601098901098936,-0.09560505420693413,0.0,0.0,1,0,0,5.129999999999999,0.0,0,0,22.64,21.96,0.4,4854.860000000001,1598.84,1228.49,1955.92,2579.28,1629.6479657275681,2664.402
2025-08-24,CP48,Beloeil,PA,204.98,2.0,2,18.97,28.5,19.2,81.26,3,0,3,0,0,8,34,2025,-0.8229838658936564,-0.5680647467311559,0.9350162426854149,-0.35460488704253545,-0.8660254037844384,-0.5000000000000004,0,3,1,0,0,0,-1.8723076923076931,-0.937478765795028,7.7604395604395595,0.5290069369291551,-2.57010989010989,-0.1480115845496638,0.0,0.0,0,0,0,0.9699999999999989,0.0,1,0,23.13,22.64,6.8,2042.15,4854.860000000001,2634.93,1561.19,2782.695,1445.178401962886,2607.8336363636367
2025-08-31,CP48,Beloeil,PA,213.97,3.0,3,16.37,23.8,29.6,68.47,5,0,5,0,0,8,35,2025,-0.8854560256532096,-0.4647231720437691,0.8229838658936571,-0.5680647467311547,-0.8660254037844384,-0.5000000000000004,0,3,1,0,0,0,-4.472307692307691,-2.239318629553118,18.160439560439563,1.2379451486393684,-15.360109890109896,-0.8845824890370431,0.0,0.0,0,0,0,0.0,1.629999999999999,1,0,18.97,23.13,19.2,204.98,2042.15,1598.84,5289.04,2175.2075,1950.404890945724,2407.5958333333333
2025-09-07,CP48,Beloeil,PA,139.98,2.0,2,17.87,27.1,28.5,71.21,5,0,5,1,1,9,36,2025,-0.9350162426854147,-0.3546048870425359,0.6631226582407956,-0.7485107481711007,-1.0,-1.8369701987210297e-16,0,3,0,0,1,0,1.0040000000000013,0.5027104704665866,11.120000000000001,0.758018549443997,-4.504000000000005,-0.2593835303996214,0.0,0.0,0,0,0,0.0,0.129999999999999,1,0,16.37,18.97,29.6,213.97,204.98,4854.860000000001,2709.86,1828.9900000000002,2194.4645909651863,2229.981666666667
2025-06-08,CP48,Beloeil,PC,46096.67,2184.0,1599,18.2,24.0,0.0,13.7,0,0,0,0,0,6,23,2025,0.35460488704253584,-0.9350162426854147,-0.6631226582407956,0.7485107481711007,1.2246467991473532e-16,-1.0,0,2,1,0,0,0,-1.3550000000000004,-0.6784588520739284,-23.616666666666667,-1.6098805224252755,-49.915476190476184,-2.874611997305494,0.0,0.0,0,0,0,0.1999999999999993,0.0,0,0,,,,,,,,,,
2025-06-15,CP48,Beloeil,PC,40069.14,1888.0,1405,17.04,23.8,8.3,87.57,4,0,4,0,0,6,24,2025,0.23931566428755768,-0.970941817426052,-0.4647231720437684,0.88545602565321,1.2246467991473532e-16,-1.0,0,2,1,0,0,0,-2.5150000000000006,-1.2592797143659997,-15.316666666666666,-1.0440932957719322,23.954523809523806,1.3795312954609384,0.0,0.0,0,0,0,0.0,0.9600000000000009,0,0,18.2,,0.0,46096.67,,,,,,
2025-06-22,CP48,Beloeil,PC,34729.46,1558.0,1214,21.24,28.6,53.1,76.4,5,0,5,0,0,6,25,2025,0.12053668025532308,-0.992708874098054,-0.2393156642875578,0.970941817426052,1.2246467991473532e-16,-1.0,0,2,1,0,0,0,1.6849999999999987,0.8436923732432237,29.483333333333334,2.009794385441293,12.784523809523819,0.7362555329023761,0.0,0.0,1,0,0,3.2399999999999984,0.0,1,0,17.04,18.2,8.3,40069.14,46096.67,,,43082.905,4262.107336805349,
2025-06-29,CP48,Beloeil,PC,35140.299999999996,1472.0,1162,21.94,33.3,35.2,76.26,5,0,5,1,1,6,26,2025,-3.216245299353273e-16,-1.0,6.432490598706546e-16,1.0,1.2246467991473532e-16,-1.0,0,2,1,0,0,0,2.3850000000000016,1.1941877211780958,11.583333333333336,0.7896026556708303,12.644523809523818,0.7281929897727253,0.0,0.0,1,0,0,3.9400000000000013,0.0,1,0,21.24,17.04,53.1,34729.46,40069.14,,,40298.42333333333,5687.072527340699,
2025-07-06,CP48,Beloeil,PC,28908.52,1201.0,978,21.63,30.9,54.3,82.1,5,0,5,1,1,7,27,2025,-0.12053668025532283,-0.992708874098054,0.23931566428755732,0.9709418174260521,-0.4999999999999998,-0.8660254037844388,0,3,1,0,0,0,-0.5465116279069768,-0.273642547391012,20.972093023255816,1.4296075118968474,-4.636395348837212,-0.26700812475794383,0.0,0.0,1,0,0,3.629999999999999,0.0,1,0,21.94,21.24,35.2,35140.299999999996,34729.46,46096.67,,39008.8925,5311.630794896392,39008.8925
2025-07-13,CP48,Beloeil,PC,27085.96,1113.0,941,22.43,30.8,34.1,88.79,5,0,5,0,0,7,28,2025,-0.23931566428755743,-0.9709418174260521,0.46472317204376795,0.8854560256532102,-0.4999999999999998,-0.8660254037844388,0,3,1,0,0,0,0.2534883720930239,0.1269235645345548,0.7720930232558203,0.05263136992124165,2.0536046511628,0.11826625765179608,0.0,0.0,1,0,0,4.43,0.0,1,0,21.63,21.94,54.3,28908.52,35140.299999999996,40069.14,,34711.854999999996,4566.657229217747,36988.818
2025-07-20,CP48,Beloeil,PC,28614.65,1186.0,987,22.93,32.0,31.4,88.01,4,0,4,0,0,7,29,2025,-0.3546048870425356,-0.9350162426854148,0.6631226582407952,0.7485107481711011,-0.4999999999999998,-0.8660254037844388,0,3,1,0,0,0,0.7534883720930239,0.37727738448803383,-1.9279069767441825,-0.13141989658044845,1.273604651162799,0.07334637450088471,0.0,0.0,1,0,0,4.93,0.0,1,0,22.43,21.63,34.1,27085.96,28908.52,34729.46,,31466.059999999998,4077.4218160990017,35338.34166666667
2025-07-27,CP48,Beloeil,PC,25380.84,1041.0,884,21.63,32.8,7.9,88.48,3,0,3,0,0,7,30,2025,-0.46472317204376806,-0.8854560256532101,0.8229838658936558,0.5680647467311567,-0.4999999999999998,-0.8660254037844388,0,3,1,0,0,0,-0.5465116279069768,-0.273642547391012,-25.427906976744183,-1.7333475865025645,1.7436046511627978,0.10041348357899788,0.0,0.0,1,0,0,3.629999999999999,0.0,0,0,22.93,22.43,31.4,28614.65,27085.96,35140.299999999996,,29937.357500000002,3559.4540823594143,34377.81428571428
2025-08-03,CP48,Beloeil,PC,28592.77,1124.0,932,21.96,31.3,5.5,90.46,3,0,3,0,0,8,31,2025,-0.5680647467311556,-0.8229838658936565,0.9350162426854147,0.354604887042536,-0.8660254037844384,-0.5000000000000004,0,3,1,0,0,0,1.1176923076923089,0.5596370775267776,-5.93956043956044,-0.40488282272756776,6.629890109890098,0.38181267825595605,0.0,0.0,1,0,0,3.960000000000001,0.0,0,0,21.63,22.93,7.9,25380.84,28614.65,28908.52,46096.67,27497.4925,1621.5852624181764,33253.1925
2025-08-10,CP48,Beloeil,PC,24575.35,1022.0,846,22.64,32.5,0.4,94.59,2,0,2,0,0,8,32,2025,-0.663122658240795,-0.7485107481711013,0.9927088740980539,0.12053668025532369,-0.8660254037844384,-0.5000000000000004,0,3,1,0,0,0,1.7976923076923086,0.9001182726635089,-11.03956043956044,-0.7525352150085376,10.759890109890108,0.6196577005806536,0.0,0.0,1,0,0,4.640000000000001,0.0,0,0,21.96,21.63,5.5,28592.77,25380.84,27085.96,40069.14,27418.555,1535.396362561416,32735.367777777778
2025-08-17,CP48,Beloeil,PC,21746.88,886.0,707,23.13,33.2,6.8,82.17,2,0,2,0,0,8,33,2025,-0.7485107481711011,-0.6631226582407952,0.992708874098054,-0.12053668025532309,-0.8660254037844384,-0.5000000000000004,0,3,1,0,0,0,2.287692307692307,1.1454650162179176,-4.63956043956044,-0.31626554626379116,-1.6601098901098936,-0.09560505420693413,0.0,0.0,1,0,0,5.129999999999999,0.0,0,0,22.64,21.96,0.4,24575.35,28592.77,28614.65,34729.46,26790.9025,2118.9408176001143,31919.365999999998
2025-08-24,CP48,Beloeil,PC,14272.34,575.0,488,18.97,28.5,19.2,81.26,3,0,3,0,0,8,34,2025,-0.8229838658936564,-0.5680647467311559,0.9350162426854149,-0.35460488704253545,-0.8660254037844384,-0.5000000000000004,0,3,1,0,0,0,-1.8723076923076931,-0.937478765795028,7.7604395604395595,0.5290069369291551,-2.57010989010989,-0.1480115845496638,0.0,0.0,0,0,0,0.9699999999999989,0.0,1,0,23.13,22.64,6.8,21746.88,24575.35,25380.84,35140.299999999996,25073.96,2816.278419534108,30994.594545454544
2025-08-31,CP48,Beloeil,PC,12310.93,517.0,422,16.37,23.8,29.6,68.47,5,0,5,0,0,8,35,2025,-0.8854560256532096,-0.4647231720437691,0.8229838658936571,-0.5680647467311547,-0.8660254037844384,-0.5000000000000004,0,3,1,0,0,0,-4.472307692307691,-2.239318629553118,18.160439560439563,1.2379451486393684,-15.360109890109896,-0.8845824890370431,0.0,0.0,0,0,0,0.0,1.629999999999999,1,0,18.97,23.13,19.2,14272.34,21746.88,28592.77,28908.52,22296.835,6042.223614876142,29601.073333333334
2025-09-07,CP48,Beloeil,PC,10009.41,452.0,379,17.87,27.1,28.5,71.21,5,0,5,1,1,9,36,2025,-0.9350162426854147,-0.3546048870425359,0.6631226582407956,-0.7485107481711007,-1.0,-1.8369701987210297e-16,0,3,0,0,1,0,1.0040000000000013,0.5027104704665866,11.120000000000001,0.758018549443997,-4.504000000000005,-0.2593835303996214,0.0,0.0,0,0,0,0.0,0.129999999999999,1,0,16.37,18.97,29.6,12310.93,14272.34,24575.35,27085.96,18226.375,5868.853418255305,26785.595
2025-09-14,CP48,Beloeil,PC,3502.46,184.0,141,15.36,23.5,0.7,82.47,3,0,3,0,0,9,37,2025,-0.970941817426052,-0.23931566428755774,0.4647231720437685,-0.8854560256532099,-1.0,-1.8369701987210297e-16,0,3,0,0,1,0,-1.5060000000000002,-0.754065705699879,-16.68,-1.1370278241659955,6.756,0.3890752955994317,0.0,0.0,0,0,0,0.0,2.6400000000000006,0,0,17.87,16.37,28.5,10009.41,12310.93,21746.88,28614.65,14584.890000000001,5082.57479284536,24280.617499999997
2025-06-08,CP48,Beloeil,PI,5240.89,224.0,180,18.2,24.0,0.0,13.7,0,0,0,0,0,6,23,2025,0.35460488704253584,-0.9350162426854147,-0.6631226582407956,0.7485107481711007,1.2246467991473532e-16,-1.0,0,2,1,0,0,0,-1.3550000000000004,-0.6784588520739284,-23.616666666666667,-1.6098805224252755,-49.915476190476184,-2.874611997305494,0.0,0.0,0,0,0,0.1999999999999993,0.0,0,0,,,,,,,,,,
2025-06-15,CP48,Beloeil,PI,5201.35,152.0,143,17.04,23.8,8.3,87.57,4,0,4,0,0,6,24,2025,0.23931566428755768,-0.970941817426052,-0.4647231720437684,0.88545602565321,1.2246467991473532e-16,-1.0,0,2,1,0,0,0,-2.5150000000000006,-1.2592797143659997,-15.316666666666666,-1.0440932957719322,23.954523809523806,1.3795312954609384,0.0,0.0,0,0,0,0.0,0.9600000000000009,0,0,18.2,,0.0,5240.89,,,,,,
2025-06-22,CP48,Beloeil,PI,4672.650000000001,187.0,140,21.24,28.6,53.1,76.4,5,0,5,0,0,6,25,2025,0.12053668025532308,-0.992708874098054,-0.2393156642875578,0.970941817426052,1.2246467991473532e-16,-1.0,0,2,1,0,0,0,1.6849999999999987,0.8436923732432237,29.483333333333334,2.009794385441293,12.784523809523819,0.7362555329023761,0.0,0.0,1,0,0,3.2399999999999984,0.0,1,0,17.04,18.2,8.3,5201.35,5240.89,,,5221.120000000001,27.959002128116385,
2025-06-29,CP48,Beloeil,PI,5386.81,176.0,135,21.94,33.3,35.2,76.26,5,0,5,1,1,6,26,2025,-3.216245299353273e-16,-1.0,6.432490598706546e-16,1.0,1.2246467991473532e-16,-1.0,0,2,1,0,0,0,2.3850000000000016,1.1941877211780958,11.583333333333336,0.7896026556708303,12.644523809523818,0.7281929897727253,0.0,0.0,1,0,0,3.9400000000000013,0.0,1,0,21.24,17.04,53.1,4672.650000000001,5201.35,,,5038.296666666667,317.2758524270849,
2025-07-06,CP48,Beloeil,PI,2555.75,126.0,124,21.63,30.9,54.3,82.1,5,0,5,1,1,7,27,2025,-0.12053668025532283,-0.992708874098054,0.23931566428755732,0.9709418174260521,-0.4999999999999998,-0.8660254037844388,0,3,1,0,0,0,-0.5465116279069768,-0.273642547391012,20.972093023255816,1.4296075118968474,-4.636395348837212,-0.26700812475794383,0.0,0.0,1,0,0,3.629999999999999,0.0,1,0,21.94,21.24,35.2,5386.81,4672.650000000001,5240.89,,5125.425,312.2093799039357,5125.425
2025-07-13,CP48,Beloeil,PI,3327.57,94.0,92,22.43,30.8,34.1,88.79,5,0,5,0,0,7,28,2025,-0.23931566428755743,-0.9709418174260521,0.46472317204376795,0.8854560256532102,-0.4999999999999998,-0.8660254037844388,0,3,1,0,0,0,0.2534883720930239,0.1269235645345548,0.7720930232558203,0.05263136992124165,2.0536046511628,0.11826625765179608,0.0,0.0,1,0,0,4.43,0.0,1,0,21.63,21.94,54.3,2555.75,5386.81,5201.35,,4454.14,1301.259303546632,4611.49
2025-07-20,CP48,Beloeil,PI,3750.39,77.0,74,22.93,32.0,31.4,88.01,4,0,4,0,0,7,29,2025,-0.3546048870425356,-0.9350162426854148,0.6631226582407952,0.7485107481711011,-0.4999999999999998,-0.8660254037844388,0,3,1,0,0,0,0.7534883720930239,0.37727738448803383,-1.9279069767441825,-0.13141989658044845,1.273604651162799,0.07334637450088471,0.0,0.0,1,0,0,4.93,0.0,1,0,22.43,21.63,34.1,3327.57,2555.75,4672.650000000001,,3985.695,1279.7006985880193,4397.503333333333
2025-07-27,CP48,Beloeil,PI,880.41,52.0,60,21.63,32.8,7.9,88.48,3,0,3,0,0,7,30,2025,-0.46472317204376806,-0.8854560256532101,0.8229838658936558,0.5680647467311567,-0.4999999999999998,-0.8660254037844388,0,3,1,0,0,0,-0.5465116279069768,-0.273642547391012,-25.427906976744183,-1.7333475865025645,1.7436046511627978,0.10041348357899788,0.0,0.0,1,0,0,3.629999999999999,0.0,0,0,22.93,22.43,31.4,3750.39,3327.57,5386.81,,3755.13,1194.9507699761793,4305.058571428572
2025-08-03,CP48,Beloeil,PI,1529.78,77.0,39,21.96,31.3,5.5,90.46,3,0,3,0,0,8,31,2025,-0.5680647467311556,-0.8229838658936565,0.9350162426854147,0.354604887042536,-0.8660254037844384,-0.5000000000000004,0,3,1,0,0,0,1.1176923076923089,0.5596370775267776,-5.93956043956044,-0.40488282272756776,6.629890109890098,0.38181267825595605,0.0,0.0,1,0,0,3.960000000000001,0.0,0,0,21.63,22.93,7.9,880.41,3750.39,2555.75,5240.89,2628.5299999999997,1266.0235969364844,3876.9775000000004
2025-08-10,CP48,Beloeil,PI,1308.19,50.0,50,22.64,32.5,0.4,94.59,2,0,2,0,0,8,32,2025,-0.663122658240795,-0.7485107481711013,0.9927088740980539,0.12053668025532369,-0.8660254037844384,-0.5000000000000004,0,3,1,0,0,0,1.7976923076923086,0.9001182726635089,-11.03956043956044,-0.7525352150085376,10.759890109890108,0.6196577005806536,0.0,0.0,1,0,0,4.640000000000001,0.0,0,0,21.96,21.63,5.5,1529.78,880.41,3327.57,5201.35,2372.0375,1384.1060012242535,3616.177777777778
2025-08-17,CP48,Beloeil,PI,2057.76,56.0,49,23.13,33.2,6.8,82.17,2,0,2,0,0,8,33,2025,-0.7485107481711011,-0.6631226582407952,0.992708874098054,-0.12053668025532309,-0.8660254037844384,-0.5000000000000004,0,3,1,0,0,0,2.287692307692307,1.1454650162179176,-4.63956043956044,-0.31626554626379116,-1.6601098901098936,-0.09560505420693413,0.0,0.0,1,0,0,5.129999999999999,0.0,0,0,22.64,21.96,0.4,1308.19,1529.78,3750.39,4672.650000000001,1867.1925,1284.0695096028323,3385.379
2025-08-24,CP48,Beloeil,PI,0.0,35.0,40,18.97,28.5,19.2,81.26,3,0,3,0,0,8,34,2025,-0.8229838658936564,-0.5680647467311559,0.9350162426854149,-0.35460488704253545,-0.8660254037844384,-0.5000000000000004,0,3,1,0,0,0,-1.8723076923076931,-0.937478765795028,7.7604395604395595,0.5290069369291551,-2.57010989010989,-0.1480115845496638,0.0,0.0,0,0,0,0.9699999999999989,0.0,1,0,23.13,22.64,6.8,2057.76,1308.19,880.41,5386.81,1444.035,489.9447537903203,3264.6863636363637
2025-08-31,CP48,Beloeil,PI,1537.47,33.0,33,16.37,23.8,29.6,68.47,5,0,5,0,0,8,35,2025,-0.8854560256532096,-0.4647231720437691,0.8229838658936571,-0.5680647467311547,-0.8660254037844384,-0.5000000000000004,0,3,1,0,0,0,-4.472307692307691,-2.239318629553118,18.160439560439563,1.2379451486393684,-15.360109890109896,-0.8845824890370431,0.0,0.0,0,0,0,0.0,1.629999999999999,1,0,18.97,23.13,19.2,0.0,2057.76,1529.78,2555.75,1223.9325000000001,874.4371682926436,2992.629166666667
2025-09-07,CP48,Beloeil,PI,398.47,16.0,18,17.87,27.1,28.5,71.21,5,0,5,1,1,9,36,2025,-0.9350162426854147,-0.3546048870425359,0.6631226582407956,-0.7485107481711007,-1.0,-1.8369701987210297e-16,0,3,0,0,1,0,1.0040000000000013,0.5027104704665866,11.120000000000001,0.758018549443997,-4.504000000000005,-0.2593835303996214,0.0,0.0,0,0,0,0.0,0.129999999999999,1,0,16.37,18.97,29.6,1537.47,0.0,1308.19,3327.57,1225.855,875.3417181306912,2684.0108333333333
2025-09-14,CP48,Beloeil,PI,187.96,4.0,4,15.36,23.5,0.7,82.47,3,0,3,0,0,9,37,2025,-0.970941817426052,-0.23931566428755774,0.4647231720437685,-0.8854560256532099,-1.0,-1.8369701987210297e-16,0,3,0,0,1,0,-1.5060000000000002,-0.754065705699879,-16.68,-1.1370278241659955,6.756,0.3890752955994317,0.0,0.0,0,0,0,0.0,2.6400000000000006,0,0,17.87,16.37,28.5,398.47,1537.47,2057.76,3750.39,998.4250000000001,960.8257970620845,2283.7708333333335
2025-08-10,CP48,Beloeil,SA,9999.99,1.0,1,22.64,32.5,0.4,94.59,2,0,2,0,0,8,32,2025,-0.663122658240795,-0.7485107481711013,0.9927088740980539,0.12053668025532369,-0.8660254037844384,-0.5000000000000004,0,3,1,0,0,0,1.7976923076923086,0.9001182726635089,-11.03956043956044,-0.7525352150085376,10.759890109890108,0.6196577005806536,0.0,0.0,1,0,0,4.640000000000001,0.0,0,0,,,,,,,,,,
2025-06-08,CP48,Beloeil,SE,949.91,11.0,11,18.2,24.0,0.0,13.7,0,0,0,0,0,6,23,2025,0.35460488704253584,-0.9350162426854147,-0.6631226582407956,0.7485107481711007,1.2246467991473532e-16,-1.0,0,2,1,0,0,0,-1.3550000000000004,-0.6784588520739284,-23.616666666666667,-1.6098805224252755,-49.915476190476184,-2.874611997305494,0.0,0.0,0,0,0,0.1999999999999993,0.0,0,0,,,,,,,,,,
2025-06-15,CP48,Beloeil,SE,389.96,7.0,7,17.04,23.8,8.3,87.57,4,0,4,0,0,6,24,2025,0.23931566428755768,-0.970941817426052,-0.4647231720437684,0.88545602565321,1.2246467991473532e-16,-1.0,0,2,1,0,0,0,-2.5150000000000006,-1.2592797143659997,-15.316666666666666,-1.0440932957719322,23.954523809523806,1.3795312954609384,0.0,0.0,0,0,0,0.0,0.9600000000000009,0,0,18.2,,0.0,949.91,,,,,,
2025-06-22,CP48,Beloeil,SE,519.95,8.0,8,21.24,28.6,53.1,76.4,5,0,5,0,0,6,25,2025,0.12053668025532308,-0.992708874098054,-0.2393156642875578,0.970941817426052,1.2246467991473532e-16,-1.0,0,2,1,0,0,0,1.6849999999999987,0.8436923732432237,29.483333333333334,2.009794385441293,12.784523809523819,0.7362555329023761,0.0,0.0,1,0,0,3.2399999999999984,0.0,1,0,17.04,18.2,8.3,389.96,949.91,,,669.935,395.9444421254073,
2025-06-29,CP48,Beloeil,SE,389.9299999999999,7.0,7,21.94,33.3,35.2,76.26,5,0,5,1,1,6,26,2025,-3.216245299353273e-16,-1.0,6.432490598706546e-16,1.0,1.2246467991473532e-16,-1.0,0,2,1,0,0,0,2.3850000000000016,1.1941877211780958,11.583333333333336,0.7896026556708303,12.644523809523818,0.7281929897727253,0.0,0.0,1,0,0,3.9400000000000013,0.0,1,0,21.24,17.04,53.1,519.95,389.96,,,619.9399999999999,293.06057513763255,
2025-07-06,CP48,Beloeil,SE,434.95,10.0,10,21.63,30.9,54.3,82.1,5,0,5,1,1,7,27,2025,-0.12053668025532283,-0.992708874098054,0.23931566428755732,0.9709418174260521,-0.4999999999999998,-0.8660254037844388,0,3,1,0,0,0,-0.5465116279069768,-0.273642547391012,20.972093023255816,1.4296075118968474,-4.636395348837212,-0.26700812475794383,0.0,0.0,1,0,0,3.629999999999999,0.0,1,0,21.94,21.24,35.2,389.9299999999999,519.95,949.91,,562.4375,265.4853740321677,562.4375
2025-07-13,CP48,Beloeil,SE,75.0,4.0,4,22.43,30.8,34.1,88.79,5,0,5,0,0,7,28,2025,-0.23931566428755743,-0.9709418174260521,0.46472317204376795,0.8854560256532102,-0.4999999999999998,-0.8660254037844388,0,3,1,0,0,0,0.2534883720930239,0.1269235645345548,0.7720930232558203,0.05263136992124165,2.0536046511628,0.11826625765179608,0.0,0.0,1,0,0,4.43,0.0,1,0,21.63,21.94,54.3,434.95,389.9299999999999,389.96,,433.6975,61.2906340724255,536.9399999999999
2025-07-20,CP48,Beloeil,SE,299.98,3.0,3,22.93,32.0,31.4,88.01,4,0,4,0,0,7,29,2025,-0.3546048870425356,-0.9350162426854148,0.6631226582407952,0.7485107481711011,-0.4999999999999998,-0.8660254037844388,0,3,1,0,0,0,0.7534883720930239,0.37727738448803383,-1.9279069767441825,-0.13141989658044845,1.273604651162799,0.07334637450088471,0.0,0.0,1,0,0,4.93,0.0,1,0,22.43,21.63,34.1,75.0,434.95,519.95,,354.9575,194.26837336959045,459.95
2025-07-27,CP48,Beloeil,SE,329.94,9.0,9,21.63,32.8,7.9,88.48,3,0,3,0,0,7,30,2025,-0.46472317204376806,-0.8854560256532101,0.8229838658936558,0.5680647467311567,-0.4999999999999998,-0.8660254037844388,0,3,1,0,0,0,-0.5465116279069768,-0.273642547391012,-25.427906976744183,-1.7333475865025645,1.7436046511627978,0.10041348357899788,0.0,0.0,1,0,0,3.629999999999999,0.0,0,0,22.93,22.43,31.4,299.98,75.0,389.9299999999999,,299.965,160.1290135068176,437.09714285714284
2025-08-03,CP48,Beloeil,SE,469.96,4.0,4,21.96,31.3,5.5,90.46,3,0,3,0,0,8,31,2025,-0.5680647467311556,-0.8229838658936565,0.9350162426854147,0.354604887042536,-0.8660254037844384,-0.5000000000000004,0,3,1,0,0,0,1.1176923076923089,0.5596370775267776,-5.93956043956044,-0.40488282272756776,6.629890109890098,0.38181267825595605,0.0,0.0,1,0,0,3.960000000000001,0.0,0,0,21.63,22.93,7.9,329.94,299.98,434.95,949.91,284.96750000000003,151.469471374047,423.7025
2025-08-10,CP48,Beloeil,SE,419.98,5.0,5,22.64,32.5,0.4,94.59,2,0,2,0,0,8,32,2025,-0.663122658240795,-0.7485107481711013,0.9927088740980539,0.12053668025532369,-0.8660254037844384,-0.5000000000000004,0,3,1,0,0,0,1.7976923076923086,0.9001182726635089,-11.03956043956044,-0.7525352150085376,10.759890109890108,0.6196577005806536,0.0,0.0,1,0,0,4.640000000000001,0.0,0,0,21.96,21.63,5.5,469.96,329.94,75.0,389.96,293.72,163.5543253274986,428.84222222222223
2025-08-17,CP48,Beloeil,SE,449.96,4.0,4,23.13,33.2,6.8,82.17,2,0,2,0,0,8,33,2025,-0.7485107481711011,-0.6631226582407952,0.992708874098054,-0.12053668025532309,-0.8660254037844384,-0.5000000000000004,0,3,1,0,0,0,2.287692307692307,1.1454650162179176,-4.63956043956044,-0.31626554626379116,-1.6601098901098936,-0.09560505420693413,0.0,0.0,1,0,0,5.129999999999999,0.0,0,0,22.64,21.96,0.4,419.98,469.96,299.98,519.95,379.96500000000003,78.74092773138977,427.95599999999996
2025-08-24,CP48,Beloeil,SE,109.98,4.0,4,18.97,28.5,19.2,81.26,3,0,3,0,0,8,34,2025,-0.8229838658936564,-0.5680647467311559,0.9350162426854149,-0.35460488704253545,-0.8660254037844384,-0.5000000000000004,0,3,1,0,0,0,-1.8723076923076931,-0.937478765795028,7.7604395604395595,0.5290069369291551,-2.57010989010989,-0.1480115845496638,0.0,0.0,0,0,0,0.9699999999999989,0.0,1,0,23.13,22.64,6.8,449.96,419.98,329.94,389.9299999999999,417.46,61.856287204023396,429.9563636363636
2025-08-31,CP48,Beloeil,SE,89.97,3.0,3,16.37,23.8,29.6,68.47,5,0,5,0,0,8,35,2025,-0.8854560256532096,-0.4647231720437691,0.8229838658936571,-0.5680647467311547,-0.8660254037844384,-0.5000000000000004,0,3,1,0,0,0,-4.472307692307691,-2.239318629553118,18.160439560439563,1.2379451486393684,-15.360109890109896,-0.8845824890370431,0.0,0.0,0,0,0,0.0,1.629999999999999,1,0,18.97,23.13,19.2,109.98,449.96,469.96,434.95,362.46999999999997,169.57515580611036,403.2916666666667
2025-09-07,CP48,Beloeil,SE,364.98,7.0,7,17.87,27.1,28.5,71.21,5,0,5,1,1,9,36,2025,-0.9350162426854147,-0.3546048870425359,0.6631226582407956,-0.7485107481711007,-1.0,-1.8369701987210297e-16,0,3,0,0,1,0,1.0040000000000013,0.5027104704665866,11.120000000000001,0.758018549443997,-4.504000000000005,-0.2593835303996214,0.0,0.0,0,0,0,0.0,0.129999999999999,1,0,16.37,18.97,29.6,89.97,109.98,419.98,75.0,267.4725,193.96842550184957,331.63
2025-06-15,CP48,Beloeil,SP,47246.0,5.0,5,17.04,23.8,8.3,87.57,4,0,4,0,0,6,24,2025,0.23931566428755768,-0.970941817426052,-0.4647231720437684,0.88545602565321,1.2246467991473532e-16,-1.0,0,2,1,0,0,0,-2.5150000000000006,-1.2592797143659997,-15.316666666666666,-1.0440932957719322,23.954523809523806,1.3795312954609384,0.0,0.0,0,0,0,0.0,0.9600000000000009,0,0,,,,,,,,,,
2025-06-22,CP48,Beloeil,SP,15499.0,1.0,1,21.24,28.6,53.1,76.4,5,0,5,0,0,6,25,2025,0.12053668025532308,-0.992708874098054,-0.2393156642875578,0.970941817426052,1.2246467991473532e-16,-1.0,0,2,1,0,0,0,1.6849999999999987,0.8436923732432237,29.483333333333334,2.009794385441293,12.784523809523819,0.7362555329023761,0.0,0.0,1,0,0,3.2399999999999984,0.0,1,0,17.04,,8.3,47246.0,,,,,,
2025-06-29,CP48,Beloeil,SP,5499.0,1.0,1,21.94,33.3,35.2,76.26,5,0,5,1,1,6,26,2025,-3.216245299353273e-16,-1.0,6.432490598706546e-16,1.0,1.2246467991473532e-16,-1.0,0,2,1,0,0,0,2.3850000000000016,1.1941877211780958,11.583333333333336,0.7896026556708303,12.644523809523818,0.7281929897727253,0.0,0.0,1,0,0,3.9400000000000013,0.0,1,0,21.24,17.04,53.1,15499.0,47246.0,,,31372.5,22448.518982329326,
2025-07-06,CP48,Beloeil,SP,25997.99,3.0,3,21.63,30.9,54.3,82.1,5,0,5,1,1,7,27,2025,-0.12053668025532283,-0.992708874098054,0.23931566428755732,0.9709418174260521,-0.4999999999999998,-0.8660254037844388,0,3,1,0,0,0,-0.5465116279069768,-0.273642547391012,20.972093023255816,1.4296075118968474,-4.636395348837212,-0.26700812475794383,0.0,0.0,1,0,0,3.629999999999999,0.0,1,0,21.94,21.24,35.2,5499.0,15499.0,,,22748.0,21797.10996898442,
2025-07-13,CP48,Beloeil,SP,18889.0,2.0,2,22.43,30.8,34.1,88.79,5,0,5,0,0,7,28,2025,-0.23931566428755743,-0.9709418174260521,0.46472317204376795,0.8854560256532102,-0.4999999999999998,-0.8660254037844388,0,3,1,0,0,0,0.2534883720930239,0.1269235645345548,0.7720930232558203,0.05263136992124165,2.0536046511628,0.11826625765179608,0.0,0.0,1,0,0,4.43,0.0,1,0,21.63,21.94,54.3,25997.99,5499.0,47246.0,,23560.4975,17871.297586260815,23560.4975
2025-07-20,CP48,Beloeil,SP,7899.0,1.0,1,22.93,32.0,31.4,88.01,4,0,4,0,0,7,29,2025,-0.3546048870425356,-0.9350162426854148,0.6631226582407952,0.7485107481711011,-0.4999999999999998,-0.8660254037844388,0,3,1,0,0,0,0.7534883720930239,0.37727738448803383,-1.9279069767441825,-0.13141989658044845,1.273604651162799,0.07334637450088471,0.0,0.0,1,0,0,4.93,0.0,1,0,22.43,21.63,34.1,18889.0,25997.99,15499.0,,16471.2475,8523.298074788403,22626.198
2025-08-03,CP48,Beloeil,SP,5499.0,1.0,1,21.96,31.3,5.5,90.46,3,0,3,0,0,8,31,2025,-0.5680647467311556,-0.8229838658936565,0.9350162426854147,0.354604887042536,-0.8660254037844384,-0.5000000000000004,0,3,1,0,0,0,1.1176923076923089,0.5596370775267776,-5.93956043956044,-0.40488282272756776,6.629890109890098,0.38181267825595605,0.0,0.0,1,0,0,3.960000000000001,0.0,0,0,22.93,22.43,31.4,7899.0,18889.0,5499.0,,14571.247500000001,9592.323184280838,20171.665
2025-08-10,CP48,Beloeil,SP,20998.0,2.0,2,22.64,32.5,0.4,94.59,2,0,2,0,0,8,32,2025,-0.663122658240795,-0.7485107481711013,0.9927088740980539,0.12053668025532369,-0.8660254037844384,-0.5000000000000004,0,3,1,0,0,0,1.7976923076923086,0.9001182726635089,-11.03956043956044,-0.7525352150085376,10.759890109890108,0.6196577005806536,0.0,0.0,1,0,0,4.640000000000001,0.0,0,0,21.96,22.93,5.5,5499.0,7899.0,25997.99,,14571.247500000001,9592.323184280838,18075.57
2025-08-17,CP48,Beloeil,SP,899.99,1.0,1,23.13,33.2,6.8,82.17,2,0,2,0,0,8,33,2025,-0.7485107481711011,-0.6631226582407952,0.992708874098054,-0.12053668025532309,-0.8660254037844384,-0.5000000000000004,0,3,1,0,0,0,2.287692307692307,1.1454650162179176,-4.63956043956044,-0.31626554626379116,-1.6601098901098936,-0.09560505420693413,0.0,0.0,1,0,0,5.129999999999999,0.0,0,0,22.64,21.96,0.4,20998.0,5499.0,18889.0,47246.0,13321.25,7757.162727655863,18440.87375
2025-08-24,CP48,Beloeil,SP,28998.0,2.0,2,18.97,28.5,19.2,81.26,3,0,3,0,0,8,34,2025,-0.8229838658936564,-0.5680647467311559,0.9350162426854149,-0.35460488704253545,-0.8660254037844384,-0.5000000000000004,0,3,1,0,0,0,-1.8723076923076931,-0.937478765795028,7.7604395604395595,0.5290069369291551,-2.57010989010989,-0.1480115845496638,0.0,0.0,0,0,0,0.9699999999999989,0.0,1,0,23.13,22.64,6.8,899.99,20998.0,7899.0,15499.0,8823.9975,8619.889026355948,16491.88666666667
2025-08-31,CP48,Beloeil,SP,5499.0,1.0,1,16.37,23.8,29.6,68.47,5,0,5,0,0,8,35,2025,-0.8854560256532096,-0.4647231720437691,0.8229838658936571,-0.5680647467311547,-0.8660254037844384,-0.5000000000000004,0,3,1,0,0,0,-4.472307692307691,-2.239318629553118,18.160439560439563,1.2379451486393684,-15.360109890109896,-0.8845824890370431,0.0,0.0,0,0,0,0.0,1.629999999999999,1,0,18.97,23.13,19.2,28998.0,899.99,5499.0,5499.0,14098.747500000001,13137.10098315803,17742.498
2025-06-08,CP48,Beloeil,TO,1822.46,8.0,8,18.2,24.0,0.0,13.7,0,0,0,0,0,6,23,2025,0.35460488704253584,-0.9350162426854147,-0.6631226582407956,0.7485107481711007,1.2246467991473532e-16,-1.0,0,2,1,0,0,0,-1.3550000000000004,-0.6784588520739284,-23.616666666666667,-1.6098805224252755,-49.915476190476184,-2.874611997305494,0.0,0.0,0,0,0,0.1999999999999993,0.0,0,0,,,,,,,,,,
2025-06-15,CP48,Beloeil,TO,3332.44,12.0,12,17.04,23.8,8.3,87.57,4,0,4,0,0,6,24,2025,0.23931566428755768,-0.970941817426052,-0.4647231720437684,0.88545602565321,1.2246467991473532e-16,-1.0,0,2,1,0,0,0,-2.5150000000000006,-1.2592797143659997,-15.316666666666666,-1.0440932957719322,23.954523809523806,1.3795312954609384,0.0,0.0,0,0,0,0.0,0.9600000000000009,0,0,18.2,,0.0,1822.46,,,,,,
2025-06-22,CP48,Beloeil,TO,5362.45,9.0,9,21.24,28.6,53.1,76.4,5,0,5,0,0,6,25,2025,0.12053668025532308,-0.992708874098054,-0.2393156642875578,0.970941817426052,1.2246467991473532e-16,-1.0,0,2,1,0,0,0,1.6849999999999987,0.8436923732432237,29.483333333333334,2.009794385441293,12.784523809523819,0.7362555329023761,0.0,0.0,1,0,0,3.2399999999999984,0.0,1,0,17.04,18.2,8.3,3332.44,1822.46,,,2577.45,1067.7170974560631,
2025-06-29,CP48,Beloeil,TO,2433.9700000000003,9.0,9,21.94,33.3,35.2,76.26,5,0,5,1,1,6,26,2025,-3.216245299353273e-16,-1.0,6.432490598706546e-16,1.0,1.2246467991473532e-16,-1.0,0,2,1,0,0,0,2.3850000000000016,1.1941877211780958,11.583333333333336,0.7896026556708303,12.644523809523818,0.7281929897727253,0.0,0.0,1,0,0,3.9400000000000013,0.0,1,0,21.24,17.04,53.1,5362.45,3332.44,,,3505.7833333333333,1776.3496934537786,
2025-07-06,CP48,Beloeil,TO,4305.47,6.0,6,21.63,30.9,54.3,82.1,5,0,5,1,1,7,27,2025,-0.12053668025532283,-0.992708874098054,0.23931566428755732,0.9709418174260521,-0.4999999999999998,-0.8660254037844388,0,3,1,0,0,0,-0.5465116279069768,-0.273642547391012,20.972093023255816,1.4296075118968474,-4.636395348837212,-0.26700812475794383,0.0,0.0,1,0,0,3.629999999999999,0.0,1,0,21.94,21.24,35.2,2433.9700000000003,5362.45,1822.46,,3237.83,1546.2238230605556,3237.83
2025-07-13,CP48,Beloeil,TO,1044.97,7.0,7,22.43,30.8,34.1,88.79,5,0,5,0,0,7,28,2025,-0.23931566428755743,-0.9709418174260521,0.46472317204376795,0.8854560256532102,-0.4999999999999998,-0.8660254037844388,0,3,1,0,0,0,0.2534883720930239,0.1269235645345548,0.7720930232558203,0.05263136992124165,2.0536046511628,0.11826625765179608,0.0,0.0,1,0,0,4.43,0.0,1,0,21.63,21.94,54.3,4305.47,2433.9700000000003,3332.44,,3858.5825000000004,1260.6443591374214,3451.358
2025-07-20,CP48,Beloeil,TO,1432.46,7.0,7,22.93,32.0,31.4,88.01,4,0,4,0,0,7,29,2025,-0.3546048870425356,-0.9350162426854148,0.6631226582407952,0.7485107481711011,-0.4999999999999998,-0.8660254037844388,0,3,1,0,0,0,0.7534883720930239,0.37727738448803383,-1.9279069767441825,-0.13141989658044845,1.273604651162799,0.07334637450088471,0.0,0.0,1,0,0,4.93,0.0,1,0,22.43,21.63,34.1,1044.97,4305.47,5362.45,,3286.715,1923.463215166851,3050.2933333333335
2025-07-27,CP48,Beloeil,TO,2574.9300000000003,10.0,10,21.63,32.8,7.9,88.48,3,0,3,0,0,7,30,2025,-0.46472317204376806,-0.8854560256532101,0.8229838658936558,0.5680647467311567,-0.4999999999999998,-0.8660254037844388,0,3,1,0,0,0,-0.5465116279069768,-0.273642547391012,-25.427906976744183,-1.7333475865025645,1.7436046511627978,0.10041348357899788,0.0,0.0,1,0,0,3.629999999999999,0.0,0,0,22.93,22.43,31.4,1432.46,1044.97,2433.9700000000003,,2304.2175,1456.881679601447,2819.174285714286
2025-08-03,CP48,Beloeil,TO,594.99,3.0,3,21.96,31.3,5.5,90.46,3,0,3,0,0,8,31,2025,-0.5680647467311556,-0.8229838658936565,0.9350162426854147,0.354604887042536,-0.8660254037844384,-0.5000000000000004,0,3,1,0,0,0,1.1176923076923089,0.5596370775267776,-5.93956043956044,-0.40488282272756776,6.629890109890098,0.38181267825595605,0.0,0.0,1,0,0,3.960000000000001,0.0,0,0,21.63,22.93,7.9,2574.9300000000003,1432.46,4305.47,1822.46,2339.4575000000004,1462.7593560431144,2788.64375
2025-08-10,CP48,Beloeil,TO,1655.47,5.0,5,22.64,32.5,0.4,94.59,2,0,2,0,0,8,32,2025,-0.663122658240795,-0.7485107481711013,0.9927088740980539,0.12053668025532369,-0.8660254037844384,-0.5000000000000004,0,3,1,0,0,0,1.7976923076923086,0.9001182726635089,-11.03956043956044,-0.7525352150085376,10.759890109890108,0.6196577005806536,0.0,0.0,1,0,0,4.640000000000001,0.0,0,0,21.96,21.63,5.5,594.99,2574.9300000000003,1044.97,3332.44,1411.8375,847.5535483328862,2544.904444444445
2025-08-17,CP48,Beloeil,TO,757.48,3.0,3,23.13,33.2,6.8,82.17,2,0,2,0,0,8,33,2025,-0.7485107481711011,-0.6631226582407952,0.992708874098054,-0.12053668025532309,-0.8660254037844384,-0.5000000000000004,0,3,1,0,0,0,2.287692307692307,1.1454650162179176,-4.63956043956044,-0.31626554626379116,-1.6601098901098936,-0.09560505420693413,0.0,0.0,1,0,0,5.129999999999999,0.0,0,0,22.64,21.96,0.4,1655.47,594.99,1432.46,5362.45,1564.4625,813.7625619870124,2455.9610000000002
2025-08-24,CP48,Beloeil,TO,494.99,1.0,1,18.97,28.5,19.2,81.26,3,0,3,0,0,8,34,2025,-0.8229838658936564,-0.5680647467311559,0.9350162426854149,-0.35460488704253545,-0.8660254037844384,-0.5000000000000004,0,3,1,0,0,0,-1.8723076923076931,-0.937478765795028,7.7604395604395595,0.5290069369291551,-2.57010989010989,-0.1480115845496638,0.0,0.0,0,0,0,0.9699999999999989,0.0,1,0,23.13,22.64,6.8,757.48,1655.47,2574.9300000000003,2433.9700000000003,1395.7175000000002,914.0614707766282,2301.5536363636365
2025-08-31,CP48,Beloeil,TO,397.49,1.0,1,16.37,23.8,29.6,68.47,5,0,5,0,0,8,35,2025,-0.8854560256532096,-0.4647231720437691,0.8229838658936571,-0.5680647467311547,-0.8660254037844384,-0.5000000000000004,0,3,1,0,0,0,-4.472307692307691,-2.239318629553118,18.160439560439563,1.2379451486393684,-15.360109890109896,-0.8845824890370431,0.0,0.0,0,0,0,0.0,1.629999999999999,1,0,18.97,23.13,19.2,494.99,757.48,594.99,4305.47,875.7325000000001,530.9599562035403,2151.0066666666667
2025-09-07,CP48,Beloeil,TO,577.49,1.0,1,17.87,27.1,28.5,71.21,5,0,5,1,1,9,36,2025,-0.9350162426854147,-0.3546048870425359,0.6631226582407956,-0.7485107481711007,-1.0,-1.8369701987210297e-16,0,3,0,0,1,0,1.0040000000000013,0.5027104704665866,11.120000000000001,0.758018549443997,-4.504000000000005,-0.2593835303996214,0.0,0.0,0,0,0,0.0,0.129999999999999,1,0,16.37,18.97,29.6,397.49,494.99,1655.47,1044.97,826.3575000000001,573.266488431281,2032.2591666666667
2025-09-14,CP48,Beloeil,TO,494.99,1.0,1,15.36,23.5,0.7,82.47,3,0,3,0,0,9,37,2025,-0.970941817426052,-0.23931566428755774,0.4647231720437685,-0.8854560256532099,-1.0,-1.8369701987210297e-16,0,3,0,0,1,0,-1.5060000000000002,-0.754065705699879,-16.68,-1.1370278241659955,6.756,0.3890752955994317,0.0,0.0,0,0,0,0.0,2.6400000000000006,0,0,17.87,16.37,28.5,577.49,397.49,757.48,1432.46,556.8625,152.6441123168478,1802.68
