store_code,division_code,forecast_week,horizon,pred_units,pred_units_lower,pred_units_upper,pred_revenue,pred_revenue_lower,pred_revenue_upper,price_estimate
CP02,BQ,2026-03-29,1,3.2742867899081842,1.6915227546399036,3.8450308490207044,373.2359511816339,192.81667880140262,438.29506647987006,113.99
CP02,CH,2026-03-29,1,2.328330561988095,0.9886834821991687,1.645815409888989,6053.636177863426,2570.5671668830164,4279.103607557272,2599.99
CP02,FI,2026-03-29,1,2.328330561988095,0.9822565302289705,1.9835865009727223,814.8924133902134,343.7799630148374,694.2354394754431,349.99
CP02,GA,2026-03-29,1,1.0616405162563622,0.8684095029402187,1.6861593834426967,297.2487281466189,243.14597672823183,472.10776577012064,279.99
CP02,HT,2026-03-29,1,1.502192242088692,0.9602308641963943,1.4396631362993617,4211.080490324809,2691.80557929311,4035.7932733566377,2803.29
CP02,LO,2026-03-29,1,13.378736151928543,1.016592331416692,35.95111516205986,33.31305301830207,2.531314905227563,89.51827675352905,2.49
CP02,ME,2026-03-29,1,2.6621918898039336,1.8299895535860804,4.8955413371501875,608.4439564146891,418.2441124720987,1118.8759726056753,228.55
CP02,PA,2026-03-29,1,2.9861558543953155,0.8241520806591055,10.03383671362811,164.2087104331984,45.320122915444216,551.7606808824098,54.99
CP02,PC,2026-03-29,1,41.092412071396744,35.10646146503106,53.23359537800608,1082.2483408624125,924.5967262293314,1402.0099422708292,26.336938775510205
CP02,SP,2026-03-29,1,2.445314711051626,0.9822239465976033,1.4642754611303315,31654.867919181514,12714.9970333401,18955.206914632865,12945.11
CP02,TO,2026-03-29,1,1.617988170206861,0.9570601757668182,1.5509704373206843,1391.4536464961984,823.062180557706,1333.8190663914154,859.99
CP04,BQ,2026-03-29,1,2.8691717053317847,1.0058430847575561,2.370278194027284,177.85995401351732,62.352212824120905,146.93354524775134,61.99
CP04,CH,2026-03-29,1,0.84896793741034,0.9846960578334641,1.6934785464998503,2037.514560105442,2363.2606918397355,4064.331576814175,2399.99
CP04,FI,2026-03-29,1,2.3169821788297864,2.7274379025593714,6.4204689708080105,977.7433096443816,1150.951520501029,2709.3737009912725,421.99
CP04,GA,2026-03-29,1,6.290724468733959,1.05382356754128,12.136657089699034,188.65882681733143,31.604168790562984,363.978346120074,29.99
CP04,HT,2026-03-29,1,2.7929583704505965,1.1927972552319397,3.654278329790802,5818.486384408614,2484.918737907043,7612.848416103284,2083.27
CP04,LO,2026-03-29,1,5.944226649331657,4.472487973916852,9.965832674378655,109.91724249849852,82.70269190625676,184.28248305308188,18.49142857142857
CP04,ME,2026-03-29,1,3.738679614706553,2.656407468814812,6.639023718682175,565.7650393945058,401.98750123707345,1004.6668617888768,151.3275
CP04,PA,2026-03-29,1,2.9861558543953155,0.940329605004249,2.632821486584369,164.2087104331984,51.70872497918366,144.77885354727445,54.99
CP04,PC,2026-03-29,1,46.45857734488683,38.62588530797869,77.5657937107159,1088.7870591496041,905.2228129872466,1817.8049619978294,23.43565217391304
CP04,SP,2026-03-29,1,1.8671066457085863,0.9983882936575799,1.4533803107401386,18669.199350440154,9982.884548282142,14532.349727090646,9999.0
CP04,TO,2026-03-29,1,2.3496186628736266,0.9541348497734897,2.4746024675466867,845.8392224478769,343.4790045699586,890.8321422921317,359.99
CP05,BQ,2026-03-29,1,4.300516742332828,1.9615871885051064,3.7676109024587197,79.51655456573398,36.26974711545942,69.66312558646172,18.49
CP05,CH,2026-03-29,1,2.328330561988095,0.981628847111002,1.5308493209477296,4074.5552001735464,1717.8406661557824,2678.9710031653176,1749.99
CP05,FI,2026-03-29,1,2.328330561988095,0.9808217803551718,2.060686422031185,6519.3022902610455,2746.2911767766773,5769.901374823097,2799.99
CP05,GA,2026-03-29,1,2.4127809363464423,0.8907451654180117,2.3581893169332004,844.4491999118914,311.75190044464995,825.3426790334508,349.99
CP05,HT,2026-03-29,1,1.9073073266650893,0.6607984886672826,5.17350322985042,13353.05859398229,4626.250219159646,36219.69611218279,7001.0
CP05,LO,2026-03-29,1,12.07530087643296,3.77971930307852,29.910858777763675,178.59369996244348,55.90204849253131,442.38160132312476,14.79
CP05,ME,2026-03-29,1,22.694216338501956,15.590921993457162,29.452507404742995,2379.2822720343074,1634.5664353594975,3087.827651319987,104.8409090909091
CP05,PA,2026-03-29,1,6.725441976737886,3.835890120414113,12.74114430914976,2286.583017671114,1304.1642820395944,4331.861653667827,339.99
CP05,PC,2026-03-29,1,180.01999358467614,81.50695334218562,283.51285364294404,3785.5935491274395,1713.9884889290097,5961.917942967866,21.02873949579832
CP05,SP,2026-03-29,1,27.57763252511433,0.9642403725119609,29.699058571695186,0.0,0.0,0.0,0.0
CP05,TO,2026-03-29,1,2.834815536832286,0.9287963706169383,8.516313145606135,1629.9905855231962,534.0486251410334,4896.794895592072,574.99
CP06,BQ,2026-03-29,1,1.348526340784683,0.9270094842018208,2.322846087553743,33.69967325620922,23.165967010203502,58.04792372796803,24.99
CP06,CH,2026-03-29,1,2.328330561988095,0.9914622776463133,1.7860587156736554,4423.80478447176,1883.7684129052188,3393.4936991927884,1899.99
CP06,FI,2026-03-29,1,1.348526340784683,0.9281621153710965,2.2627360733213906,35.04819959699391,24.122933378494796,58.80851054562294,25.99
CP06,GA,2026-03-29,1,4.877876701381672,0.43769241474022796,29.471061280130396,1658.4292997027549,148.81104408753012,10019.866124631533,339.99
CP06,HT,2026-03-29,1,6.913783219115129,0.8937614268992875,17.37901487708539,0.41482699314690774,0.053625685613957245,1.0427408926251234,0.06
CP06,LO,2026-03-29,1,7.216638759326409,4.369306871889424,13.097839607987172,148.59059205453076,89.96402849220323,269.6845175284559,20.59
CP06,ME,2026-03-29,1,46.8777724839344,10.997392340558955,82.7024189695997,8094.197463711017,1898.8757458749524,14279.895873804902,172.666
CP06,PA,2026-03-29,1,3.0706062287536637,1.0106338769468444,2.5572939716867307,614.0905396884452,202.11666905059943,511.43322139762927,199.99
CP06,PC,2026-03-29,1,75.05595171747302,50.45485053412423,148.57217790216257,1780.3849100859352,1196.8278660929147,3524.2463461299903,23.720769230769232
CP06,SP,2026-03-29,1,0.9659520864738704,0.6667668901163617,1.5825202218395715,9658.554912652231,6667.002134273501,15823.619698173876,9999.0
CP06,TO,2026-03-29,1,1.196964114499718,0.8309947664083195,1.6234558777384727,347.10762356377325,240.98017231074857,470.7859699853797,289.99
CP07,BQ,2026-03-29,1,2.7422789791139595,0.7401494244616139,3.222024047024167,5484.530535438128,1480.2914474289832,6444.0158738078635,1999.99
CP07,CH,2026-03-29,1,1.3098089939600874,0.8452170780143233,3.40184040116867,1899.2099431521872,1225.5563109499888,4932.6345632905595,1449.99
CP07,FI,2026-03-29,1,1.69930981974075,0.9353673770028008,3.583487542780142,1869.2238086166276,1028.894761029311,3941.8004621827286,1099.99
CP07,GA,2026-03-29,1,2.889494263351346,0.7746417972236559,5.218278527735426,866.8193840627704,232.38479274912453,1565.4313755353505,299.99
CP07,HT,2026-03-29,1,1.9073073266650893,1.1606267106375008,2.795720384334015,4320.194142945927,2628.9065465972367,6332.516349545369,2265.075
CP07,LO,2026-03-29,1,23.272425944287043,17.218578788318652,36.654481096330585,188.76758340931246,139.66354497785613,297.31227136529714,8.11121212121212
CP07,ME,2026-03-29,1,56.767956461937445,9.943273380675432,186.6318615745975,4017.6475460422453,703.7168569610761,13208.526207407658,70.77315789473684
CP07,PA,2026-03-29,1,9.297360023675848,0.3765066910948364,31.170372307286385,4851.827328355242,196.48001674784038,16266.258788557401,521.85
CP07,PC,2026-03-29,1,66.65834298692148,44.377179091792016,163.0126178880615,1417.0425649749,943.3830615759757,3465.3699420745247,21.25829268292683
CP07,SP,2026-03-29,1,1.4267931430236174,1.000668650570948,1.9499829852827213,12400.658708098306,8697.091429334268,16947.84812032801,8691.28
CP07,TO,2026-03-29,1,2.719980834918745,0.9572896888434229,2.991652927135128,0.0,0.0,0.0,0.0
CP08,BQ,2026-03-29,1,2.8691717053317847,1.001593878774092,2.1315172243286677,516.4222152426679,180.27688224054882,383.65178520691694,179.99
CP08,CH,2026-03-29,1,0.7242895132657858,0.8806130609673973,2.4473345772686343,28.964337635498776,35.21571630808622,97.8689097449727,39.99
CP08,FI,2026-03-29,1,2.851022391153745,0.927479696515618,2.657081922849242,49.00907490393288,15.943375983103476,45.675238253778474,17.19
CP08,GA,2026-03-29,1,1.59670006932133,0.9547956662008777,1.5028716695742388,2714.374150845568,1623.1430845848301,2554.8668095595103,1699.99
CP08,HT,2026-03-29,1,1.59670006932133,0.9591575358579342,1.573733583706806,2393.493321414407,1437.80112518944,2359.065985316095,1499.025
CP08,LO,2026-03-29,1,9.970546798415942,0.9047923310997201,32.183012565898174,0.0,0.0,0.0,0.0
CP08,ME,2026-03-29,1,4.364825095873603,3.4108825912752536,8.626556362207367,106.34896346096033,83.10615433642155,210.18604576518248,24.365
CP08,PA,2026-03-29,1,3.1236223302764117,1.5427062386941308,9.0639711261807,804.3015138228733,397.23142940135176,2333.8819252802687,257.49
CP08,PC,2026-03-29,1,55.49109375447135,40.24557372645165,92.50287060826365,1482.7070275265678,1075.3508527887,2471.6517018769646,26.71972972972973
CP08,SP,2026-03-29,1,1.5234803429742234,1.0093954237512093,1.3190604441707534,8377.618406015254,5550.6654352078995,7253.513382494973,5499.0
CP08,TO,2026-03-29,1,2.591876364719126,0.9809553339918199,1.3505597501008944,746.4344742754612,282.50532663630423,388.9477024315566,287.99
CP10,BQ,2026-03-29,1,4.916643361853249,0.8821714269930107,2.536219075538944,49.11726718491396,8.812892555660177,25.33682856463405,9.99
CP10,CH,2026-03-29,1,2.328330561988095,0.9917089704101384,1.5950555510586184,4421.499737215392,1883.2553348088527,3029.010491460316,1899.0
CP10,FI,2026-03-29,1,2.009447510765701,2.0081304468944383,3.9220976470078948,276.27893825517623,276.09785514351637,539.2492054871154,137.49
CP10,GA,2026-03-29,1,2.328330561988095,0.7766710140754857,5.2369635975736175,1164.1419976884276,388.3277403276021,2618.429429150833,499.99
CP10,HT,2026-03-29,1,3.8189071748948495,0.8275107049703776,2.855316825564388,0.0,0.0,0.0,0.0
CP10,LO,2026-03-29,1,18.03946790696403,7.657719962981978,42.05694137582039,112.09274370689775,47.583157419979266,261.3313194740039,6.21375
CP10,ME,2026-03-29,1,6.048805876467347,3.4719629686919036,10.433058787887099,227.32084573306122,130.48022610007362,392.0859415363393,37.58111111111111
CP10,PA,2026-03-29,1,3.2943966435964698,1.7053528933956748,4.426714705440551,555.7976577411605,287.7100866447843,746.8310379548753,168.71
CP10,PC,2026-03-29,1,97.93320585254294,69.87437266424314,139.31409803894633,2339.1938121871303,1668.9916228491459,3327.6014324887187,23.8856043956044
CP10,SP,2026-03-29,1,11.320532246188128,7.674447667482961,26.371640646055578,848.0733191723197,574.9282952988448,1975.6213160605437,74.91461538461539
CP10,TO,2026-03-29,1,2.445314711051626,0.8652148960579275,2.0878915536491354,1467.164373483865,519.1202854857959,1252.7140532739447,599.99
CP12,BQ,2026-03-29,1,2.8691717053317847,1.006935795770558,2.4770087910604266,143.42989354953593,50.336720430570196,123.82566946511074,49.99
CP12,CH,2026-03-29,1,2.1375412126650195,0.9805618983443551,2.518843652007426,85.48027309447413,39.21267031479076,100.72855764377698,39.99
CP12,FI,2026-03-29,1,5.454953803419055,3.754577449153952,7.866728468059767,2000.1012394420673,1376.6450240013455,2884.397178479976,366.65777777777777
CP12,GA,2026-03-29,1,2.0051253473481783,0.9509146439621029,1.5107631573009908,481.21003211008934,228.21000540446508,362.5680501206648,239.99
CP12,HT,2026-03-29,1,2.6733370545296484,0.8167508440447694,2.9745345307438287,11826.843129239165,3613.30573405406,13159.340764010698,4424.0
CP12,LO,2026-03-29,1,5.935164929881259,1.0017074942583244,3.2400314105803867,59.292297649513785,10.007057867640661,32.367913791698065,9.99
CP12,ME,2026-03-29,1,8.676710017036275,4.527472666258817,14.4904166853658,949.2342450412727,495.3066415568812,1585.2552079831898,109.40025
CP12,PA,2026-03-29,1,2.407947789052277,0.6017290133706868,26.942056479960815,471.0427464944064,117.71022959557376,5270.405088609935,195.62
CP12,PC,2026-03-29,1,22.03676847356519,13.735223978355567,27.07809824416252,345.8865254000823,215.58645965556562,425.01464438175793,15.695882352941176
CP12,SP,2026-03-29,1,2.445314711051626,0.9896485633238175,1.3055051395774493,14887.760649001391,6025.257555113131,7948.280831186593,6088.28
CP12,TO,2026-03-29,1,4.521284056527588,0.8443961881235196,0.0,0.0,0.0,0.0,0.0
CP13,BQ,2026-03-29,1,3.5646836138330915,0.9898790829645329,2.4929478328619044,78.38739266818968,21.767441034390075,54.819922844633275,21.99
CP13,CH,2026-03-29,1,2.8691717053317847,0.8854692094601823,2.1088834988605663,143.42989354953593,44.264605780914515,105.42308610803971,49.99
CP13,FI,2026-03-29,1,2.7734756571537855,0.7814514593774711,2.0127002164859964,345.52884228707575,97.35582764744325,250.74890197054702,124.58333333333331
CP13,GA,2026-03-29,1,2.0418451644870204,0.9062966371231065,2.2201462357754376,101.99016596612667,45.26951702429917,110.89630447698312,49.95
CP13,HT,2026-03-29,1,1.59670006932133,0.9903646053706925,1.4491918482487371,918.1025398597648,569.4596480881481,833.2853127430238,575.0
CP13,LO,2026-03-29,1,1.348526340784683,0.9413403825943455,2.7965887335408612,35.04819959699391,24.46543654362704,72.68334118472698,25.99
CP13,ME,2026-03-29,1,3.738679614706553,2.8173514678292277,6.59987691996322,716.5702896731167,539.9848517300211,1264.9588099878306,191.664
CP13,PA,2026-03-29,1,2.7642748576591045,0.9233095969969666,2.668560603815309,80.13632812353744,26.76674521694206,77.36157190460581,28.99
CP13,PC,2026-03-29,1,51.96026309537929,41.98223008448205,73.57050716695856,1106.6872716808189,894.1679064631895,1566.9578828598342,21.29872340425532
CP13,SP,2026-03-29,1,2.445314711051626,0.7714063911529454,1.5935779324824773,20782.72972922777,6556.182918408883,13543.818848168574,8499.0
CP13,TO,2026-03-29,1,2.445314711051626,0.9483412106238599,1.6273279412399166,806.929401499926,312.9431160937675,537.0019473297601,329.99
CP15,BQ,2026-03-29,1,4.572676547044643,0.9367658336337,1.6407929372634025,59.399068346109914,12.168588178901764,21.3139002550516,12.99
CP15,CH,2026-03-29,1,2.1375412126650195,0.8817835898603734,1.7556235500150705,106.85568522112433,44.08036165712007,87.76362126525338,49.99
CP15,FI,2026-03-29,1,1.3098089939600874,0.9053048179168327,2.0152745668869594,458.420049796091,316.84763322271226,705.3259456647669,349.99
CP15,GA,2026-03-29,1,3.3772455143274436,0.7954729999056713,10.579384708681252,1013.1398818430898,238.63394524170235,3173.709618757289,299.99
CP15,HT,2026-03-29,1,1.91736477953938,0.7898232131575981,2.467197419533956,4906.191345180957,2021.0154342919252,6313.114101051878,2558.82
CP15,LO,2026-03-29,1,17.77113149086328,11.708794547235916,36.75142762331656,137.1446683872167,90.35996082862336,283.6207900857584,7.717272727272728
CP15,ME,2026-03-29,1,5.9003181324449825,2.6215033579506937,6.82064244269579,94.35788757406017,41.923081700347495,109.07571394359107,15.992
CP15,PA,2026-03-29,1,2.9861558543953155,0.8747671312648918,2.5923816086452622,164.2087104331984,48.103444548256405,142.55506465940297,54.99
CP15,PC,2026-03-29,1,54.45998752415154,31.874353647549217,87.48492928746943,756.1350344747487,442.55088166264585,1214.660947057061,13.88423076923077
CP15,SP,2026-03-29,1,1.7136842183848604,0.8756072478207976,1.4271157149916476,25260.55079654058,12906.882799120815,21036.389682729616,14740.493333333334
CP15,TO,2026-03-29,1,2.445314711051626,0.8265695773901133,1.7082297323295543,2102.946198357288,710.8415708597236,1469.0604875060935,859.99
CP16,BQ,2026-03-29,1,4.724875194198759,4.1115550113119985,7.490035683889672,333.5572892096556,290.25933757858184,528.7665591398753,70.596
CP16,CH,2026-03-29,1,3.170708674111887,1.5903675713932457,7.305398472722484,112.52845084423087,56.442145108746296,259.268591796921,35.49
CP16,FI,2026-03-29,1,2.641858093983085,0.9142291662878617,2.3495417317433085,58.09445948668803,20.103899366670078,51.66642268103535,21.99
CP16,GA,2026-03-29,1,2.8691717053317847,0.8302603318535576,2.6372550451558108,200.8133276561716,58.109920626430494,184.58148061045517,69.99
CP16,HT,2026-03-29,1,1.59670006932133,0.8999340682374515,1.4557339084105758,4948.173514826802,2788.8956774678622,4511.3193821643745,3099.0
CP16,LO,2026-03-29,1,10.810095428955412,8.868581459513525,20.545262217081916,265.2404323886423,217.60273962933638,504.10602476276443,24.536363636363635
CP16,ME,2026-03-29,1,6.591535290416924,3.259476134065289,19.252511864008202,999.9798471248502,494.48425937859815,2920.734399849138,151.70666666666668
CP16,PA,2026-03-29,1,2.2545253617285503,0.995588261508917,1.7307534924506938,157.79423006738122,69.68122242300909,121.13543693662405,69.99
CP16,PC,2026-03-29,1,54.584482401624626,43.166348530560846,84.96188003649013,1193.4897077115224,943.8322106207129,1857.6915069978565,21.865
CP16,SP,2026-03-29,1,2.445314711051626,0.997718282386225,1.5088473176558368,13446.78559607289,5486.452834841851,8297.151399789447,5499.0
CP16,TO,2026-03-29,1,2.445314711051626,0.9201362178785326,1.464430370403414,1149.2734610471537,432.45482104073153,688.2676297859006,469.99
CP17,BQ,2026-03-29,1,3.252111295928805,1.9813833394778928,4.021926315949689,44.412999931401046,27.059091806136422,54.92610705481959,13.656666666666666
CP17,CH,2026-03-29,1,1.3307672363204168,1.768142524613856,4.458368768925788,664.7182345420482,883.187191044621,2226.955200078431,499.5
CP17,FI,2026-03-29,1,1.5530567417803582,1.890470322772417,4.282560269304858,892.9920959562882,1087.001530890912,2462.4293292476,574.99
CP17,GA,2026-03-29,1,3.496966577863767,0.930955575955579,3.58435495674566,0.0,0.0,0.0,0.0
CP17,HT,2026-03-29,1,1.8228569523067415,0.7397216670925834,2.439768799206822,5598.048386242573,2271.7074312913364,7492.603175428127,3071.03
CP17,LO,2026-03-29,1,3.4564709623151946,0.9339074821371918,11.890463725706399,76.00779646131112,20.536625532196844,261.4712973282837,21.99
CP17,ME,2026-03-29,1,2.794607755120775,2.1665655110333284,5.184052216949172,173.75473717463416,134.70621064849718,322.31844658881477,62.175
CP17,PA,2026-03-29,1,4.605734430885935,0.9131422744007407,28.99461652986367,0.0,0.0,0.0,0.0
CP17,PC,2026-03-29,1,39.55822178139216,25.284090362336332,57.98657431502677,701.0173340683247,448.0632551710179,1027.5890044480225,17.721153846153847
CP17,SP,2026-03-29,1,4.521284056527588,0.7035274688288885,4.206626063392351,0.0,0.0,0.0,0.0
CP17,TO,2026-03-29,1,2.445314711051626,1.0139644155958893,1.2136141764861315,1027.0077254945722,425.8549149061176,509.70581798241034,419.99
CP202,BQ,2026-03-29,1,1.59670006932133,0.7647654632258345,1.6417403536194248,638.6640607278388,305.89853763570153,656.6797240442338,399.99
CP202,CH,2026-03-29,1,1.502192242088692,0.9260340788911435,2.3101404495513784,2852.663067726426,1758.5387158142817,4386.956713698068,1899.0
CP202,FI,2026-03-29,1,2.7423091074950277,0.9921306075888144,0.5952625657203577,3016.5125951534555,1091.33374704162,654.7828696667364,1099.99
CP202,GA,2026-03-29,1,1.59670006932133,0.8317509411451528,1.6915924625395202,510.9280551821324,266.1519836570375,541.292672088021,319.99
CP202,LO,2026-03-29,1,1.7244651887455655,0.9803766510323216,1.901442529965864,51.71671101047951,29.401495764459323,57.024261473676255,29.99
CP202,ME,2026-03-29,1,2.7202607560171996,0.9459809548706982,2.096358884211469,462.4171259153638,160.80730251847,356.3600467271076,169.99
CP202,PA,2026-03-29,1,3.578727805741156,1.448260686658477,5.819367561638282,453.269734782489,183.43187103654054,737.0616974652328,126.65666666666668
CP202,PC,2026-03-29,1,58.080124499459835,45.31277592493827,88.38453863922354,1287.7525204020235,1004.6748678077314,1959.6619907088643,22.172
CP202,SP,2026-03-29,1,1.7136842183848604,0.9533335891730081,1.5928284314628343,16278.286390437788,9055.715763554404,15130.277270465464,9499.0
CP202,TO,2026-03-29,1,4.795663454533338,1.4387219882891473,0.6846978136699463,0.0,0.0,0.0,0.0
CP28,BQ,2026-03-29,1,3.8410460543778746,0.9502878736374616,1.88538478888869,57.61569081566812,14.254318104561923,28.280771833330352,15.0
CP28,CH,2026-03-29,1,1.7501224966450568,1.0006597868482325,2.085173502150301,9625.656230322846,5503.61882106741,11468.433410091633,5499.99
CP28,FI,2026-03-29,1,2.4748922156555953,1.0001644531868008,1.9747337139674959,618.6983049917422,250.03111165216833,493.6636811547343,249.99
CP28,GA,2026-03-29,1,1.743261722988829,0.9661865323524402,1.6505213735931812,488.09584981964224,270.52256719335975,462.1294793923548,279.99
CP28,HT,2026-03-29,1,1.91736477953938,0.8255792684813025,2.254072082065262,4599.758106114972,1980.5646650866447,5407.518924874564,2399.0
CP28,LO,2026-03-29,1,3.712952352478556,1.928095295513068,6.225416905499527,54.728917675533914,28.42012465586262,91.76264518706301,14.739999999999998
CP28,ME,2026-03-29,1,3.7387823240452076,0.852109483768125,5.784709926137831,130.81999351834182,29.815310837046695,202.4070003155627,34.99
CP28,PA,2026-03-29,1,2.158829313550551,0.9089927756704147,1.8727278747321314,151.09646365540306,63.62040436917232,131.07222395250187,69.99
CP28,PC,2026-03-29,1,32.707062240682745,23.799972896557577,46.58783577771022,564.1517104624799,410.5167049167954,803.5759080816699,17.248620689655173
CP28,SP,2026-03-29,1,1.6191763911522228,0.722656777820579,1.3577949784277596,14570.968343978853,6503.18834360739,12218.797010871409,8999.0
CP28,TO,2026-03-29,1,16.329192661340322,0.7003537574193404,44.718311477959425,90.21878945390529,3.8694545097418556,247.06867091572585,5.525
CP32,BQ,2026-03-29,1,4.572676547044643,0.8737482494841243,2.309396677105911,68.5444214401992,13.097486259767024,34.6178561898176,14.99
CP32,CH,2026-03-29,1,1.8228569523067415,1.4965984379816026,2.769856887002155,7200.266733042105,5911.54886404295,10940.907005089643,3949.99
CP32,FI,2026-03-29,1,4.896317631616267,3.0864781567334187,6.872246240256077,6634.461427663725,4182.147037592215,9311.824933084581,1354.99
CP32,GA,2026-03-29,1,2.778557053395982,0.7077282598954744,5.1223507730187405,7330.750430686221,1867.220699930027,13514.451714978533,2638.33
CP32,HT,2026-03-29,1,1.91736477953938,1.1899653651414757,2.571400921117946,2684.310691355132,1665.9515111980659,3599.9612895651244,1400.0
CP32,LO,2026-03-29,1,5.869743864108823,3.6937940782750953,8.73995030194912,83.87863981811508,52.78431737855111,124.89388981485293,14.29
CP32,ME,2026-03-29,1,4.32610774904901,3.104853952854748,7.304650569849637,2629.4948120269696,1887.192329624173,4439.912709366007,607.82
CP32,PA,2026-03-29,1,3.380647508324401,1.5352890332081996,4.4271035386984865,580.6431127922575,263.6935678986743,760.3771682891585,171.755
CP32,PC,2026-03-29,1,28.669920871851588,21.202490914518354,72.20428262108543,675.5042927706403,499.56097521878746,1701.2360475279456,23.56142857142857
CP32,SP,2026-03-29,1,10.202027580707355,0.9847130786677449,3.1082501779030305,183.5344761769253,17.714988285232728,55.91742070047551,17.99
CP32,TO,2026-03-29,1,1.7136842183848604,0.8507108560493556,1.8665871863241132,681.1723399657982,338.14905817105836,741.9497406919718,397.49
CP33,BQ,2026-03-29,1,2.0418451644870204,0.7816842848870738,3.042264200853723,193.95487217462204,74.25219022142313,288.9846764390951,94.99
CP33,CH,2026-03-29,1,3.4928086302486916,2.0655706302129406,4.718236643809235,132.6917998631478,78.47102824178963,179.24581009831286,37.99
CP33,FI,2026-03-29,1,4.142069590642552,1.0014708914191517,1.9401012524305656,66.27311345028083,16.023534262706427,31.04162003888905,16.0
CP33,GA,2026-03-29,1,1.743261722988829,0.9018314256156823,1.5115542996725626,470.66323258975393,243.48546660197806,408.1045453685952,269.99
CP33,HT,2026-03-29,1,1.8228569523067415,0.9805692247841895,2.4489460100821945,5011.033761891233,2695.584798931737,6732.152581715953,2749.0
CP33,LO,2026-03-29,1,6.970311487702959,1.9779798703664218,14.977957375239674,41.752165811340724,11.848099423494867,89.71796467768566,5.99
CP33,ME,2026-03-29,1,5.228055855799374,0.9783379140273197,2.43002736340707,78.36855727843262,14.665285331269523,36.42611017747198,14.99
CP33,PA,2026-03-29,1,2.0747983870436153,0.982785391346114,2.4860824242586075,114.72251881426496,54.341480238831124,137.4637841786726,55.29333333333333
CP33,PC,2026-03-29,1,15.34885960280346,10.41187426737385,23.40649068742018,317.9089909509548,215.6530535756844,484.8004365602218,20.712222222222223
CP33,SP,2026-03-29,1,1.7136842183848604,0.9648041417040641,1.3777542381745962,9423.549516898347,5305.457975230649,7576.270555722104,5499.0
CP33,TO,2026-03-29,1,1.6191763911522228,0.9207811427525213,1.479753785390335,1139.8839876072534,648.2207166863475,1041.731867376942,703.99
CP35,BQ,2026-03-29,1,2.611084192442781,0.7947692669171854,2.862642414649169,60.02882558425953,18.27174544642609,65.81214911278438,22.99
CP35,CH,2026-03-29,1,0.5781785012933218,0.9183348162602882,2.0897145810464934,786.3169799739047,1248.9261667658293,2841.990933077421,1359.99
CP35,FI,2026-03-29,1,0.9150788625888624,0.8975420568432295,1.5323116429051495,320.26845111747593,314.1307444745619,536.2937519003733,349.99
CP35,GA,2026-03-29,1,1.59670006932133,0.9740100145975473,1.4737309262877285,2874.044157777701,1753.2082861754393,2652.7009300086484,1799.99
CP35,HT,2026-03-29,1,4.723323310752289,3.024579742492147,5.220181449505333,13881.847210300979,8889.23986318442,15342.113280096173,2939.0
CP35,LO,2026-03-29,1,17.475381464987393,10.070335875919401,25.778907937998813,169.2826759912202,97.55056898881003,249.7182982024762,9.686923076923078
CP35,ME,2026-03-29,1,5.510035438553834,4.038537354421428,10.34385462884961,628.5077023340817,460.6598018694346,1179.8821220943596,114.066
CP35,PA,2026-03-29,1,4.425873646337339,2.127549106535349,5.945574891683465,762.6812996490048,366.6263538685265,1024.561283917867,172.32333333333335
CP35,PC,2026-03-29,1,70.54690652279146,53.95624392254665,114.92146030958828,1631.321627368278,1247.6803304475457,2657.435639523183,23.12392857142857
CP35,SP,2026-03-29,1,2.445314711051626,0.9501558611818262,1.4697586213797937,13446.78559607289,5224.907080638862,8082.202658967486,5499.0
CP35,TO,2026-03-29,1,1.8671066457085863,0.9862015074334473,1.790563812760119,784.1661201311492,414.1947711069735,752.0188957211224,419.99
CP36,BQ,2026-03-29,1,6.705605261771701,5.877967562023575,14.834815834115455,3374.931128249697,2958.3810739664655,7466.362809310309,503.3
CP36,CH,2026-03-29,1,4.875328701746971,2.583596885864301,7.144098263626607,5607.603072749366,2971.6531381211194,8217.141822823323,1150.2
CP36,FI,2026-03-29,1,3.1235480226145396,0.9673297997085578,2.265104549985253,49.94553288160649,15.467603497339839,36.2190217542642,15.99
CP36,GA,2026-03-29,1,4.685050207701161,3.1552275982277047,18.085036977977822,1937.4790881437766,1304.828597109076,7478.976617057839,413.545
CP36,HT,2026-03-29,1,2.328330561988095,0.9362648517050426,1.4258251851892942,1396.9750538872372,561.7495483745085,855.4808528617247,599.99
CP36,LO,2026-03-29,1,5.286521990654407,2.0507034865029676,12.336537073541722,43.08515422383342,16.713233414999188,100.54277714936504,8.15
CP36,ME,2026-03-29,1,59.27543536664129,1.3923276840824423,57.91507895644544,74.09429420830162,1.7404096051030529,72.3938486955568,1.25
CP36,PA,2026-03-29,1,3.391270938971715,1.591162324974042,5.061337475582568,686.6984524323826,322.1944591839938,1024.8702254307143,202.49
CP36,PC,2026-03-29,1,40.3866832489551,26.951525050180116,60.72868235679334,917.4752979164899,612.2651449808644,1379.5900394671896,22.717272727272725
CP36,SP,2026-03-29,1,2.834815536832286,0.8498179556902588,5.917546757125176,27540.23294032566,8255.981439530864,57488.96674547108,9715.0
CP36,TO,2026-03-29,1,2.765979421269676,1.5961715451628364,2.770036087033641,1797.8589640310768,1037.4955426403922,1800.4957562109962,649.99
CP37,BQ,2026-03-29,1,2.328330561988095,0.9582077162314945,1.543037874457833,3725.305615875332,1533.122763893229,2468.845168753788,1599.99
CP37,CH,2026-03-29,1,1.59670006932133,1.002580753661342,1.5355365051801626,2874.044157777701,1804.635330782879,2763.950353959241,1799.99
CP37,FI,2026-03-29,1,3.683597979571766,2.6181323288525973,4.308346974049865,2962.496839090797,2105.606744156413,3464.9449704098633,804.24
CP37,GA,2026-03-29,1,2.4748922156555953,0.7648007383105017,1.5488530424288196,692.9450714614102,214.13655871955737,433.66336334964524,279.99
CP37,HT,2026-03-29,1,0.117337444743574,0.9694207533930458,1.679390560402515,199.35631861933223,1647.0458600147847,2853.284562123873,1699.0
CP37,LO,2026-03-29,1,9.442627692014431,5.374738945503007,13.693893664883623,110.38431771964869,62.83069827293015,160.08161694248955,11.69
CP37,ME,2026-03-29,1,11.80791628119975,2.0705542706588265,13.24273501476187,2066.5535225630524,362.37648707763435,2317.6672362335376,175.01424242424244
CP37,PA,2026-03-29,1,6.72530182003915,0.8088700856782677,2.8476004932405012,120.9881797425043,14.551572841352034,51.22833287339661,17.99
CP37,PC,2026-03-29,1,124.69321253645833,93.33888000966701,212.86196588999422,2809.6339606456454,2103.146448705956,4796.285187691818,22.532372881355933
CP37,SP,2026-03-29,1,1.7136842183848604,0.9551084622477747,1.3437167718444212,17135.12849963022,9550.1295140155,13435.824001672367,9999.0
CP37,TO,2026-03-29,1,1.4267931430236174,0.7319466646875336,1.8337169192751972,513.631263557072,263.4934798208652,660.1197537698782,359.99
CP39,BQ,2026-03-29,1,2.8691717053317847,1.0368731059082323,2.138805836637609,573.8056493493036,207.3642524505874,427.73977926915546,199.99
CP39,CH,2026-03-29,1,2.1375412126650195,0.8878778531629818,1.908552932890832,81.2051906691441,33.73047964166168,72.50592592052271,37.99
CP39,FI,2026-03-29,1,2.36704790881269,1.0038092178984102,2.227241352551006,66.37202336310783,28.14681046987142,62.451847525530205,28.04
CP39,GA,2026-03-29,1,1.59670006932133,0.8911935360331046,2.008358397919615,510.9280551821324,285.17301959523314,642.6546037502976,319.99
CP39,HT,2026-03-29,1,1.59670006932133,0.8900884443902833,1.307364467858354,4967.110377648953,2768.9405381159568,4067.0278284818396,3110.86
CP39,LO,2026-03-29,1,7.383392929860391,0.9167183508206067,13.622304312239338,18.384648395352375,2.282628693543311,33.919537737475956,2.49
CP39,ME,2026-03-29,1,5.291157181083298,2.0478208487933354,5.188543745023123,70.53112522384036,27.29745191441516,69.16328812115823,13.33
CP39,PA,2026-03-29,1,1.9398411013702723,1.493906398647479,3.026775762594055,1275.4261257399403,982.228518046731,1990.0747961479651,657.49
CP39,PC,2026-03-29,1,26.324102212297827,17.083357446372922,41.567576778547256,436.42352999165536,283.22254262378146,689.1429171862809,16.578857142857142
CP39,SP,2026-03-29,1,2.445314711051626,0.9888252742947428,1.3144846093489893,13446.78559607289,5437.550183346791,7228.350866810092,5499.0
CP39,TO,2026-03-29,1,4.521284056527588,0.894197954981235,1.014628431456319,0.0,0.0,0.0,0.0
CP40,BQ,2026-03-29,1,2.6489952722061454,1.0800821953846218,2.509808126294981,2264.8644677835323,923.4594762318978,2145.860849900946,854.99
CP40,CH,2026-03-29,1,14.93886944080892,1.0012406043454947,6.321705012356686,71.55718462147473,4.79594249481492,30.280967009188526,4.79
CP40,GA,2026-03-29,1,1.91736477953938,1.1604981998951849,2.693606798416776,1962.4228518585555,1187.7699075927217,2756.9065581795703,1023.5
CP40,HT,2026-03-29,1,3.028674035535744,0.90530148681032,0.926246676085667,8780.126029018122,2624.4690102631175,2685.189113972349,2899.0
CP40,LO,2026-03-29,1,4.893341257262694,1.7545370475766042,4.044271861521314,68.06637688852406,24.405610331790562,56.255821593761475,13.909999999999998
CP40,ME,2026-03-29,1,6.780955191117818,3.784463024007742,9.142140064308933,277.0117066360074,154.6007209064649,373.46948182711185,40.85142857142858
CP40,PA,2026-03-29,1,22.965636465460555,0.9370882687730646,10.192789444632682,114.59852596264818,4.676070461177592,50.86201932871709,4.99
CP40,PC,2026-03-29,1,16.594047099987147,8.077151296668513,35.78433083837054,526.6213036331477,256.33288370605123,1135.6356193394884,31.73555555555556
CP40,SP,2026-03-29,1,3.800582128635297,1.444126540737144,3.833307459661171,17102.600575948192,6498.562212684444,17249.86440193797,4499.995
CP40,TO,2026-03-29,1,6.189913725013005,1.5394205855812366,1.980426597106082,0.0,0.0,0.0,0.0
CP44,BQ,2026-03-29,1,3.189836415549837,1.9672061482457261,3.8374483276336955,196.17493955631497,120.98317811711216,236.00307214947227,61.5
CP44,CH,2026-03-29,1,2.0418451644870204,0.8955648234272477,2.010402655881521,77.56969779886191,34.022507642001145,76.37519689693899,37.99
CP44,FI,2026-03-29,1,4.224439122915461,2.5178011376234433,5.4577021125603995,682.9087471467705,407.0193392377471,882.273931176139,161.65666666666667
CP44,GA,2026-03-29,1,5.264164454095978,3.063541136082822,8.125451048141688,590.703591537341,343.76675874904475,911.7749186698636,112.21222222222222
CP44,HT,2026-03-29,1,1.502192242088692,0.8845437073084277,1.3442696474118827,4204.636085606248,2475.837836756289,3762.61074310586,2799.0
CP44,LO,2026-03-29,1,8.486262162908085,2.5659658549639546,14.573063531776137,18.773497740388883,5.676486685814703,32.23885499085143,2.212222222222222
CP44,ME,2026-03-29,1,2.0949692383151612,0.8869453459940754,1.8034358836390854,1093.238747322384,462.8435593535483,941.1049815182204,521.84
CP44,PA,2026-03-29,1,2.765979421269676,1.707712240275165,3.741907571614937,1313.8125653088834,811.1462370083007,1777.368677441379,474.99
CP44,PC,2026-03-29,1,35.919410190225136,28.091641516185156,47.7096373903474,1011.370859589439,790.9669862907199,1343.3443567875481,28.156666666666663
CP44,SP,2026-03-29,1,1.7136842183848604,0.9569948640397717,1.2937827573026865,14136.181117456714,7894.2506334640775,10672.41396498986,8249.0
CP44,TO,2026-03-29,1,2.445314711051626,0.9976631003341506,1.422205283764738,1613.8832561469626,658.4476695895361,938.6412652318895,659.99
CP45,BQ,2026-03-29,1,2.7648375642186136,0.925159228000674,2.1749692379668626,55.26910290873008,18.49393296773347,43.47763506695758,19.99
CP45,CH,2026-03-29,1,1.8228569523067415,1.8945239336316213,3.1315607395036085,1859.2958627833532,1932.3954670649175,3194.1606386862854,1019.99
CP45,FI,2026-03-29,1,3.189836415549837,1.664895986740291,5.22228904023196,175.40910449108554,91.55263031084861,287.1736743223555,54.99
CP45,GA,2026-03-29,1,2.328330561988095,0.9991649991746717,1.3145900757005253,791.6091077703325,339.70610806939663,446.9474798374216,339.99
CP45,HT,2026-03-29,1,1.91736477953938,1.2769340229998813,2.669465410586121,2300.8185617994604,1532.3080582596276,3203.3317980492393,1199.99
CP45,LO,2026-03-29,1,7.1477818725870925,3.519078427666611,16.093397581812145,66.64115299208699,32.809541207278365,150.0441101210952,9.323333333333332
CP45,ME,2026-03-29,1,3.5499978085736874,0.9540739426553457,2.770499542481514,70.964456193388,19.07193811368036,55.38228585420546,19.99
CP45,PA,2026-03-29,1,2.407947789052277,0.9339899624460479,2.4908984682041755,132.4130489199847,51.36010803490818,136.97450676654762,54.99
CP45,PC,2026-03-29,1,48.05389688848646,33.387983303821834,75.85643889301792,1012.2553379559674,703.317868295007,1597.9158852814226,21.065
CP45,SP,2026-03-29,1,1.7136842183848604,0.9977608675110223,1.4168453735029556,9423.549516898347,5486.687010443112,7791.232708892753,5499.0
CP45,TO,2026-03-29,1,4.051172914896373,0.7804746249435726,24.345608905025053,0.0,0.0,0.0,0.0
CP46,BQ,2026-03-29,1,3.189836415549837,1.9138580587985514,4.613164617570191,215.28205968545848,129.16628038831422,311.34248003981213,67.49
CP46,CH,2026-03-29,1,2.1375412126650195,0.8837400659320512,3.1916617899605404,81.2051906691441,33.573285104758625,121.25123140060093,37.99
CP46,FI,2026-03-29,1,2.328330561988095,0.9869677411875478,1.5470933120784909,1280.5585257878324,542.8223879757394,850.8858507100492,549.99
CP46,GA,2026-03-29,1,2.4748922156555953,0.9579241046929945,1.7472461603243992,717.693993617966,277.7884111199215,506.68391403247256,289.99
CP46,HT,2026-03-29,1,1.502192242088692,0.9200304495312771,1.296260128724498,7284.130181888067,4461.227649777163,6285.56536418509,4849.0
CP46,LO,2026-03-29,1,11.236390366984379,3.2475639039726087,34.49703702514969,47.642295156013766,13.769670952843862,146.2674369866347,4.24
CP46,ME,2026-03-29,1,3.738679614706553,2.6392607544674065,7.308900717835743,159.4060827322433,112.53016078822681,311.6295999063626,42.637
CP46,PA,2026-03-29,1,3.6963213903940284,1.641599012528626,6.871224634666459,276.07824464852996,122.61103024576308,513.2117679632378,74.69
CP46,PC,2026-03-29,1,54.023194296414594,38.593983719884804,79.191353734829,1307.6521960963678,934.182219779704,1916.8571753645108,24.205384615384617
CP46,SP,2026-03-29,1,1.7136842183848604,0.9532227865375341,1.4562681113540064,15423.157965463744,8579.005078837807,13106.413002186056,9000.0
CP46,TO,2026-03-29,1,1.7136842183848604,0.9404811392793037,1.6144180268557562,1833.6249768296168,1006.3054142174622,1727.4111445553906,1069.99
CP47,BQ,2026-03-29,1,2.328330561988095,0.9376946356896132,1.5295418879609348,1860.336119028488,749.2180139160009,1222.103968480787,799.0
CP47,CH,2026-03-29,1,2.328330561988095,1.004918964483332,1.5619449110586048,1862.6411662848561,803.9251223970208,1249.5403093977732,799.99
CP47,FI,2026-03-29,1,2.6489952722061454,1.8903045885851641,4.191012306179761,1986.719964201887,1417.7095383929873,3143.2173195117593,749.99
CP47,GA,2026-03-29,1,2.8691717053317847,1.027191802964801,4.694065494085404,344.2719129227608,123.25274443774647,563.2409186353076,119.99
CP47,HT,2026-03-29,1,3.3205171728380662,0.8635245264362227,3.6595512869255216,22373.345864037336,5818.350541919889,24657.72721168834,6737.91
CP47,LO,2026-03-29,1,7.581404803727465,1.0064960034779367,9.381921721097711,45.412614774327515,6.028911060832841,56.19771110937529,5.99
CP47,ME,2026-03-29,1,7.934459215373117,3.9943425569152615,13.102147818207222,260.4089514485457,131.09432271795887,430.012491393561,32.82
CP47,PA,2026-03-29,1,2.867033209248923,0.9360746250633123,3.402908107919662,100.31749199161982,32.753251130965296,119.06775469610899,34.99
CP47,PC,2026-03-29,1,26.254194185721335,17.151867333925583,53.8429613502714,982.1970404817149,641.6694115593497,2014.3218609150745,37.41105263157895
CP47,SP,2026-03-29,1,2.445314711051626,0.9772138329357544,2.431447859878821,18337.415018176143,7328.126533185222,18233.42750123128,7499.0
CP47,TO,2026-03-29,1,3.0578225585719983,0.8242973100373628,3.6195094838165804,6296.056648099744,1697.2281613669302,7452.570027178339,2059.0
CP48,BQ,2026-03-29,1,2.8691717053317847,0.8309818441418343,1.9465067974926604,117.63603991860317,34.070255609815206,79.80677869719908,41.0
CP48,CH,2026-03-29,1,2.328330561988095,0.9864830729246928,1.5668770198291129,4423.80478447176,1874.3079737261871,2977.0506689051163,1899.99
CP48,FI,2026-03-29,1,2.8691717053317847,0.9593916887500163,2.095759165635537,94.65397455889558,31.65033181186304,69.13909487431637,32.99
CP48,GA,2026-03-29,1,2.7367558400149434,0.9668772231624453,4.908347748668169,629.4264756450368,222.3720925551308,1128.8708987161922,229.99
CP48,HT,2026-03-29,1,1.502192242088692,0.9235681347123516,1.4589385607432916,4505.074534023987,2769.7808360023423,4375.356743669132,2999.0
CP48,LO,2026-03-29,1,11.090908025614317,3.5065096889039595,26.411308411112234,36.51126922032233,11.543429895871835,86.94602728938148,3.2920000000000003
CP48,ME,2026-03-29,1,7.384018310800795,6.20164137847718,16.174993845204096,168.661526816277,141.65434857210232,369.4599665585261,22.84142857142857
CP48,PA,2026-03-29,1,2.034348928602911,1.2968911651947441,2.540563773452581,2330.8349414574996,1485.9000836102261,2910.8255377955606,1145.74
CP48,PC,2026-03-29,1,37.74590047149422,29.301875836400022,51.460134453864846,988.5651333484336,767.4161281553166,1347.7409213467204,26.19
CP48,SP,2026-03-29,1,1.7136842183848604,0.9876554450557165,1.2524204036999353,15250.075859406872,8789.145805550821,11145.289172525725,8899.0
CP48,TO,2026-03-29,1,1.7136842183848604,0.8792869675887244,1.3021810923340529,848.256551258322,435.2382560867427,644.5666188944328,494.99
CP02,BQ,2026-04-05,2,3.2742867899081842,1.6915227546399036,3.8450308490207044,373.2359511816339,192.81667880140262,438.29506647987006,113.99
CP02,CH,2026-04-05,2,2.328330561988095,0.9886834821991687,1.645815409888989,6053.636177863426,2570.5671668830164,4279.103607557272,2599.99
CP02,FI,2026-04-05,2,2.328330561988095,0.9822565302289705,1.9835865009727223,814.8924133902134,343.7799630148374,694.2354394754431,349.99
CP02,GA,2026-04-05,2,1.0616405162563622,0.8684095029402187,1.6861593834426967,297.2487281466189,243.14597672823183,472.10776577012064,279.99
CP02,HT,2026-04-05,2,1.502192242088692,0.9602308641963943,1.4396631362993617,4211.080490324809,2691.80557929311,4035.7932733566377,2803.29
CP02,LO,2026-04-05,2,13.378736151928543,1.016592331416692,35.95111516205986,33.31305301830207,2.531314905227563,89.51827675352905,2.49
CP02,ME,2026-04-05,2,2.6621918898039336,1.8299895535860804,4.8955413371501875,608.4439564146891,418.2441124720987,1118.8759726056753,228.55
CP02,PA,2026-04-05,2,2.9861558543953155,0.8241520806591055,10.03383671362811,164.2087104331984,45.320122915444216,551.7606808824098,54.99
CP02,PC,2026-04-05,2,41.092412071396744,35.10646146503106,53.23359537800608,1082.2483408624125,924.5967262293314,1402.0099422708292,26.336938775510205
CP02,SP,2026-04-05,2,2.445314711051626,0.9822239465976033,1.4642754611303315,31654.867919181514,12714.9970333401,18955.206914632865,12945.11
CP02,TO,2026-04-05,2,1.617988170206861,0.9570601757668182,1.5509704373206843,1391.4536464961984,823.062180557706,1333.8190663914154,859.99
CP04,BQ,2026-04-05,2,2.8691717053317847,1.0058430847575561,2.370278194027284,177.85995401351732,62.352212824120905,146.93354524775134,61.99
CP04,CH,2026-04-05,2,0.84896793741034,0.9846960578334641,1.6934785464998503,2037.514560105442,2363.2606918397355,4064.331576814175,2399.99
CP04,FI,2026-04-05,2,2.3169821788297864,2.7274379025593714,6.4204689708080105,977.7433096443816,1150.951520501029,2709.3737009912725,421.99
CP04,GA,2026-04-05,2,6.290724468733959,1.05382356754128,12.136657089699034,188.65882681733143,31.604168790562984,363.978346120074,29.99
CP04,HT,2026-04-05,2,2.7929583704505965,1.1927972552319397,3.654278329790802,5818.486384408614,2484.918737907043,7612.848416103284,2083.27
CP04,LO,2026-04-05,2,5.944226649331657,4.472487973916852,9.965832674378655,109.91724249849852,82.70269190625676,184.28248305308188,18.49142857142857
CP04,ME,2026-04-05,2,3.738679614706553,2.656407468814812,6.639023718682175,565.7650393945058,401.98750123707345,1004.6668617888768,151.3275
CP04,PA,2026-04-05,2,2.9861558543953155,0.940329605004249,2.632821486584369,164.2087104331984,51.70872497918366,144.77885354727445,54.99
CP04,PC,2026-04-05,2,46.45857734488683,38.62588530797869,77.5657937107159,1088.7870591496041,905.2228129872466,1817.8049619978294,23.43565217391304
CP04,SP,2026-04-05,2,1.8671066457085863,0.9983882936575799,1.4533803107401386,18669.199350440154,9982.884548282142,14532.349727090646,9999.0
CP04,TO,2026-04-05,2,2.3496186628736266,0.9541348497734897,2.4746024675466867,845.8392224478769,343.4790045699586,890.8321422921317,359.99
CP05,BQ,2026-04-05,2,4.300516742332828,1.9615871885051064,3.7676109024587197,79.51655456573398,36.26974711545942,69.66312558646172,18.49
CP05,CH,2026-04-05,2,2.328330561988095,0.981628847111002,1.5308493209477296,4074.5552001735464,1717.8406661557824,2678.9710031653176,1749.99
CP05,FI,2026-04-05,2,2.328330561988095,0.9808217803551718,2.060686422031185,6519.3022902610455,2746.2911767766773,5769.901374823097,2799.99
CP05,GA,2026-04-05,2,2.4127809363464423,0.8907451654180117,2.3581893169332004,844.4491999118914,311.75190044464995,825.3426790334508,349.99
CP05,HT,2026-04-05,2,1.9073073266650893,0.6607984886672826,5.17350322985042,13353.05859398229,4626.250219159646,36219.69611218279,7001.0
CP05,LO,2026-04-05,2,12.07530087643296,3.77971930307852,29.910858777763675,178.59369996244348,55.90204849253131,442.38160132312476,14.79
CP05,ME,2026-04-05,2,22.694216338501956,15.590921993457162,29.452507404742995,2379.2822720343074,1634.5664353594975,3087.827651319987,104.8409090909091
CP05,PA,2026-04-05,2,6.725441976737886,3.835890120414113,12.74114430914976,2286.583017671114,1304.1642820395944,4331.861653667827,339.99
CP05,PC,2026-04-05,2,180.01999358467614,81.50695334218562,283.51285364294404,3785.5935491274395,1713.9884889290097,5961.917942967866,21.02873949579832
CP05,SP,2026-04-05,2,27.57763252511433,0.9642403725119609,29.699058571695186,0.0,0.0,0.0,0.0
CP05,TO,2026-04-05,2,2.834815536832286,0.9287963706169383,8.516313145606135,1629.9905855231962,534.0486251410334,4896.794895592072,574.99
CP06,BQ,2026-04-05,2,1.348526340784683,0.9270094842018208,2.322846087553743,33.69967325620922,23.165967010203502,58.04792372796803,24.99
CP06,CH,2026-04-05,2,2.328330561988095,0.9914622776463133,1.7860587156736554,4423.80478447176,1883.7684129052188,3393.4936991927884,1899.99
CP06,FI,2026-04-05,2,1.348526340784683,0.9281621153710965,2.2627360733213906,35.04819959699391,24.122933378494796,58.80851054562294,25.99
CP06,GA,2026-04-05,2,4.877876701381672,0.43769241474022796,29.471061280130396,1658.4292997027549,148.81104408753012,10019.866124631533,339.99
CP06,HT,2026-04-05,2,6.913783219115129,0.8937614268992875,17.37901487708539,0.41482699314690774,0.053625685613957245,1.0427408926251234,0.06
CP06,LO,2026-04-05,2,7.216638759326409,4.369306871889424,13.097839607987172,148.59059205453076,89.96402849220323,269.6845175284559,20.59
CP06,ME,2026-04-05,2,46.8777724839344,10.997392340558955,82.7024189695997,8094.197463711017,1898.8757458749524,14279.895873804902,172.666
CP06,PA,2026-04-05,2,3.0706062287536637,1.0106338769468444,2.5572939716867307,614.0905396884452,202.11666905059943,511.43322139762927,199.99
CP06,PC,2026-04-05,2,75.05595171747302,50.45485053412423,148.57217790216257,1780.3849100859352,1196.8278660929147,3524.2463461299903,23.720769230769232
CP06,SP,2026-04-05,2,0.9659520864738704,0.6667668901163617,1.5825202218395715,9658.554912652231,6667.002134273501,15823.619698173876,9999.0
CP06,TO,2026-04-05,2,1.196964114499718,0.8309947664083195,1.6234558777384727,347.10762356377325,240.98017231074857,470.7859699853797,289.99
CP07,BQ,2026-04-05,2,2.7422789791139595,0.7401494244616139,3.222024047024167,5484.530535438128,1480.2914474289832,6444.0158738078635,1999.99
CP07,CH,2026-04-05,2,1.3098089939600874,0.8452170780143233,3.40184040116867,1899.2099431521872,1225.5563109499888,4932.6345632905595,1449.99
CP07,FI,2026-04-05,2,1.69930981974075,0.9353673770028008,3.583487542780142,1869.2238086166276,1028.894761029311,3941.8004621827286,1099.99
CP07,GA,2026-04-05,2,2.889494263351346,0.7746417972236559,5.218278527735426,866.8193840627704,232.38479274912453,1565.4313755353505,299.99
CP07,HT,2026-04-05,2,1.9073073266650893,1.1606267106375008,2.795720384334015,4320.194142945927,2628.9065465972367,6332.516349545369,2265.075
CP07,LO,2026-04-05,2,23.272425944287043,17.218578788318652,36.654481096330585,188.76758340931246,139.66354497785613,297.31227136529714,8.11121212121212
CP07,ME,2026-04-05,2,56.767956461937445,9.943273380675432,186.6318615745975,4017.6475460422453,703.7168569610761,13208.526207407658,70.77315789473684
CP07,PA,2026-04-05,2,9.297360023675848,0.3765066910948364,31.170372307286385,4851.827328355242,196.48001674784038,16266.258788557401,521.85
CP07,PC,2026-04-05,2,66.65834298692148,44.377179091792016,163.0126178880615,1417.0425649749,943.3830615759757,3465.3699420745247,21.25829268292683
CP07,SP,2026-04-05,2,1.4267931430236174,1.000668650570948,1.9499829852827213,12400.658708098306,8697.091429334268,16947.84812032801,8691.28
CP07,TO,2026-04-05,2,2.719980834918745,0.9572896888434229,2.991652927135128,0.0,0.0,0.0,0.0
CP08,BQ,2026-04-05,2,2.8691717053317847,1.001593878774092,2.1315172243286677,516.4222152426679,180.27688224054882,383.65178520691694,179.99
CP08,CH,2026-04-05,2,0.7242895132657858,0.8806130609673973,2.4473345772686343,28.964337635498776,35.21571630808622,97.8689097449727,39.99
CP08,FI,2026-04-05,2,2.851022391153745,0.927479696515618,2.657081922849242,49.00907490393288,15.943375983103476,45.675238253778474,17.19
CP08,GA,2026-04-05,2,1.59670006932133,0.9547956662008777,1.5028716695742388,2714.374150845568,1623.1430845848301,2554.8668095595103,1699.99
CP08,HT,2026-04-05,2,1.59670006932133,0.9591575358579342,1.573733583706806,2393.493321414407,1437.80112518944,2359.065985316095,1499.025
CP08,LO,2026-04-05,2,9.970546798415942,0.9047923310997201,32.183012565898174,0.0,0.0,0.0,0.0
CP08,ME,2026-04-05,2,4.364825095873603,3.4108825912752536,8.626556362207367,106.34896346096033,83.10615433642155,210.18604576518248,24.365
CP08,PA,2026-04-05,2,3.1236223302764117,1.5427062386941308,9.0639711261807,804.3015138228733,397.23142940135176,2333.8819252802687,257.49
CP08,PC,2026-04-05,2,55.49109375447135,40.24557372645165,92.50287060826365,1482.7070275265678,1075.3508527887,2471.6517018769646,26.71972972972973
CP08,SP,2026-04-05,2,1.5234803429742234,1.0093954237512093,1.3190604441707534,8377.618406015254,5550.6654352078995,7253.513382494973,5499.0
CP08,TO,2026-04-05,2,2.591876364719126,0.9809553339918199,1.3505597501008944,746.4344742754612,282.50532663630423,388.9477024315566,287.99
CP10,BQ,2026-04-05,2,4.916643361853249,0.8821714269930107,2.536219075538944,49.11726718491396,8.812892555660177,25.33682856463405,9.99
CP10,CH,2026-04-05,2,2.328330561988095,0.9917089704101384,1.5950555510586184,4421.499737215392,1883.2553348088527,3029.010491460316,1899.0
CP10,FI,2026-04-05,2,2.009447510765701,2.0081304468944383,3.9220976470078948,276.27893825517623,276.09785514351637,539.2492054871154,137.49
CP10,GA,2026-04-05,2,2.328330561988095,0.7766710140754857,5.2369635975736175,1164.1419976884276,388.3277403276021,2618.429429150833,499.99
CP10,HT,2026-04-05,2,3.8189071748948495,0.8275107049703776,2.855316825564388,0.0,0.0,0.0,0.0
CP10,LO,2026-04-05,2,18.03946790696403,7.657719962981978,42.05694137582039,112.09274370689775,47.583157419979266,261.3313194740039,6.21375
CP10,ME,2026-04-05,2,6.048805876467347,3.4719629686919036,10.433058787887099,227.32084573306122,130.48022610007362,392.0859415363393,37.58111111111111
CP10,PA,2026-04-05,2,3.2943966435964698,1.7053528933956748,4.426714705440551,555.7976577411605,287.7100866447843,746.8310379548753,168.71
CP10,PC,2026-04-05,2,97.93320585254294,69.87437266424314,139.31409803894633,2339.1938121871303,1668.9916228491459,3327.6014324887187,23.8856043956044
CP10,SP,2026-04-05,2,11.320532246188128,7.674447667482961,26.371640646055578,848.0733191723197,574.9282952988448,1975.6213160605437,74.91461538461539
CP10,TO,2026-04-05,2,2.445314711051626,0.8652148960579275,2.0878915536491354,1467.164373483865,519.1202854857959,1252.7140532739447,599.99
CP12,BQ,2026-04-05,2,2.8691717053317847,1.006935795770558,2.4770087910604266,143.42989354953593,50.336720430570196,123.82566946511074,49.99
CP12,CH,2026-04-05,2,2.1375412126650195,0.9805618983443551,2.518843652007426,85.48027309447413,39.21267031479076,100.72855764377698,39.99
CP12,FI,2026-04-05,2,5.454953803419055,3.754577449153952,7.866728468059767,2000.1012394420673,1376.6450240013455,2884.397178479976,366.65777777777777
CP12,GA,2026-04-05,2,2.0051253473481783,0.9509146439621029,1.5107631573009908,481.21003211008934,228.21000540446508,362.5680501206648,239.99
CP12,HT,2026-04-05,2,2.6733370545296484,0.8167508440447694,2.9745345307438287,11826.843129239165,3613.30573405406,13159.340764010698,4424.0
CP12,LO,2026-04-05,2,5.935164929881259,1.0017074942583244,3.2400314105803867,59.292297649513785,10.007057867640661,32.367913791698065,9.99
CP12,ME,2026-04-05,2,8.676710017036275,4.527472666258817,14.4904166853658,949.2342450412727,495.3066415568812,1585.2552079831898,109.40025
CP12,PA,2026-04-05,2,2.407947789052277,0.6017290133706868,26.942056479960815,471.0427464944064,117.71022959557376,5270.405088609935,195.62
CP12,PC,2026-04-05,2,22.03676847356519,13.735223978355567,27.07809824416252,345.8865254000823,215.58645965556562,425.01464438175793,15.695882352941176
CP12,SP,2026-04-05,2,2.445314711051626,0.9896485633238175,1.3055051395774493,14887.760649001391,6025.257555113131,7948.280831186593,6088.28
CP12,TO,2026-04-05,2,4.521284056527588,0.8443961881235196,0.0,0.0,0.0,0.0,0.0
CP13,BQ,2026-04-05,2,3.5646836138330915,0.9898790829645329,2.4929478328619044,78.38739266818968,21.767441034390075,54.819922844633275,21.99
CP13,CH,2026-04-05,2,2.8691717053317847,0.8854692094601823,2.1088834988605663,143.42989354953593,44.264605780914515,105.42308610803971,49.99
CP13,FI,2026-04-05,2,2.7734756571537855,0.7814514593774711,2.0127002164859964,345.52884228707575,97.35582764744325,250.74890197054702,124.58333333333331
CP13,GA,2026-04-05,2,2.0418451644870204,0.9062966371231065,2.2201462357754376,101.99016596612667,45.26951702429917,110.89630447698312,49.95
CP13,HT,2026-04-05,2,1.59670006932133,0.9903646053706925,1.4491918482487371,918.1025398597648,569.4596480881481,833.2853127430238,575.0
CP13,LO,2026-04-05,2,1.348526340784683,0.9413403825943455,2.7965887335408612,35.04819959699391,24.46543654362704,72.68334118472698,25.99
CP13,ME,2026-04-05,2,3.738679614706553,2.8173514678292277,6.59987691996322,716.5702896731167,539.9848517300211,1264.9588099878306,191.664
CP13,PA,2026-04-05,2,2.7642748576591045,0.9233095969969666,2.668560603815309,80.13632812353744,26.76674521694206,77.36157190460581,28.99
CP13,PC,2026-04-05,2,51.96026309537929,41.98223008448205,73.57050716695856,1106.6872716808189,894.1679064631895,1566.9578828598342,21.29872340425532
CP13,SP,2026-04-05,2,2.445314711051626,0.7714063911529454,1.5935779324824773,20782.72972922777,6556.182918408883,13543.818848168574,8499.0
CP13,TO,2026-04-05,2,2.445314711051626,0.9483412106238599,1.6273279412399166,806.929401499926,312.9431160937675,537.0019473297601,329.99
CP15,BQ,2026-04-05,2,4.572676547044643,0.9367658336337,1.6407929372634025,59.399068346109914,12.168588178901764,21.3139002550516,12.99
CP15,CH,2026-04-05,2,2.1375412126650195,0.8817835898603734,1.7556235500150705,106.85568522112433,44.08036165712007,87.76362126525338,49.99
CP15,FI,2026-04-05,2,1.3098089939600874,0.9053048179168327,2.0152745668869594,458.420049796091,316.84763322271226,705.3259456647669,349.99
CP15,GA,2026-04-05,2,3.3772455143274436,0.7954729999056713,10.579384708681252,1013.1398818430898,238.63394524170235,3173.709618757289,299.99
CP15,HT,2026-04-05,2,1.91736477953938,0.7898232131575981,2.467197419533956,4906.191345180957,2021.0154342919252,6313.114101051878,2558.82
CP15,LO,2026-04-05,2,17.77113149086328,11.708794547235916,36.75142762331656,137.1446683872167,90.35996082862336,283.6207900857584,7.717272727272728
CP15,ME,2026-04-05,2,5.9003181324449825,2.6215033579506937,6.82064244269579,94.35788757406017,41.923081700347495,109.07571394359107,15.992
CP15,PA,2026-04-05,2,2.9861558543953155,0.8747671312648918,2.5923816086452622,164.2087104331984,48.103444548256405,142.55506465940297,54.99
CP15,PC,2026-04-05,2,54.45998752415154,31.874353647549217,87.48492928746943,756.1350344747487,442.55088166264585,1214.660947057061,13.88423076923077
CP15,SP,2026-04-05,2,1.7136842183848604,0.8756072478207976,1.4271157149916476,25260.55079654058,12906.882799120815,21036.389682729616,14740.493333333334
CP15,TO,2026-04-05,2,2.445314711051626,0.8265695773901133,1.7082297323295543,2102.946198357288,710.8415708597236,1469.0604875060935,859.99
CP16,BQ,2026-04-05,2,4.724875194198759,4.1115550113119985,7.490035683889672,333.5572892096556,290.25933757858184,528.7665591398753,70.596
CP16,CH,2026-04-05,2,3.170708674111887,1.5903675713932457,7.305398472722484,112.52845084423087,56.442145108746296,259.268591796921,35.49
CP16,FI,2026-04-05,2,2.641858093983085,0.9142291662878617,2.3495417317433085,58.09445948668803,20.103899366670078,51.66642268103535,21.99
CP16,GA,2026-04-05,2,2.8691717053317847,0.8302603318535576,2.6372550451558108,200.8133276561716,58.109920626430494,184.58148061045517,69.99
CP16,HT,2026-04-05,2,1.59670006932133,0.8999340682374515,1.4557339084105758,4948.173514826802,2788.8956774678622,4511.3193821643745,3099.0
CP16,LO,2026-04-05,2,10.810095428955412,8.868581459513525,20.545262217081916,265.2404323886423,217.60273962933638,504.10602476276443,24.536363636363635
CP16,ME,2026-04-05,2,6.591535290416924,3.259476134065289,19.252511864008202,999.9798471248502,494.48425937859815,2920.734399849138,151.70666666666668
CP16,PA,2026-04-05,2,2.2545253617285503,0.995588261508917,1.7307534924506938,157.79423006738122,69.68122242300909,121.13543693662405,69.99
CP16,PC,2026-04-05,2,54.584482401624626,43.166348530560846,84.96188003649013,1193.4897077115224,943.8322106207129,1857.6915069978565,21.865
CP16,SP,2026-04-05,2,2.445314711051626,0.997718282386225,1.5088473176558368,13446.78559607289,5486.452834841851,8297.151399789447,5499.0
CP16,TO,2026-04-05,2,2.445314711051626,0.9201362178785326,1.464430370403414,1149.2734610471537,432.45482104073153,688.2676297859006,469.99
CP17,BQ,2026-04-05,2,3.252111295928805,1.9813833394778928,4.021926315949689,44.412999931401046,27.059091806136422,54.92610705481959,13.656666666666666
CP17,CH,2026-04-05,2,1.3307672363204168,1.768142524613856,4.458368768925788,664.7182345420482,883.187191044621,2226.955200078431,499.5
CP17,FI,2026-04-05,2,1.5530567417803582,1.890470322772417,4.282560269304858,892.9920959562882,1087.001530890912,2462.4293292476,574.99
CP17,GA,2026-04-05,2,3.496966577863767,0.930955575955579,3.58435495674566,0.0,0.0,0.0,0.0
CP17,HT,2026-04-05,2,1.8228569523067415,0.7397216670925834,2.439768799206822,5598.048386242573,2271.7074312913364,7492.603175428127,3071.03
CP17,LO,2026-04-05,2,3.4564709623151946,0.9339074821371918,11.890463725706399,76.00779646131112,20.536625532196844,261.4712973282837,21.99
CP17,ME,2026-04-05,2,2.794607755120775,2.1665655110333284,5.184052216949172,173.75473717463416,134.70621064849718,322.31844658881477,62.175
CP17,PA,2026-04-05,2,4.605734430885935,0.9131422744007407,28.99461652986367,0.0,0.0,0.0,0.0
CP17,PC,2026-04-05,2,39.55822178139216,25.284090362336332,57.98657431502677,701.0173340683247,448.0632551710179,1027.5890044480225,17.721153846153847
CP17,SP,2026-04-05,2,4.521284056527588,0.7035274688288885,4.206626063392351,0.0,0.0,0.0,0.0
CP17,TO,2026-04-05,2,2.445314711051626,1.0139644155958893,1.2136141764861315,1027.0077254945722,425.8549149061176,509.70581798241034,419.99
CP202,BQ,2026-04-05,2,1.59670006932133,0.7647654632258345,1.6417403536194248,638.6640607278388,305.89853763570153,656.6797240442338,399.99
CP202,CH,2026-04-05,2,1.502192242088692,0.9260340788911435,2.3101404495513784,2852.663067726426,1758.5387158142817,4386.956713698068,1899.0
CP202,FI,2026-04-05,2,2.7423091074950277,0.9921306075888144,0.5952625657203577,3016.5125951534555,1091.33374704162,654.7828696667364,1099.99
CP202,GA,2026-04-05,2,1.59670006932133,0.8317509411451528,1.6915924625395202,510.9280551821324,266.1519836570375,541.292672088021,319.99
CP202,LO,2026-04-05,2,1.7244651887455655,0.9803766510323216,1.901442529965864,51.71671101047951,29.401495764459323,57.024261473676255,29.99
CP202,ME,2026-04-05,2,2.7202607560171996,0.9459809548706982,2.096358884211469,462.4171259153638,160.80730251847,356.3600467271076,169.99
CP202,PA,2026-04-05,2,3.578727805741156,1.448260686658477,5.819367561638282,453.269734782489,183.43187103654054,737.0616974652328,126.65666666666668
CP202,PC,2026-04-05,2,58.080124499459835,45.31277592493827,88.38453863922354,1287.7525204020235,1004.6748678077314,1959.6619907088643,22.172
CP202,SP,2026-04-05,2,1.7136842183848604,0.9533335891730081,1.5928284314628343,16278.286390437788,9055.715763554404,15130.277270465464,9499.0
CP202,TO,2026-04-05,2,4.795663454533338,1.4387219882891473,0.6846978136699463,0.0,0.0,0.0,0.0
CP28,BQ,2026-04-05,2,3.8410460543778746,0.9502878736374616,1.88538478888869,57.61569081566812,14.254318104561923,28.280771833330352,15.0
CP28,CH,2026-04-05,2,1.7501224966450568,1.0006597868482325,2.085173502150301,9625.656230322846,5503.61882106741,11468.433410091633,5499.99
CP28,FI,2026-04-05,2,2.4748922156555953,1.0001644531868008,1.9747337139674959,618.6983049917422,250.03111165216833,493.6636811547343,249.99
CP28,GA,2026-04-05,2,1.743261722988829,0.9661865323524402,1.6505213735931812,488.09584981964224,270.52256719335975,462.1294793923548,279.99
CP28,HT,2026-04-05,2,1.91736477953938,0.8255792684813025,2.254072082065262,4599.758106114972,1980.5646650866447,5407.518924874564,2399.0
CP28,LO,2026-04-05,2,3.712952352478556,1.928095295513068,6.225416905499527,54.728917675533914,28.42012465586262,91.76264518706301,14.739999999999998
CP28,ME,2026-04-05,2,3.7387823240452076,0.852109483768125,5.784709926137831,130.81999351834182,29.815310837046695,202.4070003155627,34.99
CP28,PA,2026-04-05,2,2.158829313550551,0.9089927756704147,1.8727278747321314,151.09646365540306,63.62040436917232,131.07222395250187,69.99
CP28,PC,2026-04-05,2,32.707062240682745,23.799972896557577,46.58783577771022,564.1517104624799,410.5167049167954,803.5759080816699,17.248620689655173
CP28,SP,2026-04-05,2,1.6191763911522228,0.722656777820579,1.3577949784277596,14570.968343978853,6503.18834360739,12218.797010871409,8999.0
CP28,TO,2026-04-05,2,16.329192661340322,0.7003537574193404,44.718311477959425,90.21878945390529,3.8694545097418556,247.06867091572585,5.525
CP32,BQ,2026-04-05,2,4.572676547044643,0.8737482494841243,2.309396677105911,68.5444214401992,13.097486259767024,34.6178561898176,14.99
CP32,CH,2026-04-05,2,1.8228569523067415,1.4965984379816026,2.769856887002155,7200.266733042105,5911.54886404295,10940.907005089643,3949.99
CP32,FI,2026-04-05,2,4.896317631616267,3.0864781567334187,6.872246240256077,6634.461427663725,4182.147037592215,9311.824933084581,1354.99
CP32,GA,2026-04-05,2,2.778557053395982,0.7077282598954744,5.1223507730187405,7330.750430686221,1867.220699930027,13514.451714978533,2638.33
CP32,HT,2026-04-05,2,1.91736477953938,1.1899653651414757,2.571400921117946,2684.310691355132,1665.9515111980659,3599.9612895651244,1400.0
CP32,LO,2026-04-05,2,5.869743864108823,3.6937940782750953,8.73995030194912,83.87863981811508,52.78431737855111,124.89388981485293,14.29
CP32,ME,2026-04-05,2,4.32610774904901,3.104853952854748,7.304650569849637,2629.4948120269696,1887.192329624173,4439.912709366007,607.82
CP32,PA,2026-04-05,2,3.380647508324401,1.5352890332081996,4.4271035386984865,580.6431127922575,263.6935678986743,760.3771682891585,171.755
CP32,PC,2026-04-05,2,28.669920871851588,21.202490914518354,72.20428262108543,675.5042927706403,499.56097521878746,1701.2360475279456,23.56142857142857
CP32,SP,2026-04-05,2,10.202027580707355,0.9847130786677449,3.1082501779030305,183.5344761769253,17.714988285232728,55.91742070047551,17.99
CP32,TO,2026-04-05,2,1.7136842183848604,0.8507108560493556,1.8665871863241132,681.1723399657982,338.14905817105836,741.9497406919718,397.49
CP33,BQ,2026-04-05,2,2.0418451644870204,0.7816842848870738,3.042264200853723,193.95487217462204,74.25219022142313,288.9846764390951,94.99
CP33,CH,2026-04-05,2,3.4928086302486916,2.0655706302129406,4.718236643809235,132.6917998631478,78.47102824178963,179.24581009831286,37.99
CP33,FI,2026-04-05,2,4.142069590642552,1.0014708914191517,1.9401012524305656,66.27311345028083,16.023534262706427,31.04162003888905,16.0
CP33,GA,2026-04-05,2,1.743261722988829,0.9018314256156823,1.5115542996725626,470.66323258975393,243.48546660197806,408.1045453685952,269.99
CP33,HT,2026-04-05,2,1.8228569523067415,0.9805692247841895,2.4489460100821945,5011.033761891233,2695.584798931737,6732.152581715953,2749.0
CP33,LO,2026-04-05,2,6.970311487702959,1.9779798703664218,14.977957375239674,41.752165811340724,11.848099423494867,89.71796467768566,5.99
CP33,ME,2026-04-05,2,5.228055855799374,0.9783379140273197,2.43002736340707,78.36855727843262,14.665285331269523,36.42611017747198,14.99
CP33,PA,2026-04-05,2,2.0747983870436153,0.982785391346114,2.4860824242586075,114.72251881426496,54.341480238831124,137.4637841786726,55.29333333333333
CP33,PC,2026-04-05,2,15.34885960280346,10.41187426737385,23.40649068742018,317.9089909509548,215.6530535756844,484.8004365602218,20.712222222222223
CP33,SP,2026-04-05,2,1.7136842183848604,0.9648041417040641,1.3777542381745962,9423.549516898347,5305.457975230649,7576.270555722104,5499.0
CP33,TO,2026-04-05,2,1.6191763911522228,0.9207811427525213,1.479753785390335,1139.8839876072534,648.2207166863475,1041.731867376942,703.99
CP35,BQ,2026-04-05,2,2.611084192442781,0.7947692669171854,2.862642414649169,60.02882558425953,18.27174544642609,65.81214911278438,22.99
CP35,CH,2026-04-05,2,0.5781785012933218,0.9183348162602882,2.0897145810464934,786.3169799739047,1248.9261667658293,2841.990933077421,1359.99
CP35,FI,2026-04-05,2,0.9150788625888624,0.8975420568432295,1.5323116429051495,320.26845111747593,314.1307444745619,536.2937519003733,349.99
CP35,GA,2026-04-05,2,1.59670006932133,0.9740100145975473,1.4737309262877285,2874.044157777701,1753.2082861754393,2652.7009300086484,1799.99
CP35,HT,2026-04-05,2,4.723323310752289,3.024579742492147,5.220181449505333,13881.847210300979,8889.23986318442,15342.113280096173,2939.0
CP35,LO,2026-04-05,2,17.475381464987393,10.070335875919401,25.778907937998813,169.2826759912202,97.55056898881003,249.7182982024762,9.686923076923078
CP35,ME,2026-04-05,2,5.510035438553834,4.038537354421428,10.34385462884961,628.5077023340817,460.6598018694346,1179.8821220943596,114.066
CP35,PA,2026-04-05,2,4.425873646337339,2.127549106535349,5.945574891683465,762.6812996490048,366.6263538685265,1024.561283917867,172.32333333333335
CP35,PC,2026-04-05,2,70.54690652279146,53.95624392254665,114.92146030958828,1631.321627368278,1247.6803304475457,2657.435639523183,23.12392857142857
CP35,SP,2026-04-05,2,2.445314711051626,0.9501558611818262,1.4697586213797937,13446.78559607289,5224.907080638862,8082.202658967486,5499.0
CP35,TO,2026-04-05,2,1.8671066457085863,0.9862015074334473,1.790563812760119,784.1661201311492,414.1947711069735,752.0188957211224,419.99
CP36,BQ,2026-04-05,2,6.705605261771701,5.877967562023575,14.834815834115455,3374.931128249697,2958.3810739664655,7466.362809310309,503.3
CP36,CH,2026-04-05,2,4.875328701746971,2.583596885864301,7.144098263626607,5607.603072749366,2971.6531381211194,8217.141822823323,1150.2
CP36,FI,2026-04-05,2,3.1235480226145396,0.9673297997085578,2.265104549985253,49.94553288160649,15.467603497339839,36.2190217542642,15.99
CP36,GA,2026-04-05,2,4.685050207701161,3.1552275982277047,18.085036977977822,1937.4790881437766,1304.828597109076,7478.976617057839,413.545
CP36,HT,2026-04-05,2,2.328330561988095,0.9362648517050426,1.4258251851892942,1396.9750538872372,561.7495483745085,855.4808528617247,599.99
CP36,LO,2026-04-05,2,5.286521990654407,2.0507034865029676,12.336537073541722,43.08515422383342,16.713233414999188,100.54277714936504,8.15
CP36,ME,2026-04-05,2,59.27543536664129,1.3923276840824423,57.91507895644544,74.09429420830162,1.7404096051030529,72.3938486955568,1.25
CP36,PA,2026-04-05,2,3.391270938971715,1.591162324974042,5.061337475582568,686.6984524323826,322.1944591839938,1024.8702254307143,202.49
CP36,PC,2026-04-05,2,40.3866832489551,26.951525050180116,60.72868235679334,917.4752979164899,612.2651449808644,1379.5900394671896,22.717272727272725
CP36,SP,2026-04-05,2,2.834815536832286,0.8498179556902588,5.917546757125176,27540.23294032566,8255.981439530864,57488.96674547108,9715.0
CP36,TO,2026-04-05,2,2.765979421269676,1.5961715451628364,2.770036087033641,1797.8589640310768,1037.4955426403922,1800.4957562109962,649.99
CP37,BQ,2026-04-05,2,2.328330561988095,0.9582077162314945,1.543037874457833,3725.305615875332,1533.122763893229,2468.845168753788,1599.99
CP37,CH,2026-04-05,2,1.59670006932133,1.002580753661342,1.5355365051801626,2874.044157777701,1804.635330782879,2763.950353959241,1799.99
CP37,FI,2026-04-05,2,3.683597979571766,2.6181323288525973,4.308346974049865,2962.496839090797,2105.606744156413,3464.9449704098633,804.24
CP37,GA,2026-04-05,2,2.4748922156555953,0.7648007383105017,1.5488530424288196,692.9450714614102,214.13655871955737,433.66336334964524,279.99
CP37,HT,2026-04-05,2,0.117337444743574,0.9694207533930458,1.679390560402515,199.35631861933223,1647.0458600147847,2853.284562123873,1699.0
CP37,LO,2026-04-05,2,9.442627692014431,5.374738945503007,13.693893664883623,110.38431771964869,62.83069827293015,160.08161694248955,11.69
CP37,ME,2026-04-05,2,11.80791628119975,2.0705542706588265,13.24273501476187,2066.5535225630524,362.37648707763435,2317.6672362335376,175.01424242424244
CP37,PA,2026-04-05,2,6.72530182003915,0.8088700856782677,2.8476004932405012,120.9881797425043,14.551572841352034,51.22833287339661,17.99
CP37,PC,2026-04-05,2,124.69321253645833,93.33888000966701,212.86196588999422,2809.6339606456454,2103.146448705956,4796.285187691818,22.532372881355933
CP37,SP,2026-04-05,2,1.7136842183848604,0.9551084622477747,1.3437167718444212,17135.12849963022,9550.1295140155,13435.824001672367,9999.0
CP37,TO,2026-04-05,2,1.4267931430236174,0.7319466646875336,1.8337169192751972,513.631263557072,263.4934798208652,660.1197537698782,359.99
CP39,BQ,2026-04-05,2,2.8691717053317847,1.0368731059082323,2.138805836637609,573.8056493493036,207.3642524505874,427.73977926915546,199.99
CP39,CH,2026-04-05,2,2.1375412126650195,0.8878778531629818,1.908552932890832,81.2051906691441,33.73047964166168,72.50592592052271,37.99
CP39,FI,2026-04-05,2,2.36704790881269,1.0038092178984102,2.227241352551006,66.37202336310783,28.14681046987142,62.451847525530205,28.04
CP39,GA,2026-04-05,2,1.59670006932133,0.8911935360331046,2.008358397919615,510.9280551821324,285.17301959523314,642.6546037502976,319.99
CP39,HT,2026-04-05,2,1.59670006932133,0.8900884443902833,1.307364467858354,4967.110377648953,2768.9405381159568,4067.0278284818396,3110.86
CP39,LO,2026-04-05,2,7.383392929860391,0.9167183508206067,13.622304312239338,18.384648395352375,2.282628693543311,33.919537737475956,2.49
CP39,ME,2026-04-05,2,5.291157181083298,2.0478208487933354,5.188543745023123,70.53112522384036,27.29745191441516,69.16328812115823,13.33
CP39,PA,2026-04-05,2,1.9398411013702723,1.493906398647479,3.026775762594055,1275.4261257399403,982.228518046731,1990.0747961479651,657.49
CP39,PC,2026-04-05,2,26.324102212297827,17.083357446372922,41.567576778547256,436.42352999165536,283.22254262378146,689.1429171862809,16.578857142857142
CP39,SP,2026-04-05,2,2.445314711051626,0.9888252742947428,1.3144846093489893,13446.78559607289,5437.550183346791,7228.350866810092,5499.0
CP39,TO,2026-04-05,2,4.521284056527588,0.894197954981235,1.014628431456319,0.0,0.0,0.0,0.0
CP40,BQ,2026-04-05,2,2.6489952722061454,1.0800821953846218,2.509808126294981,2264.8644677835323,923.4594762318978,2145.860849900946,854.99
CP40,CH,2026-04-05,2,14.93886944080892,1.0012406043454947,6.321705012356686,71.55718462147473,4.79594249481492,30.280967009188526,4.79
CP40,GA,2026-04-05,2,1.91736477953938,1.1604981998951849,2.693606798416776,1962.4228518585555,1187.7699075927217,2756.9065581795703,1023.5
CP40,HT,2026-04-05,2,3.028674035535744,0.90530148681032,0.926246676085667,8780.126029018122,2624.4690102631175,2685.189113972349,2899.0
CP40,LO,2026-04-05,2,4.893341257262694,1.7545370475766042,4.044271861521314,68.06637688852406,24.405610331790562,56.255821593761475,13.909999999999998
CP40,ME,2026-04-05,2,6.780955191117818,3.784463024007742,9.142140064308933,277.0117066360074,154.6007209064649,373.46948182711185,40.85142857142858
CP40,PA,2026-04-05,2,22.965636465460555,0.9370882687730646,10.192789444632682,114.59852596264818,4.676070461177592,50.86201932871709,4.99
CP40,PC,2026-04-05,2,16.594047099987147,8.077151296668513,35.78433083837054,526.6213036331477,256.33288370605123,1135.6356193394884,31.73555555555556
CP40,SP,2026-04-05,2,3.800582128635297,1.444126540737144,3.833307459661171,17102.600575948192,6498.562212684444,17249.86440193797,4499.995
CP40,TO,2026-04-05,2,6.189913725013005,1.5394205855812366,1.980426597106082,0.0,0.0,0.0,0.0
CP44,BQ,2026-04-05,2,3.189836415549837,1.9672061482457261,3.8374483276336955,196.17493955631497,120.98317811711216,236.00307214947227,61.5
CP44,CH,2026-04-05,2,2.0418451644870204,0.8955648234272477,2.010402655881521,77.56969779886191,34.022507642001145,76.37519689693899,37.99
CP44,FI,2026-04-05,2,4.224439122915461,2.5178011376234433,5.4577021125603995,682.9087471467705,407.0193392377471,882.273931176139,161.65666666666667
CP44,GA,2026-04-05,2,5.264164454095978,3.063541136082822,8.125451048141688,590.703591537341,343.76675874904475,911.7749186698636,112.21222222222222
CP44,HT,2026-04-05,2,1.502192242088692,0.8845437073084277,1.3442696474118827,4204.636085606248,2475.837836756289,3762.61074310586,2799.0
CP44,LO,2026-04-05,2,8.486262162908085,2.5659658549639546,14.573063531776137,18.773497740388883,5.676486685814703,32.23885499085143,2.212222222222222
CP44,ME,2026-04-05,2,2.0949692383151612,0.8869453459940754,1.8034358836390854,1093.238747322384,462.8435593535483,941.1049815182204,521.84
CP44,PA,2026-04-05,2,2.765979421269676,1.707712240275165,3.741907571614937,1313.8125653088834,811.1462370083007,1777.368677441379,474.99
CP44,PC,2026-04-05,2,35.919410190225136,28.091641516185156,47.7096373903474,1011.370859589439,790.9669862907199,1343.3443567875481,28.156666666666663
CP44,SP,2026-04-05,2,1.7136842183848604,0.9569948640397717,1.2937827573026865,14136.181117456714,7894.2506334640775,10672.41396498986,8249.0
CP44,TO,2026-04-05,2,2.445314711051626,0.9976631003341506,1.422205283764738,1613.8832561469626,658.4476695895361,938.6412652318895,659.99
CP45,BQ,2026-04-05,2,2.7648375642186136,0.925159228000674,2.1749692379668626,55.26910290873008,18.49393296773347,43.47763506695758,19.99
CP45,CH,2026-04-05,2,1.8228569523067415,1.8945239336316213,3.1315607395036085,1859.2958627833532,1932.3954670649175,3194.1606386862854,1019.99
CP45,FI,2026-04-05,2,3.189836415549837,1.664895986740291,5.22228904023196,175.40910449108554,91.55263031084861,287.1736743223555,54.99
CP45,GA,2026-04-05,2,2.328330561988095,0.9991649991746717,1.3145900757005253,791.6091077703325,339.70610806939663,446.9474798374216,339.99
CP45,HT,2026-04-05,2,1.91736477953938,1.2769340229998813,2.669465410586121,2300.8185617994604,1532.3080582596276,3203.3317980492393,1199.99
CP45,LO,2026-04-05,2,7.1477818725870925,3.519078427666611,16.093397581812145,66.64115299208699,32.809541207278365,150.0441101210952,9.323333333333332
CP45,ME,2026-04-05,2,3.5499978085736874,0.9540739426553457,2.770499542481514,70.964456193388,19.07193811368036,55.38228585420546,19.99
CP45,PA,2026-04-05,2,2.407947789052277,0.9339899624460479,2.4908984682041755,132.4130489199847,51.36010803490818,136.97450676654762,54.99
CP45,PC,2026-04-05,2,48.05389688848646,33.387983303821834,75.85643889301792,1012.2553379559674,703.317868295007,1597.9158852814226,21.065
CP45,SP,2026-04-05,2,1.7136842183848604,0.9977608675110223,1.4168453735029556,9423.549516898347,5486.687010443112,7791.232708892753,5499.0
CP45,TO,2026-04-05,2,4.051172914896373,0.7804746249435726,24.345608905025053,0.0,0.0,0.0,0.0
CP46,BQ,2026-04-05,2,3.189836415549837,1.9138580587985514,4.613164617570191,215.28205968545848,129.16628038831422,311.34248003981213,67.49
CP46,CH,2026-04-05,2,2.1375412126650195,0.8837400659320512,3.1916617899605404,81.2051906691441,33.573285104758625,121.25123140060093,37.99
CP46,FI,2026-04-05,2,2.328330561988095,0.9869677411875478,1.5470933120784909,1280.5585257878324,542.8223879757394,850.8858507100492,549.99
CP46,GA,2026-04-05,2,2.4748922156555953,0.9579241046929945,1.7472461603243992,717.693993617966,277.7884111199215,506.68391403247256,289.99
CP46,HT,2026-04-05,2,1.502192242088692,0.9200304495312771,1.296260128724498,7284.130181888067,4461.227649777163,6285.56536418509,4849.0
CP46,LO,2026-04-05,2,11.236390366984379,3.2475639039726087,34.49703702514969,47.642295156013766,13.769670952843862,146.2674369866347,4.24
CP46,ME,2026-04-05,2,3.738679614706553,2.6392607544674065,7.308900717835743,159.4060827322433,112.53016078822681,311.6295999063626,42.637
CP46,PA,2026-04-05,2,3.6963213903940284,1.641599012528626,6.871224634666459,276.07824464852996,122.61103024576308,513.2117679632378,74.69
CP46,PC,2026-04-05,2,54.023194296414594,38.593983719884804,79.191353734829,1307.6521960963678,934.182219779704,1916.8571753645108,24.205384615384617
CP46,SP,2026-04-05,2,1.7136842183848604,0.9532227865375341,1.4562681113540064,15423.157965463744,8579.005078837807,13106.413002186056,9000.0
CP46,TO,2026-04-05,2,1.7136842183848604,0.9404811392793037,1.6144180268557562,1833.6249768296168,1006.3054142174622,1727.4111445553906,1069.99
CP47,BQ,2026-04-05,2,2.328330561988095,0.9376946356896132,1.5295418879609348,1860.336119028488,749.2180139160009,1222.103968480787,799.0
CP47,CH,2026-04-05,2,2.328330561988095,1.004918964483332,1.5619449110586048,1862.6411662848561,803.9251223970208,1249.5403093977732,799.99
CP47,FI,2026-04-05,2,2.6489952722061454,1.8903045885851641,4.191012306179761,1986.719964201887,1417.7095383929873,3143.2173195117593,749.99
CP47,GA,2026-04-05,2,2.8691717053317847,1.027191802964801,4.694065494085404,344.2719129227608,123.25274443774647,563.2409186353076,119.99
CP47,HT,2026-04-05,2,3.3205171728380662,0.8635245264362227,3.6595512869255216,22373.345864037336,5818.350541919889,24657.72721168834,6737.91
CP47,LO,2026-04-05,2,7.581404803727465,1.0064960034779367,9.381921721097711,45.412614774327515,6.028911060832841,56.19771110937529,5.99
CP47,ME,2026-04-05,2,7.934459215373117,3.9943425569152615,13.102147818207222,260.4089514485457,131.09432271795887,430.012491393561,32.82
CP47,PA,2026-04-05,2,2.867033209248923,0.9360746250633123,3.402908107919662,100.31749199161982,32.753251130965296,119.06775469610899,34.99
CP47,PC,2026-04-05,2,26.254194185721335,17.151867333925583,53.8429613502714,982.1970404817149,641.6694115593497,2014.3218609150745,37.41105263157895
CP47,SP,2026-04-05,2,2.445314711051626,0.9772138329357544,2.431447859878821,18337.415018176143,7328.126533185222,18233.42750123128,7499.0
CP47,TO,2026-04-05,2,3.0578225585719983,0.8242973100373628,3.6195094838165804,6296.056648099744,1697.2281613669302,7452.570027178339,2059.0
CP48,BQ,2026-04-05,2,2.8691717053317847,0.8309818441418343,1.9465067974926604,117.63603991860317,34.070255609815206,79.80677869719908,41.0
CP48,CH,2026-04-05,2,2.328330561988095,0.9864830729246928,1.5668770198291129,4423.80478447176,1874.3079737261871,2977.0506689051163,1899.99
CP48,FI,2026-04-05,2,2.8691717053317847,0.9593916887500163,2.095759165635537,94.65397455889558,31.65033181186304,69.13909487431637,32.99
CP48,GA,2026-04-05,2,2.7367558400149434,0.9668772231624453,4.908347748668169,629.4264756450368,222.3720925551308,1128.8708987161922,229.99
CP48,HT,2026-04-05,2,1.502192242088692,0.9235681347123516,1.4589385607432916,4505.074534023987,2769.7808360023423,4375.356743669132,2999.0
CP48,LO,2026-04-05,2,11.090908025614317,3.5065096889039595,26.411308411112234,36.51126922032233,11.543429895871835,86.94602728938148,3.2920000000000003
CP48,ME,2026-04-05,2,7.384018310800795,6.20164137847718,16.174993845204096,168.661526816277,141.65434857210232,369.4599665585261,22.84142857142857
CP48,PA,2026-04-05,2,2.034348928602911,1.2968911651947441,2.540563773452581,2330.8349414574996,1485.9000836102261,2910.8255377955606,1145.74
CP48,PC,2026-04-05,2,37.74590047149422,29.301875836400022,51.460134453864846,988.5651333484336,767.4161281553166,1347.7409213467204,26.19
CP48,SP,2026-04-05,2,1.7136842183848604,0.9876554450557165,1.2524204036999353,15250.075859406872,8789.145805550821,11145.289172525725,8899.0
CP48,TO,2026-04-05,2,1.7136842183848604,0.8792869675887244,1.3021810923340529,848.256551258322,435.2382560867427,644.5666188944328,494.99
CP02,BQ,2026-04-12,3,3.2742867899081842,1.6915227546399036,3.8450308490207044,373.2359511816339,192.81667880140262,438.29506647987006,113.99
CP02,CH,2026-04-12,3,2.328330561988095,0.9886834821991687,1.645815409888989,6053.636177863426,2570.5671668830164,4279.103607557272,2599.99
CP02,FI,2026-04-12,3,2.328330561988095,0.9822565302289705,1.9835865009727223,814.8924133902134,343.7799630148374,694.2354394754431,349.99
CP02,GA,2026-04-12,3,1.0616405162563622,0.8684095029402187,1.6861593834426967,297.2487281466189,243.14597672823183,472.10776577012064,279.99
CP02,HT,2026-04-12,3,1.502192242088692,0.9602308641963943,1.4396631362993617,4211.080490324809,2691.80557929311,4035.7932733566377,2803.29
CP02,LO,2026-04-12,3,13.378736151928543,1.016592331416692,35.95111516205986,33.31305301830207,2.531314905227563,89.51827675352905,2.49
CP02,ME,2026-04-12,3,2.6621918898039336,1.8299895535860804,4.8955413371501875,608.4439564146891,418.2441124720987,1118.8759726056753,228.55
CP02,PA,2026-04-12,3,2.9861558543953155,0.8241520806591055,10.03383671362811,164.2087104331984,45.320122915444216,551.7606808824098,54.99
CP02,PC,2026-04-12,3,41.092412071396744,35.10646146503106,53.23359537800608,1082.2483408624125,924.5967262293314,1402.0099422708292,26.336938775510205
CP02,SP,2026-04-12,3,2.445314711051626,0.9822239465976033,1.4642754611303315,31654.867919181514,12714.9970333401,18955.206914632865,12945.11
CP02,TO,2026-04-12,3,1.617988170206861,0.9570601757668182,1.5509704373206843,1391.4536464961984,823.062180557706,1333.8190663914154,859.99
CP04,BQ,2026-04-12,3,2.8691717053317847,1.0058430847575561,2.370278194027284,177.85995401351732,62.352212824120905,146.93354524775134,61.99
CP04,CH,2026-04-12,3,0.84896793741034,0.9846960578334641,1.6934785464998503,2037.514560105442,2363.2606918397355,4064.331576814175,2399.99
CP04,FI,2026-04-12,3,2.3169821788297864,2.7274379025593714,6.4204689708080105,977.7433096443816,1150.951520501029,2709.3737009912725,421.99
CP04,GA,2026-04-12,3,6.290724468733959,1.05382356754128,12.136657089699034,188.65882681733143,31.604168790562984,363.978346120074,29.99
CP04,HT,2026-04-12,3,2.7929583704505965,1.1927972552319397,3.654278329790802,5818.486384408614,2484.918737907043,7612.848416103284,2083.27
CP04,LO,2026-04-12,3,5.944226649331657,4.472487973916852,9.965832674378655,109.91724249849852,82.70269190625676,184.28248305308188,18.49142857142857
CP04,ME,2026-04-12,3,3.738679614706553,2.656407468814812,6.639023718682175,565.7650393945058,401.98750123707345,1004.6668617888768,151.3275
CP04,PA,2026-04-12,3,2.9861558543953155,0.940329605004249,2.632821486584369,164.2087104331984,51.70872497918366,144.77885354727445,54.99
CP04,PC,2026-04-12,3,46.45857734488683,38.62588530797869,77.5657937107159,1088.7870591496041,905.2228129872466,1817.8049619978294,23.43565217391304
CP04,SP,2026-04-12,3,1.8671066457085863,0.9983882936575799,1.4533803107401386,18669.199350440154,9982.884548282142,14532.349727090646,9999.0
CP04,TO,2026-04-12,3,2.3496186628736266,0.9541348497734897,2.4746024675466867,845.8392224478769,343.4790045699586,890.8321422921317,359.99
CP05,BQ,2026-04-12,3,4.300516742332828,1.9615871885051064,3.7676109024587197,79.51655456573398,36.26974711545942,69.66312558646172,18.49
CP05,CH,2026-04-12,3,2.328330561988095,0.981628847111002,1.5308493209477296,4074.5552001735464,1717.8406661557824,2678.9710031653176,1749.99
CP05,FI,2026-04-12,3,2.328330561988095,0.9808217803551718,2.060686422031185,6519.3022902610455,2746.2911767766773,5769.901374823097,2799.99
CP05,GA,2026-04-12,3,2.4127809363464423,0.8907451654180117,2.3581893169332004,844.4491999118914,311.75190044464995,825.3426790334508,349.99
CP05,HT,2026-04-12,3,1.9073073266650893,0.6607984886672826,5.17350322985042,13353.05859398229,4626.250219159646,36219.69611218279,7001.0
CP05,LO,2026-04-12,3,12.07530087643296,3.77971930307852,29.910858777763675,178.59369996244348,55.90204849253131,442.38160132312476,14.79
CP05,ME,2026-04-12,3,22.694216338501956,15.590921993457162,29.452507404742995,2379.2822720343074,1634.5664353594975,3087.827651319987,104.8409090909091
CP05,PA,2026-04-12,3,6.725441976737886,3.835890120414113,12.74114430914976,2286.583017671114,1304.1642820395944,4331.861653667827,339.99
CP05,PC,2026-04-12,3,180.01999358467614,81.50695334218562,283.51285364294404,3785.5935491274395,1713.9884889290097,5961.917942967866,21.02873949579832
CP05,SP,2026-04-12,3,27.57763252511433,0.9642403725119609,29.699058571695186,0.0,0.0,0.0,0.0
CP05,TO,2026-04-12,3,2.834815536832286,0.9287963706169383,8.516313145606135,1629.9905855231962,534.0486251410334,4896.794895592072,574.99
CP06,BQ,2026-04-12,3,1.348526340784683,0.9270094842018208,2.322846087553743,33.69967325620922,23.165967010203502,58.04792372796803,24.99
CP06,CH,2026-04-12,3,2.328330561988095,0.9914622776463133,1.7860587156736554,4423.80478447176,1883.7684129052188,3393.4936991927884,1899.99
CP06,FI,2026-04-12,3,1.348526340784683,0.9281621153710965,2.2627360733213906,35.04819959699391,24.122933378494796,58.80851054562294,25.99
CP06,GA,2026-04-12,3,4.877876701381672,0.43769241474022796,29.471061280130396,1658.4292997027549,148.81104408753012,10019.866124631533,339.99
CP06,HT,2026-04-12,3,6.913783219115129,0.8937614268992875,17.37901487708539,0.41482699314690774,0.053625685613957245,1.0427408926251234,0.06
CP06,LO,2026-04-12,3,7.216638759326409,4.369306871889424,13.097839607987172,148.59059205453076,89.96402849220323,269.6845175284559,20.59
CP06,ME,2026-04-12,3,46.8777724839344,10.997392340558955,82.7024189695997,8094.197463711017,1898.8757458749524,14279.895873804902,172.666
CP06,PA,2026-04-12,3,3.0706062287536637,1.0106338769468444,2.5572939716867307,614.0905396884452,202.11666905059943,511.43322139762927,199.99
CP06,PC,2026-04-12,3,75.05595171747302,50.45485053412423,148.57217790216257,1780.3849100859352,1196.8278660929147,3524.2463461299903,23.720769230769232
CP06,SP,2026-04-12,3,0.9659520864738704,0.6667668901163617,1.5825202218395715,9658.554912652231,6667.002134273501,15823.619698173876,9999.0
CP06,TO,2026-04-12,3,1.196964114499718,0.8309947664083195,1.6234558777384727,347.10762356377325,240.98017231074857,470.7859699853797,289.99
CP07,BQ,2026-04-12,3,2.7422789791139595,0.7401494244616139,3.222024047024167,5484.530535438128,1480.2914474289832,6444.0158738078635,1999.99
CP07,CH,2026-04-12,3,1.3098089939600874,0.8452170780143233,3.40184040116867,1899.2099431521872,1225.5563109499888,4932.6345632905595,1449.99
CP07,FI,2026-04-12,3,1.69930981974075,0.9353673770028008,3.583487542780142,1869.2238086166276,1028.894761029311,3941.8004621827286,1099.99
CP07,GA,2026-04-12,3,2.889494263351346,0.7746417972236559,5.218278527735426,866.8193840627704,232.38479274912453,1565.4313755353505,299.99
CP07,HT,2026-04-12,3,1.9073073266650893,1.1606267106375008,2.795720384334015,4320.194142945927,2628.9065465972367,6332.516349545369,2265.075
CP07,LO,2026-04-12,3,23.272425944287043,17.218578788318652,36.654481096330585,188.76758340931246,139.66354497785613,297.31227136529714,8.11121212121212
CP07,ME,2026-04-12,3,56.767956461937445,9.943273380675432,186.6318615745975,4017.6475460422453,703.7168569610761,13208.526207407658,70.77315789473684
CP07,PA,2026-04-12,3,9.297360023675848,0.3765066910948364,31.170372307286385,4851.827328355242,196.48001674784038,16266.258788557401,521.85
CP07,PC,2026-04-12,3,66.65834298692148,44.377179091792016,163.0126178880615,1417.0425649749,943.3830615759757,3465.3699420745247,21.25829268292683
CP07,SP,2026-04-12,3,1.4267931430236174,1.000668650570948,1.9499829852827213,12400.658708098306,8697.091429334268,16947.84812032801,8691.28
CP07,TO,2026-04-12,3,2.719980834918745,0.9572896888434229,2.991652927135128,0.0,0.0,0.0,0.0
CP08,BQ,2026-04-12,3,2.8691717053317847,1.001593878774092,2.1315172243286677,516.4222152426679,180.27688224054882,383.65178520691694,179.99
CP08,CH,2026-04-12,3,0.7242895132657858,0.8806130609673973,2.4473345772686343,28.964337635498776,35.21571630808622,97.8689097449727,39.99
CP08,FI,2026-04-12,3,2.851022391153745,0.927479696515618,2.657081922849242,49.00907490393288,15.943375983103476,45.675238253778474,17.19
CP08,GA,2026-04-12,3,1.59670006932133,0.9547956662008777,1.5028716695742388,2714.374150845568,1623.1430845848301,2554.8668095595103,1699.99
CP08,HT,2026-04-12,3,1.59670006932133,0.9591575358579342,1.573733583706806,2393.493321414407,1437.80112518944,2359.065985316095,1499.025
CP08,LO,2026-04-12,3,9.970546798415942,0.9047923310997201,32.183012565898174,0.0,0.0,0.0,0.0
CP08,ME,2026-04-12,3,4.364825095873603,3.4108825912752536,8.626556362207367,106.34896346096033,83.10615433642155,210.18604576518248,24.365
CP08,PA,2026-04-12,3,3.1236223302764117,1.5427062386941308,9.0639711261807,804.3015138228733,397.23142940135176,2333.8819252802687,257.49
CP08,PC,2026-04-12,3,55.49109375447135,40.24557372645165,92.50287060826365,1482.7070275265678,1075.3508527887,2471.6517018769646,26.71972972972973
CP08,SP,2026-04-12,3,1.5234803429742234,1.0093954237512093,1.3190604441707534,8377.618406015254,5550.6654352078995,7253.513382494973,5499.0
CP08,TO,2026-04-12,3,2.591876364719126,0.9809553339918199,1.3505597501008944,746.4344742754612,282.50532663630423,388.9477024315566,287.99
CP10,BQ,2026-04-12,3,4.916643361853249,0.8821714269930107,2.536219075538944,49.11726718491396,8.812892555660177,25.33682856463405,9.99
CP10,CH,2026-04-12,3,2.328330561988095,0.9917089704101384,1.5950555510586184,4421.499737215392,1883.2553348088527,3029.010491460316,1899.0
CP10,FI,2026-04-12,3,2.009447510765701,2.0081304468944383,3.9220976470078948,276.27893825517623,276.09785514351637,539.2492054871154,137.49
CP10,GA,2026-04-12,3,2.328330561988095,0.7766710140754857,5.2369635975736175,1164.1419976884276,388.3277403276021,2618.429429150833,499.99
CP10,HT,2026-04-12,3,3.8189071748948495,0.8275107049703776,2.855316825564388,0.0,0.0,0.0,0.0
CP10,LO,2026-04-12,3,18.03946790696403,7.657719962981978,42.05694137582039,112.09274370689775,47.583157419979266,261.3313194740039,6.21375
CP10,ME,2026-04-12,3,6.048805876467347,3.4719629686919036,10.433058787887099,227.32084573306122,130.48022610007362,392.0859415363393,37.58111111111111
CP10,PA,2026-04-12,3,3.2943966435964698,1.7053528933956748,4.426714705440551,555.7976577411605,287.7100866447843,746.8310379548753,168.71
CP10,PC,2026-04-12,3,97.93320585254294,69.87437266424314,139.31409803894633,2339.1938121871303,1668.9916228491459,3327.6014324887187,23.8856043956044
CP10,SP,2026-04-12,3,11.320532246188128,7.674447667482961,26.371640646055578,848.0733191723197,574.9282952988448,1975.6213160605437,74.91461538461539
CP10,TO,2026-04-12,3,2.445314711051626,0.8652148960579275,2.0878915536491354,1467.164373483865,519.1202854857959,1252.7140532739447,599.99
CP12,BQ,2026-04-12,3,2.8691717053317847,1.006935795770558,2.4770087910604266,143.42989354953593,50.336720430570196,123.82566946511074,49.99
CP12,CH,2026-04-12,3,2.1375412126650195,0.9805618983443551,2.518843652007426,85.48027309447413,39.21267031479076,100.72855764377698,39.99
CP12,FI,2026-04-12,3,5.454953803419055,3.754577449153952,7.866728468059767,2000.1012394420673,1376.6450240013455,2884.397178479976,366.65777777777777
CP12,GA,2026-04-12,3,2.0051253473481783,0.9509146439621029,1.5107631573009908,481.21003211008934,228.21000540446508,362.5680501206648,239.99
CP12,HT,2026-04-12,3,2.6733370545296484,0.8167508440447694,2.9745345307438287,11826.843129239165,3613.30573405406,13159.340764010698,4424.0
CP12,LO,2026-04-12,3,5.935164929881259,1.0017074942583244,3.2400314105803867,59.292297649513785,10.007057867640661,32.367913791698065,9.99
CP12,ME,2026-04-12,3,8.676710017036275,4.527472666258817,14.4904166853658,949.2342450412727,495.3066415568812,1585.2552079831898,109.40025
CP12,PA,2026-04-12,3,2.407947789052277,0.6017290133706868,26.942056479960815,471.0427464944064,117.71022959557376,5270.405088609935,195.62
CP12,PC,2026-04-12,3,22.03676847356519,13.735223978355567,27.07809824416252,345.8865254000823,215.58645965556562,425.01464438175793,15.695882352941176
CP12,SP,2026-04-12,3,2.445314711051626,0.9896485633238175,1.3055051395774493,14887.760649001391,6025.257555113131,7948.280831186593,6088.28
CP12,TO,2026-04-12,3,4.521284056527588,0.8443961881235196,0.0,0.0,0.0,0.0,0.0
CP13,BQ,2026-04-12,3,3.5646836138330915,0.9898790829645329,2.4929478328619044,78.38739266818968,21.767441034390075,54.819922844633275,21.99
CP13,CH,2026-04-12,3,2.8691717053317847,0.8854692094601823,2.1088834988605663,143.42989354953593,44.264605780914515,105.42308610803971,49.99
CP13,FI,2026-04-12,3,2.7734756571537855,0.7814514593774711,2.0127002164859964,345.52884228707575,97.35582764744325,250.74890197054702,124.58333333333331
CP13,GA,2026-04-12,3,2.0418451644870204,0.9062966371231065,2.2201462357754376,101.99016596612667,45.26951702429917,110.89630447698312,49.95
CP13,HT,2026-04-12,3,1.59670006932133,0.9903646053706925,1.4491918482487371,918.1025398597648,569.4596480881481,833.2853127430238,575.0
CP13,LO,2026-04-12,3,1.348526340784683,0.9413403825943455,2.7965887335408612,35.04819959699391,24.46543654362704,72.68334118472698,25.99
CP13,ME,2026-04-12,3,3.738679614706553,2.8173514678292277,6.59987691996322,716.5702896731167,539.9848517300211,1264.9588099878306,191.664
CP13,PA,2026-04-12,3,2.7642748576591045,0.9233095969969666,2.668560603815309,80.13632812353744,26.76674521694206,77.36157190460581,28.99
CP13,PC,2026-04-12,3,51.96026309537929,41.98223008448205,73.57050716695856,1106.6872716808189,894.1679064631895,1566.9578828598342,21.29872340425532
CP13,SP,2026-04-12,3,2.445314711051626,0.7714063911529454,1.5935779324824773,20782.72972922777,6556.182918408883,13543.818848168574,8499.0
CP13,TO,2026-04-12,3,2.445314711051626,0.9483412106238599,1.6273279412399166,806.929401499926,312.9431160937675,537.0019473297601,329.99
CP15,BQ,2026-04-12,3,4.572676547044643,0.9367658336337,1.6407929372634025,59.399068346109914,12.168588178901764,21.3139002550516,12.99
CP15,CH,2026-04-12,3,2.1375412126650195,0.8817835898603734,1.7556235500150705,106.85568522112433,44.08036165712007,87.76362126525338,49.99
CP15,FI,2026-04-12,3,1.3098089939600874,0.9053048179168327,2.0152745668869594,458.420049796091,316.84763322271226,705.3259456647669,349.99
CP15,GA,2026-04-12,3,3.3772455143274436,0.7954729999056713,10.579384708681252,1013.1398818430898,238.63394524170235,3173.709618757289,299.99
CP15,HT,2026-04-12,3,1.91736477953938,0.7898232131575981,2.467197419533956,4906.191345180957,2021.0154342919252,6313.114101051878,2558.82
CP15,LO,2026-04-12,3,17.77113149086328,11.708794547235916,36.75142762331656,137.1446683872167,90.35996082862336,283.6207900857584,7.717272727272728
CP15,ME,2026-04-12,3,5.9003181324449825,2.6215033579506937,6.82064244269579,94.35788757406017,41.923081700347495,109.07571394359107,15.992
CP15,PA,2026-04-12,3,2.9861558543953155,0.8747671312648918,2.5923816086452622,164.2087104331984,48.103444548256405,142.55506465940297,54.99
CP15,PC,2026-04-12,3,54.45998752415154,31.874353647549217,87.48492928746943,756.1350344747487,442.55088166264585,1214.660947057061,13.88423076923077
CP15,SP,2026-04-12,3,1.7136842183848604,0.8756072478207976,1.4271157149916476,25260.55079654058,12906.882799120815,21036.389682729616,14740.493333333334
CP15,TO,2026-04-12,3,2.445314711051626,0.8265695773901133,1.7082297323295543,2102.946198357288,710.8415708597236,1469.0604875060935,859.99
CP16,BQ,2026-04-12,3,4.724875194198759,4.1115550113119985,7.490035683889672,333.5572892096556,290.25933757858184,528.7665591398753,70.596
CP16,CH,2026-04-12,3,3.170708674111887,1.5903675713932457,7.305398472722484,112.52845084423087,56.442145108746296,259.268591796921,35.49
CP16,FI,2026-04-12,3,2.641858093983085,0.9142291662878617,2.3495417317433085,58.09445948668803,20.103899366670078,51.66642268103535,21.99
CP16,GA,2026-04-12,3,2.8691717053317847,0.8302603318535576,2.6372550451558108,200.8133276561716,58.109920626430494,184.58148061045517,69.99
CP16,HT,2026-04-12,3,1.59670006932133,0.8999340682374515,1.4557339084105758,4948.173514826802,2788.8956774678622,4511.3193821643745,3099.0
CP16,LO,2026-04-12,3,10.810095428955412,8.868581459513525,20.545262217081916,265.2404323886423,217.60273962933638,504.10602476276443,24.536363636363635
CP16,ME,2026-04-12,3,6.591535290416924,3.259476134065289,19.252511864008202,999.9798471248502,494.48425937859815,2920.734399849138,151.70666666666668
CP16,PA,2026-04-12,3,2.2545253617285503,0.995588261508917,1.7307534924506938,157.79423006738122,69.68122242300909,121.13543693662405,69.99
CP16,PC,2026-04-12,3,54.584482401624626,43.166348530560846,84.96188003649013,1193.4897077115224,943.8322106207129,1857.6915069978565,21.865
CP16,SP,2026-04-12,3,2.445314711051626,0.997718282386225,1.5088473176558368,13446.78559607289,5486.452834841851,8297.151399789447,5499.0
CP16,TO,2026-04-12,3,2.445314711051626,0.9201362178785326,1.464430370403414,1149.2734610471537,432.45482104073153,688.2676297859006,469.99
CP17,BQ,2026-04-12,3,3.252111295928805,1.9813833394778928,4.021926315949689,44.412999931401046,27.059091806136422,54.92610705481959,13.656666666666666
CP17,CH,2026-04-12,3,1.3307672363204168,1.768142524613856,4.458368768925788,664.7182345420482,883.187191044621,2226.955200078431,499.5
CP17,FI,2026-04-12,3,1.5530567417803582,1.890470322772417,4.282560269304858,892.9920959562882,1087.001530890912,2462.4293292476,574.99
CP17,GA,2026-04-12,3,3.496966577863767,0.930955575955579,3.58435495674566,0.0,0.0,0.0,0.0
CP17,HT,2026-04-12,3,1.8228569523067415,0.7397216670925834,2.439768799206822,5598.048386242573,2271.7074312913364,7492.603175428127,3071.03
CP17,LO,2026-04-12,3,3.4564709623151946,0.9339074821371918,11.890463725706399,76.00779646131112,20.536625532196844,261.4712973282837,21.99
CP17,ME,2026-04-12,3,2.794607755120775,2.1665655110333284,5.184052216949172,173.75473717463416,134.70621064849718,322.31844658881477,62.175
CP17,PA,2026-04-12,3,4.605734430885935,0.9131422744007407,28.99461652986367,0.0,0.0,0.0,0.0
CP17,PC,2026-04-12,3,39.55822178139216,25.284090362336332,57.98657431502677,701.0173340683247,448.0632551710179,1027.5890044480225,17.721153846153847
CP17,SP,2026-04-12,3,4.521284056527588,0.7035274688288885,4.206626063392351,0.0,0.0,0.0,0.0
CP17,TO,2026-04-12,3,2.445314711051626,1.0139644155958893,1.2136141764861315,1027.0077254945722,425.8549149061176,509.70581798241034,419.99
CP202,BQ,2026-04-12,3,1.59670006932133,0.7647654632258345,1.6417403536194248,638.6640607278388,305.89853763570153,656.6797240442338,399.99
CP202,CH,2026-04-12,3,1.502192242088692,0.9260340788911435,2.3101404495513784,2852.663067726426,1758.5387158142817,4386.956713698068,1899.0
CP202,FI,2026-04-12,3,2.7423091074950277,0.9921306075888144,0.5952625657203577,3016.5125951534555,1091.33374704162,654.7828696667364,1099.99
CP202,GA,2026-04-12,3,1.59670006932133,0.8317509411451528,1.6915924625395202,510.9280551821324,266.1519836570375,541.292672088021,319.99
CP202,LO,2026-04-12,3,1.7244651887455655,0.9803766510323216,1.901442529965864,51.71671101047951,29.401495764459323,57.024261473676255,29.99
CP202,ME,2026-04-12,3,2.7202607560171996,0.9459809548706982,2.096358884211469,462.4171259153638,160.80730251847,356.3600467271076,169.99
CP202,PA,2026-04-12,3,3.578727805741156,1.448260686658477,5.819367561638282,453.269734782489,183.43187103654054,737.0616974652328,126.65666666666668
CP202,PC,2026-04-12,3,58.080124499459835,45.31277592493827,88.38453863922354,1287.7525204020235,1004.6748678077314,1959.6619907088643,22.172
CP202,SP,2026-04-12,3,1.7136842183848604,0.9533335891730081,1.5928284314628343,16278.286390437788,9055.715763554404,15130.277270465464,9499.0
CP202,TO,2026-04-12,3,4.795663454533338,1.4387219882891473,0.6846978136699463,0.0,0.0,0.0,0.0
CP28,BQ,2026-04-12,3,3.8410460543778746,0.9502878736374616,1.88538478888869,57.61569081566812,14.254318104561923,28.280771833330352,15.0
CP28,CH,2026-04-12,3,1.7501224966450568,1.0006597868482325,2.085173502150301,9625.656230322846,5503.61882106741,11468.433410091633,5499.99
CP28,FI,2026-04-12,3,2.4748922156555953,1.0001644531868008,1.9747337139674959,618.6983049917422,250.03111165216833,493.6636811547343,249.99
CP28,GA,2026-04-12,3,1.743261722988829,0.9661865323524402,1.6505213735931812,488.09584981964224,270.52256719335975,462.1294793923548,279.99
CP28,HT,2026-04-12,3,1.91736477953938,0.8255792684813025,2.254072082065262,4599.758106114972,1980.5646650866447,5407.518924874564,2399.0
CP28,LO,2026-04-12,3,3.712952352478556,1.928095295513068,6.225416905499527,54.728917675533914,28.42012465586262,91.76264518706301,14.739999999999998
CP28,ME,2026-04-12,3,3.7387823240452076,0.852109483768125,5.784709926137831,130.81999351834182,29.815310837046695,202.4070003155627,34.99
CP28,PA,2026-04-12,3,2.158829313550551,0.9089927756704147,1.8727278747321314,151.09646365540306,63.62040436917232,131.07222395250187,69.99
CP28,PC,2026-04-12,3,32.707062240682745,23.799972896557577,46.58783577771022,564.1517104624799,410.5167049167954,803.5759080816699,17.248620689655173
CP28,SP,2026-04-12,3,1.6191763911522228,0.722656777820579,1.3577949784277596,14570.968343978853,6503.18834360739,12218.797010871409,8999.0
CP28,TO,2026-04-12,3,16.329192661340322,0.7003537574193404,44.718311477959425,90.21878945390529,3.8694545097418556,247.06867091572585,5.525
CP32,BQ,2026-04-12,3,4.572676547044643,0.8737482494841243,2.309396677105911,68.5444214401992,13.097486259767024,34.6178561898176,14.99
CP32,CH,2026-04-12,3,1.8228569523067415,1.4965984379816026,2.769856887002155,7200.266733042105,5911.54886404295,10940.907005089643,3949.99
CP32,FI,2026-04-12,3,4.896317631616267,3.0864781567334187,6.872246240256077,6634.461427663725,4182.147037592215,9311.824933084581,1354.99
CP32,GA,2026-04-12,3,2.778557053395982,0.7077282598954744,5.1223507730187405,7330.750430686221,1867.220699930027,13514.451714978533,2638.33
CP32,HT,2026-04-12,3,1.91736477953938,1.1899653651414757,2.571400921117946,2684.310691355132,1665.9515111980659,3599.9612895651244,1400.0
CP32,LO,2026-04-12,3,5.869743864108823,3.6937940782750953,8.73995030194912,83.87863981811508,52.78431737855111,124.89388981485293,14.29
CP32,ME,2026-04-12,3,4.32610774904901,3.104853952854748,7.304650569849637,2629.4948120269696,1887.192329624173,4439.912709366007,607.82
CP32,PA,2026-04-12,3,3.380647508324401,1.5352890332081996,4.4271035386984865,580.6431127922575,263.6935678986743,760.3771682891585,171.755
CP32,PC,2026-04-12,3,28.669920871851588,21.202490914518354,72.20428262108543,675.5042927706403,499.56097521878746,1701.2360475279456,23.56142857142857
CP32,SP,2026-04-12,3,10.202027580707355,0.9847130786677449,3.1082501779030305,183.5344761769253,17.714988285232728,55.91742070047551,17.99
CP32,TO,2026-04-12,3,1.7136842183848604,0.8507108560493556,1.8665871863241132,681.1723399657982,338.14905817105836,741.9497406919718,397.49
CP33,BQ,2026-04-12,3,2.0418451644870204,0.7816842848870738,3.042264200853723,193.95487217462204,74.25219022142313,288.9846764390951,94.99
CP33,CH,2026-04-12,3,3.4928086302486916,2.0655706302129406,4.718236643809235,132.6917998631478,78.47102824178963,179.24581009831286,37.99
CP33,FI,2026-04-12,3,4.142069590642552,1.0014708914191517,1.9401012524305656,66.27311345028083,16.023534262706427,31.04162003888905,16.0
CP33,GA,2026-04-12,3,1.743261722988829,0.9018314256156823,1.5115542996725626,470.66323258975393,243.48546660197806,408.1045453685952,269.99
CP33,HT,2026-04-12,3,1.8228569523067415,0.9805692247841895,2.4489460100821945,5011.033761891233,2695.584798931737,6732.152581715953,2749.0
CP33,LO,2026-04-12,3,6.970311487702959,1.9779798703664218,14.977957375239674,41.752165811340724,11.848099423494867,89.71796467768566,5.99
CP33,ME,2026-04-12,3,5.228055855799374,0.9783379140273197,2.43002736340707,78.36855727843262,14.665285331269523,36.42611017747198,14.99
CP33,PA,2026-04-12,3,2.0747983870436153,0.982785391346114,2.4860824242586075,114.72251881426496,54.341480238831124,137.4637841786726,55.29333333333333
CP33,PC,2026-04-12,3,15.34885960280346,10.41187426737385,23.40649068742018,317.9089909509548,215.6530535756844,484.8004365602218,20.712222222222223
CP33,SP,2026-04-12,3,1.7136842183848604,0.9648041417040641,1.3777542381745962,9423.549516898347,5305.457975230649,7576.270555722104,5499.0
CP33,TO,2026-04-12,3,1.6191763911522228,0.9207811427525213,1.479753785390335,1139.8839876072534,648.2207166863475,1041.731867376942,703.99
CP35,BQ,2026-04-12,3,2.611084192442781,0.7947692669171854,2.862642414649169,60.02882558425953,18.27174544642609,65.81214911278438,22.99
CP35,CH,2026-04-12,3,0.5781785012933218,0.9183348162602882,2.0897145810464934,786.3169799739047,1248.9261667658293,2841.990933077421,1359.99
CP35,FI,2026-04-12,3,0.9150788625888624,0.8975420568432295,1.5323116429051495,320.26845111747593,314.1307444745619,536.2937519003733,349.99
CP35,GA,2026-04-12,3,1.59670006932133,0.9740100145975473,1.4737309262877285,2874.044157777701,1753.2082861754393,2652.7009300086484,1799.99
CP35,HT,2026-04-12,3,4.723323310752289,3.024579742492147,5.220181449505333,13881.847210300979,8889.23986318442,15342.113280096173,2939.0
CP35,LO,2026-04-12,3,17.475381464987393,10.070335875919401,25.778907937998813,169.2826759912202,97.55056898881003,249.7182982024762,9.686923076923078
CP35,ME,2026-04-12,3,5.510035438553834,4.038537354421428,10.34385462884961,628.5077023340817,460.6598018694346,1179.8821220943596,114.066
CP35,PA,2026-04-12,3,4.425873646337339,2.127549106535349,5.945574891683465,762.6812996490048,366.6263538685265,1024.561283917867,172.32333333333335
CP35,PC,2026-04-12,3,70.54690652279146,53.95624392254665,114.92146030958828,1631.321627368278,1247.6803304475457,2657.435639523183,23.12392857142857
CP35,SP,2026-04-12,3,2.445314711051626,0.9501558611818262,1.4697586213797937,13446.78559607289,5224.907080638862,8082.202658967486,5499.0
CP35,TO,2026-04-12,3,1.8671066457085863,0.9862015074334473,1.790563812760119,784.1661201311492,414.1947711069735,752.0188957211224,419.99
CP36,BQ,2026-04-12,3,6.705605261771701,5.877967562023575,14.834815834115455,3374.931128249697,2958.3810739664655,7466.362809310309,503.3
CP36,CH,2026-04-12,3,4.875328701746971,2.583596885864301,7.144098263626607,5607.603072749366,2971.6531381211194,8217.141822823323,1150.2
CP36,FI,2026-04-12,3,3.1235480226145396,0.9673297997085578,2.265104549985253,49.94553288160649,15.467603497339839,36.2190217542642,15.99
CP36,GA,2026-04-12,3,4.685050207701161,3.1552275982277047,18.085036977977822,1937.4790881437766,1304.828597109076,7478.976617057839,413.545
CP36,HT,2026-04-12,3,2.328330561988095,0.9362648517050426,1.4258251851892942,1396.9750538872372,561.7495483745085,855.4808528617247,599.99
CP36,LO,2026-04-12,3,5.286521990654407,2.0507034865029676,12.336537073541722,43.08515422383342,16.713233414999188,100.54277714936504,8.15
CP36,ME,2026-04-12,3,59.27543536664129,1.3923276840824423,57.91507895644544,74.09429420830162,1.7404096051030529,72.3938486955568,1.25
CP36,PA,2026-04-12,3,3.391270938971715,1.591162324974042,5.061337475582568,686.6984524323826,322.1944591839938,1024.8702254307143,202.49
CP36,PC,2026-04-12,3,40.3866832489551,26.951525050180116,60.72868235679334,917.4752979164899,612.2651449808644,1379.5900394671896,22.717272727272725
CP36,SP,2026-04-12,3,2.834815536832286,0.8498179556902588,5.917546757125176,27540.23294032566,8255.981439530864,57488.96674547108,9715.0
CP36,TO,2026-04-12,3,2.765979421269676,1.5961715451628364,2.770036087033641,1797.8589640310768,1037.4955426403922,1800.4957562109962,649.99
CP37,BQ,2026-04-12,3,2.328330561988095,0.9582077162314945,1.543037874457833,3725.305615875332,1533.122763893229,2468.845168753788,1599.99
CP37,CH,2026-04-12,3,1.59670006932133,1.002580753661342,1.5355365051801626,2874.044157777701,1804.635330782879,2763.950353959241,1799.99
CP37,FI,2026-04-12,3,3.683597979571766,2.6181323288525973,4.308346974049865,2962.496839090797,2105.606744156413,3464.9449704098633,804.24
CP37,GA,2026-04-12,3,2.4748922156555953,0.7648007383105017,1.5488530424288196,692.9450714614102,214.13655871955737,433.66336334964524,279.99
CP37,HT,2026-04-12,3,0.117337444743574,0.9694207533930458,1.679390560402515,199.35631861933223,1647.0458600147847,2853.284562123873,1699.0
CP37,LO,2026-04-12,3,9.442627692014431,5.374738945503007,13.693893664883623,110.38431771964869,62.83069827293015,160.08161694248955,11.69
CP37,ME,2026-04-12,3,11.80791628119975,2.0705542706588265,13.24273501476187,2066.5535225630524,362.37648707763435,2317.6672362335376,175.01424242424244
CP37,PA,2026-04-12,3,6.72530182003915,0.8088700856782677,2.8476004932405012,120.9881797425043,14.551572841352034,51.22833287339661,17.99
CP37,PC,2026-04-12,3,124.69321253645833,93.33888000966701,212.86196588999422,2809.6339606456454,2103.146448705956,4796.285187691818,22.532372881355933
CP37,SP,2026-04-12,3,1.7136842183848604,0.9551084622477747,1.3437167718444212,17135.12849963022,9550.1295140155,13435.824001672367,9999.0
CP37,TO,2026-04-12,3,1.4267931430236174,0.7319466646875336,1.8337169192751972,513.631263557072,263.4934798208652,660.1197537698782,359.99
CP39,BQ,2026-04-12,3,2.8691717053317847,1.0368731059082323,2.138805836637609,573.8056493493036,207.3642524505874,427.73977926915546,199.99
CP39,CH,2026-04-12,3,2.1375412126650195,0.8878778531629818,1.908552932890832,81.2051906691441,33.73047964166168,72.50592592052271,37.99
CP39,FI,2026-04-12,3,2.36704790881269,1.0038092178984102,2.227241352551006,66.37202336310783,28.14681046987142,62.451847525530205,28.04
CP39,GA,2026-04-12,3,1.59670006932133,0.8911935360331046,2.008358397919615,510.9280551821324,285.17301959523314,642.6546037502976,319.99
CP39,HT,2026-04-12,3,1.59670006932133,0.8900884443902833,1.307364467858354,4967.110377648953,2768.9405381159568,4067.0278284818396,3110.86
CP39,LO,2026-04-12,3,7.383392929860391,0.9167183508206067,13.622304312239338,18.384648395352375,2.282628693543311,33.919537737475956,2.49
CP39,ME,2026-04-12,3,5.291157181083298,2.0478208487933354,5.188543745023123,70.53112522384036,27.29745191441516,69.16328812115823,13.33
CP39,PA,2026-04-12,3,1.9398411013702723,1.493906398647479,3.026775762594055,1275.4261257399403,982.228518046731,1990.0747961479651,657.49
CP39,PC,2026-04-12,3,26.324102212297827,17.083357446372922,41.567576778547256,436.42352999165536,283.22254262378146,689.1429171862809,16.578857142857142
CP39,SP,2026-04-12,3,2.445314711051626,0.9888252742947428,1.3144846093489893,13446.78559607289,5437.550183346791,7228.350866810092,5499.0
CP39,TO,2026-04-12,3,4.521284056527588,0.894197954981235,1.014628431456319,0.0,0.0,0.0,0.0
CP40,BQ,2026-04-12,3,2.6489952722061454,1.0800821953846218,2.509808126294981,2264.8644677835323,923.4594762318978,2145.860849900946,854.99
CP40,CH,2026-04-12,3,14.93886944080892,1.0012406043454947,6.321705012356686,71.55718462147473,4.79594249481492,30.280967009188526,4.79
CP40,GA,2026-04-12,3,1.91736477953938,1.1604981998951849,2.693606798416776,1962.4228518585555,1187.7699075927217,2756.9065581795703,1023.5
CP40,HT,2026-04-12,3,3.028674035535744,0.90530148681032,0.926246676085667,8780.126029018122,2624.4690102631175,2685.189113972349,2899.0
CP40,LO,2026-04-12,3,4.893341257262694,1.7545370475766042,4.044271861521314,68.06637688852406,24.405610331790562,56.255821593761475,13.909999999999998
CP40,ME,2026-04-12,3,6.780955191117818,3.784463024007742,9.142140064308933,277.0117066360074,154.6007209064649,373.46948182711185,40.85142857142858
CP40,PA,2026-04-12,3,22.965636465460555,0.9370882687730646,10.192789444632682,114.59852596264818,4.676070461177592,50.86201932871709,4.99
CP40,PC,2026-04-12,3,16.594047099987147,8.077151296668513,35.78433083837054,526.6213036331477,256.33288370605123,1135.6356193394884,31.73555555555556
CP40,SP,2026-04-12,3,3.800582128635297,1.444126540737144,3.833307459661171,17102.600575948192,6498.562212684444,17249.86440193797,4499.995
CP40,TO,2026-04-12,3,6.189913725013005,1.5394205855812366,1.980426597106082,0.0,0.0,0.0,0.0
CP44,BQ,2026-04-12,3,3.189836415549837,1.9672061482457261,3.8374483276336955,196.17493955631497,120.98317811711216,236.00307214947227,61.5
CP44,CH,2026-04-12,3,2.0418451644870204,0.8955648234272477,2.010402655881521,77.56969779886191,34.022507642001145,76.37519689693899,37.99
CP44,FI,2026-04-12,3,4.224439122915461,2.5178011376234433,5.4577021125603995,682.9087471467705,407.0193392377471,882.273931176139,161.65666666666667
CP44,GA,2026-04-12,3,5.264164454095978,3.063541136082822,8.125451048141688,590.703591537341,343.76675874904475,911.7749186698636,112.21222222222222
CP44,HT,2026-04-12,3,1.502192242088692,0.8845437073084277,1.3442696474118827,4204.636085606248,2475.837836756289,3762.61074310586,2799.0
CP44,LO,2026-04-12,3,8.486262162908085,2.5659658549639546,14.573063531776137,18.773497740388883,5.676486685814703,32.23885499085143,2.212222222222222
CP44,ME,2026-04-12,3,2.0949692383151612,0.8869453459940754,1.8034358836390854,1093.238747322384,462.8435593535483,941.1049815182204,521.84
CP44,PA,2026-04-12,3,2.765979421269676,1.707712240275165,3.741907571614937,1313.8125653088834,811.1462370083007,1777.368677441379,474.99
CP44,PC,2026-04-12,3,35.919410190225136,28.091641516185156,47.7096373903474,1011.370859589439,790.9669862907199,1343.3443567875481,28.156666666666663
CP44,SP,2026-04-12,3,1.7136842183848604,0.9569948640397717,1.2937827573026865,14136.181117456714,7894.2506334640775,10672.41396498986,8249.0
CP44,TO,2026-04-12,3,2.445314711051626,0.9976631003341506,1.422205283764738,1613.8832561469626,658.4476695895361,938.6412652318895,659.99
CP45,BQ,2026-04-12,3,2.7648375642186136,0.925159228000674,2.1749692379668626,55.26910290873008,18.49393296773347,43.47763506695758,19.99
CP45,CH,2026-04-12,3,1.8228569523067415,1.8945239336316213,3.1315607395036085,1859.2958627833532,1932.3954670649175,3194.1606386862854,1019.99
CP45,FI,2026-04-12,3,3.189836415549837,1.664895986740291,5.22228904023196,175.40910449108554,91.55263031084861,287.1736743223555,54.99
CP45,GA,2026-04-12,3,2.328330561988095,0.9991649991746717,1.3145900757005253,791.6091077703325,339.70610806939663,446.9474798374216,339.99
CP45,HT,2026-04-12,3,1.91736477953938,1.2769340229998813,2.669465410586121,2300.8185617994604,1532.3080582596276,3203.3317980492393,1199.99
CP45,LO,2026-04-12,3,7.1477818725870925,3.519078427666611,16.093397581812145,66.64115299208699,32.809541207278365,150.0441101210952,9.323333333333332
CP45,ME,2026-04-12,3,3.5499978085736874,0.9540739426553457,2.770499542481514,70.964456193388,19.07193811368036,55.38228585420546,19.99
CP45,PA,2026-04-12,3,2.407947789052277,0.9339899624460479,2.4908984682041755,132.4130489199847,51.36010803490818,136.97450676654762,54.99
CP45,PC,2026-04-12,3,48.05389688848646,33.387983303821834,75.85643889301792,1012.2553379559674,703.317868295007,1597.9158852814226,21.065
CP45,SP,2026-04-12,3,1.7136842183848604,0.9977608675110223,1.4168453735029556,9423.549516898347,5486.687010443112,7791.232708892753,5499.0
CP45,TO,2026-04-12,3,4.051172914896373,0.7804746249435726,24.345608905025053,0.0,0.0,0.0,0.0
CP46,BQ,2026-04-12,3,3.189836415549837,1.9138580587985514,4.613164617570191,215.28205968545848,129.16628038831422,311.34248003981213,67.49
CP46,CH,2026-04-12,3,2.1375412126650195,0.8837400659320512,3.1916617899605404,81.2051906691441,33.573285104758625,121.25123140060093,37.99
CP46,FI,2026-04-12,3,2.328330561988095,0.9869677411875478,1.5470933120784909,1280.5585257878324,542.8223879757394,850.8858507100492,549.99
CP46,GA,2026-04-12,3,2.4748922156555953,0.9579241046929945,1.7472461603243992,717.693993617966,277.7884111199215,506.68391403247256,289.99
CP46,HT,2026-04-12,3,1.502192242088692,0.9200304495312771,1.296260128724498,7284.130181888067,4461.227649777163,6285.56536418509,4849.0
CP46,LO,2026-04-12,3,11.236390366984379,3.2475639039726087,34.49703702514969,47.642295156013766,13.769670952843862,146.2674369866347,4.24
CP46,ME,2026-04-12,3,3.738679614706553,2.6392607544674065,7.308900717835743,159.4060827322433,112.53016078822681,311.6295999063626,42.637
CP46,PA,2026-04-12,3,3.6963213903940284,1.641599012528626,6.871224634666459,276.07824464852996,122.61103024576308,513.2117679632378,74.69
CP46,PC,2026-04-12,3,54.023194296414594,38.593983719884804,79.191353734829,1307.6521960963678,934.182219779704,1916.8571753645108,24.205384615384617
CP46,SP,2026-04-12,3,1.7136842183848604,0.9532227865375341,1.4562681113540064,15423.157965463744,8579.005078837807,13106.413002186056,9000.0
CP46,TO,2026-04-12,3,1.7136842183848604,0.9404811392793037,1.6144180268557562,1833.6249768296168,1006.3054142174622,1727.4111445553906,1069.99
CP47,BQ,2026-04-12,3,2.328330561988095,0.9376946356896132,1.5295418879609348,1860.336119028488,749.2180139160009,1222.103968480787,799.0
CP47,CH,2026-04-12,3,2.328330561988095,1.004918964483332,1.5619449110586048,1862.6411662848561,803.9251223970208,1249.5403093977732,799.99
CP47,FI,2026-04-12,3,2.6489952722061454,1.8903045885851641,4.191012306179761,1986.719964201887,1417.7095383929873,3143.2173195117593,749.99
CP47,GA,2026-04-12,3,2.8691717053317847,1.027191802964801,4.694065494085404,344.2719129227608,123.25274443774647,563.2409186353076,119.99
CP47,HT,2026-04-12,3,3.3205171728380662,0.8635245264362227,3.6595512869255216,22373.345864037336,5818.350541919889,24657.72721168834,6737.91
CP47,LO,2026-04-12,3,7.581404803727465,1.0064960034779367,9.381921721097711,45.412614774327515,6.028911060832841,56.19771110937529,5.99
CP47,ME,2026-04-12,3,7.934459215373117,3.9943425569152615,13.102147818207222,260.4089514485457,131.09432271795887,430.012491393561,32.82
CP47,PA,2026-04-12,3,2.867033209248923,0.9360746250633123,3.402908107919662,100.31749199161982,32.753251130965296,119.06775469610899,34.99
CP47,PC,2026-04-12,3,26.254194185721335,17.151867333925583,53.8429613502714,982.1970404817149,641.6694115593497,2014.3218609150745,37.41105263157895
CP47,SP,2026-04-12,3,2.445314711051626,0.9772138329357544,2.431447859878821,18337.415018176143,7328.126533185222,18233.42750123128,7499.0
CP47,TO,2026-04-12,3,3.0578225585719983,0.8242973100373628,3.6195094838165804,6296.056648099744,1697.2281613669302,7452.570027178339,2059.0
CP48,BQ,2026-04-12,3,2.8691717053317847,0.8309818441418343,1.9465067974926604,117.63603991860317,34.070255609815206,79.80677869719908,41.0
CP48,CH,2026-04-12,3,2.328330561988095,0.9864830729246928,1.5668770198291129,4423.80478447176,1874.3079737261871,2977.0506689051163,1899.99
CP48,FI,2026-04-12,3,2.8691717053317847,0.9593916887500163,2.095759165635537,94.65397455889558,31.65033181186304,69.13909487431637,32.99
CP48,GA,2026-04-12,3,2.7367558400149434,0.9668772231624453,4.908347748668169,629.4264756450368,222.3720925551308,1128.8708987161922,229.99
CP48,HT,2026-04-12,3,1.502192242088692,0.9235681347123516,1.4589385607432916,4505.074534023987,2769.7808360023423,4375.356743669132,2999.0
CP48,LO,2026-04-12,3,11.090908025614317,3.5065096889039595,26.411308411112234,36.51126922032233,11.543429895871835,86.94602728938148,3.2920000000000003
CP48,ME,2026-04-12,3,7.384018310800795,6.20164137847718,16.174993845204096,168.661526816277,141.65434857210232,369.4599665585261,22.84142857142857
CP48,PA,2026-04-12,3,2.034348928602911,1.2968911651947441,2.540563773452581,2330.8349414574996,1485.9000836102261,2910.8255377955606,1145.74
CP48,PC,2026-04-12,3,37.74590047149422,29.301875836400022,51.460134453864846,988.5651333484336,767.4161281553166,1347.7409213467204,26.19
CP48,SP,2026-04-12,3,1.7136842183848604,0.9876554450557165,1.2524204036999353,15250.075859406872,8789.145805550821,11145.289172525725,8899.0
CP48,TO,2026-04-12,3,1.7136842183848604,0.8792869675887244,1.3021810923340529,848.256551258322,435.2382560867427,644.5666188944328,494.99
CP02,BQ,2026-04-19,4,3.2742867899081842,1.6915227546399036,3.8450308490207044,373.2359511816339,192.81667880140262,438.29506647987006,113.99
CP02,CH,2026-04-19,4,2.328330561988095,0.9886834821991687,1.645815409888989,6053.636177863426,2570.5671668830164,4279.103607557272,2599.99
CP02,FI,2026-04-19,4,2.328330561988095,0.9822565302289705,1.9835865009727223,814.8924133902134,343.7799630148374,694.2354394754431,349.99
CP02,GA,2026-04-19,4,1.0616405162563622,0.8684095029402187,1.6861593834426967,297.2487281466189,243.14597672823183,472.10776577012064,279.99
CP02,HT,2026-04-19,4,1.502192242088692,0.9602308641963943,1.4396631362993617,4211.080490324809,2691.80557929311,4035.7932733566377,2803.29
CP02,LO,2026-04-19,4,13.378736151928543,1.016592331416692,35.95111516205986,33.31305301830207,2.531314905227563,89.51827675352905,2.49
CP02,ME,2026-04-19,4,2.6621918898039336,1.8299895535860804,4.8955413371501875,608.4439564146891,418.2441124720987,1118.8759726056753,228.55
CP02,PA,2026-04-19,4,2.9861558543953155,0.8241520806591055,10.03383671362811,164.2087104331984,45.320122915444216,551.7606808824098,54.99
CP02,PC,2026-04-19,4,41.092412071396744,35.10646146503106,53.23359537800608,1082.2483408624125,924.5967262293314,1402.0099422708292,26.336938775510205
CP02,SP,2026-04-19,4,2.445314711051626,0.9822239465976033,1.4642754611303315,31654.867919181514,12714.9970333401,18955.206914632865,12945.11
CP02,TO,2026-04-19,4,1.617988170206861,0.9570601757668182,1.5509704373206843,1391.4536464961984,823.062180557706,1333.8190663914154,859.99
CP04,BQ,2026-04-19,4,2.8691717053317847,1.0058430847575561,2.370278194027284,177.85995401351732,62.352212824120905,146.93354524775134,61.99
CP04,CH,2026-04-19,4,0.84896793741034,0.9846960578334641,1.6934785464998503,2037.514560105442,2363.2606918397355,4064.331576814175,2399.99
CP04,FI,2026-04-19,4,2.3169821788297864,2.7274379025593714,6.4204689708080105,977.7433096443816,1150.951520501029,2709.3737009912725,421.99
CP04,GA,2026-04-19,4,6.290724468733959,1.05382356754128,12.136657089699034,188.65882681733143,31.604168790562984,363.978346120074,29.99
CP04,HT,2026-04-19,4,2.7929583704505965,1.1927972552319397,3.654278329790802,5818.486384408614,2484.918737907043,7612.848416103284,2083.27
CP04,LO,2026-04-19,4,5.944226649331657,4.472487973916852,9.965832674378655,109.91724249849852,82.70269190625676,184.28248305308188,18.49142857142857
CP04,ME,2026-04-19,4,3.738679614706553,2.656407468814812,6.639023718682175,565.7650393945058,401.98750123707345,1004.6668617888768,151.3275
CP04,PA,2026-04-19,4,2.9861558543953155,0.940329605004249,2.632821486584369,164.2087104331984,51.70872497918366,144.77885354727445,54.99
CP04,PC,2026-04-19,4,46.45857734488683,38.62588530797869,77.5657937107159,1088.7870591496041,905.2228129872466,1817.8049619978294,23.43565217391304
CP04,SP,2026-04-19,4,1.8671066457085863,0.9983882936575799,1.4533803107401386,18669.199350440154,9982.884548282142,14532.349727090646,9999.0
CP04,TO,2026-04-19,4,2.3496186628736266,0.9541348497734897,2.4746024675466867,845.8392224478769,343.4790045699586,890.8321422921317,359.99
CP05,BQ,2026-04-19,4,4.300516742332828,1.9615871885051064,3.7676109024587197,79.51655456573398,36.26974711545942,69.66312558646172,18.49
CP05,CH,2026-04-19,4,2.328330561988095,0.981628847111002,1.5308493209477296,4074.5552001735464,1717.8406661557824,2678.9710031653176,1749.99
CP05,FI,2026-04-19,4,2.328330561988095,0.9808217803551718,2.060686422031185,6519.3022902610455,2746.2911767766773,5769.901374823097,2799.99
CP05,GA,2026-04-19,4,2.4127809363464423,0.8907451654180117,2.3581893169332004,844.4491999118914,311.75190044464995,825.3426790334508,349.99
CP05,HT,2026-04-19,4,1.9073073266650893,0.6607984886672826,5.17350322985042,13353.05859398229,4626.250219159646,36219.69611218279,7001.0
CP05,LO,2026-04-19,4,12.07530087643296,3.77971930307852,29.910858777763675,178.59369996244348,55.90204849253131,442.38160132312476,14.79
CP05,ME,2026-04-19,4,22.694216338501956,15.590921993457162,29.452507404742995,2379.2822720343074,1634.5664353594975,3087.827651319987,104.8409090909091
CP05,PA,2026-04-19,4,6.725441976737886,3.835890120414113,12.74114430914976,2286.583017671114,1304.1642820395944,4331.861653667827,339.99
CP05,PC,2026-04-19,4,180.01999358467614,81.50695334218562,283.51285364294404,3785.5935491274395,1713.9884889290097,5961.917942967866,21.02873949579832
CP05,SP,2026-04-19,4,27.57763252511433,0.9642403725119609,29.699058571695186,0.0,0.0,0.0,0.0
CP05,TO,2026-04-19,4,2.834815536832286,0.9287963706169383,8.516313145606135,1629.9905855231962,534.0486251410334,4896.794895592072,574.99
CP06,BQ,2026-04-19,4,1.348526340784683,0.9270094842018208,2.322846087553743,33.69967325620922,23.165967010203502,58.04792372796803,24.99
CP06,CH,2026-04-19,4,2.328330561988095,0.9914622776463133,1.7860587156736554,4423.80478447176,1883.7684129052188,3393.4936991927884,1899.99
CP06,FI,2026-04-19,4,1.348526340784683,0.9281621153710965,2.2627360733213906,35.04819959699391,24.122933378494796,58.80851054562294,25.99
CP06,GA,2026-04-19,4,4.877876701381672,0.43769241474022796,29.471061280130396,1658.4292997027549,148.81104408753012,10019.866124631533,339.99
CP06,HT,2026-04-19,4,6.913783219115129,0.8937614268992875,17.37901487708539,0.41482699314690774,0.053625685613957245,1.0427408926251234,0.06
CP06,LO,2026-04-19,4,7.216638759326409,4.369306871889424,13.097839607987172,148.59059205453076,89.96402849220323,269.6845175284559,20.59
CP06,ME,2026-04-19,4,46.8777724839344,10.997392340558955,82.7024189695997,8094.197463711017,1898.8757458749524,14279.895873804902,172.666
CP06,PA,2026-04-19,4,3.0706062287536637,1.0106338769468444,2.5572939716867307,614.0905396884452,202.11666905059943,511.43322139762927,199.99
CP06,PC,2026-04-19,4,75.05595171747302,50.45485053412423,148.57217790216257,1780.3849100859352,1196.8278660929147,3524.2463461299903,23.720769230769232
CP06,SP,2026-04-19,4,0.9659520864738704,0.6667668901163617,1.5825202218395715,9658.554912652231,6667.002134273501,15823.619698173876,9999.0
CP06,TO,2026-04-19,4,1.196964114499718,0.8309947664083195,1.6234558777384727,347.10762356377325,240.98017231074857,470.7859699853797,289.99
CP07,BQ,2026-04-19,4,2.7422789791139595,0.7401494244616139,3.222024047024167,5484.530535438128,1480.2914474289832,6444.0158738078635,1999.99
CP07,CH,2026-04-19,4,1.3098089939600874,0.8452170780143233,3.40184040116867,1899.2099431521872,1225.5563109499888,4932.6345632905595,1449.99
CP07,FI,2026-04-19,4,1.69930981974075,0.9353673770028008,3.583487542780142,1869.2238086166276,1028.894761029311,3941.8004621827286,1099.99
CP07,GA,2026-04-19,4,2.889494263351346,0.7746417972236559,5.218278527735426,866.8193840627704,232.38479274912453,1565.4313755353505,299.99
CP07,HT,2026-04-19,4,1.9073073266650893,1.1606267106375008,2.795720384334015,4320.194142945927,2628.9065465972367,6332.516349545369,2265.075
CP07,LO,2026-04-19,4,23.272425944287043,17.218578788318652,36.654481096330585,188.76758340931246,139.66354497785613,297.31227136529714,8.11121212121212
CP07,ME,2026-04-19,4,56.767956461937445,9.943273380675432,186.6318615745975,4017.6475460422453,703.7168569610761,13208.526207407658,70.77315789473684
CP07,PA,2026-04-19,4,9.297360023675848,0.3765066910948364,31.170372307286385,4851.827328355242,196.48001674784038,16266.258788557401,521.85
CP07,PC,2026-04-19,4,66.65834298692148,44.377179091792016,163.0126178880615,1417.0425649749,943.3830615759757,3465.3699420745247,21.25829268292683
CP07,SP,2026-04-19,4,1.4267931430236174,1.000668650570948,1.9499829852827213,12400.658708098306,8697.091429334268,16947.84812032801,8691.28
CP07,TO,2026-04-19,4,2.719980834918745,0.9572896888434229,2.991652927135128,0.0,0.0,0.0,0.0
CP08,BQ,2026-04-19,4,2.8691717053317847,1.001593878774092,2.1315172243286677,516.4222152426679,180.27688224054882,383.65178520691694,179.99
CP08,CH,2026-04-19,4,0.7242895132657858,0.8806130609673973,2.4473345772686343,28.964337635498776,35.21571630808622,97.8689097449727,39.99
CP08,FI,2026-04-19,4,2.851022391153745,0.927479696515618,2.657081922849242,49.00907490393288,15.943375983103476,45.675238253778474,17.19
CP08,GA,2026-04-19,4,1.59670006932133,0.9547956662008777,1.5028716695742388,2714.374150845568,1623.1430845848301,2554.8668095595103,1699.99
CP08,HT,2026-04-19,4,1.59670006932133,0.9591575358579342,1.573733583706806,2393.493321414407,1437.80112518944,2359.065985316095,1499.025
CP08,LO,2026-04-19,4,9.970546798415942,0.9047923310997201,32.183012565898174,0.0,0.0,0.0,0.0
CP08,ME,2026-04-19,4,4.364825095873603,3.4108825912752536,8.626556362207367,106.34896346096033,83.10615433642155,210.18604576518248,24.365
CP08,PA,2026-04-19,4,3.1236223302764117,1.5427062386941308,9.0639711261807,804.3015138228733,397.23142940135176,2333.8819252802687,257.49
CP08,PC,2026-04-19,4,55.49109375447135,40.24557372645165,92.50287060826365,1482.7070275265678,1075.3508527887,2471.6517018769646,26.71972972972973
CP08,SP,2026-04-19,4,1.5234803429742234,1.0093954237512093,1.3190604441707534,8377.618406015254,5550.6654352078995,7253.513382494973,5499.0
CP08,TO,2026-04-19,4,2.591876364719126,0.9809553339918199,1.3505597501008944,746.4344742754612,282.50532663630423,388.9477024315566,287.99
CP10,BQ,2026-04-19,4,4.916643361853249,0.8821714269930107,2.536219075538944,49.11726718491396,8.812892555660177,25.33682856463405,9.99
CP10,CH,2026-04-19,4,2.328330561988095,0.9917089704101384,1.5950555510586184,4421.499737215392,1883.2553348088527,3029.010491460316,1899.0
CP10,FI,2026-04-19,4,2.009447510765701,2.0081304468944383,3.9220976470078948,276.27893825517623,276.09785514351637,539.2492054871154,137.49
CP10,GA,2026-04-19,4,2.328330561988095,0.7766710140754857,5.2369635975736175,1164.1419976884276,388.3277403276021,2618.429429150833,499.99
CP10,HT,2026-04-19,4,3.8189071748948495,0.8275107049703776,2.855316825564388,0.0,0.0,0.0,0.0
CP10,LO,2026-04-19,4,18.03946790696403,7.657719962981978,42.05694137582039,112.09274370689775,47.583157419979266,261.3313194740039,6.21375
CP10,ME,2026-04-19,4,6.048805876467347,3.4719629686919036,10.433058787887099,227.32084573306122,130.48022610007362,392.0859415363393,37.58111111111111
CP10,PA,2026-04-19,4,3.2943966435964698,1.7053528933956748,4.426714705440551,555.7976577411605,287.7100866447843,746.8310379548753,168.71
CP10,PC,2026-04-19,4,97.93320585254294,69.87437266424314,139.31409803894633,2339.1938121871303,1668.9916228491459,3327.6014324887187,23.8856043956044
CP10,SP,2026-04-19,4,11.320532246188128,7.674447667482961,26.371640646055578,848.0733191723197,574.9282952988448,1975.6213160605437,74.91461538461539
CP10,TO,2026-04-19,4,2.445314711051626,0.8652148960579275,2.0878915536491354,1467.164373483865,519.1202854857959,1252.7140532739447,599.99
CP12,BQ,2026-04-19,4,2.8691717053317847,1.006935795770558,2.4770087910604266,143.42989354953593,50.336720430570196,123.82566946511074,49.99
CP12,CH,2026-04-19,4,2.1375412126650195,0.9805618983443551,2.518843652007426,85.48027309447413,39.21267031479076,100.72855764377698,39.99
CP12,FI,2026-04-19,4,5.454953803419055,3.754577449153952,7.866728468059767,2000.1012394420673,1376.6450240013455,2884.397178479976,366.65777777777777
CP12,GA,2026-04-19,4,2.0051253473481783,0.9509146439621029,1.5107631573009908,481.21003211008934,228.21000540446508,362.5680501206648,239.99
CP12,HT,2026-04-19,4,2.6733370545296484,0.8167508440447694,2.9745345307438287,11826.843129239165,3613.30573405406,13159.340764010698,4424.0
CP12,LO,2026-04-19,4,5.935164929881259,1.0017074942583244,3.2400314105803867,59.292297649513785,10.007057867640661,32.367913791698065,9.99
CP12,ME,2026-04-19,4,8.676710017036275,4.527472666258817,14.4904166853658,949.2342450412727,495.3066415568812,1585.2552079831898,109.40025
CP12,PA,2026-04-19,4,2.407947789052277,0.6017290133706868,26.942056479960815,471.0427464944064,117.71022959557376,5270.405088609935,195.62
CP12,PC,2026-04-19,4,22.03676847356519,13.735223978355567,27.07809824416252,345.8865254000823,215.58645965556562,425.01464438175793,15.695882352941176
CP12,SP,2026-04-19,4,2.445314711051626,0.9896485633238175,1.3055051395774493,14887.760649001391,6025.257555113131,7948.280831186593,6088.28
CP12,TO,2026-04-19,4,4.521284056527588,0.8443961881235196,0.0,0.0,0.0,0.0,0.0
CP13,BQ,2026-04-19,4,3.5646836138330915,0.9898790829645329,2.4929478328619044,78.38739266818968,21.767441034390075,54.819922844633275,21.99
CP13,CH,2026-04-19,4,2.8691717053317847,0.8854692094601823,2.1088834988605663,143.42989354953593,44.264605780914515,105.42308610803971,49.99
CP13,FI,2026-04-19,4,2.7734756571537855,0.7814514593774711,2.0127002164859964,345.52884228707575,97.35582764744325,250.74890197054702,124.58333333333331
CP13,GA,2026-04-19,4,2.0418451644870204,0.9062966371231065,2.2201462357754376,101.99016596612667,45.26951702429917,110.89630447698312,49.95
CP13,HT,2026-04-19,4,1.59670006932133,0.9903646053706925,1.4491918482487371,918.1025398597648,569.4596480881481,833.2853127430238,575.0
CP13,LO,2026-04-19,4,1.348526340784683,0.9413403825943455,2.7965887335408612,35.04819959699391,24.46543654362704,72.68334118472698,25.99
CP13,ME,2026-04-19,4,3.738679614706553,2.8173514678292277,6.59987691996322,716.5702896731167,539.9848517300211,1264.9588099878306,191.664
CP13,PA,2026-04-19,4,2.7642748576591045,0.9233095969969666,2.668560603815309,80.13632812353744,26.76674521694206,77.36157190460581,28.99
CP13,PC,2026-04-19,4,51.96026309537929,41.98223008448205,73.57050716695856,1106.6872716808189,894.1679064631895,1566.9578828598342,21.29872340425532
CP13,SP,2026-04-19,4,2.445314711051626,0.7714063911529454,1.5935779324824773,20782.72972922777,6556.182918408883,13543.818848168574,8499.0
CP13,TO,2026-04-19,4,2.445314711051626,0.9483412106238599,1.6273279412399166,806.929401499926,312.9431160937675,537.0019473297601,329.99
CP15,BQ,2026-04-19,4,4.572676547044643,0.9367658336337,1.6407929372634025,59.399068346109914,12.168588178901764,21.3139002550516,12.99
CP15,CH,2026-04-19,4,2.1375412126650195,0.8817835898603734,1.7556235500150705,106.85568522112433,44.08036165712007,87.76362126525338,49.99
CP15,FI,2026-04-19,4,1.3098089939600874,0.9053048179168327,2.0152745668869594,458.420049796091,316.84763322271226,705.3259456647669,349.99
CP15,GA,2026-04-19,4,3.3772455143274436,0.7954729999056713,10.579384708681252,1013.1398818430898,238.63394524170235,3173.709618757289,299.99
CP15,HT,2026-04-19,4,1.91736477953938,0.7898232131575981,2.467197419533956,4906.191345180957,2021.0154342919252,6313.114101051878,2558.82
CP15,LO,2026-04-19,4,17.77113149086328,11.708794547235916,36.75142762331656,137.1446683872167,90.35996082862336,283.6207900857584,7.717272727272728
CP15,ME,2026-04-19,4,5.9003181324449825,2.6215033579506937,6.82064244269579,94.35788757406017,41.923081700347495,109.07571394359107,15.992
CP15,PA,2026-04-19,4,2.9861558543953155,0.8747671312648918,2.5923816086452622,164.2087104331984,48.103444548256405,142.55506465940297,54.99
CP15,PC,2026-04-19,4,54.45998752415154,31.874353647549217,87.48492928746943,756.1350344747487,442.55088166264585,1214.660947057061,13.88423076923077
CP15,SP,2026-04-19,4,1.7136842183848604,0.8756072478207976,1.4271157149916476,25260.55079654058,12906.882799120815,21036.389682729616,14740.493333333334
CP15,TO,2026-04-19,4,2.445314711051626,0.8265695773901133,1.7082297323295543,2102.946198357288,710.8415708597236,1469.0604875060935,859.99
CP16,BQ,2026-04-19,4,4.724875194198759,4.1115550113119985,7.490035683889672,333.5572892096556,290.25933757858184,528.7665591398753,70.596
CP16,CH,2026-04-19,4,3.170708674111887,1.5903675713932457,7.305398472722484,112.52845084423087,56.442145108746296,259.268591796921,35.49
CP16,FI,2026-04-19,4,2.641858093983085,0.9142291662878617,2.3495417317433085,58.09445948668803,20.103899366670078,51.66642268103535,21.99
CP16,GA,2026-04-19,4,2.8691717053317847,0.8302603318535576,2.6372550451558108,200.8133276561716,58.109920626430494,184.58148061045517,69.99
CP16,HT,2026-04-19,4,1.59670006932133,0.8999340682374515,1.4557339084105758,4948.173514826802,2788.8956774678622,4511.3193821643745,3099.0
CP16,LO,2026-04-19,4,10.810095428955412,8.868581459513525,20.545262217081916,265.2404323886423,217.60273962933638,504.10602476276443,24.536363636363635
CP16,ME,2026-04-19,4,6.591535290416924,3.259476134065289,19.252511864008202,999.9798471248502,494.48425937859815,2920.734399849138,151.70666666666668
CP16,PA,2026-04-19,4,2.2545253617285503,0.995588261508917,1.7307534924506938,157.79423006738122,69.68122242300909,121.13543693662405,69.99
CP16,PC,2026-04-19,4,54.584482401624626,43.166348530560846,84.96188003649013,1193.4897077115224,943.8322106207129,1857.6915069978565,21.865
CP16,SP,2026-04-19,4,2.445314711051626,0.997718282386225,1.5088473176558368,13446.78559607289,5486.452834841851,8297.151399789447,5499.0
CP16,TO,2026-04-19,4,2.445314711051626,0.9201362178785326,1.464430370403414,1149.2734610471537,432.45482104073153,688.2676297859006,469.99
CP17,BQ,2026-04-19,4,3.252111295928805,1.9813833394778928,4.021926315949689,44.412999931401046,27.059091806136422,54.92610705481959,13.656666666666666
CP17,CH,2026-04-19,4,1.3307672363204168,1.768142524613856,4.458368768925788,664.7182345420482,883.187191044621,2226.955200078431,499.5
CP17,FI,2026-04-19,4,1.5530567417803582,1.890470322772417,4.282560269304858,892.9920959562882,1087.001530890912,2462.4293292476,574.99
CP17,GA,2026-04-19,4,3.496966577863767,0.930955575955579,3.58435495674566,0.0,0.0,0.0,0.0
CP17,HT,2026-04-19,4,1.8228569523067415,0.7397216670925834,2.439768799206822,5598.048386242573,2271.7074312913364,7492.603175428127,3071.03
CP17,LO,2026-04-19,4,3.4564709623151946,0.9339074821371918,11.890463725706399,76.00779646131112,20.536625532196844,261.4712973282837,21.99
CP17,ME,2026-04-19,4,2.794607755120775,2.1665655110333284,5.184052216949172,173.75473717463416,134.70621064849718,322.31844658881477,62.175
CP17,PA,2026-04-19,4,4.605734430885935,0.9131422744007407,28.99461652986367,0.0,0.0,0.0,0.0
CP17,PC,2026-04-19,4,39.55822178139216,25.284090362336332,57.98657431502677,701.0173340683247,448.0632551710179,1027.5890044480225,17.721153846153847
CP17,SP,2026-04-19,4,4.521284056527588,0.7035274688288885,4.206626063392351,0.0,0.0,0.0,0.0
CP17,TO,2026-04-19,4,2.445314711051626,1.0139644155958893,1.2136141764861315,1027.0077254945722,425.8549149061176,509.70581798241034,419.99
CP202,BQ,2026-04-19,4,1.59670006932133,0.7647654632258345,1.6417403536194248,638.6640607278388,305.89853763570153,656.6797240442338,399.99
CP202,CH,2026-04-19,4,1.502192242088692,0.9260340788911435,2.3101404495513784,2852.663067726426,1758.5387158142817,4386.956713698068,1899.0
CP202,FI,2026-04-19,4,2.7423091074950277,0.9921306075888144,0.5952625657203577,3016.5125951534555,1091.33374704162,654.7828696667364,1099.99
CP202,GA,2026-04-19,4,1.59670006932133,0.8317509411451528,1.6915924625395202,510.9280551821324,266.1519836570375,541.292672088021,319.99
CP202,LO,2026-04-19,4,1.7244651887455655,0.9803766510323216,1.901442529965864,51.71671101047951,29.401495764459323,57.024261473676255,29.99
CP202,ME,2026-04-19,4,2.7202607560171996,0.9459809548706982,2.096358884211469,462.4171259153638,160.80730251847,356.3600467271076,169.99
CP202,PA,2026-04-19,4,3.578727805741156,1.448260686658477,5.819367561638282,453.269734782489,183.43187103654054,737.0616974652328,126.65666666666668
CP202,PC,2026-04-19,4,58.080124499459835,45.31277592493827,88.38453863922354,1287.7525204020235,1004.6748678077314,1959.6619907088643,22.172
CP202,SP,2026-04-19,4,1.7136842183848604,0.9533335891730081,1.5928284314628343,16278.286390437788,9055.715763554404,15130.277270465464,9499.0
CP202,TO,2026-04-19,4,4.795663454533338,1.4387219882891473,0.6846978136699463,0.0,0.0,0.0,0.0
CP28,BQ,2026-04-19,4,3.8410460543778746,0.9502878736374616,1.88538478888869,57.61569081566812,14.254318104561923,28.280771833330352,15.0
CP28,CH,2026-04-19,4,1.7501224966450568,1.0006597868482325,2.085173502150301,9625.656230322846,5503.61882106741,11468.433410091633,5499.99
CP28,FI,2026-04-19,4,2.4748922156555953,1.0001644531868008,1.9747337139674959,618.6983049917422,250.03111165216833,493.6636811547343,249.99
CP28,GA,2026-04-19,4,1.743261722988829,0.9661865323524402,1.6505213735931812,488.09584981964224,270.52256719335975,462.1294793923548,279.99
CP28,HT,2026-04-19,4,1.91736477953938,0.8255792684813025,2.254072082065262,4599.758106114972,1980.5646650866447,5407.518924874564,2399.0
CP28,LO,2026-04-19,4,3.712952352478556,1.928095295513068,6.225416905499527,54.728917675533914,28.42012465586262,91.76264518706301,14.739999999999998
CP28,ME,2026-04-19,4,3.7387823240452076,0.852109483768125,5.784709926137831,130.81999351834182,29.815310837046695,202.4070003155627,34.99
CP28,PA,2026-04-19,4,2.158829313550551,0.9089927756704147,1.8727278747321314,151.09646365540306,63.62040436917232,131.07222395250187,69.99
CP28,PC,2026-04-19,4,32.707062240682745,23.799972896557577,46.58783577771022,564.1517104624799,410.5167049167954,803.5759080816699,17.248620689655173
CP28,SP,2026-04-19,4,1.6191763911522228,0.722656777820579,1.3577949784277596,14570.968343978853,6503.18834360739,12218.797010871409,8999.0
CP28,TO,2026-04-19,4,16.329192661340322,0.7003537574193404,44.718311477959425,90.21878945390529,3.8694545097418556,247.06867091572585,5.525
CP32,BQ,2026-04-19,4,4.572676547044643,0.8737482494841243,2.309396677105911,68.5444214401992,13.097486259767024,34.6178561898176,14.99
CP32,CH,2026-04-19,4,1.8228569523067415,1.4965984379816026,2.769856887002155,7200.266733042105,5911.54886404295,10940.907005089643,3949.99
CP32,FI,2026-04-19,4,4.896317631616267,3.0864781567334187,6.872246240256077,6634.461427663725,4182.147037592215,9311.824933084581,1354.99
CP32,GA,2026-04-19,4,2.778557053395982,0.7077282598954744,5.1223507730187405,7330.750430686221,1867.220699930027,13514.451714978533,2638.33
CP32,HT,2026-04-19,4,1.91736477953938,1.1899653651414757,2.571400921117946,2684.310691355132,1665.9515111980659,3599.9612895651244,1400.0
CP32,LO,2026-04-19,4,5.869743864108823,3.6937940782750953,8.73995030194912,83.87863981811508,52.78431737855111,124.89388981485293,14.29
CP32,ME,2026-04-19,4,4.32610774904901,3.104853952854748,7.304650569849637,2629.4948120269696,1887.192329624173,4439.912709366007,607.82
CP32,PA,2026-04-19,4,3.380647508324401,1.5352890332081996,4.4271035386984865,580.6431127922575,263.6935678986743,760.3771682891585,171.755
CP32,PC,2026-04-19,4,28.669920871851588,21.202490914518354,72.20428262108543,675.5042927706403,499.56097521878746,1701.2360475279456,23.56142857142857
CP32,SP,2026-04-19,4,10.202027580707355,0.9847130786677449,3.1082501779030305,183.5344761769253,17.714988285232728,55.91742070047551,17.99
CP32,TO,2026-04-19,4,1.7136842183848604,0.8507108560493556,1.8665871863241132,681.1723399657982,338.14905817105836,741.9497406919718,397.49
CP33,BQ,2026-04-19,4,2.0418451644870204,0.7816842848870738,3.042264200853723,193.95487217462204,74.25219022142313,288.9846764390951,94.99
CP33,CH,2026-04-19,4,3.4928086302486916,2.0655706302129406,4.718236643809235,132.6917998631478,78.47102824178963,179.24581009831286,37.99
CP33,FI,2026-04-19,4,4.142069590642552,1.0014708914191517,1.9401012524305656,66.27311345028083,16.023534262706427,31.04162003888905,16.0
CP33,GA,2026-04-19,4,1.743261722988829,0.9018314256156823,1.5115542996725626,470.66323258975393,243.48546660197806,408.1045453685952,269.99
CP33,HT,2026-04-19,4,1.8228569523067415,0.9805692247841895,2.4489460100821945,5011.033761891233,2695.584798931737,6732.152581715953,2749.0
CP33,LO,2026-04-19,4,6.970311487702959,1.9779798703664218,14.977957375239674,41.752165811340724,11.848099423494867,89.71796467768566,5.99
CP33,ME,2026-04-19,4,5.228055855799374,0.9783379140273197,2.43002736340707,78.36855727843262,14.665285331269523,36.42611017747198,14.99
CP33,PA,2026-04-19,4,2.0747983870436153,0.982785391346114,2.4860824242586075,114.72251881426496,54.341480238831124,137.4637841786726,55.29333333333333
CP33,PC,2026-04-19,4,15.34885960280346,10.41187426737385,23.40649068742018,317.9089909509548,215.6530535756844,484.8004365602218,20.712222222222223
CP33,SP,2026-04-19,4,1.7136842183848604,0.9648041417040641,1.3777542381745962,9423.549516898347,5305.457975230649,7576.270555722104,5499.0
CP33,TO,2026-04-19,4,1.6191763911522228,0.9207811427525213,1.479753785390335,1139.8839876072534,648.2207166863475,1041.731867376942,703.99
CP35,BQ,2026-04-19,4,2.611084192442781,0.7947692669171854,2.862642414649169,60.02882558425953,18.27174544642609,65.81214911278438,22.99
CP35,CH,2026-04-19,4,0.5781785012933218,0.9183348162602882,2.0897145810464934,786.3169799739047,1248.9261667658293,2841.990933077421,1359.99
CP35,FI,2026-04-19,4,0.9150788625888624,0.8975420568432295,1.5323116429051495,320.26845111747593,314.1307444745619,536.2937519003733,349.99
CP35,GA,2026-04-19,4,1.59670006932133,0.9740100145975473,1.4737309262877285,2874.044157777701,1753.2082861754393,2652.7009300086484,1799.99
CP35,HT,2026-04-19,4,4.723323310752289,3.024579742492147,5.220181449505333,13881.847210300979,8889.23986318442,15342.113280096173,2939.0
CP35,LO,2026-04-19,4,17.475381464987393,10.070335875919401,25.778907937998813,169.2826759912202,97.55056898881003,249.7182982024762,9.686923076923078
CP35,ME,2026-04-19,4,5.510035438553834,4.038537354421428,10.34385462884961,628.5077023340817,460.6598018694346,1179.8821220943596,114.066
CP35,PA,2026-04-19,4,4.425873646337339,2.127549106535349,5.945574891683465,762.6812996490048,366.6263538685265,1024.561283917867,172.32333333333335
CP35,PC,2026-04-19,4,70.54690652279146,53.95624392254665,114.92146030958828,1631.321627368278,1247.6803304475457,2657.435639523183,23.12392857142857
CP35,SP,2026-04-19,4,2.445314711051626,0.9501558611818262,1.4697586213797937,13446.78559607289,5224.907080638862,8082.202658967486,5499.0
CP35,TO,2026-04-19,4,1.8671066457085863,0.9862015074334473,1.790563812760119,784.1661201311492,414.1947711069735,752.0188957211224,419.99
CP36,BQ,2026-04-19,4,6.705605261771701,5.877967562023575,14.834815834115455,3374.931128249697,2958.3810739664655,7466.362809310309,503.3
CP36,CH,2026-04-19,4,4.875328701746971,2.583596885864301,7.144098263626607,5607.603072749366,2971.6531381211194,8217.141822823323,1150.2
CP36,FI,2026-04-19,4,3.1235480226145396,0.9673297997085578,2.265104549985253,49.94553288160649,15.467603497339839,36.2190217542642,15.99
CP36,GA,2026-04-19,4,4.685050207701161,3.1552275982277047,18.085036977977822,1937.4790881437766,1304.828597109076,7478.976617057839,413.545
CP36,HT,2026-04-19,4,2.328330561988095,0.9362648517050426,1.4258251851892942,1396.9750538872372,561.7495483745085,855.4808528617247,599.99
CP36,LO,2026-04-19,4,5.286521990654407,2.0507034865029676,12.336537073541722,43.08515422383342,16.713233414999188,100.54277714936504,8.15
CP36,ME,2026-04-19,4,59.27543536664129,1.3923276840824423,57.91507895644544,74.09429420830162,1.7404096051030529,72.3938486955568,1.25
CP36,PA,2026-04-19,4,3.391270938971715,1.591162324974042,5.061337475582568,686.6984524323826,322.1944591839938,1024.8702254307143,202.49
CP36,PC,2026-04-19,4,40.3866832489551,26.951525050180116,60.72868235679334,917.4752979164899,612.2651449808644,1379.5900394671896,22.717272727272725
CP36,SP,2026-04-19,4,2.834815536832286,0.8498179556902588,5.917546757125176,27540.23294032566,8255.981439530864,57488.96674547108,9715.0
CP36,TO,2026-04-19,4,2.765979421269676,1.5961715451628364,2.770036087033641,1797.8589640310768,1037.4955426403922,1800.4957562109962,649.99
CP37,BQ,2026-04-19,4,2.328330561988095,0.9582077162314945,1.543037874457833,3725.305615875332,1533.122763893229,2468.845168753788,1599.99
CP37,CH,2026-04-19,4,1.59670006932133,1.002580753661342,1.5355365051801626,2874.044157777701,1804.635330782879,2763.950353959241,1799.99
CP37,FI,2026-04-19,4,3.683597979571766,2.6181323288525973,4.308346974049865,2962.496839090797,2105.606744156413,3464.9449704098633,804.24
CP37,GA,2026-04-19,4,2.4748922156555953,0.7648007383105017,1.5488530424288196,692.9450714614102,214.13655871955737,433.66336334964524,279.99
CP37,HT,2026-04-19,4,0.117337444743574,0.9694207533930458,1.679390560402515,199.35631861933223,1647.0458600147847,2853.284562123873,1699.0
CP37,LO,2026-04-19,4,9.442627692014431,5.374738945503007,13.693893664883623,110.38431771964869,62.83069827293015,160.08161694248955,11.69
CP37,ME,2026-04-19,4,11.80791628119975,2.0705542706588265,13.24273501476187,2066.5535225630524,362.37648707763435,2317.6672362335376,175.01424242424244
CP37,PA,2026-04-19,4,6.72530182003915,0.8088700856782677,2.8476004932405012,120.9881797425043,14.551572841352034,51.22833287339661,17.99
CP37,PC,2026-04-19,4,124.69321253645833,93.33888000966701,212.86196588999422,2809.6339606456454,2103.146448705956,4796.285187691818,22.532372881355933
CP37,SP,2026-04-19,4,1.7136842183848604,0.9551084622477747,1.3437167718444212,17135.12849963022,9550.1295140155,13435.824001672367,9999.0
CP37,TO,2026-04-19,4,1.4267931430236174,0.7319466646875336,1.8337169192751972,513.631263557072,263.4934798208652,660.1197537698782,359.99
CP39,BQ,2026-04-19,4,2.8691717053317847,1.0368731059082323,2.138805836637609,573.8056493493036,207.3642524505874,427.73977926915546,199.99
CP39,CH,2026-04-19,4,2.1375412126650195,0.8878778531629818,1.908552932890832,81.2051906691441,33.73047964166168,72.50592592052271,37.99
CP39,FI,2026-04-19,4,2.36704790881269,1.0038092178984102,2.227241352551006,66.37202336310783,28.14681046987142,62.451847525530205,28.04
CP39,GA,2026-04-19,4,1.59670006932133,0.8911935360331046,2.008358397919615,510.9280551821324,285.17301959523314,642.6546037502976,319.99
CP39,HT,2026-04-19,4,1.59670006932133,0.8900884443902833,1.307364467858354,4967.110377648953,2768.9405381159568,4067.0278284818396,3110.86
CP39,LO,2026-04-19,4,7.383392929860391,0.9167183508206067,13.622304312239338,18.384648395352375,2.282628693543311,33.919537737475956,2.49
CP39,ME,2026-04-19,4,5.291157181083298,2.0478208487933354,5.188543745023123,70.53112522384036,27.29745191441516,69.16328812115823,13.33
CP39,PA,2026-04-19,4,1.9398411013702723,1.493906398647479,3.026775762594055,1275.4261257399403,982.228518046731,1990.0747961479651,657.49
CP39,PC,2026-04-19,4,26.324102212297827,17.083357446372922,41.567576778547256,436.42352999165536,283.22254262378146,689.1429171862809,16.578857142857142
CP39,SP,2026-04-19,4,2.445314711051626,0.9888252742947428,1.3144846093489893,13446.78559607289,5437.550183346791,7228.350866810092,5499.0
CP39,TO,2026-04-19,4,4.521284056527588,0.894197954981235,1.014628431456319,0.0,0.0,0.0,0.0
CP40,BQ,2026-04-19,4,2.6489952722061454,1.0800821953846218,2.509808126294981,2264.8644677835323,923.4594762318978,2145.860849900946,854.99
CP40,CH,2026-04-19,4,14.93886944080892,1.0012406043454947,6.321705012356686,71.55718462147473,4.79594249481492,30.280967009188526,4.79
CP40,GA,2026-04-19,4,1.91736477953938,1.1604981998951849,2.693606798416776,1962.4228518585555,1187.7699075927217,2756.9065581795703,1023.5
CP40,HT,2026-04-19,4,3.028674035535744,0.90530148681032,0.926246676085667,8780.126029018122,2624.4690102631175,2685.189113972349,2899.0
CP40,LO,2026-04-19,4,4.893341257262694,1.7545370475766042,4.044271861521314,68.06637688852406,24.405610331790562,56.255821593761475,13.909999999999998
CP40,ME,2026-04-19,4,6.780955191117818,3.784463024007742,9.142140064308933,277.0117066360074,154.6007209064649,373.46948182711185,40.85142857142858
CP40,PA,2026-04-19,4,22.965636465460555,0.9370882687730646,10.192789444632682,114.59852596264818,4.676070461177592,50.86201932871709,4.99
CP40,PC,2026-04-19,4,16.594047099987147,8.077151296668513,35.78433083837054,526.6213036331477,256.33288370605123,1135.6356193394884,31.73555555555556
CP40,SP,2026-04-19,4,3.800582128635297,1.444126540737144,3.833307459661171,17102.600575948192,6498.562212684444,17249.86440193797,4499.995
CP40,TO,2026-04-19,4,6.189913725013005,1.5394205855812366,1.980426597106082,0.0,0.0,0.0,0.0
CP44,BQ,2026-04-19,4,3.189836415549837,1.9672061482457261,3.8374483276336955,196.17493955631497,120.98317811711216,236.00307214947227,61.5
CP44,CH,2026-04-19,4,2.0418451644870204,0.8955648234272477,2.010402655881521,77.56969779886191,34.022507642001145,76.37519689693899,37.99
CP44,FI,2026-04-19,4,4.224439122915461,2.5178011376234433,5.4577021125603995,682.9087471467705,407.0193392377471,882.273931176139,161.65666666666667
CP44,GA,2026-04-19,4,5.264164454095978,3.063541136082822,8.125451048141688,590.703591537341,343.76675874904475,911.7749186698636,112.21222222222222
CP44,HT,2026-04-19,4,1.502192242088692,0.8845437073084277,1.3442696474118827,4204.636085606248,2475.837836756289,3762.61074310586,2799.0
CP44,LO,2026-04-19,4,8.486262162908085,2.5659658549639546,14.573063531776137,18.773497740388883,5.676486685814703,32.23885499085143,2.212222222222222
CP44,ME,2026-04-19,4,2.0949692383151612,0.8869453459940754,1.8034358836390854,1093.238747322384,462.8435593535483,941.1049815182204,521.84
CP44,PA,2026-04-19,4,2.765979421269676,1.707712240275165,3.741907571614937,1313.8125653088834,811.1462370083007,1777.368677441379,474.99
CP44,PC,2026-04-19,4,35.919410190225136,28.091641516185156,47.7096373903474,1011.370859589439,790.9669862907199,1343.3443567875481,28.156666666666663
CP44,SP,2026-04-19,4,1.7136842183848604,0.9569948640397717,1.2937827573026865,14136.181117456714,7894.2506334640775,10672.41396498986,8249.0
CP44,TO,2026-04-19,4,2.445314711051626,0.9976631003341506,1.422205283764738,1613.8832561469626,658.4476695895361,938.6412652318895,659.99
CP45,BQ,2026-04-19,4,2.7648375642186136,0.925159228000674,2.1749692379668626,55.26910290873008,18.49393296773347,43.47763506695758,19.99
CP45,CH,2026-04-19,4,1.8228569523067415,1.8945239336316213,3.1315607395036085,1859.2958627833532,1932.3954670649175,3194.1606386862854,1019.99
CP45,FI,2026-04-19,4,3.189836415549837,1.664895986740291,5.22228904023196,175.40910449108554,91.55263031084861,287.1736743223555,54.99
CP45,GA,2026-04-19,4,2.328330561988095,0.9991649991746717,1.3145900757005253,791.6091077703325,339.70610806939663,446.9474798374216,339.99
CP45,HT,2026-04-19,4,1.91736477953938,1.2769340229998813,2.669465410586121,2300.8185617994604,1532.3080582596276,3203.3317980492393,1199.99
CP45,LO,2026-04-19,4,7.1477818725870925,3.519078427666611,16.093397581812145,66.64115299208699,32.809541207278365,150.0441101210952,9.323333333333332
CP45,ME,2026-04-19,4,3.5499978085736874,0.9540739426553457,2.770499542481514,70.964456193388,19.07193811368036,55.38228585420546,19.99
CP45,PA,2026-04-19,4,2.407947789052277,0.9339899624460479,2.4908984682041755,132.4130489199847,51.36010803490818,136.97450676654762,54.99
CP45,PC,2026-04-19,4,48.05389688848646,33.387983303821834,75.85643889301792,1012.2553379559674,703.317868295007,1597.9158852814226,21.065
CP45,SP,2026-04-19,4,1.7136842183848604,0.9977608675110223,1.4168453735029556,9423.549516898347,5486.687010443112,7791.232708892753,5499.0
CP45,TO,2026-04-19,4,4.051172914896373,0.7804746249435726,24.345608905025053,0.0,0.0,0.0,0.0
CP46,BQ,2026-04-19,4,3.189836415549837,1.9138580587985514,4.613164617570191,215.28205968545848,129.16628038831422,311.34248003981213,67.49
CP46,CH,2026-04-19,4,2.1375412126650195,0.8837400659320512,3.1916617899605404,81.2051906691441,33.573285104758625,121.25123140060093,37.99
CP46,FI,2026-04-19,4,2.328330561988095,0.9869677411875478,1.5470933120784909,1280.5585257878324,542.8223879757394,850.8858507100492,549.99
CP46,GA,2026-04-19,4,2.4748922156555953,0.9579241046929945,1.7472461603243992,717.693993617966,277.7884111199215,506.68391403247256,289.99
CP46,HT,2026-04-19,4,1.502192242088692,0.9200304495312771,1.296260128724498,7284.130181888067,4461.227649777163,6285.56536418509,4849.0
CP46,LO,2026-04-19,4,11.236390366984379,3.2475639039726087,34.49703702514969,47.642295156013766,13.769670952843862,146.2674369866347,4.24
CP46,ME,2026-04-19,4,3.738679614706553,2.6392607544674065,7.308900717835743,159.4060827322433,112.53016078822681,311.6295999063626,42.637
CP46,PA,2026-04-19,4,3.6963213903940284,1.641599012528626,6.871224634666459,276.07824464852996,122.61103024576308,513.2117679632378,74.69
CP46,PC,2026-04-19,4,54.023194296414594,38.593983719884804,79.191353734829,1307.6521960963678,934.182219779704,1916.8571753645108,24.205384615384617
CP46,SP,2026-04-19,4,1.7136842183848604,0.9532227865375341,1.4562681113540064,15423.157965463744,8579.005078837807,13106.413002186056,9000.0
CP46,TO,2026-04-19,4,1.7136842183848604,0.9404811392793037,1.6144180268557562,1833.6249768296168,1006.3054142174622,1727.4111445553906,1069.99
CP47,BQ,2026-04-19,4,2.328330561988095,0.9376946356896132,1.5295418879609348,1860.336119028488,749.2180139160009,1222.103968480787,799.0
CP47,CH,2026-04-19,4,2.328330561988095,1.004918964483332,1.5619449110586048,1862.6411662848561,803.9251223970208,1249.5403093977732,799.99
CP47,FI,2026-04-19,4,2.6489952722061454,1.8903045885851641,4.191012306179761,1986.719964201887,1417.7095383929873,3143.2173195117593,749.99
CP47,GA,2026-04-19,4,2.8691717053317847,1.027191802964801,4.694065494085404,344.2719129227608,123.25274443774647,563.2409186353076,119.99
CP47,HT,2026-04-19,4,3.3205171728380662,0.8635245264362227,3.6595512869255216,22373.345864037336,5818.350541919889,24657.72721168834,6737.91
CP47,LO,2026-04-19,4,7.581404803727465,1.0064960034779367,9.381921721097711,45.412614774327515,6.028911060832841,56.19771110937529,5.99
CP47,ME,2026-04-19,4,7.934459215373117,3.9943425569152615,13.102147818207222,260.4089514485457,131.09432271795887,430.012491393561,32.82
CP47,PA,2026-04-19,4,2.867033209248923,0.9360746250633123,3.402908107919662,100.31749199161982,32.753251130965296,119.06775469610899,34.99
CP47,PC,2026-04-19,4,26.254194185721335,17.151867333925583,53.8429613502714,982.1970404817149,641.6694115593497,2014.3218609150745,37.41105263157895
CP47,SP,2026-04-19,4,2.445314711051626,0.9772138329357544,2.431447859878821,18337.415018176143,7328.126533185222,18233.42750123128,7499.0
CP47,TO,2026-04-19,4,3.0578225585719983,0.8242973100373628,3.6195094838165804,6296.056648099744,1697.2281613669302,7452.570027178339,2059.0
CP48,BQ,2026-04-19,4,2.8691717053317847,0.8309818441418343,1.9465067974926604,117.63603991860317,34.070255609815206,79.80677869719908,41.0
CP48,CH,2026-04-19,4,2.328330561988095,0.9864830729246928,1.5668770198291129,4423.80478447176,1874.3079737261871,2977.0506689051163,1899.99
CP48,FI,2026-04-19,4,2.8691717053317847,0.9593916887500163,2.095759165635537,94.65397455889558,31.65033181186304,69.13909487431637,32.99
CP48,GA,2026-04-19,4,2.7367558400149434,0.9668772231624453,4.908347748668169,629.4264756450368,222.3720925551308,1128.8708987161922,229.99
CP48,HT,2026-04-19,4,1.502192242088692,0.9235681347123516,1.4589385607432916,4505.074534023987,2769.7808360023423,4375.356743669132,2999.0
CP48,LO,2026-04-19,4,11.090908025614317,3.5065096889039595,26.411308411112234,36.51126922032233,11.543429895871835,86.94602728938148,3.2920000000000003
CP48,ME,2026-04-19,4,7.384018310800795,6.20164137847718,16.174993845204096,168.661526816277,141.65434857210232,369.4599665585261,22.84142857142857
CP48,PA,2026-04-19,4,2.034348928602911,1.2968911651947441,2.540563773452581,2330.8349414574996,1485.9000836102261,2910.8255377955606,1145.74
CP48,PC,2026-04-19,4,37.74590047149422,29.301875836400022,51.460134453864846,988.5651333484336,767.4161281553166,1347.7409213467204,26.19
CP48,SP,2026-04-19,4,1.7136842183848604,0.9876554450557165,1.2524204036999353,15250.075859406872,8789.145805550821,11145.289172525725,8899.0
CP48,TO,2026-04-19,4,1.7136842183848604,0.8792869675887244,1.3021810923340529,848.256551258322,435.2382560867427,644.5666188944328,494.99
