week_ending,store_code,city,division_code,categorie,sales,units
2025-06-08,CP08,Longueuil,AM,AR,153.95,5.0
2025-06-08,CP08,Longueuil,AP,AP,9641.0,380.0
2025-06-08,CP08,Longueuil,AP,API,40647.39,343.0
2025-06-08,CP08,Longueuil,AP,PP,9453.8,1198.0
2025-06-08,CP08,Longueuil,AS,AS,4446.38,714.0
2025-06-08,CP08,Longueuil,AS,ASC,4911.9400000000005,6.0
2025-06-08,CP08,Longueuil,AZ,AZF,14.96,4.0
2025-06-08,CP08,Longueuil,BQ,BA,926.8,21.0
2025-06-08,CP08,Longueuil,BQ,BC,52.699999999999996,5.0
2025-06-08,CP08,Longueuil,BQ,BLP,799.98,2.0
2025-06-08,CP08,Longueuil,CC,CC,0.0,1.0
2025-06-08,CP08,Longueuil,CH,THA,149.95,5.0
2025-06-08,CP08,Longueuil,CH,THE,22459.89,11.0
2025-06-08,CP08,Longueuil,FI,AF,32.0,2.0
2025-06-08,CP08,Longueuil,FI,FEE,1099.99,1.0
2025-06-08,CP08,Longueuil,FI,FRA,1659.99,1.0
2025-06-08,CP08,Longueuil,GA,GA,333.97,3.0
2025-06-08,CP08,Longueuil,GA,GAA,499.99,2.0
2025-06-08,CP08,Longueuil,GA,GAP,1903.88,1.0
2025-06-08,CP08,Longueuil,GA,GRC,4499.99,1.0
2025-06-08,CP08,Longueuil,GA,GRS,1699.99,1.0
2025-06-08,CP08,Longueuil,HT,HRE,11597.0,3.0
2025-06-08,CP08,Longueuil,HT,HYB,4673.0,2.0
2025-06-08,CP08,Longueuil,IN,INO,2470.0,1.0
2025-06-08,CP08,Longueuil,IN,INP,3470.0,3.0
2025-06-08,CP08,Longueuil,IN,INT,839.97,3.0
2025-06-08,CP08,Longueuil,IN,INTO,785.0,3.0
2025-06-08,CP08,Longueuil,INM,INMM,569.99,2.0
2025-06-08,CP08,Longueuil,INM,INMP,585.0,4.0
2025-06-08,CP08,Longueuil,INM,INMT,330.0,2.0
2025-06-08,CP08,Longueuil,INM,MNM,2280.0,5.0
2025-06-08,CP08,Longueuil,LI,LV,1904.81,50.0
2025-06-08,CP08,Longueuil,LO,LE,125.92999999999999,7.0
2025-06-08,CP08,Longueuil,LO,LG,696.0,25.0
2025-06-08,CP08,Longueuil,LO,LJ,520.46,54.0
2025-06-08,CP08,Longueuil,LO,LOV,100.94,10.0
2025-06-08,CP08,Longueuil,LO,LP,45.45,5.0
2025-06-08,CP08,Longueuil,ME,M1,6992.81,4.0
2025-06-08,CP08,Longueuil,ME,M3,5496.67,13.0
2025-06-08,CP08,Longueuil,ME,M4,7589.8,52.0
2025-06-08,CP08,Longueuil,ME,M5,8748.289999999999,19.0
2025-06-08,CP08,Longueuil,ME,M7,3444.3,2.0
2025-06-08,CP08,Longueuil,ME,MA,5272.87,78.0
2025-06-08,CP08,Longueuil,ME,MB,2424.4700000000003,4.0
2025-06-08,CP08,Longueuil,ME,MC,1258.47,56.0
2025-06-08,CP08,Longueuil,ME,ME,2435.2799999999997,3.0
2025-06-08,CP08,Longueuil,ME,ML,939.35,1.0
2025-06-08,CP08,Longueuil,ME,MO,479.93,7.0
2025-06-08,CP08,Longueuil,ME,MS,1800.43,1.0
2025-06-08,CP08,Longueuil,MK,MK,10.0,3.0
2025-06-08,CP08,Longueuil,PA,MPP,51.98,2.0
2025-06-08,CP08,Longueuil,PA,PA,1357.06,10.0
2025-06-08,CP08,Longueuil,PA,PM,266.12,4.0
2025-06-08,CP08,Longueuil,PA,PMD,714.98,2.0
2025-06-08,CP08,Longueuil,PA,PS,161.99,1.0
2025-06-08,CP08,Longueuil,PA,PSD,4309.95,6.0
2025-06-08,CP08,Longueuil,PC,PIS,40553.39,1869.0
2025-06-08,CP08,Longueuil,PC,SPA,1651.76,74.0
2025-06-08,CP08,Longueuil,PC,TES,1397.1399999999999,86.0
2025-06-08,CP08,Longueuil,PI,ZAP,6407.780000000001,173.0
2025-06-08,CP08,Longueuil,PI,ZHT,664.0699999999999,74.0
2025-06-08,CP08,Longueuil,PI,ZME,523.32,28.0
2025-06-08,CP08,Longueuil,PI,ZSP,1733.52,148.0
2025-06-08,CP08,Longueuil,PI,ZTH,62.99,1.0
2025-06-08,CP08,Longueuil,SE,SE,3449.83,49.0
2025-06-08,CP08,Longueuil,SP,SP,9369.01,1.0
2025-06-08,CP08,Longueuil,TO,TAC,1499.96,9.0
2025-06-08,CP08,Longueuil,TO,TRA,1889.96,4.0
2025-06-08,CP202,Nepean,AP,AP,7574.62,38.0
2025-06-08,CP202,Nepean,AP,API,13598.65,135.0
2025-06-08,CP202,Nepean,AP,PP,1191.23,177.0
2025-06-08,CP202,Nepean,AP,TES,833.5999999999999,40.0
2025-06-08,CP202,Nepean,AP,ZAP,1092.92,8.0
2025-06-08,CP202,Nepean,AS,AS,3183.51,55.0
2025-06-08,CP202,Nepean,AS,ASC,2179.9700000000003,5.0
2025-06-08,CP202,Nepean,AS,SPA,447.78,22.0
2025-06-08,CP202,Nepean,AS,TES,111.94,6.0
2025-06-08,CP202,Nepean,BQ,BCH,1299.99,1.0
2025-06-08,CP202,Nepean,CH,THE,4959.99,1.0
2025-06-08,CP202,Nepean,GA,GA,1199.99,1.0
2025-06-08,CP202,Nepean,GA,GAP,6499.99,2.0
2025-06-08,CP202,Nepean,GA,GRB,21798.989999999998,2.0
2025-06-08,CP202,Nepean,GA,GRS,17959.91,9.0
2025-06-08,CP202,Nepean,LO,AP,49.99,1.0
2025-06-08,CP202,Nepean,LO,LE,23.96,4.0
2025-06-08,CP202,Nepean,LO,LG,98.96,4.0
2025-06-08,CP202,Nepean,LO,LJ,181.77,23.0
2025-06-08,CP202,Nepean,LO,LP,38.97,3.0
2025-06-08,CP202,Nepean,LO,MK,14.950000000000001,5.0
2025-06-08,CP202,Nepean,ME,GA,4269.88,13.0
2025-06-08,CP202,Nepean,ME,M1,12129.82,6.0
2025-06-08,CP202,Nepean,ME,M3,0.0,0.0
2025-06-08,CP202,Nepean,ME,M4,4039.48,28.0
2025-06-08,CP202,Nepean,ME,M5,5096.41,7.0
2025-06-08,CP202,Nepean,ME,M7,1399.98,2.0
2025-06-08,CP202,Nepean,ME,MA,343.94000000000005,6.0
2025-06-08,CP202,Nepean,ME,MB,899.98,2.0
2025-06-08,CP202,Nepean,ME,MC,641.77,23.0
2025-06-08,CP202,Nepean,ME,MO,0.0,1.0
2025-06-08,CP202,Nepean,ME,MS,2053.96,2.0
2025-06-08,CP202,Nepean,ME,PA,0.0,-1.0
2025-06-08,CP202,Nepean,ME,ZME,209.99,1.0
2025-06-08,CP202,Nepean,PA,PA,1839.68,10.0
2025-06-08,CP202,Nepean,PA,PM,388.24,5.0
2025-06-08,CP202,Nepean,PA,PMD,0.0,-1.0
2025-06-08,CP202,Nepean,PA,PS,442.47,1.0
2025-06-08,CP202,Nepean,PA,PSD,5166.32,8.0
2025-06-08,CP202,Nepean,PC,PIS,35405.65,1905.0
2025-06-08,CP202,Nepean,PC,SPA,2784.42,166.0
2025-06-08,CP202,Nepean,PC,TES,11.97,3.0
2025-06-08,CP202,Nepean,PI,AP,135.88,12.0
2025-06-08,CP202,Nepean,PI,API,849.99,1.0
2025-06-08,CP202,Nepean,PI,GA,249.99,1.0
2025-06-08,CP202,Nepean,PI,PP,2131.19,281.0
2025-06-08,CP202,Nepean,PI,TES,0.0,2.0
2025-06-08,CP202,Nepean,PI,ZAP,139.95,5.0
2025-06-08,CP202,Nepean,PI,ZGA,0.0,2.0
2025-06-08,CP202,Nepean,SP,SP,55497.0,3.0
2025-06-08,CP202,Nepean,TO,TRA,559.99,1.0
2025-06-08,CP37,Gatineau,AM,FB,549.99,1.0
2025-06-08,CP37,Gatineau,AP,AP,8344.57,49.0
2025-06-08,CP37,Gatineau,AP,API,44235.5,458.0
2025-06-08,CP37,Gatineau,AP,PP,6931.57,1310.0
2025-06-08,CP37,Gatineau,AP,TES,1772.08,92.0
2025-06-08,CP37,Gatineau,AP,ZAP,2819.82,18.0
2025-06-08,CP37,Gatineau,AS,AS,2165.21,58.0
2025-06-08,CP37,Gatineau,AS,ASC,699.99,2.0
2025-06-08,CP37,Gatineau,AS,SPA,275.85999999999996,14.0
2025-06-08,CP37,Gatineau,AS,TES,289.84,16.0
2025-06-08,CP37,Gatineau,BQ,BA,12.99,1.0
2025-06-08,CP37,Gatineau,BQ,BC,46.98,2.0
2025-06-08,CP37,Gatineau,BQ,BLP,4095.3,5.0
2025-06-08,CP37,Gatineau,BQ,MK,7.99,1.0
2025-06-08,CP37,Gatineau,CH,THE,12676.99,4.0
2025-06-08,CP37,Gatineau,FI,FEE,689.99,1.0
2025-06-08,CP37,Gatineau,FI,FTA,2699.99,1.0
2025-06-08,CP37,Gatineau,GA,GRM,3599.98,2.0
2025-06-08,CP37,Gatineau,GA,GRS,10299.94,6.0
2025-06-08,CP37,Gatineau,HT,HAC,4688.04,2.0
2025-06-08,CP37,Gatineau,HT,HRE,12296.0,4.0
2025-06-08,CP37,Gatineau,HT,HYB,2499.0,1.0
2025-06-08,CP37,Gatineau,LO,AP,99.98,2.0
2025-06-08,CP37,Gatineau,LO,HTS,0.0,0.0
2025-06-08,CP37,Gatineau,LO,LE,294.86,14.0
2025-06-08,CP37,Gatineau,LO,LG,566.19,31.0
2025-06-08,CP37,Gatineau,LO,LJ,271.55,45.0
2025-06-08,CP37,Gatineau,LO,LP,162.88,12.0
2025-06-08,CP37,Gatineau,ME,GA,3188.34,10.0
2025-06-08,CP37,Gatineau,ME,M1,3200.37,2.0
2025-06-08,CP37,Gatineau,ME,M3,1499.2800000000002,6.0
2025-06-08,CP37,Gatineau,ME,M4,6814.55,41.0
2025-06-08,CP37,Gatineau,ME,M5,6680.19,12.0
2025-06-08,CP37,Gatineau,ME,M7,699.99,1.0
2025-06-08,CP37,Gatineau,ME,MA,966.29,30.0
2025-06-08,CP37,Gatineau,ME,MB,4951.75,5.0
2025-06-08,CP37,Gatineau,ME,MC,1095.46,54.0
2025-06-08,CP37,Gatineau,ME,MF,1999.98,2.0
2025-06-08,CP37,Gatineau,ME,ML,1878.64,2.0
2025-06-08,CP37,Gatineau,ME,MO,0.0,-1.0
2025-06-08,CP37,Gatineau,ME,MS,1330.71,1.0
2025-06-08,CP37,Gatineau,ME,PA,127.97,3.0
2025-06-08,CP37,Gatineau,ME,ZME,0.0,1.0
2025-06-08,CP37,Gatineau,MK,CC,0.0,2.0
2025-06-08,CP37,Gatineau,MK,LOV,13.98,133.0
2025-06-08,CP37,Gatineau,MK,MK,21.78,22.0
2025-06-08,CP37,Gatineau,PA,PA,1100.41,10.0
2025-06-08,CP37,Gatineau,PA,PM,809.39,11.0
2025-06-08,CP37,Gatineau,PA,PMD,344.4,2.0
2025-06-08,CP37,Gatineau,PA,PSD,2505.75,4.0
2025-06-08,CP37,Gatineau,PC,PIS,70162.77,3313.0
2025-06-08,CP37,Gatineau,PC,SPA,5034.62,238.0
2025-06-08,CP37,Gatineau,PI,AP,787.76,202.0
2025-06-08,CP37,Gatineau,PI,API,66.99,1.0
2025-06-08,CP37,Gatineau,PI,MA,13.99,1.0
2025-06-08,CP37,Gatineau,PI,MB,673.2,2.0
2025-06-08,CP37,Gatineau,PI,PP,5179.07,807.0
2025-06-08,CP37,Gatineau,PI,ZAP,534.82,19.0
2025-06-08,CP37,Gatineau,PI,ZGA,351.99,73.0
2025-06-08,CP37,Gatineau,PI,ZME,129.98,2.0
2025-06-08,CP37,Gatineau,SP,SP,50890.31,3.0
2025-06-08,CP37,Gatineau,TO,TAC,1156.97,10.0
2025-06-08,CP37,Gatineau,TO,TRA,5873.84,17.0
2025-06-08,CP44,St-Constant,AM,FB,199.99,1.0
2025-06-08,CP44,St-Constant,AP,AP,14227.18,293.0
2025-06-08,CP44,St-Constant,AP,API,26077.13,235.0
2025-06-08,CP44,St-Constant,AP,PP,5519.54,678.0
2025-06-08,CP44,St-Constant,AS,AS,3148.36,350.0
2025-06-08,CP44,St-Constant,AZ,AZF,14.950000000000001,5.0
2025-06-08,CP44,St-Constant,BQ,BA,458.91999999999996,11.0
2025-06-08,CP44,St-Constant,BQ,BC,41.0,2.0
2025-06-08,CP44,St-Constant,BQ,BCH,1399.99,1.0
2025-06-08,CP44,St-Constant,BQ,BLP,2499.99,1.0
2025-06-08,CP44,St-Constant,CC,CC,0.0,1.0
2025-06-08,CP44,St-Constant,CH,THE,13379.939999999999,6.0
2025-06-08,CP44,St-Constant,FI,AF,26.99,1.0
2025-06-08,CP44,St-Constant,GA,GA,489.98,2.0
2025-06-08,CP44,St-Constant,GA,GRS,9899.94,6.0
2025-06-08,CP44,St-Constant,HT,HAC,7667.0,3.0
2025-06-08,CP44,St-Constant,HT,HRE,4384.03,1.0
2025-06-08,CP44,St-Constant,IN,INO,2150.0,1.0
2025-06-08,CP44,St-Constant,IN,INP,2470.0,2.0
2025-06-08,CP44,St-Constant,IN,INT,559.98,2.0
2025-06-08,CP44,St-Constant,IN,INTO,1255.0,3.0
2025-06-08,CP44,St-Constant,INM,INMP,2410.0,8.0
2025-06-08,CP44,St-Constant,INM,MNM,760.0,1.0
2025-06-08,CP44,St-Constant,LI,LV,1547.92,39.0
2025-06-08,CP44,St-Constant,LO,LE,296.88,12.0
2025-06-08,CP44,St-Constant,LO,LG,945.33,30.0
2025-06-08,CP44,St-Constant,LO,LJ,603.34,66.0
2025-06-08,CP44,St-Constant,LO,LOV,0.0,6.0
2025-06-08,CP44,St-Constant,LO,LP,201.4,10.0
2025-06-08,CP44,St-Constant,ME,M1,1530.0,1.0
2025-06-08,CP44,St-Constant,ME,M4,1388.3200000000002,16.0
2025-06-08,CP44,St-Constant,ME,M5,2547.9300000000003,4.0
2025-06-08,CP44,St-Constant,ME,M7,629.99,1.0
2025-06-08,CP44,St-Constant,ME,MA,1276.84,17.0
2025-06-08,CP44,St-Constant,ME,MB,899.98,2.0
2025-06-08,CP44,St-Constant,ME,MC,359.16,15.0
2025-06-08,CP44,St-Constant,ME,ME,1526.4,2.0
2025-06-08,CP44,St-Constant,ME,ML,626.23,1.0
2025-06-08,CP44,St-Constant,ME,MO,89.99,1.0
2025-06-08,CP44,St-Constant,MK,MK,1.99,2.0
2025-06-08,CP44,St-Constant,PA,MPP,25.99,1.0
2025-06-08,CP44,St-Constant,PA,PA,525.96,5.0
2025-06-08,CP44,St-Constant,PA,PM,143.98,2.0
2025-06-08,CP44,St-Constant,PA,PMD,370.20000000000005,2.0
2025-06-08,CP44,St-Constant,PA,PS,391.38,1.0
2025-06-08,CP44,St-Constant,PA,PSD,626.23,2.0
2025-06-08,CP44,St-Constant,PC,PIS,21542.15,986.0
2025-06-08,CP44,St-Constant,PC,SPA,1324.96,54.0
2025-06-08,CP44,St-Constant,PC,TES,675.64,36.0
2025-06-08,CP44,St-Constant,PI,ZAP,3281.64,104.0
2025-06-08,CP44,St-Constant,PI,ZBB,55.0,1.0
2025-06-08,CP44,St-Constant,PI,ZHT,96.25,15.0
2025-06-08,CP44,St-Constant,PI,ZME,299.97,3.0
2025-06-08,CP44,St-Constant,PI,ZSP,1077.64,36.0
2025-06-08,CP44,St-Constant,PI,ZTH,5.99,1.0
2025-06-08,CP44,St-Constant,SE,SE,669.98,11.0
2025-06-08,CP44,St-Constant,SP,SP,27247.010000000002,3.0
2025-06-08,CP44,St-Constant,TO,CTO,1912.0,1.0
2025-06-08,CP44,St-Constant,TO,TAC,600.0,4.0
2025-06-08,CP44,St-Constant,TO,TRA,1119.98,2.0
2025-06-08,CP48,Beloeil,AM,AR,49.98,2.0
2025-06-08,CP48,Beloeil,AM,FB,199.99,1.0
2025-06-08,CP48,Beloeil,AP,AP,21037.73,359.0
2025-06-08,CP48,Beloeil,AP,API,36286.62,332.0
2025-06-08,CP48,Beloeil,AP,PP,8677.93,1002.0
2025-06-08,CP48,Beloeil,AS,AS,3120.49,666.0
2025-06-08,CP48,Beloeil,AS,ZSP,151.96,4.0
2025-06-08,CP48,Beloeil,AZ,AZF,56.86,14.0
2025-06-08,CP48,Beloeil,BQ,BA,551.88,13.0
2025-06-08,CP48,Beloeil,BQ,BC,32.989999999999995,2.0
2025-06-08,CP48,Beloeil,BQ,BCH,349.99,1.0
2025-06-08,CP48,Beloeil,BQ,BLP,5776.98,6.0
2025-06-08,CP48,Beloeil,CC,CC,0.0,6.0
2025-06-08,CP48,Beloeil,CH,THE,17299.93,7.0
2025-06-08,CP48,Beloeil,GA,GAP,2699.99,1.0
2025-06-08,CP48,Beloeil,HT,HYB,7417.0,3.0
2025-06-08,CP48,Beloeil,IN,INM,819.99,1.0
2025-06-08,CP48,Beloeil,IN,INP,3315.0,3.0
2025-06-08,CP48,Beloeil,IN,INT,279.99,1.0
2025-06-08,CP48,Beloeil,IN,INTO,750.0,2.0
2025-06-08,CP48,Beloeil,INM,INMP,40.0,1.0
2025-06-08,CP48,Beloeil,INM,INMT,330.0,2.0
2025-06-08,CP48,Beloeil,LI,LV,674.93,25.0
2025-06-08,CP48,Beloeil,LO,LE,414.79,21.0
2025-06-08,CP48,Beloeil,LO,LG,983.7,30.0
2025-06-08,CP48,Beloeil,LO,LJ,1474.54,96.0
2025-06-08,CP48,Beloeil,LO,LOV,11.99,1.0
2025-06-08,CP48,Beloeil,LO,LP,227.29,11.0
2025-06-08,CP48,Beloeil,ME,M1,15424.42,11.0
2025-06-08,CP48,Beloeil,ME,M3,2309.21,5.0
2025-06-08,CP48,Beloeil,ME,M4,3389.31,27.0
2025-06-08,CP48,Beloeil,ME,M5,5427.08,12.0
2025-06-08,CP48,Beloeil,ME,M7,1174.19,1.0
2025-06-08,CP48,Beloeil,ME,M8,478.36,1.0
2025-06-08,CP48,Beloeil,ME,MA,1427.27,44.0
2025-06-08,CP48,Beloeil,ME,MB,1219.98,2.0
2025-06-08,CP48,Beloeil,ME,MC,202.93,7.0
2025-06-08,CP48,Beloeil,ME,ML,2818.05,3.0
2025-06-08,CP48,Beloeil,ME,MO,334.97,3.0
2025-06-08,CP48,Beloeil,ME,MS,1095.91,1.0
2025-06-08,CP48,Beloeil,MK,MK,1.99,1.0
2025-06-08,CP48,Beloeil,PA,PA,415.02,2.0
2025-06-08,CP48,Beloeil,PA,PM,521.3,3.0
2025-06-08,CP48,Beloeil,PA,PSD,1409.02,2.0
2025-06-08,CP48,Beloeil,PC,PIS,42879.77,2024.0
2025-06-08,CP48,Beloeil,PC,SPA,2117.44,106.0
2025-06-08,CP48,Beloeil,PC,TES,1099.46,54.0
2025-06-08,CP48,Beloeil,PI,ZAP,4829.96,117.0
2025-06-08,CP48,Beloeil,PI,ZGA,29.98,2.0
2025-06-08,CP48,Beloeil,PI,ZHT,20.99,1.0
2025-06-08,CP48,Beloeil,PI,ZSP,359.96,104.0
2025-06-08,CP48,Beloeil,SE,SE,949.9100000000001,11.0
2025-06-08,CP48,Beloeil,TO,TAC,0.0,3.0
2025-06-08,CP48,Beloeil,TO,TRA,1822.46,5.0
2025-06-15,CP08,Longueuil,AM,AE,149.97,3.0
2025-06-15,CP08,Longueuil,AM,AR,74.97,3.0
2025-06-15,CP08,Longueuil,AM,FB,449.99,1.0
2025-06-15,CP08,Longueuil,AP,AP,25806.59,329.0
2025-06-15,CP08,Longueuil,AP,API,39207.090000000004,349.0
2025-06-15,CP08,Longueuil,AP,PP,7964.46,994.5
2025-06-15,CP08,Longueuil,AS,AS,4181.67,607.0
2025-06-15,CP08,Longueuil,AS,ASC,1479.98,2.0
2025-06-15,CP08,Longueuil,AZ,AZF,41.900000000000006,10.0
2025-06-15,CP08,Longueuil,BQ,BA,280.92,8.0
2025-06-15,CP08,Longueuil,BQ,BC,0.0,-2.0
2025-06-15,CP08,Longueuil,BQ,BCH,349.99,1.0
2025-06-15,CP08,Longueuil,BQ,BFU,434.87,1.0
2025-06-15,CP08,Longueuil,BQ,BLP,299.99,1.0
2025-06-15,CP08,Longueuil,CH,THA,29.99,2.0
2025-06-15,CP08,Longueuil,CH,THE,20559.91,9.0
2025-06-15,CP08,Longueuil,FI,AF,508.65000000000003,11.0
2025-06-15,CP08,Longueuil,FI,FMA,1681.11,1.0
2025-06-15,CP08,Longueuil,HT,HRE,7743.01,2.0
2025-06-15,CP08,Longueuil,HT,HYB,3099.0,1.0
2025-06-15,CP08,Longueuil,IN,INO,2050.0,1.0
2025-06-15,CP08,Longueuil,IN,INP,2415.0,2.0
2025-06-15,CP08,Longueuil,IN,INT,839.97,3.0
2025-06-15,CP08,Longueuil,IN,INTO,350.0,2.0
2025-06-15,CP08,Longueuil,INM,INMM,350.0,5.0
2025-06-15,CP08,Longueuil,INM,INMP,4533.0,11.0
2025-06-15,CP08,Longueuil,INM,INMT,165.0,1.0
2025-06-15,CP08,Longueuil,INM,MNM,1450.0,1.0
2025-06-15,CP08,Longueuil,LI,LV,1519.8999999999999,37.0
2025-06-15,CP08,Longueuil,LO,LE,187.74,10.0
2025-06-15,CP08,Longueuil,LO,LG,1908.41,62.0
2025-06-15,CP08,Longueuil,LO,LJ,1142.67,93.0
2025-06-15,CP08,Longueuil,LO,LOV,48.97,5.0
2025-06-15,CP08,Longueuil,LO,LP,176.91,9.0
2025-06-15,CP08,Longueuil,ME,M1,2499.98,2.0
2025-06-15,CP08,Longueuil,ME,M3,1595.89,3.0
2025-06-15,CP08,Longueuil,ME,M4,8981.75,38.0
2025-06-15,CP08,Longueuil,ME,M5,7858.26,16.0
2025-06-15,CP08,Longueuil,ME,M7,2348.32,2.0
2025-06-15,CP08,Longueuil,ME,M9,892.37,4.0
2025-06-15,CP08,Longueuil,ME,MA,2406.46,59.0
2025-06-15,CP08,Longueuil,ME,MB,2970.04,5.0
2025-06-15,CP08,Longueuil,ME,MC,1301.6899999999998,31.0
2025-06-15,CP08,Longueuil,ME,MF,999.99,1.0
2025-06-15,CP08,Longueuil,ME,ML,499.99,1.0
2025-06-15,CP08,Longueuil,ME,MO,531.95,5.0
2025-06-15,CP08,Longueuil,ME,MS,1569.96,1.0
2025-06-15,CP08,Longueuil,MK,MK,10.0,2.0
2025-06-15,CP08,Longueuil,PA,MPP,25.99,1.0
2025-06-15,CP08,Longueuil,PA,PA,1552.07,9.0
2025-06-15,CP08,Longueuil,PA,PM,620.4200000000001,5.0
2025-06-15,CP08,Longueuil,PA,PMD,701.9100000000001,3.0
2025-06-15,CP08,Longueuil,PA,PSD,3084.21,5.0
2025-06-15,CP08,Longueuil,PC,PIS,34605.29,1660.0
2025-06-15,CP08,Longueuil,PC,SPA,1829.34,91.0
2025-06-15,CP08,Longueuil,PC,TES,1092.28,72.0
2025-06-15,CP08,Longueuil,PI,ZAP,8742.61,225.0
2025-06-15,CP08,Longueuil,PI,ZGA,30.0,3.0
2025-06-15,CP08,Longueuil,PI,ZHT,596.92,8.0
2025-06-15,CP08,Longueuil,PI,ZME,79.98,2.0
2025-06-15,CP08,Longueuil,PI,ZSP,2252.68,154.0
2025-06-15,CP08,Longueuil,SE,SE,1354.92,34.0
2025-06-15,CP08,Longueuil,SP,SP,20348.0,2.0
2025-06-15,CP08,Longueuil,TO,CTO,6800.0,2.0
2025-06-15,CP08,Longueuil,TO,TAC,299.99,5.0
2025-06-15,CP08,Longueuil,TO,TRA,1104.97,3.0
2025-06-15,CP202,Nepean,AM,FB,398.22,1.0
2025-06-15,CP202,Nepean,AP,AP,5424.8,20.0
2025-06-15,CP202,Nepean,AP,API,2718.57,43.0
2025-06-15,CP202,Nepean,AP,PP,716.9499999999999,55.0
2025-06-15,CP202,Nepean,AP,TES,627.6899999999999,31.0
2025-06-15,CP202,Nepean,AP,ZAP,2149.86,14.0
2025-06-15,CP202,Nepean,AS,AS,2293.05,49.0
2025-06-15,CP202,Nepean,AS,ASC,2939.96,5.0
2025-06-15,CP202,Nepean,AS,SPA,377.82,18.0
2025-06-15,CP202,Nepean,AS,TES,71.96,4.0
2025-06-15,CP202,Nepean,BQ,BCH,300.0,1.0
2025-06-15,CP202,Nepean,GA,GAP,4049.99,1.0
2025-06-15,CP202,Nepean,GA,GRC,4499.99,1.0
2025-06-15,CP202,Nepean,GA,GRS,13499.93,7.0
2025-06-15,CP202,Nepean,LO,AP,0.0,-1.0
2025-06-15,CP202,Nepean,LO,LE,11.98,2.0
2025-06-15,CP202,Nepean,LO,LG,397.34999999999997,15.0
2025-06-15,CP202,Nepean,LO,LJ,158.7,30.0
2025-06-15,CP202,Nepean,LO,LOV,9.99,1.0
2025-06-15,CP202,Nepean,LO,LP,95.94999999999999,5.0
2025-06-15,CP202,Nepean,ME,GA,1219.96,4.0
2025-06-15,CP202,Nepean,ME,M1,9144.199999999999,5.0
2025-06-15,CP202,Nepean,ME,M3,2787.54,6.0
2025-06-15,CP202,Nepean,ME,M4,1484.5500000000002,13.0
2025-06-15,CP202,Nepean,ME,M5,5173.38,9.0
2025-06-15,CP202,Nepean,ME,M7,0.0,0.0
2025-06-15,CP202,Nepean,ME,MA,116.99,2.0
2025-06-15,CP202,Nepean,ME,MC,725.68,32.0
2025-06-15,CP202,Nepean,ME,MF,796.45,1.0
2025-06-15,CP202,Nepean,ME,ML,955.74,1.0
2025-06-15,CP202,Nepean,ME,MS,1353.97,1.0
2025-06-15,CP202,Nepean,ME,PA,107.37,3.0
2025-06-15,CP202,Nepean,ME,ZME,209.99,1.0
2025-06-15,CP202,Nepean,PA,PA,914.11,5.0
2025-06-15,CP202,Nepean,PA,PM,888.73,11.0
2025-06-15,CP202,Nepean,PA,PMD,350.42,2.0
2025-06-15,CP202,Nepean,PA,PSD,3184.0299999999997,5.0
2025-06-15,CP202,Nepean,PC,MA,24.99,1.0
2025-06-15,CP202,Nepean,PC,PIS,28214.12,1479.0
2025-06-15,CP202,Nepean,PC,SPA,2505.13,138.0
2025-06-15,CP202,Nepean,PC,TES,3.99,1.0
2025-06-15,CP202,Nepean,PI,AP,74.94,6.0
2025-06-15,CP202,Nepean,PI,GA,255.71,3.0
2025-06-15,CP202,Nepean,PI,MA,0.0,1.0
2025-06-15,CP202,Nepean,PI,PP,773.9,110.0
2025-06-15,CP202,Nepean,PI,ZAP,86.95,5.0
2025-06-15,CP202,Nepean,PI,ZME,0.0,1.0
2025-06-15,CP202,Nepean,PI,ZSP,439.96000000000004,4.0
2025-06-15,CP202,Nepean,SP,SP,40746.0,4.0
2025-06-15,CP202,Nepean,TO,TAC,0.0,1.0
2025-06-15,CP37,Gatineau,AM,FB,1541.3600000000001,3.0
2025-06-15,CP37,Gatineau,AP,AP,9881.48,53.0
2025-06-15,CP37,Gatineau,AP,API,29407.780000000002,323.0
2025-06-15,CP37,Gatineau,AP,PP,4962.24,865.0
2025-06-15,CP37,Gatineau,AP,TES,1471.26,74.0
2025-06-15,CP37,Gatineau,AP,ZAP,1459.89,11.0
2025-06-15,CP37,Gatineau,AS,AS,3663.61,71.0
2025-06-15,CP37,Gatineau,AS,ASC,2939.96,5.0
2025-06-15,CP37,Gatineau,AS,SPA,499.78,22.0
2025-06-15,CP37,Gatineau,AS,TES,233.86999999999998,13.0
2025-06-15,CP37,Gatineau,BQ,BA,174.96,4.0
2025-06-15,CP37,Gatineau,BQ,BC,14.0,1.0
2025-06-15,CP37,Gatineau,BQ,BCH,1299.99,1.0
2025-06-15,CP37,Gatineau,BQ,BLP,2099.96,4.0
2025-06-15,CP37,Gatineau,BQ,MK,7.99,1.0
2025-06-15,CP37,Gatineau,CH,THE,22646.91,12.0
2025-06-15,CP37,Gatineau,GA,GA,5107.99,3.0
2025-06-15,CP37,Gatineau,GA,GAP,8332.8,4.0
2025-06-15,CP37,Gatineau,GA,GRB,15999.99,1.0
2025-06-15,CP37,Gatineau,GA,GRM,1899.99,1.0
2025-06-15,CP37,Gatineau,GA,GRS,13299.93,7.0
2025-06-15,CP37,Gatineau,HT,HAC,2399.0,1.0
2025-06-15,CP37,Gatineau,HT,HRE,9098.0,2.0
2025-06-15,CP37,Gatineau,HT,HYB,4477.5,2.0
2025-06-15,CP37,Gatineau,LO,AP,199.96,4.0
2025-06-15,CP37,Gatineau,LO,AS,44.97,3.0
2025-06-15,CP37,Gatineau,LO,HTG,109.99,1.0
2025-06-15,CP37,Gatineau,LO,LE,202.89000000000001,11.0
2025-06-15,CP37,Gatineau,LO,LG,859.17,33.0
2025-06-15,CP37,Gatineau,LO,LJ,403.48,52.0
2025-06-15,CP37,Gatineau,LO,LP,203.87,13.0
2025-06-15,CP37,Gatineau,ME,GA,2034.94,6.0
2025-06-15,CP37,Gatineau,ME,M1,2500.38,2.0
2025-06-15,CP37,Gatineau,ME,M3,939.3000000000001,3.0
2025-06-15,CP37,Gatineau,ME,M4,12957.55,70.0
2025-06-15,CP37,Gatineau,ME,M5,9312.43,20.0
2025-06-15,CP37,Gatineau,ME,M7,699.99,1.0
2025-06-15,CP37,Gatineau,ME,MA,1422.94,27.0
2025-06-15,CP37,Gatineau,ME,MB,4132.240000000001,5.0
2025-06-15,CP37,Gatineau,ME,MC,1345.95,51.0
2025-06-15,CP37,Gatineau,ME,MF,2017.6,2.0
2025-06-15,CP37,Gatineau,ME,MO,369.97,3.0
2025-06-15,CP37,Gatineau,ME,PA,216.92,8.0
2025-06-15,CP37,Gatineau,MK,LOV,14.0,116.0
2025-06-15,CP37,Gatineau,MK,MK,15.84,17.0
2025-06-15,CP37,Gatineau,PA,PA,365.99,5.0
2025-06-15,CP37,Gatineau,PA,PM,912.86,11.0
2025-06-15,CP37,Gatineau,PA,PMD,197.99,1.0
2025-06-15,CP37,Gatineau,PC,MA,24.99,1.0
2025-06-15,CP37,Gatineau,PC,PIS,59938.52,2727.0
2025-06-15,CP37,Gatineau,PC,SPA,6221.37,313.0
2025-06-15,CP37,Gatineau,PC,TES,31.92,8.0
2025-06-15,CP37,Gatineau,PI,AP,571.24,78.0
2025-06-15,CP37,Gatineau,PI,API,949.99,1.0
2025-06-15,CP37,Gatineau,PI,PP,5474.41,841.0
2025-06-15,CP37,Gatineau,PI,ZAP,453.85,16.0
2025-06-15,CP37,Gatineau,PI,ZGA,0.0,3.0
2025-06-15,CP37,Gatineau,PI,ZME,134.81,17.0
2025-06-15,CP37,Gatineau,PI,ZSP,49.99,1.0
2025-06-15,CP37,Gatineau,SP,SP,12999.0,1.0
2025-06-15,CP37,Gatineau,TO,TAC,1079.98,6.0
2025-06-15,CP37,Gatineau,TO,TRA,5003.46,14.0
2025-06-15,CP44,St-Constant,AM,AE,409.97,3.0
2025-06-15,CP44,St-Constant,AP,AP,8806.32,300.0
2025-06-15,CP44,St-Constant,AP,API,25408.57,249.0
2025-06-15,CP44,St-Constant,AP,PP,5025.7,701.5
2025-06-15,CP44,St-Constant,AS,AS,2918.19,514.0
2025-06-15,CP44,St-Constant,AZ,AZF,21.340000000000003,6.0
2025-06-15,CP44,St-Constant,BQ,BA,628.84,19.0
2025-06-15,CP44,St-Constant,BQ,BC,41.0,1.0
2025-06-15,CP44,St-Constant,BQ,BLP,1599.99,1.0
2025-06-15,CP44,St-Constant,CC,CC,0.0,2.0
2025-06-15,CP44,St-Constant,CH,THA,0.0,2.0
2025-06-15,CP44,St-Constant,CH,THE,18259.93,7.0
2025-06-15,CP44,St-Constant,FI,AF,346.02,10.0
2025-06-15,CP44,St-Constant,FI,FEE,1000.0,1.0
2025-06-15,CP44,St-Constant,FI,FMA,1899.99,1.0
2025-06-15,CP44,St-Constant,FI,FRA,1344.99,1.0
2025-06-15,CP44,St-Constant,FI,FVE,1413.99,1.0
2025-06-15,CP44,St-Constant,GA,GAA,249.99,1.0
2025-06-15,CP44,St-Constant,GA,GRB,8699.99,1.0
2025-06-15,CP44,St-Constant,HT,HRE,15270.0,5.0
2025-06-15,CP44,St-Constant,IN,INP,6145.0,5.0
2025-06-15,CP44,St-Constant,IN,INT,839.97,3.0
2025-06-15,CP44,St-Constant,IN,INTO,770.0,2.0
2025-06-15,CP44,St-Constant,INM,INMM,2129.98,2.0
2025-06-15,CP44,St-Constant,INM,INMP,370.0,3.0
2025-06-15,CP44,St-Constant,INM,INMT,330.0,2.0
2025-06-15,CP44,St-Constant,LI,LV,1119.92,31.0
2025-06-15,CP44,St-Constant,LO,LE,483.1,23.0
2025-06-15,CP44,St-Constant,LO,LG,994.76,24.0
2025-06-15,CP44,St-Constant,LO,LJ,644.9499999999999,55.0
2025-06-15,CP44,St-Constant,LO,LOV,16.99,5.0
2025-06-15,CP44,St-Constant,LO,LP,186.87,13.0
2025-06-15,CP44,St-Constant,ME,M3,1803.65,4.0
2025-06-15,CP44,St-Constant,ME,M4,4747.37,45.0
2025-06-15,CP44,St-Constant,ME,M5,5449.29,11.0
2025-06-15,CP44,St-Constant,ME,M7,1174.19,1.0
2025-06-15,CP44,St-Constant,ME,M9,462.70000000000005,2.0
2025-06-15,CP44,St-Constant,ME,MA,1062.87,14.0
2025-06-15,CP44,St-Constant,ME,MB,854.98,2.0
2025-06-15,CP44,St-Constant,ME,MC,690.72,17.0
2025-06-15,CP44,St-Constant,ME,ML,939.35,1.0
2025-06-15,CP44,St-Constant,ME,MO,229.97000000000003,3.0
2025-06-15,CP44,St-Constant,MK,MK,1.99,1.0
2025-06-15,CP44,St-Constant,PA,PA,375.01,4.0
2025-06-15,CP44,St-Constant,PA,PM,347.84999999999997,5.0
2025-06-15,CP44,St-Constant,PA,PMD,549.99,1.0
2025-06-15,CP44,St-Constant,PA,PS,391.38,1.0
2025-06-15,CP44,St-Constant,PA,PSD,1878.67,3.0
2025-06-15,CP44,St-Constant,PC,PIS,18587.28,884.0
2025-06-15,CP44,St-Constant,PC,SPA,1689.21,79.0
2025-06-15,CP44,St-Constant,PC,TES,448.71999999999997,28.0
2025-06-15,CP44,St-Constant,PI,ZAP,3507.2200000000003,85.0
2025-06-15,CP44,St-Constant,PI,ZHT,207.24,16.0
2025-06-15,CP44,St-Constant,PI,ZME,91.28,12.0
2025-06-15,CP44,St-Constant,PI,ZSP,370.27,41.0
2025-06-15,CP44,St-Constant,SE,SE,444.98,7.0
2025-06-15,CP44,St-Constant,SP,SP,10449.0,1.0
2025-06-15,CP44,St-Constant,TO,TAC,749.99,5.0
2025-06-15,CP44,St-Constant,TO,TRA,3169.94,6.0
2025-06-15,CP48,Beloeil,AM,AE,59.99,1.0
2025-06-15,CP48,Beloeil,AM,AR,55.98,2.0
2025-06-15,CP48,Beloeil,AM,FB,449.99,1.0
2025-06-15,CP48,Beloeil,AP,AP,15900.05,417.0
2025-06-15,CP48,Beloeil,AP,API,32327.15,302.0
2025-06-15,CP48,Beloeil,AP,PP,7554.92,927.0
2025-06-15,CP48,Beloeil,AS,AS,2703.73,579.0
2025-06-15,CP48,Beloeil,AS,ZSP,37.99,1.0
2025-06-15,CP48,Beloeil,AZ,AZF,38.900000000000006,10.0
2025-06-15,CP48,Beloeil,BQ,BA,616.9399999999999,16.0
2025-06-15,CP48,Beloeil,BQ,BC,24.99,1.0
2025-06-15,CP48,Beloeil,BQ,BFU,1529.1,1.0
2025-06-15,CP48,Beloeil,BQ,BLP,2631.9700000000003,3.0
2025-06-15,CP48,Beloeil,CC,CC,0.0,3.0
2025-06-15,CP48,Beloeil,CH,THE,17449.9,10.0
2025-06-15,CP48,Beloeil,FI,FTA,1599.98,2.0
2025-06-15,CP48,Beloeil,GA,GA,559.98,2.0
2025-06-15,CP48,Beloeil,GA,GRS,1699.99,1.0
2025-06-15,CP48,Beloeil,HT,HAC,2099.0,1.0
2025-06-15,CP48,Beloeil,HT,HRE,13096.0,4.0
2025-06-15,CP48,Beloeil,HT,HYB,2299.0,1.0
2025-06-15,CP48,Beloeil,IN,INP,6885.0,6.0
2025-06-15,CP48,Beloeil,IN,INT,689.97,3.0
2025-06-15,CP48,Beloeil,IN,INTO,905.0,2.0
2025-06-15,CP48,Beloeil,INM,INMP,655.0,4.0
2025-06-15,CP48,Beloeil,INM,INMT,330.0,2.0
2025-06-15,CP48,Beloeil,INM,MNM,1520.0,2.0
2025-06-15,CP48,Beloeil,LI,LV,2259.9,44.0
2025-06-15,CP48,Beloeil,LO,LE,212.89,11.0
2025-06-15,CP48,Beloeil,LO,LG,2107.2400000000002,51.0
2025-06-15,CP48,Beloeil,LO,LJ,1559.8999999999999,110.0
2025-06-15,CP48,Beloeil,LO,LOV,81.94,12.0
2025-06-15,CP48,Beloeil,LO,LP,278.34,16.0
2025-06-15,CP48,Beloeil,ME,M1,4348.36,4.0
2025-06-15,CP48,Beloeil,ME,M3,3287.71,6.0
2025-06-15,CP48,Beloeil,ME,M4,7674.880000000001,38.0
2025-06-15,CP48,Beloeil,ME,M5,5137.45,11.0
2025-06-15,CP48,Beloeil,ME,M7,2348.38,2.0
2025-06-15,CP48,Beloeil,ME,MA,640.0,43.0
2025-06-15,CP48,Beloeil,ME,MB,999.99,1.0
2025-06-15,CP48,Beloeil,ME,MC,901.1999999999999,35.0
2025-06-15,CP48,Beloeil,ME,MF,1217.65,1.0
2025-06-15,CP48,Beloeil,ME,ML,1322.07,1.0
2025-06-15,CP48,Beloeil,ME,MO,380.86,5.0
2025-06-15,CP48,Beloeil,MK,MK,1.99,1.0
2025-06-15,CP48,Beloeil,PA,MPP,25.99,1.0
2025-06-15,CP48,Beloeil,PA,PA,531.96,7.0
2025-06-15,CP48,Beloeil,PA,PM,561.38,7.0
2025-06-15,CP48,Beloeil,PA,PSD,1346.22,2.0
2025-06-15,CP48,Beloeil,PC,PIS,37206.12,1740.0
2025-06-15,CP48,Beloeil,PC,SPA,1610.62,88.0
2025-06-15,CP48,Beloeil,PC,TES,1252.3999999999999,60.0
2025-06-15,CP48,Beloeil,PI,ZAP,4905.81,106.0
2025-06-15,CP48,Beloeil,PI,ZHT,69.96000000000001,4.0
2025-06-15,CP48,Beloeil,PI,ZME,95.99,1.0
2025-06-15,CP48,Beloeil,PI,ZSP,129.59,41.0
2025-06-15,CP48,Beloeil,SE,SE,389.96,7.0
2025-06-15,CP48,Beloeil,SP,SP,47246.0,5.0
2025-06-15,CP48,Beloeil,TO,TAC,849.99,7.0
2025-06-15,CP48,Beloeil,TO,TRA,2482.45,5.0
2025-06-22,CP08,Longueuil,AM,AE,84.99,1.0
2025-06-22,CP08,Longueuil,AM,AR,27.99,1.0
2025-06-22,CP08,Longueuil,AP,AP,27507.3,358.0
2025-06-22,CP08,Longueuil,AP,API,39339.31,306.0
2025-06-22,CP08,Longueuil,AP,PP,7057.94,819.5
2025-06-22,CP08,Longueuil,AS,AS,2486.9900000000002,390.0
2025-06-22,CP08,Longueuil,AS,ZSP,151.96,4.0
2025-06-22,CP08,Longueuil,AZ,AZF,2.99,1.0
2025-06-22,CP08,Longueuil,BQ,BA,1295.7,15.0
2025-06-22,CP08,Longueuil,BQ,BC,60.62,4.0
2025-06-22,CP08,Longueuil,BQ,BCH,2998.99,2.0
2025-06-22,CP08,Longueuil,BQ,BLP,3879.9700000000003,3.0
2025-06-22,CP08,Longueuil,CH,THE,20799.91,9.0
2025-06-22,CP08,Longueuil,FI,AF,47.97,3.0
2025-06-22,CP08,Longueuil,FI,FEE,1099.99,1.0
2025-06-22,CP08,Longueuil,FI,FRA,1659.99,1.0
2025-06-22,CP08,Longueuil,FI,FVR,399.99,1.0
2025-06-22,CP08,Longueuil,GA,GA,519.98,2.0
2025-06-22,CP08,Longueuil,GA,GRS,7399.96,4.0
2025-06-22,CP08,Longueuil,HT,HAC,2599.0,1.0
2025-06-22,CP08,Longueuil,HT,HRE,7378.0,2.0
2025-06-22,CP08,Longueuil,HT,HTG,129.99,1.0
2025-06-22,CP08,Longueuil,IN,INO,1995.0,1.0
2025-06-22,CP08,Longueuil,IN,INP,2260.0,2.0
2025-06-22,CP08,Longueuil,IN,INT,1679.94,6.0
2025-06-22,CP08,Longueuil,IN,INTO,1485.0,3.0
2025-06-22,CP08,Longueuil,INM,INMP,265.0,2.0
2025-06-22,CP08,Longueuil,INM,MNM,1110.0,1.0
2025-06-22,CP08,Longueuil,LI,LV,1079.87,36.0
2025-06-22,CP08,Longueuil,LO,LE,382.16,14.0
2025-06-22,CP08,Longueuil,LO,LG,1051.26,54.0
2025-06-22,CP08,Longueuil,LO,LJ,729.41,64.0
2025-06-22,CP08,Longueuil,LO,LOV,29.97,7.0
2025-06-22,CP08,Longueuil,LO,LP,175.95,5.0
2025-06-22,CP08,Longueuil,ME,M1,2978.77,3.0
2025-06-22,CP08,Longueuil,ME,M3,939.34,2.0
2025-06-22,CP08,Longueuil,ME,M4,5966.47,27.0
2025-06-22,CP08,Longueuil,ME,M5,4154.82,10.0
2025-06-22,CP08,Longueuil,ME,M7,750.0,1.0
2025-06-22,CP08,Longueuil,ME,M9,384.82000000000005,2.0
2025-06-22,CP08,Longueuil,ME,MA,3523.28,89.0
2025-06-22,CP08,Longueuil,ME,MB,2764.47,4.0
2025-06-22,CP08,Longueuil,ME,MC,983.74,28.0
2025-06-22,CP08,Longueuil,ME,MF,1943.69,2.0
2025-06-22,CP08,Longueuil,ME,ML,3700.76,4.0
2025-06-22,CP08,Longueuil,ME,MO,615.78,8.0
2025-06-22,CP08,Longueuil,ME,MS,699.99,1.0
2025-06-22,CP08,Longueuil,MK,MK,8.98,3.0
2025-06-22,CP08,Longueuil,PA,MPP,51.98,2.0
2025-06-22,CP08,Longueuil,PA,PA,1286.08,13.0
2025-06-22,CP08,Longueuil,PA,PM,438.21,5.0
2025-06-22,CP08,Longueuil,PA,PMD,363.55,2.0
2025-06-22,CP08,Longueuil,PA,PSD,3872.42,4.0
2025-06-22,CP08,Longueuil,PC,PIS,32620.84,1415.0
2025-06-22,CP08,Longueuil,PC,SPA,2134.86,114.0
2025-06-22,CP08,Longueuil,PC,TES,1195.36,64.0
2025-06-22,CP08,Longueuil,PI,ZAP,7409.66,118.0
2025-06-22,CP08,Longueuil,PI,ZGA,27.72,28.0
2025-06-22,CP08,Longueuil,PI,ZHT,1885.73,28.0
2025-06-22,CP08,Longueuil,PI,ZME,239.98000000000002,2.0
2025-06-22,CP08,Longueuil,PI,ZSP,1734.95,75.0
2025-06-22,CP08,Longueuil,SE,SE,1170.94,46.0
2025-06-22,CP08,Longueuil,TO,TAC,449.98,3.0
2025-06-22,CP08,Longueuil,TO,TRA,1674.97,3.0
2025-06-22,CP202,Nepean,AP,AP,16989.63,37.0
2025-06-22,CP202,Nepean,AP,API,8510.12,88.0
2025-06-22,CP202,Nepean,AP,PP,674.89,61.0
2025-06-22,CP202,Nepean,AP,TES,552.6999999999999,32.0
2025-06-22,CP202,Nepean,AP,ZAP,1089.93,7.0
2025-06-22,CP202,Nepean,AS,AS,1357.69,33.0
2025-06-22,CP202,Nepean,AS,ASC,739.99,1.0
2025-06-22,CP202,Nepean,AS,SPA,354.84,16.0
2025-06-22,CP202,Nepean,AS,TES,107.94,6.0
2025-06-22,CP202,Nepean,BQ,BA,179.99,1.0
2025-06-22,CP202,Nepean,CH,THE,1899.99,1.0
2025-06-22,CP202,Nepean,GA,GRB,11399.0,1.0
2025-06-22,CP202,Nepean,GA,GRC,4499.99,1.0
2025-06-22,CP202,Nepean,GA,GRS,7999.959999999999,4.0
2025-06-22,CP202,Nepean,LO,LE,41.96,4.0
2025-06-22,CP202,Nepean,LO,LG,120.97999999999999,2.0
2025-06-22,CP202,Nepean,LO,LJ,122.82,18.0
2025-06-22,CP202,Nepean,LO,LP,58.95,5.0
2025-06-22,CP202,Nepean,LO,SPG,699.99,1.0
2025-06-22,CP202,Nepean,ME,GA,1124.97,3.0
2025-06-22,CP202,Nepean,ME,M1,10794.89,7.0
2025-06-22,CP202,Nepean,ME,M3,4043.78,10.0
2025-06-22,CP202,Nepean,ME,M4,7750.86,48.0
2025-06-22,CP202,Nepean,ME,M5,9654.939999999999,11.0
2025-06-22,CP202,Nepean,ME,M7,899.99,1.0
2025-06-22,CP202,Nepean,ME,MA,1275.77,23.0
2025-06-22,CP202,Nepean,ME,MB,1099.98,2.0
2025-06-22,CP202,Nepean,ME,MC,1423.48,52.0
2025-06-22,CP202,Nepean,ME,MF,1150.43,1.0
2025-06-22,CP202,Nepean,ME,MO,161.99,1.0
2025-06-22,CP202,Nepean,ME,PA,36.98,2.0
2025-06-22,CP202,Nepean,ME,ZME,0.0,2.0
2025-06-22,CP202,Nepean,PA,PA,1067.03,5.0
2025-06-22,CP202,Nepean,PA,PM,695.87,8.0
2025-06-22,CP202,Nepean,PA,PS,796.44,2.0
2025-06-22,CP202,Nepean,PA,PSD,2548.64,4.0
2025-06-22,CP202,Nepean,PC,PIS,28849.079999999998,1509.0
2025-06-22,CP202,Nepean,PC,SPA,1961.43,117.0
2025-06-22,CP202,Nepean,PI,AP,68.94,6.0
2025-06-22,CP202,Nepean,PI,API,949.99,1.0
2025-06-22,CP202,Nepean,PI,PP,1217.1,140.0
2025-06-22,CP202,Nepean,PI,ZAP,89.97,3.0
2025-06-22,CP202,Nepean,PI,ZGA,40.849999999999994,15.0
2025-06-22,CP202,Nepean,SP,SP,23752.0,1.0
2025-06-22,CP37,Gatineau,AM,FB,549.99,1.0
2025-06-22,CP37,Gatineau,AP,AP,10148.69,91.0
2025-06-22,CP37,Gatineau,AP,API,43768.5,424.0
2025-06-22,CP37,Gatineau,AP,PP,3689.91,1173.0
2025-06-22,CP37,Gatineau,AP,TES,1589.1699999999998,84.0
2025-06-22,CP37,Gatineau,AP,ZAP,889.8900000000001,11.0
2025-06-22,CP37,Gatineau,AS,AS,2304.82,47.0
2025-06-22,CP37,Gatineau,AS,ASC,759.99,1.0
2025-06-22,CP37,Gatineau,AS,SPA,518.78,22.0
2025-06-22,CP37,Gatineau,AS,TES,199.89,11.0
2025-06-22,CP37,Gatineau,BQ,BA,944.87,13.0
2025-06-22,CP37,Gatineau,BQ,BCH,1399.99,1.0
2025-06-22,CP37,Gatineau,BQ,BLP,2029.96,4.0
2025-06-22,CP37,Gatineau,CH,THE,10197.98,5.0
2025-06-22,CP37,Gatineau,FI,FVR,1699.99,1.0
2025-06-22,CP37,Gatineau,GA,GRS,2585.86,2.0
2025-06-22,CP37,Gatineau,HT,HRE,20794.0,6.0
2025-06-22,CP37,Gatineau,HT,HYB,2599.0,1.0
2025-06-22,CP37,Gatineau,LO,AP,49.99,1.0
2025-06-22,CP37,Gatineau,LO,AS,14.99,1.0
2025-06-22,CP37,Gatineau,LO,LE,409.87,13.0
2025-06-22,CP37,Gatineau,LO,LG,1510.56,59.0
2025-06-22,CP37,Gatineau,LO,LJ,511.13,87.0
2025-06-22,CP37,Gatineau,LO,LP,367.74,26.0
2025-06-22,CP37,Gatineau,LO,MK,10.98,3.0
2025-06-22,CP37,Gatineau,ME,GA,1939.94,6.0
2025-06-22,CP37,Gatineau,ME,M1,3500.38,2.0
2025-06-22,CP37,Gatineau,ME,M3,3160.55,7.0
2025-06-22,CP37,Gatineau,ME,M4,10802.37,59.0
2025-06-22,CP37,Gatineau,ME,M5,6065.31,10.0
2025-06-22,CP37,Gatineau,ME,M7,899.99,1.0
2025-06-22,CP37,Gatineau,ME,M9,446.0,2.0
2025-06-22,CP37,Gatineau,ME,MA,3320.76,26.0
2025-06-22,CP37,Gatineau,ME,MB,7018.46,7.0
2025-06-22,CP37,Gatineau,ME,MC,610.4399999999999,29.0
2025-06-22,CP37,Gatineau,ME,MF,1299.99,1.0
2025-06-22,CP37,Gatineau,ME,ML,1339.31,2.0
2025-06-22,CP37,Gatineau,ME,MO,437.97,3.0
2025-06-22,CP37,Gatineau,ME,MS,2553.95,3.0
2025-06-22,CP37,Gatineau,ME,PA,178.13,7.0
2025-06-22,CP37,Gatineau,ME,ZME,324.98,3.0
2025-06-22,CP37,Gatineau,MK,LOV,0.0,101.0
2025-06-22,CP37,Gatineau,MK,MK,12.870000000000001,15.0
2025-06-22,CP37,Gatineau,PA,PA,289.9,4.0
2025-06-22,CP37,Gatineau,PA,PM,266.13,4.0
2025-06-22,CP37,Gatineau,PA,PMD,516.61,3.0
2025-06-22,CP37,Gatineau,PA,PSD,626.22,1.0
2025-06-22,CP37,Gatineau,PC,MA,99.96,4.0
2025-06-22,CP37,Gatineau,PC,PIS,54898.79,2560.0
2025-06-22,CP37,Gatineau,PC,SPA,5033.13,237.0
2025-06-22,CP37,Gatineau,PC,TES,83.79,21.0
2025-06-22,CP37,Gatineau,PI,AP,813.86,116.0
2025-06-22,CP37,Gatineau,PI,API,133.98,2.0
2025-06-22,CP37,Gatineau,PI,PP,4384.68,637.0
2025-06-22,CP37,Gatineau,PI,ZAP,279.83,17.0
2025-06-22,CP37,Gatineau,PI,ZGA,0.0,0.0
2025-06-22,CP37,Gatineau,PI,ZME,199.99,1.0
2025-06-22,CP37,Gatineau,SP,SP,11585.23,2.0
2025-06-22,CP37,Gatineau,TO,TAC,1784.97,10.0
2025-06-22,CP37,Gatineau,TO,TRA,4689.88,13.0
2025-06-22,CP44,St-Constant,AM,AR,77.97,3.0
2025-06-22,CP44,St-Constant,AP,AP,11434.43,188.0
2025-06-22,CP44,St-Constant,AP,API,23762.260000000002,224.0
2025-06-22,CP44,St-Constant,AP,PP,4081.27,565.5
2025-06-22,CP44,St-Constant,AS,AS,2840.06,276.0
2025-06-22,CP44,St-Constant,AZ,AZF,23.94,6.0
2025-06-22,CP44,St-Constant,AZ,AZT,183.98,2.0
2025-06-22,CP44,St-Constant,BQ,BA,573.8199999999999,18.0
2025-06-22,CP44,St-Constant,BQ,BLP,1098.99,2.0
2025-06-22,CP44,St-Constant,CC,CC,0.0,1.0
2025-06-22,CP44,St-Constant,CH,THA,0.0,2.0
2025-06-22,CP44,St-Constant,CH,THE,13549.949999999999,5.0
2025-06-22,CP44,St-Constant,FI,FRA,1659.99,1.0
2025-06-22,CP44,St-Constant,GA,GA,1239.96,4.0
2025-06-22,CP44,St-Constant,GA,GAA,225.0,1.0
2025-06-22,CP44,St-Constant,GA,GAP,3599.99,1.0
2025-06-22,CP44,St-Constant,GA,GRS,5299.96,4.0
2025-06-22,CP44,St-Constant,HT,HRE,2699.0,1.0
2025-06-22,CP44,St-Constant,IN,INM,819.99,1.0
2025-06-22,CP44,St-Constant,IN,INP,1260.0,1.0
2025-06-22,CP44,St-Constant,IN,INT,1119.96,4.0
2025-06-22,CP44,St-Constant,INM,INMM,200.0,4.0
2025-06-22,CP44,St-Constant,INM,INMP,125.0,1.0
2025-06-22,CP44,St-Constant,INM,MNM,2095.0,3.0
2025-06-22,CP44,St-Constant,LI,LV,1029.94,24.0
2025-06-22,CP44,St-Constant,LO,LE,370.83000000000004,17.0
2025-06-22,CP44,St-Constant,LO,LG,812.09,36.0
2025-06-22,CP44,St-Constant,LO,LJ,814.34,74.0
2025-06-22,CP44,St-Constant,LO,LOV,127.92999999999999,9.0
2025-06-22,CP44,St-Constant,LO,LP,175.87,13.0
2025-06-22,CP44,St-Constant,ME,M1,3100.42,2.0
2025-06-22,CP44,St-Constant,ME,M3,2322.11,5.0
2025-06-22,CP44,St-Constant,ME,M4,1960.29,8.0
2025-06-22,CP44,St-Constant,ME,M5,107.97,3.0
2025-06-22,CP44,St-Constant,ME,M8,173.95,1.0
2025-06-22,CP44,St-Constant,ME,MA,468.91,9.0
2025-06-22,CP44,St-Constant,ME,MB,899.98,2.0
2025-06-22,CP44,St-Constant,ME,MC,611.0699999999999,17.0
2025-06-22,CP44,St-Constant,ME,MF,1839.3400000000001,2.0
2025-06-22,CP44,St-Constant,ME,ML,1322.07,1.0
2025-06-22,CP44,St-Constant,ME,MO,29.99,1.0
2025-06-22,CP44,St-Constant,ME,MS,1330.75,1.0
2025-06-22,CP44,St-Constant,MK,MK,1.99,1.0
2025-06-22,CP44,St-Constant,PA,PA,479.04,4.0
2025-06-22,CP44,St-Constant,PA,PM,232.42,3.0
2025-06-22,CP44,St-Constant,PA,PSD,1211.22,2.0
2025-06-22,CP44,St-Constant,PC,PIS,18363.41,913.0
2025-06-22,CP44,St-Constant,PC,SPA,1242.96,57.0
2025-06-22,CP44,St-Constant,PC,TES,519.68,32.0
2025-06-22,CP44,St-Constant,PI,ZAP,2055.84,61.0
2025-06-22,CP44,St-Constant,PI,ZHT,70.96,4.0
2025-06-22,CP44,St-Constant,PI,ZME,299.98,2.0
2025-06-22,CP44,St-Constant,PI,ZSP,594.6600000000001,34.0
2025-06-22,CP44,St-Constant,SE,SE,424.96000000000004,9.0
2025-06-22,CP44,St-Constant,SP,SP,15497.0,3.0
2025-06-22,CP44,St-Constant,SP,SPG,719.99,1.0
2025-06-22,CP44,St-Constant,TO,TAC,150.0,1.0
2025-06-22,CP44,St-Constant,TO,TRA,892.48,2.0
2025-06-22,CP48,Beloeil,AM,AE,298.95,5.0
2025-06-22,CP48,Beloeil,AM,AR,52.98,2.0
2025-06-22,CP48,Beloeil,AM,FB,399.99,1.0
2025-06-22,CP48,Beloeil,AP,AP,13387.64,297.0
2025-06-22,CP48,Beloeil,AP,API,33230.36,294.0
2025-06-22,CP48,Beloeil,AP,PP,7056.61,762.5
2025-06-22,CP48,Beloeil,AS,AS,2388.35,486.0
2025-06-22,CP48,Beloeil,AZ,AZF,32.89,11.0
2025-06-22,CP48,Beloeil,BQ,BA,1008.76,31.0
2025-06-22,CP48,Beloeil,BQ,BC,65.99,2.0
2025-06-22,CP48,Beloeil,BQ,BLP,4998.95,6.0
2025-06-22,CP48,Beloeil,CC,CC,125.0,4.0
2025-06-22,CP48,Beloeil,CH,THE,16999.91,9.0
2025-06-22,CP48,Beloeil,GA,GA,219.99,2.0
2025-06-22,CP48,Beloeil,GA,GAP,7199.98,2.0
2025-06-22,CP48,Beloeil,GA,GRS,3899.98,2.0
2025-06-22,CP48,Beloeil,HT,HRE,2999.0,1.0
2025-06-22,CP48,Beloeil,HT,HYB,7597.0,3.0
2025-06-22,CP48,Beloeil,IN,INP,4675.0,4.0
2025-06-22,CP48,Beloeil,IN,INT,279.99,1.0
2025-06-22,CP48,Beloeil,IN,INTO,430.0,1.0
2025-06-22,CP48,Beloeil,INM,INMP,2310.0,104.0
2025-06-22,CP48,Beloeil,INM,INMT,165.0,1.0
2025-06-22,CP48,Beloeil,LI,LV,709.9499999999999,33.0
2025-06-22,CP48,Beloeil,LO,LE,552.78,22.0
2025-06-22,CP48,Beloeil,LO,LG,1822.25,76.0
2025-06-22,CP48,Beloeil,LO,LJ,1693.3899999999999,119.0
2025-06-22,CP48,Beloeil,LO,LOV,106.95,5.0
2025-06-22,CP48,Beloeil,LO,LP,325.8,20.0
2025-06-22,CP48,Beloeil,ME,M1,3490.41,4.0
2025-06-22,CP48,Beloeil,ME,M3,2426.6400000000003,4.0
2025-06-22,CP48,Beloeil,ME,M4,5030.16,29.0
2025-06-22,CP48,Beloeil,ME,M5,4986.37,7.0
2025-06-22,CP48,Beloeil,ME,M7,3449.9700000000003,3.0
2025-06-22,CP48,Beloeil,ME,M9,166.85,1.0
2025-06-22,CP48,Beloeil,ME,MA,1215.47,59.0
2025-06-22,CP48,Beloeil,ME,MB,575.98,2.0
2025-06-22,CP48,Beloeil,ME,MC,352.90000000000003,15.0
2025-06-22,CP48,Beloeil,ME,MF,939.35,1.0
2025-06-22,CP48,Beloeil,ME,ML,939.35,1.0
2025-06-22,CP48,Beloeil,ME,MO,644.91,9.0
2025-06-22,CP48,Beloeil,ME,MS,1800.43,1.0
2025-06-22,CP48,Beloeil,PA,PA,444.01,3.0
2025-06-22,CP48,Beloeil,PA,PM,791.9200000000001,3.0
2025-06-22,CP48,Beloeil,PA,PSD,719.99,1.0
2025-06-22,CP48,Beloeil,PC,PIS,30642.0,1352.0
2025-06-22,CP48,Beloeil,PC,SPA,2377.29,123.0
2025-06-22,CP48,Beloeil,PC,TES,1710.1699999999998,83.0
2025-06-22,CP48,Beloeil,PI,ZAP,3964.37,115.0
2025-06-22,CP48,Beloeil,PI,ZHT,401.82,18.0
2025-06-22,CP48,Beloeil,PI,ZSP,306.46,54.0
2025-06-22,CP48,Beloeil,SE,SE,519.95,8.0
2025-06-22,CP48,Beloeil,SP,SP,15499.0,1.0
2025-06-22,CP48,Beloeil,TO,CTO,3600.0,1.0
2025-06-22,CP48,Beloeil,TO,TAC,149.99,4.0
2025-06-22,CP48,Beloeil,TO,TRA,1612.46,4.0
2025-06-29,CP08,Longueuil,AM,AE,3139.61,41.0
2025-06-29,CP08,Longueuil,AM,AR,27.99,1.0
2025-06-29,CP08,Longueuil,AM,FB,549.99,1.0
2025-06-29,CP08,Longueuil,AP,AP,20080.81,308.0
2025-06-29,CP08,Longueuil,AP,API,28771.49,233.0
2025-06-29,CP08,Longueuil,AP,PP,4595.97,628.5
2025-06-29,CP08,Longueuil,AS,AS,2822.03,363.0
2025-06-29,CP08,Longueuil,AS,ASC,3956.95,5.0
2025-06-29,CP08,Longueuil,AZ,AZF,5.98,2.0
2025-06-29,CP08,Longueuil,BQ,BA,802.81,20.0
2025-06-29,CP08,Longueuil,BQ,BC,120.99,4.0
2025-06-29,CP08,Longueuil,BQ,BLP,499.99,1.0
2025-06-29,CP08,Longueuil,CC,CC,0.0,1.0
2025-06-29,CP08,Longueuil,CH,THE,18229.91,9.0
2025-06-29,CP08,Longueuil,FI,AF,65.17,4.0
2025-06-29,CP08,Longueuil,FI,FEE,1099.99,1.0
2025-06-29,CP08,Longueuil,FI,FMA,1599.99,1.0
2025-06-29,CP08,Longueuil,FI,FRA,2199.99,1.0
2025-06-29,CP08,Longueuil,FI,FVR,399.99,1.0
2025-06-29,CP08,Longueuil,GA,GA,1039.92,9.0
2025-06-29,CP08,Longueuil,GA,GAP,3599.99,1.0
2025-06-29,CP08,Longueuil,GA,GRS,5599.97,3.0
2025-06-29,CP08,Longueuil,HT,HAC,2099.0,1.0
2025-06-29,CP08,Longueuil,HT,HRE,1042.89,1.0
2025-06-29,CP08,Longueuil,HT,HTS,649.99,1.0
2025-06-29,CP08,Longueuil,HT,HYB,1999.0,1.0
2025-06-29,CP08,Longueuil,IN,INP,3360.0,3.0
2025-06-29,CP08,Longueuil,IN,INT,1119.96,4.0
2025-06-29,CP08,Longueuil,IN,INTO,1775.0,4.0
2025-06-29,CP08,Longueuil,INM,INMM,449.99,2.0
2025-06-29,CP08,Longueuil,INM,INMP,2880.0,9.0
2025-06-29,CP08,Longueuil,INM,INMT,330.0,2.0
2025-06-29,CP08,Longueuil,LI,LV,1729.88,47.0
2025-06-29,CP08,Longueuil,LO,LE,571.77,24.0
2025-06-29,CP08,Longueuil,LO,LG,1713.14,51.0
2025-06-29,CP08,Longueuil,LO,LJ,1243.27,109.0
2025-06-29,CP08,Longueuil,LO,LOV,24.47,7.0
2025-06-29,CP08,Longueuil,LO,LP,29.979999999999997,2.0
2025-06-29,CP08,Longueuil,ME,M1,3200.41,3.0
2025-06-29,CP08,Longueuil,ME,M3,5534.06,12.0
2025-06-29,CP08,Longueuil,ME,M4,14967.8,69.0
2025-06-29,CP08,Longueuil,ME,M5,12134.24,17.0
2025-06-29,CP08,Longueuil,ME,M7,3209.46,2.0
2025-06-29,CP08,Longueuil,ME,M9,704.49,3.0
2025-06-29,CP08,Longueuil,ME,MA,3333.5,50.0
2025-06-29,CP08,Longueuil,ME,MB,449.99,1.0
2025-06-29,CP08,Longueuil,ME,MC,274.38,12.0
2025-06-29,CP08,Longueuil,ME,ME,2187.43,4.0
2025-06-29,CP08,Longueuil,ME,ML,3513.8900000000003,3.0
2025-06-29,CP08,Longueuil,ME,MO,353.90999999999997,4.0
2025-06-29,CP08,Longueuil,ME,MS,1700.38,1.0
2025-06-29,CP08,Longueuil,MK,MK,15.0,3.0
2025-06-29,CP08,Longueuil,PA,MPP,51.98,2.0
2025-06-29,CP08,Longueuil,PA,PA,1526.34,9.0
2025-06-29,CP08,Longueuil,PA,PM,401.89,6.0
2025-06-29,CP08,Longueuil,PA,PMD,482.20000000000005,2.0
2025-06-29,CP08,Longueuil,PA,PS,1899.99,1.0
2025-06-29,CP08,Longueuil,PA,PSD,1817.99,3.0
2025-06-29,CP08,Longueuil,PC,PIS,28607.18,1276.0
2025-06-29,CP08,Longueuil,PC,SPA,1538.2,80.0
2025-06-29,CP08,Longueuil,PC,TES,889.56,44.0
2025-06-29,CP08,Longueuil,PI,ZAP,10728.130000000001,151.0
2025-06-29,CP08,Longueuil,PI,ZGA,52.99,14.0
2025-06-29,CP08,Longueuil,PI,ZHT,124.94999999999999,5.0
2025-06-29,CP08,Longueuil,PI,ZME,89.98,2.0
2025-06-29,CP08,Longueuil,PI,ZSP,2538.4900000000002,95.0
2025-06-29,CP08,Longueuil,SE,SE,1385.91,17.0
2025-06-29,CP08,Longueuil,SP,SP,34436.53,4.0
2025-06-29,CP08,Longueuil,TO,CTO,2929.0,1.0
2025-06-29,CP08,Longueuil,TO,TAC,1709.97,4.0
2025-06-29,CP08,Longueuil,TO,TRA,3852.42,8.0
2025-06-29,CP202,Nepean,AP,AP,13602.74,26.0
2025-06-29,CP202,Nepean,AP,API,10068.36,64.0
2025-06-29,CP202,Nepean,AP,PP,1396.46,154.0
2025-06-29,CP202,Nepean,AP,TES,687.64,36.0
2025-06-29,CP202,Nepean,AP,ZAP,759.95,5.0
2025-06-29,CP202,Nepean,AS,AS,3404.88,48.0
2025-06-29,CP202,Nepean,AS,ASC,0.0,1.0
2025-06-29,CP202,Nepean,AS,SPA,312.86,14.0
2025-06-29,CP202,Nepean,AS,TES,71.96,4.0
2025-06-29,CP202,Nepean,GA,GAP,3149.99,1.0
2025-06-29,CP202,Nepean,GA,GRB,8699.99,1.0
2025-06-29,CP202,Nepean,GA,GRC,4499.99,1.0
2025-06-29,CP202,Nepean,GA,GRS,9999.95,5.0
2025-06-29,CP202,Nepean,LO,LE,69.96,4.0
2025-06-29,CP202,Nepean,LO,LG,225.41,9.0
2025-06-29,CP202,Nepean,LO,LJ,48.39,11.0
2025-06-29,CP202,Nepean,LO,LOV,9.99,1.0
2025-06-29,CP202,Nepean,LO,LP,70.96000000000001,4.0
2025-06-29,CP202,Nepean,LO,MK,2.99,1.0
2025-06-29,CP202,Nepean,ME,GA,1249.96,4.0
2025-06-29,CP202,Nepean,ME,M1,11542.44,5.0
2025-06-29,CP202,Nepean,ME,M3,1019.44,4.0
2025-06-29,CP202,Nepean,ME,M4,4248.14,30.0
2025-06-29,CP202,Nepean,ME,M5,8750.36,11.0
2025-06-29,CP202,Nepean,ME,M7,2496.4300000000003,3.0
2025-06-29,CP202,Nepean,ME,MA,541.96,4.0
2025-06-29,CP202,Nepean,ME,MB,999.99,1.0
2025-06-29,CP202,Nepean,ME,MC,544.37,28.0
2025-06-29,CP202,Nepean,ME,MO,272.96999999999997,3.0
2025-06-29,CP202,Nepean,ME,ZME,669.96,4.0
2025-06-29,CP202,Nepean,MK,MK,0.99,1.0
2025-06-29,CP202,Nepean,PA,PA,1096.38,8.0
2025-06-29,CP202,Nepean,PA,PM,847.47,9.0
2025-06-29,CP202,Nepean,PA,PMD,350.42,2.0
2025-06-29,CP202,Nepean,PA,PSD,2548.64,4.0
2025-06-29,CP202,Nepean,PC,PIS,22797.63,1187.0
2025-06-29,CP202,Nepean,PC,SPA,2533.9,164.0
2025-06-29,CP202,Nepean,PC,TES,11.97,3.0
2025-06-29,CP202,Nepean,PI,AP,164.9,10.0
2025-06-29,CP202,Nepean,PI,API,66.99,1.0
2025-06-29,CP202,Nepean,PI,PP,955.61,139.0
2025-06-29,CP202,Nepean,PI,TES,0.0,1.0
2025-06-29,CP202,Nepean,PI,ZGA,65.99,1.0
2025-06-29,CP202,Nepean,SP,SP,33017.81,3.0
2025-06-29,CP37,Gatineau,AP,AP,8168.41,60.0
2025-06-29,CP37,Gatineau,AP,API,35178.72,326.0
2025-06-29,CP37,Gatineau,AP,PP,3135.4,586.0
2025-06-29,CP37,Gatineau,AP,TES,1759.1299999999999,87.0
2025-06-29,CP37,Gatineau,AP,ZAP,459.97,3.0
2025-06-29,CP37,Gatineau,AS,AS,2140.49,57.0
2025-06-29,CP37,Gatineau,AS,ASC,0.0,1.0
2025-06-29,CP37,Gatineau,AS,SPA,474.81,19.0
2025-06-29,CP37,Gatineau,AS,TES,325.82,18.0
2025-06-29,CP37,Gatineau,BQ,BA,104.96,4.0
2025-06-29,CP37,Gatineau,BQ,BC,14.0,1.0
2025-06-29,CP37,Gatineau,BQ,BLP,49.99000000000001,1.0
2025-06-29,CP37,Gatineau,CH,THE,6197.99,3.0
2025-06-29,CP37,Gatineau,GA,GRS,5681.17,3.0
2025-06-29,CP37,Gatineau,HT,HAC,2599.0,1.0
2025-06-29,CP37,Gatineau,HT,HRE,14996.0,4.0
2025-06-29,CP37,Gatineau,HT,HYB,6098.0,2.0
2025-06-29,CP37,Gatineau,LO,AP,0.0,-1.0
2025-06-29,CP37,Gatineau,LO,HTG,279.98,2.0
2025-06-29,CP37,Gatineau,LO,LE,513.82,18.0
2025-06-29,CP37,Gatineau,LO,LG,1303.24,64.0
2025-06-29,CP37,Gatineau,LO,LJ,706.9,110.0
2025-06-29,CP37,Gatineau,LO,LP,567.59,41.0
2025-06-29,CP37,Gatineau,LO,MK,26.910000000000004,9.0
2025-06-29,CP37,Gatineau,LO,SPG,699.99,1.0
2025-06-29,CP37,Gatineau,ME,GA,696.13,3.0
2025-06-29,CP37,Gatineau,ME,M1,9018.56,3.0
2025-06-29,CP37,Gatineau,ME,M3,2589.19,7.0
2025-06-29,CP37,Gatineau,ME,M4,5729.67,29.0
2025-06-29,CP37,Gatineau,ME,M5,3172.23,6.0
2025-06-29,CP37,Gatineau,ME,M7,3365.9400000000005,3.0
2025-06-29,CP37,Gatineau,ME,MA,387.94,6.0
2025-06-29,CP37,Gatineau,ME,MB,119.99,1.0
2025-06-29,CP37,Gatineau,ME,MC,684.45,20.0
2025-06-29,CP37,Gatineau,ME,MF,999.99,1.0
2025-06-29,CP37,Gatineau,ME,ML,939.32,1.0
2025-06-29,CP37,Gatineau,ME,MO,299.96000000000004,4.0
2025-06-29,CP37,Gatineau,ME,MS,1478.57,1.0
2025-06-29,CP37,Gatineau,ME,PA,163.95,5.0
2025-06-29,CP37,Gatineau,MK,MK,12.87,13.0
2025-06-29,CP37,Gatineau,PA,PA,1116.98,12.0
2025-06-29,CP37,Gatineau,PA,PM,809.23,10.0
2025-06-29,CP37,Gatineau,PA,PMD,1059.0,6.0
2025-06-29,CP37,Gatineau,PA,PSD,1252.44,2.0
2025-06-29,CP37,Gatineau,PC,PIS,54078.909999999996,2541.0
2025-06-29,CP37,Gatineau,PC,SPA,7478.59,341.0
2025-06-29,CP37,Gatineau,PC,TES,71.82000000000001,18.0
2025-06-29,CP37,Gatineau,PI,AP,573.22,130.0
2025-06-29,CP37,Gatineau,PI,PP,3034.12,527.0
2025-06-29,CP37,Gatineau,PI,ZAP,213.88,16.0
2025-06-29,CP37,Gatineau,PI,ZGA,586.98,29.0
2025-06-29,CP37,Gatineau,PI,ZME,48.0,24.0
2025-06-29,CP37,Gatineau,SP,SP,45997.0,3.0
2025-06-29,CP37,Gatineau,TO,TAC,594.99,9.0
2025-06-29,CP37,Gatineau,TO,TRA,2659.94,6.0
2025-06-29,CP44,St-Constant,AP,AP,4220.35,183.0
2025-06-29,CP44,St-Constant,AP,API,20061.49,156.0
2025-06-29,CP44,St-Constant,AP,PP,4430.69,591.5
2025-06-29,CP44,St-Constant,AS,AS,2449.78,445.0
2025-06-29,CP44,St-Constant,AS,ZSP,75.98,2.0
2025-06-29,CP44,St-Constant,AZ,AZF,2.99,1.0
2025-06-29,CP44,St-Constant,BQ,BA,195.84,8.0
2025-06-29,CP44,St-Constant,BQ,BC,41.0,1.0
2025-06-29,CP44,St-Constant,BQ,BLP,399.99,1.0
2025-06-29,CP44,St-Constant,CA,CAB,9999.99,1.0
2025-06-29,CP44,St-Constant,CH,THE,3499.98,2.0
2025-06-29,CP44,St-Constant,GA,GA,219.99,1.0
2025-06-29,CP44,St-Constant,GA,GAP,3599.99,1.0
2025-06-29,CP44,St-Constant,GA,GRS,1699.99,1.0
2025-06-29,CP44,St-Constant,HT,HAC,2499.0,1.0
2025-06-29,CP44,St-Constant,HT,HRE,13197.0,3.0
2025-06-29,CP44,St-Constant,HT,HYB,1999.0,1.0
2025-06-29,CP44,St-Constant,IN,INO,4520.0,2.0
2025-06-29,CP44,St-Constant,IN,INP,3625.0,3.0
2025-06-29,CP44,St-Constant,IN,INTO,725.0,2.0
2025-06-29,CP44,St-Constant,INM,INMM,1779.99,1.0
2025-06-29,CP44,St-Constant,INM,INMP,200.0,3.0
2025-06-29,CP44,St-Constant,INM,INMT,330.0,2.0
2025-06-29,CP44,St-Constant,LI,LV,1209.92,29.0
2025-06-29,CP44,St-Constant,LO,LE,494.24,28.0
2025-06-29,CP44,St-Constant,LO,LG,1509.49,51.0
2025-06-29,CP44,St-Constant,LO,LJ,597.72,51.0
2025-06-29,CP44,St-Constant,LO,LOV,94.4,16.0
2025-06-29,CP44,St-Constant,LO,LP,270.2,11.0
2025-06-29,CP44,St-Constant,ME,M1,2249.99,1.0
2025-06-29,CP44,St-Constant,ME,M3,469.66,1.0
2025-06-29,CP44,St-Constant,ME,M4,1839.44,13.0
2025-06-29,CP44,St-Constant,ME,M5,492.46000000000004,2.0
2025-06-29,CP44,St-Constant,ME,M9,219.17,1.0
2025-06-29,CP44,St-Constant,ME,MA,447.93,7.0
2025-06-29,CP44,St-Constant,ME,MB,899.98,2.0
2025-06-29,CP44,St-Constant,ME,MC,0.0,-4.0
2025-06-29,CP44,St-Constant,ME,MO,29.99,1.0
2025-06-29,CP44,St-Constant,MK,MK,0.0,1.0
2025-06-29,CP44,St-Constant,PA,PA,272.44,5.0
2025-06-29,CP44,St-Constant,PA,PM,447.21999999999997,6.0
2025-06-29,CP44,St-Constant,PA,PMD,328.76,2.0
2025-06-29,CP44,St-Constant,PA,PSD,1121.22,2.0
2025-06-29,CP44,St-Constant,PC,PIS,18419.89,862.0
2025-06-29,CP44,St-Constant,PC,SPA,1917.63,91.0
2025-06-29,CP44,St-Constant,PC,TES,419.73999999999995,26.0
2025-06-29,CP44,St-Constant,PI,ZAP,2012.84,60.0
2025-06-29,CP44,St-Constant,PI,ZGA,0.0,-5.0
2025-06-29,CP44,St-Constant,PI,ZHT,85.97,3.0
2025-06-29,CP44,St-Constant,PI,ZME,27.979999999999997,2.0
2025-06-29,CP44,St-Constant,PI,ZSP,538.89,11.0
2025-06-29,CP44,St-Constant,SE,SE,514.95,10.0
2025-06-29,CP44,St-Constant,SP,SP,15998.0,2.0
2025-06-29,CP44,St-Constant,TO,TAC,600.99,4.0
2025-06-29,CP44,St-Constant,TO,TRA,2342.45,5.0
2025-06-29,CP48,Beloeil,AM,AE,224.98,2.0
2025-06-29,CP48,Beloeil,AM,AR,27.99,1.0
2025-06-29,CP48,Beloeil,AP,AP,13515.56,350.0
2025-06-29,CP48,Beloeil,AP,API,28705.23,297.0
2025-06-29,CP48,Beloeil,AP,PP,6103.91,785.0
2025-06-29,CP48,Beloeil,AS,AS,2868.62,391.5
2025-06-29,CP48,Beloeil,AZ,AZF,14.950000000000001,5.0
2025-06-29,CP48,Beloeil,BQ,BA,946.74,27.0
2025-06-29,CP48,Beloeil,BQ,BC,65.99,2.0
2025-06-29,CP48,Beloeil,BQ,BLP,2669.96,4.0
2025-06-29,CP48,Beloeil,CH,THE,13549.93,7.0
2025-06-29,CP48,Beloeil,FI,AF,34.99,1.0
2025-06-29,CP48,Beloeil,GA,GAP,3599.99,1.0
2025-06-29,CP48,Beloeil,GA,GRS,6099.969999999999,3.0
2025-06-29,CP48,Beloeil,HT,HAC,1799.0,1.0
2025-06-29,CP48,Beloeil,HT,HRE,11096.0,4.0
2025-06-29,CP48,Beloeil,HT,HTG,129.99,1.0
2025-06-29,CP48,Beloeil,HT,HYB,2299.0,1.0
2025-06-29,CP48,Beloeil,IN,INM,819.99,1.0
2025-06-29,CP48,Beloeil,IN,INP,4720.0,5.0
2025-06-29,CP48,Beloeil,IN,INT,559.98,2.0
2025-06-29,CP48,Beloeil,IN,INTO,860.0,2.0
2025-06-29,CP48,Beloeil,INM,INMP,2805.0,10.0
2025-06-29,CP48,Beloeil,INM,INMT,165.0,1.0
2025-06-29,CP48,Beloeil,LI,LV,949.92,38.0
2025-06-29,CP48,Beloeil,LO,LE,818.15,36.0
2025-06-29,CP48,Beloeil,LO,LG,3306.3900000000003,81.0
2025-06-29,CP48,Beloeil,LO,LJ,2622.04,184.0
2025-06-29,CP48,Beloeil,LO,LOV,17.48,2.0
2025-06-29,CP48,Beloeil,LO,LP,581.64,36.0
2025-06-29,CP48,Beloeil,ME,M1,2430.42,2.0
2025-06-29,CP48,Beloeil,ME,M3,3475.42,8.0
2025-06-29,CP48,Beloeil,ME,M4,5001.17,19.0
2025-06-29,CP48,Beloeil,ME,M5,3517.33,5.0
2025-06-29,CP48,Beloeil,ME,M7,1699.98,2.0
2025-06-29,CP48,Beloeil,ME,M9,194.85,1.0
2025-06-29,CP48,Beloeil,ME,MA,2200.89,89.0
2025-06-29,CP48,Beloeil,ME,MB,3013.4900000000002,2.0
2025-06-29,CP48,Beloeil,ME,MC,898.12,27.0
2025-06-29,CP48,Beloeil,ME,ME,1917.83,4.0
2025-06-29,CP48,Beloeil,ME,ML,939.35,1.0
2025-06-29,CP48,Beloeil,ME,MO,306.96,4.0
2025-06-29,CP48,Beloeil,ME,MS,1800.43,1.0
2025-06-29,CP48,Beloeil,MK,MK,1.99,1.0
2025-06-29,CP48,Beloeil,PA,PA,268.98,3.0
2025-06-29,CP48,Beloeil,PA,PM,80.99,1.0
2025-06-29,CP48,Beloeil,PA,PSD,1211.22,2.0
2025-06-29,CP48,Beloeil,PC,PIS,31574.53,1299.0
2025-06-29,CP48,Beloeil,PC,SPA,2226.43,107.0
2025-06-29,CP48,Beloeil,PC,TES,1339.34,66.0
2025-06-29,CP48,Beloeil,PI,ZAP,4800.17,96.0
2025-06-29,CP48,Beloeil,PI,ZGA,34.29,15.0
2025-06-29,CP48,Beloeil,PI,ZHT,119.94,6.0
2025-06-29,CP48,Beloeil,PI,ZSP,432.41,59.0
2025-06-29,CP48,Beloeil,SE,SE,389.92999999999995,7.0
2025-06-29,CP48,Beloeil,SP,SP,5499.0,1.0
2025-06-29,CP48,Beloeil,TO,CTO,1144.0,1.0
2025-06-29,CP48,Beloeil,TO,TAC,299.99,6.0
2025-06-29,CP48,Beloeil,TO,TRA,989.98,2.0
2025-07-06,CP08,Longueuil,AM,AE,379.95,5.0
2025-07-06,CP08,Longueuil,AP,AP,14540.78,224.0
2025-07-06,CP08,Longueuil,AP,API,25209.43,206.0
2025-07-06,CP08,Longueuil,AP,PP,3963.72,509.5
2025-07-06,CP08,Longueuil,AS,AS,2445.56,230.0
2025-07-06,CP08,Longueuil,AS,ZSP,113.97,3.0
2025-07-06,CP08,Longueuil,AZ,AZF,11.97,3.0
2025-07-06,CP08,Longueuil,BQ,BA,398.89,11.0
2025-07-06,CP08,Longueuil,BQ,BC,41.0,1.0
2025-07-06,CP08,Longueuil,BQ,BE,251.99,1.0
2025-07-06,CP08,Longueuil,BQ,BLP,4669.98,3.0
2025-07-06,CP08,Longueuil,CH,THE,8979.97,3.0
2025-07-06,CP08,Longueuil,FI,FBA,299.99,1.0
2025-07-06,CP08,Longueuil,FI,FEE,679.99,1.0
2025-07-06,CP08,Longueuil,GA,GA,1049.85,15.0
2025-07-06,CP08,Longueuil,GA,GRS,499.99,1.0
2025-07-06,CP08,Longueuil,HT,HAC,4204.18,2.0
2025-07-06,CP08,Longueuil,HT,HRE,3399.0,1.0
2025-07-06,CP08,Longueuil,IN,INP,2470.0,2.0
2025-07-06,CP08,Longueuil,IN,INT,559.98,2.0
2025-07-06,CP08,Longueuil,IN,INTO,1225.0,3.0
2025-07-06,CP08,Longueuil,INM,INMM,469.99,1.0
2025-07-06,CP08,Longueuil,INM,INMP,2415.0,7.0
2025-07-06,CP08,Longueuil,LI,LV,649.92,20.0
2025-07-06,CP08,Longueuil,LO,LE,243.89000000000001,11.0
2025-07-06,CP08,Longueuil,LO,LG,1555.77,41.0
2025-07-06,CP08,Longueuil,LO,LJ,1000.61,74.0
2025-07-06,CP08,Longueuil,LO,LOV,17.98,2.0
2025-07-06,CP08,Longueuil,LO,LP,8.49,1.0
2025-07-06,CP08,Longueuil,ME,M1,8848.78,6.0
2025-07-06,CP08,Longueuil,ME,M2,249.99,1.0
2025-07-06,CP08,Longueuil,ME,M3,1839.74,26.0
2025-07-06,CP08,Longueuil,ME,M4,10819.28,61.0
2025-07-06,CP08,Longueuil,ME,M5,6623.82,15.0
2025-07-06,CP08,Longueuil,ME,M7,2419.9700000000003,3.0
2025-07-06,CP08,Longueuil,ME,MA,2886.4700000000003,32.0
2025-07-06,CP08,Longueuil,ME,MB,2500.4700000000003,3.0
2025-07-06,CP08,Longueuil,ME,MC,523.3299999999999,27.0
2025-07-06,CP08,Longueuil,ME,ME,1949.97,3.0
2025-07-06,CP08,Longueuil,ME,MF,0.0,1.0
2025-07-06,CP08,Longueuil,ME,ML,799.99,1.0
2025-07-06,CP08,Longueuil,ME,MO,369.90999999999997,8.0
2025-07-06,CP08,Longueuil,MK,MK,20.0,4.0
2025-07-06,CP08,Longueuil,PA,PA,1219.44,10.0
2025-07-06,CP08,Longueuil,PA,PM,857.03,7.0
2025-07-06,CP08,Longueuil,PA,PMD,758.97,3.0
2025-07-06,CP08,Longueuil,PA,PSD,2850.51,3.0
2025-07-06,CP08,Longueuil,PC,PIS,24944.98,1108.0
2025-07-06,CP08,Longueuil,PC,SPA,1199.39,61.0
2025-07-06,CP08,Longueuil,PC,TES,777.49,51.0
2025-07-06,CP08,Longueuil,PI,ZAP,6281.47,118.0
2025-07-06,CP08,Longueuil,PI,ZGA,20.0,10.0
2025-07-06,CP08,Longueuil,PI,ZHT,1078.41,12.0
2025-07-06,CP08,Longueuil,PI,ZME,48.98,10.0
2025-07-06,CP08,Longueuil,PI,ZSP,1879.9,80.0
2025-07-06,CP08,Longueuil,PI,ZTH,62.99,1.0
2025-07-06,CP08,Longueuil,SE,SE,1241.93,24.0
2025-07-06,CP08,Longueuil,TO,CTO,3300.0,1.0
2025-07-06,CP08,Longueuil,TO,TAC,939.39,4.0
2025-07-06,CP08,Longueuil,TO,TRA,1272.72,3.0
2025-07-06,CP202,Nepean,AP,AP,3569.8199999999997,19.0
2025-07-06,CP202,Nepean,AP,API,5946.27,73.0
2025-07-06,CP202,Nepean,AP,PP,852.38,113.0
2025-07-06,CP202,Nepean,AP,TES,501.75,27.0
2025-07-06,CP202,Nepean,AP,ZAP,149.99,1.0
2025-07-06,CP202,Nepean,AS,AS,1579.55,31.0
2025-07-06,CP202,Nepean,AS,ASC,2959.96,5.0
2025-07-06,CP202,Nepean,AS,SPA,339.53,17.0
2025-07-06,CP202,Nepean,AS,TES,73.96,5.0
2025-07-06,CP202,Nepean,CH,ACG,3749.99,1.0
2025-07-06,CP202,Nepean,GA,GRB,7299.99,1.0
2025-07-06,CP202,Nepean,GA,GRS,3799.98,2.0
2025-07-06,CP202,Nepean,LO,AP,49.99,1.0
2025-07-06,CP202,Nepean,LO,HTG,169.99,1.0
2025-07-06,CP202,Nepean,LO,LE,51.93,7.0
2025-07-06,CP202,Nepean,LO,LG,303.83,17.0
2025-07-06,CP202,Nepean,LO,LJ,114.89999999999999,10.0
2025-07-06,CP202,Nepean,LO,LOV,9.99,1.0
2025-07-06,CP202,Nepean,LO,LP,75.94,6.0
2025-07-06,CP202,Nepean,ME,GA,2069.95,5.0
2025-07-06,CP202,Nepean,ME,M1,7661.02,5.0
2025-07-06,CP202,Nepean,ME,M3,799.98,2.0
2025-07-06,CP202,Nepean,ME,M4,7944.56,42.0
2025-07-06,CP202,Nepean,ME,M5,5774.14,11.0
2025-07-06,CP202,Nepean,ME,MA,199.99,1.0
2025-07-06,CP202,Nepean,ME,MB,1074.98,2.0
2025-07-06,CP202,Nepean,ME,MC,109.94,6.0
2025-07-06,CP202,Nepean,ME,ML,939.99,1.0
2025-07-06,CP202,Nepean,ME,PA,16.99,1.0
2025-07-06,CP202,Nepean,ME,PSD,584.99,1.0
2025-07-06,CP202,Nepean,ME,ZME,114.99,1.0
2025-07-06,CP202,Nepean,PA,PA,1416.39,9.0
2025-07-06,CP202,Nepean,PA,PM,479.95,5.0
2025-07-06,CP202,Nepean,PA,PSD,4537.1,7.0
2025-07-06,CP202,Nepean,PC,PIS,25412.739999999998,1246.0
2025-07-06,CP202,Nepean,PC,SPA,2844.46,182.0
2025-07-06,CP202,Nepean,PC,TES,3.99,1.0
2025-07-06,CP202,Nepean,PI,AP,120.9,10.0
2025-07-06,CP202,Nepean,PI,PP,994.54,147.0
2025-07-06,CP202,Nepean,PI,ZAP,214.91,9.0
2025-07-06,CP202,Nepean,PI,ZGA,7.5,1.0
2025-07-06,CP202,Nepean,SP,SP,14499.0,1.0
2025-07-06,CP37,Gatineau,AM,FB,199.99,1.0
2025-07-06,CP37,Gatineau,AP,AP,8271.85,66.0
2025-07-06,CP37,Gatineau,AP,API,24128.97,203.0
2025-07-06,CP37,Gatineau,AP,PP,2362.63,458.0
2025-07-06,CP37,Gatineau,AP,TES,1770.08,92.0
2025-07-06,CP37,Gatineau,AP,ZAP,149.99,1.0
2025-07-06,CP37,Gatineau,AS,AS,2750.49,65.0
2025-07-06,CP37,Gatineau,AS,ASC,759.99,3.0
2025-07-06,CP37,Gatineau,AS,SPA,293.87,13.0
2025-07-06,CP37,Gatineau,AS,TES,199.89,11.0
2025-07-06,CP37,Gatineau,BQ,BA,187.95999999999998,4.0
2025-07-06,CP37,Gatineau,BQ,BC,21.99,1.0
2025-07-06,CP37,Gatineau,BQ,BFU,624.99,1.0
2025-07-06,CP37,Gatineau,BQ,BLP,1899.95,5.0
2025-07-06,CP37,Gatineau,CH,THE,14780.0,6.0
2025-07-06,CP37,Gatineau,GA,GAP,5699.98,2.0
2025-07-06,CP37,Gatineau,HT,HAC,7297.0,3.0
2025-07-06,CP37,Gatineau,HT,HRE,6099.0,2.0
2025-07-06,CP37,Gatineau,HT,HYB,2599.0,1.0
2025-07-06,CP37,Gatineau,LO,AP,199.96,4.0
2025-07-06,CP37,Gatineau,LO,API,9.99,1.0
2025-07-06,CP37,Gatineau,LO,LE,529.83,17.0
2025-07-06,CP37,Gatineau,LO,LG,859.11,39.0
2025-07-06,CP37,Gatineau,LO,LJ,236.56,44.0
2025-07-06,CP37,Gatineau,LO,LP,265.82,18.0
2025-07-06,CP37,Gatineau,LO,MK,11.96,4.0
2025-07-06,CP37,Gatineau,LO,PP,8.99,1.0
2025-07-06,CP37,Gatineau,ME,GA,599.98,2.0
2025-07-06,CP37,Gatineau,ME,M1,3757.33,2.0
2025-07-06,CP37,Gatineau,ME,M4,10381.91,59.0
2025-07-06,CP37,Gatineau,ME,M5,3610.34,6.0
2025-07-06,CP37,Gatineau,ME,M7,999.99,1.0
2025-07-06,CP37,Gatineau,ME,MA,1045.9,22.0
2025-07-06,CP37,Gatineau,ME,MB,7195.929999999999,7.0
2025-07-06,CP37,Gatineau,ME,MC,737.99,25.0
2025-07-06,CP37,Gatineau,ME,MF,782.77,1.0
2025-07-06,CP37,Gatineau,ME,MO,190.98,2.0
2025-07-06,CP37,Gatineau,ME,PA,66.36,4.0
2025-07-06,CP37,Gatineau,ME,ZME,789.9300000000001,7.0
2025-07-06,CP37,Gatineau,MK,LOV,13.98,4.0
2025-07-06,CP37,Gatineau,MK,MK,3.96,4.0
2025-07-06,CP37,Gatineau,PA,PA,795.37,12.0
2025-07-06,CP37,Gatineau,PA,PM,1111.6299999999999,15.0
2025-07-06,CP37,Gatineau,PA,PMD,172.2,1.0
2025-07-06,CP37,Gatineau,PA,PS,1182.76,3.0
2025-07-06,CP37,Gatineau,PA,PSD,1276.21,2.0
2025-07-06,CP37,Gatineau,PC,PIS,41520.13,1847.0
2025-07-06,CP37,Gatineau,PC,SPA,4660.45,256.0
2025-07-06,CP37,Gatineau,PC,TES,43.89,11.0
2025-07-06,CP37,Gatineau,PI,AP,1145.77,23.0
2025-07-06,CP37,Gatineau,PI,API,949.99,1.0
2025-07-06,CP37,Gatineau,PI,PP,1504.39,313.0
2025-07-06,CP37,Gatineau,PI,ZAP,201.89999999999998,10.0
2025-07-06,CP37,Gatineau,PI,ZME,11.99,1.0
2025-07-06,CP37,Gatineau,PI,ZSP,349.93,7.0
2025-07-06,CP37,Gatineau,SP,SP,87992.0,9.0
2025-07-06,CP37,Gatineau,TO,TAC,594.99,7.0
2025-07-06,CP37,Gatineau,TO,TRA,1763.95,4.0
2025-07-06,CP44,St-Constant,AM,AE,499.98,2.0
2025-07-06,CP44,St-Constant,AM,AR,24.99,1.0
2025-07-06,CP44,St-Constant,AP,AP,7099.2,121.0
2025-07-06,CP44,St-Constant,AP,API,16174.42,129.0
2025-07-06,CP44,St-Constant,AP,PP,2136.84,223.0
2025-07-06,CP44,St-Constant,AS,AS,2041.85,331.0
2025-07-06,CP44,St-Constant,AS,ASC,739.99,1.0
2025-07-06,CP44,St-Constant,AS,ZSP,113.97,3.0
2025-07-06,CP44,St-Constant,AZ,AZF,20.93,7.0
2025-07-06,CP44,St-Constant,BQ,BA,841.93,10.0
2025-07-06,CP44,St-Constant,BQ,BC,0.0,1.0
2025-07-06,CP44,St-Constant,BQ,BCH,2599.99,1.0
2025-07-06,CP44,St-Constant,BQ,BLP,2499.99,1.0
2025-07-06,CP44,St-Constant,CH,THE,3099.98,2.0
2025-07-06,CP44,St-Constant,FI,AF,173.35,5.0
2025-07-06,CP44,St-Constant,FI,FVE,899.99,1.0
2025-07-06,CP44,St-Constant,GA,GA,1229.97,3.0
2025-07-06,CP44,St-Constant,GA,GRB,10399.99,1.0
2025-07-06,CP44,St-Constant,GA,GRS,7099.959999999999,4.0
2025-07-06,CP44,St-Constant,HT,HRE,9897.0,3.0
2025-07-06,CP44,St-Constant,IN,INO,1995.0,1.0
2025-07-06,CP44,St-Constant,IN,INP,1105.0,1.0
2025-07-06,CP44,St-Constant,IN,INTO,395.0,1.0
2025-07-06,CP44,St-Constant,INM,INMP,430.0,3.0
2025-07-06,CP44,St-Constant,INM,INMT,330.0,2.0
2025-07-06,CP44,St-Constant,INM,MNM,1335.0,2.0
2025-07-06,CP44,St-Constant,LI,LV,2269.86,43.0
2025-07-06,CP44,St-Constant,LO,LE,426.34000000000003,17.0
2025-07-06,CP44,St-Constant,LO,LG,660.64,23.0
2025-07-06,CP44,St-Constant,LO,LJ,805.78,67.0
2025-07-06,CP44,St-Constant,LO,LOV,0.0,5.0
2025-07-06,CP44,St-Constant,LO,LP,136.58,11.0
2025-07-06,CP44,St-Constant,ME,M1,8940.33,8.0
2025-07-06,CP44,St-Constant,ME,M3,2989.56,12.0
2025-07-06,CP44,St-Constant,ME,M4,5226.68,43.0
2025-07-06,CP44,St-Constant,ME,M5,6851.610000000001,14.0
2025-07-06,CP44,St-Constant,ME,M7,1824.17,3.0
2025-07-06,CP44,St-Constant,ME,M9,139.98,2.0
2025-07-06,CP44,St-Constant,ME,MA,1047.81,19.0
2025-07-06,CP44,St-Constant,ME,MB,1249.97,3.0
2025-07-06,CP44,St-Constant,ME,MC,79.99,1.0
2025-07-06,CP44,St-Constant,ME,MO,179.99,1.0
2025-07-06,CP44,St-Constant,ME,MS,898.99,2.0
2025-07-06,CP44,St-Constant,MK,MK,0.0,1.0
2025-07-06,CP44,St-Constant,PA,MPP,25.99,1.0
2025-07-06,CP44,St-Constant,PA,PA,613.0699999999999,5.0
2025-07-06,CP44,St-Constant,PA,PM,306.63,5.0
2025-07-06,CP44,St-Constant,PA,PMD,602.75,2.0
2025-07-06,CP44,St-Constant,PA,PSD,1878.67,3.0
2025-07-06,CP44,St-Constant,PC,PIS,15725.07,744.0
2025-07-06,CP44,St-Constant,PC,SPA,1770.1100000000001,90.0
2025-07-06,CP44,St-Constant,PC,TES,398.78,22.0
2025-07-06,CP44,St-Constant,PI,ZAP,2722.7400000000002,49.0
2025-07-06,CP44,St-Constant,PI,ZHT,689.96,6.0
2025-07-06,CP44,St-Constant,PI,ZSP,551.67,33.0
2025-07-06,CP44,St-Constant,PI,ZTH,9.99,1.0
2025-07-06,CP44,St-Constant,SE,SE,791.96,8.0
2025-07-06,CP44,St-Constant,SP,SP,22997.0,3.0
2025-07-06,CP44,St-Constant,SP,SPG,1999.98,2.0
2025-07-06,CP44,St-Constant,TO,TAC,299.99,3.0
2025-07-06,CP44,St-Constant,TO,TRA,397.49,1.0
2025-07-06,CP48,Beloeil,AM,AR,24.99,1.0
2025-07-06,CP48,Beloeil,AM,FB,699.98,2.0
2025-07-06,CP48,Beloeil,AP,AP,12776.359999999999,209.0
2025-07-06,CP48,Beloeil,AP,API,17972.99,193.0
2025-07-06,CP48,Beloeil,AP,PP,3962.02,469.0
2025-07-06,CP48,Beloeil,AS,AS,1392.71,285.0
2025-07-06,CP48,Beloeil,AZ,AZF,11.96,4.0
2025-07-06,CP48,Beloeil,AZ,AZT,104.99,1.0
2025-07-06,CP48,Beloeil,BQ,BA,527.85,16.0
2025-07-06,CP48,Beloeil,BQ,BC,180.98,6.0
2025-07-06,CP48,Beloeil,BQ,BLP,2146.99,4.0
2025-07-06,CP48,Beloeil,CC,CC,0.0,1.0
2025-07-06,CP48,Beloeil,CH,THE,9299.97,3.0
2025-07-06,CP48,Beloeil,DI,DI,29.99,1.0
2025-07-06,CP48,Beloeil,FI,AF,31.56,2.0
2025-07-06,CP48,Beloeil,FI,FTA,2699.99,1.0
2025-07-06,CP48,Beloeil,FI,FVR,399.99,1.0
2025-07-06,CP48,Beloeil,GA,GAP,3599.99,1.0
2025-07-06,CP48,Beloeil,GA,GRS,1799.99,1.0
2025-07-06,CP48,Beloeil,HT,HRE,5998.0,2.0
2025-07-06,CP48,Beloeil,IN,INP,2260.0,2.0
2025-07-06,CP48,Beloeil,IN,INT,279.99,1.0
2025-07-06,CP48,Beloeil,INM,INMF,259.99,1.0
2025-07-06,CP48,Beloeil,INM,INMP,1900.0,3.0
2025-07-06,CP48,Beloeil,INM,INMS,599.99,1.0
2025-07-06,CP48,Beloeil,LI,LV,1669.8999999999999,35.0
2025-07-06,CP48,Beloeil,LO,LE,781.91,35.0
2025-07-06,CP48,Beloeil,LO,LG,2383.57,63.0
2025-07-06,CP48,Beloeil,LO,LJ,1488.83,138.0
2025-07-06,CP48,Beloeil,LO,LOV,0.0,4.0
2025-07-06,CP48,Beloeil,LO,LP,133.4,10.0
2025-07-06,CP48,Beloeil,ME,M1,5548.36,4.0
2025-07-06,CP48,Beloeil,ME,M3,1999.98,2.0
2025-07-06,CP48,Beloeil,ME,M4,6140.820000000001,39.0
2025-07-06,CP48,Beloeil,ME,M5,4978.610000000001,11.0
2025-07-06,CP48,Beloeil,ME,M7,2199.98,2.0
2025-07-06,CP48,Beloeil,ME,M9,461.98,2.0
2025-07-06,CP48,Beloeil,ME,MA,1621.66,72.0
2025-07-06,CP48,Beloeil,ME,MB,899.99,1.0
2025-07-06,CP48,Beloeil,ME,MC,415.84,19.0
2025-07-06,CP48,Beloeil,ME,ME,623.04,1.0
2025-07-06,CP48,Beloeil,ME,MF,949.99,1.0
2025-07-06,CP48,Beloeil,ME,ML,1528.4,1.0
2025-07-06,CP48,Beloeil,ME,MO,115.98999999999998,2.0
2025-07-06,CP48,Beloeil,MK,MK,1.99,1.0
2025-07-06,CP48,Beloeil,PA,MPP,150.0,1.0
2025-07-06,CP48,Beloeil,PA,PA,799.09,6.0
2025-07-06,CP48,Beloeil,PA,PM,340.07,5.0
2025-07-06,CP48,Beloeil,PA,PS,299.98,2.0
2025-07-06,CP48,Beloeil,PA,PSD,3699.9,6.0
2025-07-06,CP48,Beloeil,PC,PIS,26157.35,1066.0
2025-07-06,CP48,Beloeil,PC,SPA,1864.6,92.0
2025-07-06,CP48,Beloeil,PC,TES,886.5699999999999,43.0
2025-07-06,CP48,Beloeil,PI,ZAP,2076.21,80.0
2025-07-06,CP48,Beloeil,PI,ZHT,122.94,6.0
2025-07-06,CP48,Beloeil,PI,ZSP,356.6,40.0
2025-07-06,CP48,Beloeil,SE,SE,434.95,10.0
2025-07-06,CP48,Beloeil,SP,SP,25997.989999999998,3.0
2025-07-06,CP48,Beloeil,TO,CTO,3207.0,2.0
2025-07-06,CP48,Beloeil,TO,TAC,150.99,2.0
2025-07-06,CP48,Beloeil,TO,TRA,947.48,2.0
2025-07-13,CP08,Longueuil,AM,AE,64.99,1.0
2025-07-13,CP08,Longueuil,AP,AP,15009.35,148.0
2025-07-13,CP08,Longueuil,AP,API,36252.07,199.0
2025-07-13,CP08,Longueuil,AP,PP,4084.17,569.5
2025-07-13,CP08,Longueuil,AS,AS,2633.88,289.0
2025-07-13,CP08,Longueuil,AZ,AZF,8.98,2.0
2025-07-13,CP08,Longueuil,BQ,BA,486.5,15.0
2025-07-13,CP08,Longueuil,BQ,BLP,3969.9700000000003,4.0
2025-07-13,CP08,Longueuil,CH,THE,8674.97,4.0
2025-07-13,CP08,Longueuil,FI,AF,25.99,1.0
2025-07-13,CP08,Longueuil,GA,GA,599.99,1.0
2025-07-13,CP08,Longueuil,GA,GRM,2299.99,1.0
2025-07-13,CP08,Longueuil,HT,HRE,8284.43,3.0
2025-07-13,CP08,Longueuil,HT,HTG,110.49,1.0
2025-07-13,CP08,Longueuil,IN,INP,2365.0,2.0
2025-07-13,CP08,Longueuil,INM,INMM,780.0,1.0
2025-07-13,CP08,Longueuil,INM,INMP,1800.0,4.0
2025-07-13,CP08,Longueuil,INM,INMT,165.0,1.0
2025-07-13,CP08,Longueuil,LI,LV,1409.89,27.0
2025-07-13,CP08,Longueuil,LO,LE,278.98,13.0
2025-07-13,CP08,Longueuil,LO,LG,1891.57,56.0
2025-07-13,CP08,Longueuil,LO,LJ,651.36,59.0
2025-07-13,CP08,Longueuil,LO,LOV,44.97,4.0
2025-07-13,CP08,Longueuil,LO,LP,157.9,10.0
2025-07-13,CP08,Longueuil,ME,M1,2449.92,4.0
2025-07-13,CP08,Longueuil,ME,M3,409.80999999999995,19.0
2025-07-13,CP08,Longueuil,ME,M4,9109.17,86.0
2025-07-13,CP08,Longueuil,ME,M5,6929.85,15.0
2025-07-13,CP08,Longueuil,ME,M7,1099.99,1.0
2025-07-13,CP08,Longueuil,ME,MA,2604.32,48.0
2025-07-13,CP08,Longueuil,ME,MB,1369.73,3.0
2025-07-13,CP08,Longueuil,ME,MC,730.54,23.0
2025-07-13,CP08,Longueuil,ME,ME,1949.97,3.0
2025-07-13,CP08,Longueuil,ME,MO,914.33,7.0
2025-07-13,CP08,Longueuil,MK,MK,10.0,2.0
2025-07-13,CP08,Longueuil,PA,PA,881.02,9.0
2025-07-13,CP08,Longueuil,PA,PM,1409.92,8.0
2025-07-13,CP08,Longueuil,PA,PSD,2989.96,4.0
2025-07-13,CP08,Longueuil,PC,PIS,20003.079999999998,856.0
2025-07-13,CP08,Longueuil,PC,SPA,2245.6,125.0
2025-07-13,CP08,Longueuil,PC,TES,645.5899999999999,41.0
2025-07-13,CP08,Longueuil,PI,ZAP,7242.12,111.0
2025-07-13,CP08,Longueuil,PI,ZGA,59.7,30.0
2025-07-13,CP08,Longueuil,PI,ZHT,154.94,7.0
2025-07-13,CP08,Longueuil,PI,ZSP,983.25,47.0
2025-07-13,CP08,Longueuil,SE,SE,1756.93,20.0
2025-07-13,CP08,Longueuil,SP,SP,15498.0,2.0
2025-07-13,CP08,Longueuil,TO,CTO,2600.0,1.0
2025-07-13,CP08,Longueuil,TO,TAC,1005.32,5.0
2025-07-13,CP08,Longueuil,TO,TRA,899.98,2.0
2025-07-13,CP202,Nepean,AP,AP,5717.88,13.0
2025-07-13,CP202,Nepean,AP,API,7434.54,46.0
2025-07-13,CP202,Nepean,AP,PP,523.01,49.0
2025-07-13,CP202,Nepean,AP,TES,349.80999999999995,20.0
2025-07-13,CP202,Nepean,AP,ZAP,299.98,2.0
2025-07-13,CP202,Nepean,AS,AS,510.89,15.0
2025-07-13,CP202,Nepean,AS,ASC,739.99,2.0
2025-07-13,CP202,Nepean,AS,SPA,272.87,14.0
2025-07-13,CP202,Nepean,AS,TES,55.97,3.0
2025-07-13,CP202,Nepean,BQ,BA,19.99,1.0
2025-07-13,CP202,Nepean,CH,ACG,4099.99,1.0
2025-07-13,CP202,Nepean,CH,THE,3299.99,1.0
2025-07-13,CP202,Nepean,GA,GA,0.0,2.0
2025-07-13,CP202,Nepean,GA,GRC,4499.99,1.0
2025-07-13,CP202,Nepean,GA,GRS,9099.97,3.0
2025-07-13,CP202,Nepean,LO,HTG,109.99,1.0
2025-07-13,CP202,Nepean,LO,HTS,552.49,1.0
2025-07-13,CP202,Nepean,LO,LE,70.95,5.0
2025-07-13,CP202,Nepean,LO,LG,509.78,22.0
2025-07-13,CP202,Nepean,LO,LJ,137.82,18.0
2025-07-13,CP202,Nepean,LO,LP,9.99,1.0
2025-07-13,CP202,Nepean,LO,MK,2.99,1.0
2025-07-13,CP202,Nepean,ME,M1,9318.09,5.0
2025-07-13,CP202,Nepean,ME,M3,449.99,1.0
2025-07-13,CP202,Nepean,ME,M4,5594.68,32.0
2025-07-13,CP202,Nepean,ME,M5,5629.88,12.0
2025-07-13,CP202,Nepean,ME,M7,1899.98,2.0
2025-07-13,CP202,Nepean,ME,MA,651.92,8.0
2025-07-13,CP202,Nepean,ME,MC,457.82,18.0
2025-07-13,CP202,Nepean,ME,MO,49.99,1.0
2025-07-13,CP202,Nepean,ME,PA,109.98,2.0
2025-07-13,CP202,Nepean,MK,MK,0.99,1.0
2025-07-13,CP202,Nepean,PA,PA,1045.03,7.0
2025-07-13,CP202,Nepean,PA,PM,409.96000000000004,4.0
2025-07-13,CP202,Nepean,PA,PMD,359.98,2.0
2025-07-13,CP202,Nepean,PA,PSD,2599.96,4.0
2025-07-13,CP202,Nepean,PC,PIS,11585.93,597.0
2025-07-13,CP202,Nepean,PC,SPA,1495.59,95.0
2025-07-13,CP202,Nepean,PC,TES,7.98,2.0
2025-07-13,CP202,Nepean,PI,AP,52.96,4.0
2025-07-13,CP202,Nepean,PI,PP,384.93,57.0
2025-07-13,CP202,Nepean,PI,ZAP,29.99,1.0
2025-07-13,CP202,Nepean,PI,ZME,139.98,2.0
2025-07-13,CP202,Nepean,PI,ZSP,15.96,4.0
2025-07-13,CP202,Nepean,SP,SP,13754.0,1.0
2025-07-13,CP202,Nepean,TO,TAC,1274.98,2.0
2025-07-13,CP202,Nepean,TO,TRA,461.99,1.0
2025-07-13,CP37,Gatineau,AP,AP,3276.06,45.0
2025-07-13,CP37,Gatineau,AP,API,28349.34,183.0
2025-07-13,CP37,Gatineau,AP,PP,1630.39,311.0
2025-07-13,CP37,Gatineau,AP,TES,823.54,46.0
2025-07-13,CP37,Gatineau,AS,AS,1370.96,22.0
2025-07-13,CP37,Gatineau,AS,SPA,186.92,8.0
2025-07-13,CP37,Gatineau,AS,TES,199.89,11.0
2025-07-13,CP37,Gatineau,AZ,AZT,0.0,-1.0
2025-07-13,CP37,Gatineau,BQ,BA,89.98,2.0
2025-07-13,CP37,Gatineau,BQ,BC,14.0,1.0
2025-07-13,CP37,Gatineau,BQ,BLP,599.98,3.0
2025-07-13,CP37,Gatineau,CH,THE,12648.97,4.0
2025-07-13,CP37,Gatineau,GA,GRS,2199.99,1.0
2025-07-13,CP37,Gatineau,HT,HRE,14796.0,4.0
2025-07-13,CP37,Gatineau,HT,HYB,2799.0,1.0
2025-07-13,CP37,Gatineau,LO,AE,4119.72,28.0
2025-07-13,CP37,Gatineau,LO,HTG,169.99,1.0
2025-07-13,CP37,Gatineau,LO,LE,64.96,4.0
2025-07-13,CP37,Gatineau,LO,LG,192.87,13.0
2025-07-13,CP37,Gatineau,LO,LJ,321.59999999999997,40.0
2025-07-13,CP37,Gatineau,LO,LP,181.9,10.0
2025-07-13,CP37,Gatineau,LO,MK,5.98,2.0
2025-07-13,CP37,Gatineau,LO,PP,8.99,1.0
2025-07-13,CP37,Gatineau,ME,GA,319.99,1.0
2025-07-13,CP37,Gatineau,ME,M1,8599.95,5.0
2025-07-13,CP37,Gatineau,ME,M3,759.97,3.0
2025-07-13,CP37,Gatineau,ME,M4,5479.59,41.0
2025-07-13,CP37,Gatineau,ME,M5,5209.92,8.0
2025-07-13,CP37,Gatineau,ME,MA,1167.79,21.0
2025-07-13,CP37,Gatineau,ME,MB,1795.98,2.0
2025-07-13,CP37,Gatineau,ME,MC,707.7199999999999,28.0
2025-07-13,CP37,Gatineau,ME,MF,1169.99,1.0
2025-07-13,CP37,Gatineau,ME,MO,403.97,3.0
2025-07-13,CP37,Gatineau,ME,PA,54.99,1.0
2025-07-13,CP37,Gatineau,MK,CC,0.0,1.0
2025-07-13,CP37,Gatineau,MK,LOV,6.99,8.0
2025-07-13,CP37,Gatineau,MK,MK,2.9699999999999998,3.0
2025-07-13,CP37,Gatineau,PA,PA,593.94,6.0
2025-07-13,CP37,Gatineau,PA,PM,309.87,4.0
2025-07-13,CP37,Gatineau,PA,PMD,359.98,2.0
2025-07-13,CP37,Gatineau,PA,PS,399.99,1.0
2025-07-13,CP37,Gatineau,PA,PSD,1299.98,2.0
2025-07-13,CP37,Gatineau,PC,PIS,27023.92,1266.0
2025-07-13,CP37,Gatineau,PC,SPA,3204.18,182.0
2025-07-13,CP37,Gatineau,PC,TES,31.92,8.0
2025-07-13,CP37,Gatineau,PI,AP,305.08,42.0
2025-07-13,CP37,Gatineau,PI,API,2416.96,4.0
2025-07-13,CP37,Gatineau,PI,PP,1197.66,205.0
2025-07-13,CP37,Gatineau,PI,TES,5.99,1.0
2025-07-13,CP37,Gatineau,PI,ZAP,97.94,6.0
2025-07-13,CP37,Gatineau,PI,ZME,209.97,3.0
2025-07-13,CP37,Gatineau,SP,SP,19998.0,2.0
2025-07-13,CP37,Gatineau,TO,TAC,0.0,5.0
2025-07-13,CP37,Gatineau,TO,TRA,366.08000000000004,2.0
2025-07-13,CP44,St-Constant,AM,AR,59.99,1.0
2025-07-13,CP44,St-Constant,AM,FB,199.99,1.0
2025-07-13,CP44,St-Constant,AP,AP,5534.01,100.0
2025-07-13,CP44,St-Constant,AP,API,15194.95,152.0
2025-07-13,CP44,St-Constant,AP,PP,2970.0099999999998,333.0
2025-07-13,CP44,St-Constant,AS,AS,2327.01,361.0
2025-07-13,CP44,St-Constant,AS,ASC,1499.98,2.0
2025-07-13,CP44,St-Constant,AZ,AZF,0.0,-2.0
2025-07-13,CP44,St-Constant,BQ,BA,69.97,3.0
2025-07-13,CP44,St-Constant,BQ,BLP,699.98,2.0
2025-07-13,CP44,St-Constant,CC,CC,0.0,1.0
2025-07-13,CP44,St-Constant,CH,THA,199.99,1.0
2025-07-13,CP44,St-Constant,CH,THE,8049.96,4.0
2025-07-13,CP44,St-Constant,FI,AF,19.61,2.0
2025-07-13,CP44,St-Constant,GA,GA,399.99,1.0
2025-07-13,CP44,St-Constant,GA,GRS,2549.99,1.0
2025-07-13,CP44,St-Constant,HT,HAC,2799.0,1.0
2025-07-13,CP44,St-Constant,HT,HRE,7197.0,3.0
2025-07-13,CP44,St-Constant,HT,HTS,1660.47,3.0
2025-07-13,CP44,St-Constant,HT,HYB,2299.0,1.0
2025-07-13,CP44,St-Constant,IN,INP,5780.0,5.0
2025-07-13,CP44,St-Constant,IN,INT,559.98,2.0
2025-07-13,CP44,St-Constant,INM,INMT,165.0,1.0
2025-07-13,CP44,St-Constant,INM,MNM,760.0,1.0
2025-07-13,CP44,St-Constant,LI,LV,1319.9,28.0
2025-07-13,CP44,St-Constant,LO,LE,564.25,26.0
2025-07-13,CP44,St-Constant,LO,LG,1430.95,30.0
2025-07-13,CP44,St-Constant,LO,LJ,522.01,59.0
2025-07-13,CP44,St-Constant,LO,LOV,19.98,9.0
2025-07-13,CP44,St-Constant,LO,LP,179.91,9.0
2025-07-13,CP44,St-Constant,ME,M1,3099.9700000000003,4.0
2025-07-13,CP44,St-Constant,ME,M3,559.97,3.0
2025-07-13,CP44,St-Constant,ME,M4,5335.64,36.0
2025-07-13,CP44,St-Constant,ME,M5,5388.67,11.0
2025-07-13,CP44,St-Constant,ME,M7,1299.98,2.0
2025-07-13,CP44,St-Constant,ME,M9,50.0,1.0
2025-07-13,CP44,St-Constant,ME,MA,1382.82,21.0
2025-07-13,CP44,St-Constant,ME,MB,1149.97,3.0
2025-07-13,CP44,St-Constant,ME,MC,0.0,0.0
2025-07-13,CP44,St-Constant,ME,ME,649.99,1.0
2025-07-13,CP44,St-Constant,ME,MF,809.99,2.0
2025-07-13,CP44,St-Constant,ME,MS,1099.99,1.0
2025-07-13,CP44,St-Constant,MK,MK,0.0,2.0
2025-07-13,CP44,St-Constant,PA,MPP,25.99,1.0
2025-07-13,CP44,St-Constant,PA,PA,521.98,5.0
2025-07-13,CP44,St-Constant,PA,PM,319.95,5.0
2025-07-13,CP44,St-Constant,PA,PS,399.99,1.0
2025-07-13,CP44,St-Constant,PA,PSD,849.98,2.0
2025-07-13,CP44,St-Constant,PC,PIS,14421.3,622.0
2025-07-13,CP44,St-Constant,PC,SPA,1545.78,72.0
2025-07-13,CP44,St-Constant,PC,TES,316.82,18.0
2025-07-13,CP44,St-Constant,PI,ZAP,1434.81,35.0
2025-07-13,CP44,St-Constant,PI,ZHT,349.87,15.0
2025-07-13,CP44,St-Constant,PI,ZME,31.98,2.0
2025-07-13,CP44,St-Constant,PI,ZSP,230.76000000000002,24.0
2025-07-13,CP44,St-Constant,SE,SE,102.17,4.0
2025-07-13,CP44,St-Constant,SP,SP,8499.0,1.0
2025-07-13,CP44,St-Constant,TO,TAC,599.97,6.0
2025-07-13,CP44,St-Constant,TO,TRA,659.99,1.0
2025-07-13,CP48,Beloeil,AM,AE,99.99,1.0
2025-07-13,CP48,Beloeil,AP,AP,8559.9,190.0
2025-07-13,CP48,Beloeil,AP,API,20496.4,178.0
2025-07-13,CP48,Beloeil,AP,PP,4768.49,538.0
2025-07-13,CP48,Beloeil,AS,AS,1874.68,375.0
2025-07-13,CP48,Beloeil,AS,ASC,759.99,1.0
2025-07-13,CP48,Beloeil,AZ,AZF,11.96,4.0
2025-07-13,CP48,Beloeil,BQ,BA,294.93,8.0
2025-07-13,CP48,Beloeil,BQ,BCH,349.99,1.0
2025-07-13,CP48,Beloeil,BQ,BLP,2049.94,6.0
2025-07-13,CP48,Beloeil,CC,CC,0.0,2.0
2025-07-13,CP48,Beloeil,CH,THE,10449.949999999999,5.0
2025-07-13,CP48,Beloeil,DI,DI,29.99,1.0
2025-07-13,CP48,Beloeil,FI,FTA,1299.99,1.0
2025-07-13,CP48,Beloeil,FI,FVR,399.99,1.0
2025-07-13,CP48,Beloeil,GA,GA,299.99,1.0
2025-07-13,CP48,Beloeil,GA,GRS,3799.98,2.0
2025-07-13,CP48,Beloeil,HT,HAC,7497.0,3.0
2025-07-13,CP48,Beloeil,HT,HYB,6922.0,3.0
2025-07-13,CP48,Beloeil,IN,INP,6885.0,6.0
2025-07-13,CP48,Beloeil,IN,INT,559.98,2.0
2025-07-13,CP48,Beloeil,INM,INMT,165.0,2.0
2025-07-13,CP48,Beloeil,LI,LV,1119.93,38.0
2025-07-13,CP48,Beloeil,LO,LE,761.69,31.0
2025-07-13,CP48,Beloeil,LO,LG,1984.5900000000001,67.0
2025-07-13,CP48,Beloeil,LO,LJ,1255.47,119.0
2025-07-13,CP48,Beloeil,LO,LOV,54.96,6.0
2025-07-13,CP48,Beloeil,LO,LP,306.84999999999997,15.0
2025-07-13,CP48,Beloeil,ME,M1,4099.98,2.0
2025-07-13,CP48,Beloeil,ME,M3,3499.9300000000003,8.0
2025-07-13,CP48,Beloeil,ME,M4,6179.71,30.0
2025-07-13,CP48,Beloeil,ME,M5,9529.86,15.0
2025-07-13,CP48,Beloeil,ME,M7,1699.99,1.0
2025-07-13,CP48,Beloeil,ME,M9,619.97,3.0
2025-07-13,CP48,Beloeil,ME,MA,2314.46,31.0
2025-07-13,CP48,Beloeil,ME,MC,380.21999999999997,20.0
2025-07-13,CP48,Beloeil,ME,MF,799.99,1.0
2025-07-13,CP48,Beloeil,ME,ML,799.99,1.0
2025-07-13,CP48,Beloeil,ME,MO,116.99,1.0
2025-07-13,CP48,Beloeil,ME,MS,1499.99,2.0
2025-07-13,CP48,Beloeil,MK,MK,3.98,2.0
2025-07-13,CP48,Beloeil,PA,MPP,25.99,1.0
2025-07-13,CP48,Beloeil,PA,PA,883.93,7.0
2025-07-13,CP48,Beloeil,PA,PM,189.98000000000002,2.0
2025-07-13,CP48,Beloeil,PA,PMD,359.98,2.0
2025-07-13,CP48,Beloeil,PA,PSD,1249.98,2.0
2025-07-13,CP48,Beloeil,PC,PIS,24028.98,973.0
2025-07-13,CP48,Beloeil,PC,SPA,2058.5,88.0
2025-07-13,CP48,Beloeil,PC,TES,998.4799999999999,52.0
2025-07-13,CP48,Beloeil,PI,ZAP,2720.9,60.0
2025-07-13,CP48,Beloeil,PI,ZHT,102.94999999999999,6.0
2025-07-13,CP48,Beloeil,PI,ZSP,503.72,28.0
2025-07-13,CP48,Beloeil,SE,SE,75.0,4.0
2025-07-13,CP48,Beloeil,SP,SP,18889.0,2.0
2025-07-13,CP48,Beloeil,TO,TAC,549.98,6.0
2025-07-13,CP48,Beloeil,TO,TRA,494.99,1.0
2025-07-20,CP08,Longueuil,AM,AE,292.54,8.0
2025-07-20,CP08,Longueuil,AP,AP,16750.77,176.0
2025-07-20,CP08,Longueuil,AP,API,22254.88,195.0
2025-07-20,CP08,Longueuil,AP,PP,3733.74,434.0
2025-07-20,CP08,Longueuil,AS,AS,3111.16,560.0
2025-07-20,CP08,Longueuil,AS,ASC,1423.98,2.0
2025-07-20,CP08,Longueuil,AS,LV,0.0,1.0
2025-07-20,CP08,Longueuil,AZ,AZF,8.98,2.0
2025-07-20,CP08,Longueuil,BQ,BA,271.97,4.0
2025-07-20,CP08,Longueuil,BQ,BLP,1799.98,2.0
2025-07-20,CP08,Longueuil,CC,CC,250.0,1.0
2025-07-20,CP08,Longueuil,CH,THE,7127.969999999999,3.0
2025-07-20,CP08,Longueuil,FI,AF,68.46000000000001,4.0
2025-07-20,CP08,Longueuil,FI,FEE,1099.99,1.0
2025-07-20,CP08,Longueuil,FI,FVR,749.99,1.0
2025-07-20,CP08,Longueuil,GA,GA,284.99,1.0
2025-07-20,CP08,Longueuil,GA,GAA,699.99,1.0
2025-07-20,CP08,Longueuil,GA,GAP,2699.99,1.0
2025-07-20,CP08,Longueuil,GA,GRS,1599.99,1.0
2025-07-20,CP08,Longueuil,HT,HRE,5041.89,2.0
2025-07-20,CP08,Longueuil,HT,HTG,129.99,1.0
2025-07-20,CP08,Longueuil,IN,INM,819.99,1.0
2025-07-20,CP08,Longueuil,IN,INT,279.99,1.0
2025-07-20,CP08,Longueuil,INM,INMP,1600.0,2.0
2025-07-20,CP08,Longueuil,LI,LV,1190.41,17.0
2025-07-20,CP08,Longueuil,LO,LE,135.23999999999998,6.0
2025-07-20,CP08,Longueuil,LO,LG,1183.69,31.0
2025-07-20,CP08,Longueuil,LO,LJ,829.86,64.0
2025-07-20,CP08,Longueuil,LO,LOV,17.98,4.0
2025-07-20,CP08,Longueuil,LO,LP,15.59,1.0
2025-07-20,CP08,Longueuil,ME,M1,1799.99,1.0
2025-07-20,CP08,Longueuil,ME,M3,949.96,4.0
2025-07-20,CP08,Longueuil,ME,M4,6539.400000000001,60.0
2025-07-20,CP08,Longueuil,ME,M5,8202.25,14.0
2025-07-20,CP08,Longueuil,ME,M9,264.99,1.0
2025-07-20,CP08,Longueuil,ME,MA,681.01,39.0
2025-07-20,CP08,Longueuil,ME,MB,1399.98,2.0
2025-07-20,CP08,Longueuil,ME,MC,79.96,6.0
2025-07-20,CP08,Longueuil,ME,ME,1019.98,2.0
2025-07-20,CP08,Longueuil,ME,MF,899.99,1.0
2025-07-20,CP08,Longueuil,ME,ML,1329.98,2.0
2025-07-20,CP08,Longueuil,ME,MO,733.9300000000001,7.0
2025-07-20,CP08,Longueuil,ME,MS,1099.99,1.0
2025-07-20,CP08,Longueuil,MK,MK,10.969999999999999,4.0
2025-07-20,CP08,Longueuil,PA,PA,701.95,7.0
2025-07-20,CP08,Longueuil,PA,PM,1084.92,8.0
2025-07-20,CP08,Longueuil,PA,PMD,179.99,1.0
2025-07-20,CP08,Longueuil,PA,PS,149.99,1.0
2025-07-20,CP08,Longueuil,PA,PSD,999.99,1.0
2025-07-20,CP08,Longueuil,PC,PIS,23980.559999999998,1058.0
2025-07-20,CP08,Longueuil,PC,SPA,1568.23,61.0
2025-07-20,CP08,Longueuil,PC,TES,760.52,48.0
2025-07-20,CP08,Longueuil,PI,ZAP,5444.09,109.0
2025-07-20,CP08,Longueuil,PI,ZHT,741.91,9.0
2025-07-20,CP08,Longueuil,PI,ZME,59.98,2.0
2025-07-20,CP08,Longueuil,PI,ZSP,932.44,56.0
2025-07-20,CP08,Longueuil,PI,ZTH,0.0,-1.0
2025-07-20,CP08,Longueuil,SE,SE,643.46,14.0
2025-07-20,CP08,Longueuil,SP,SP,5499.0,1.0
2025-07-20,CP08,Longueuil,TO,CTO,2700.0,1.0
2025-07-20,CP08,Longueuil,TO,TAC,524.99,2.0
2025-07-20,CP08,Longueuil,TO,TRA,397.49,1.0
2025-07-20,CP202,Nepean,AP,AP,8657.86,14.0
2025-07-20,CP202,Nepean,AP,API,4683.46,54.0
2025-07-20,CP202,Nepean,AP,PP,505.05,45.0
2025-07-20,CP202,Nepean,AP,TES,621.6899999999999,31.0
2025-07-20,CP202,Nepean,AS,AS,1628.76,36.0
2025-07-20,CP202,Nepean,AS,ASC,1399.98,4.0
2025-07-20,CP202,Nepean,AS,SPA,396.82,18.0
2025-07-20,CP202,Nepean,AS,TES,53.97,3.0
2025-07-20,CP202,Nepean,BQ,BA,18.99,1.0
2025-07-20,CP202,Nepean,GA,GRC,4499.99,1.0
2025-07-20,CP202,Nepean,GA,GRS,5999.969999999999,3.0
2025-07-20,CP202,Nepean,LO,LE,84.9,10.0
2025-07-20,CP202,Nepean,LO,LG,298.9,10.0
2025-07-20,CP202,Nepean,LO,LJ,200.79999999999998,20.0
2025-07-20,CP202,Nepean,LO,LP,71.45,5.0
2025-07-20,CP202,Nepean,ME,GA,1346.83,3.0
2025-07-20,CP202,Nepean,ME,M1,9849.949999999999,5.0
2025-07-20,CP202,Nepean,ME,M4,4608.83,20.0
2025-07-20,CP202,Nepean,ME,M5,2299.95,5.0
2025-07-20,CP202,Nepean,ME,MA,234.98,2.0
2025-07-20,CP202,Nepean,ME,MB,399.99,1.0
2025-07-20,CP202,Nepean,ME,MC,184.97,4.0
2025-07-20,CP202,Nepean,ME,ML,1879.98,2.0
2025-07-20,CP202,Nepean,ME,MO,413.95000000000005,5.0
2025-07-20,CP202,Nepean,ME,PA,19.99,0.0
2025-07-20,CP202,Nepean,ME,ZME,167.99,1.0
2025-07-20,CP202,Nepean,PA,PA,1215.32,8.0
2025-07-20,CP202,Nepean,PA,PM,574.93,7.0
2025-07-20,CP202,Nepean,PA,PMD,359.98,2.0
2025-07-20,CP202,Nepean,PA,PS,399.99,1.0
2025-07-20,CP202,Nepean,PA,PSD,3899.94,6.0
2025-07-20,CP202,Nepean,PC,PIS,19742.41,960.0
2025-07-20,CP202,Nepean,PC,SPA,2258.65,135.0
2025-07-20,CP202,Nepean,PI,AP,0.0,0.0
2025-07-20,CP202,Nepean,PI,API,916.98,2.0
2025-07-20,CP202,Nepean,PI,PP,563.22,78.0
2025-07-20,CP202,Nepean,PI,ZAP,130.95,5.0
2025-07-20,CP202,Nepean,PI,ZSP,27.99,1.0
2025-07-20,CP202,Nepean,SP,SP,58825.0,5.0
2025-07-20,CP37,Gatineau,AM,FB,549.99,1.0
2025-07-20,CP37,Gatineau,AP,AP,9190.84,57.0
2025-07-20,CP37,Gatineau,AP,API,30133.75,190.0
2025-07-20,CP37,Gatineau,AP,PP,2411.83,844.0
2025-07-20,CP37,Gatineau,AP,TES,1242.34,66.0
2025-07-20,CP37,Gatineau,AP,ZAP,0.0,0.0
2025-07-20,CP37,Gatineau,AS,AS,2816.45,55.0
2025-07-20,CP37,Gatineau,AS,ASC,739.99,1.0
2025-07-20,CP37,Gatineau,AS,SPA,394.83,17.0
2025-07-20,CP37,Gatineau,AS,TES,221.88,12.0
2025-07-20,CP37,Gatineau,BQ,BA,247.95,5.0
2025-07-20,CP37,Gatineau,BQ,BC,93.96,4.0
2025-07-20,CP37,Gatineau,BQ,BLP,699.98,2.0
2025-07-20,CP37,Gatineau,BQ,MK,7.99,1.0
2025-07-20,CP37,Gatineau,CH,THE,12385.98,6.0
2025-07-20,CP37,Gatineau,GA,GRB,8699.99,1.0
2025-07-20,CP37,Gatineau,GA,GRS,4681.18,2.0
2025-07-20,CP37,Gatineau,HT,HAC,4427.34,2.0
2025-07-20,CP37,Gatineau,HT,HRE,18105.010000000002,5.0
2025-07-20,CP37,Gatineau,HT,HYB,3499.0,1.0
2025-07-20,CP37,Gatineau,LO,AE,239.97999999999996,2.0
2025-07-20,CP37,Gatineau,LO,AP,99.98,2.0
2025-07-20,CP37,Gatineau,LO,AS,29.98,2.0
2025-07-20,CP37,Gatineau,LO,HTG,219.98,2.0
2025-07-20,CP37,Gatineau,LO,HTS,499.99,1.0
2025-07-20,CP37,Gatineau,LO,LE,540.78,22.0
2025-07-20,CP37,Gatineau,LO,LG,757.74,26.0
2025-07-20,CP37,Gatineau,LO,LJ,392.52,48.0
2025-07-20,CP37,Gatineau,LO,LOV,13.98,2.0
2025-07-20,CP37,Gatineau,LO,LP,285.84000000000003,16.0
2025-07-20,CP37,Gatineau,LO,MK,17.94,6.0
2025-07-20,CP37,Gatineau,LO,PP,17.98,2.0
2025-07-20,CP37,Gatineau,ME,GA,1694.96,4.0
2025-07-20,CP37,Gatineau,ME,M1,4699.97,3.0
2025-07-20,CP37,Gatineau,ME,M3,449.99,1.0
2025-07-20,CP37,Gatineau,ME,M4,5480.43,33.0
2025-07-20,CP37,Gatineau,ME,M5,5152.04,12.0
2025-07-20,CP37,Gatineau,ME,M7,649.99,1.0
2025-07-20,CP37,Gatineau,ME,MA,2465.75,25.0
2025-07-20,CP37,Gatineau,ME,MB,2899.96,4.0
2025-07-20,CP37,Gatineau,ME,MC,645.77,23.0
2025-07-20,CP37,Gatineau,ME,MF,999.99,1.0
2025-07-20,CP37,Gatineau,ME,ML,779.99,1.0
2025-07-20,CP37,Gatineau,ME,MO,623.96,4.0
2025-07-20,CP37,Gatineau,ME,MS,1199.99,1.0
2025-07-20,CP37,Gatineau,ME,PA,90.97,3.0
2025-07-20,CP37,Gatineau,ME,ZME,659.96,4.0
2025-07-20,CP37,Gatineau,MK,LOV,34.95,16.0
2025-07-20,CP37,Gatineau,MK,MK,4.95,6.0
2025-07-20,CP37,Gatineau,PA,PA,1480.0,10.0
2025-07-20,CP37,Gatineau,PA,PM,749.89,11.0
2025-07-20,CP37,Gatineau,PA,PMD,539.97,3.0
2025-07-20,CP37,Gatineau,PA,PS,799.98,2.0
2025-07-20,CP37,Gatineau,PA,PSD,2599.96,4.0
2025-07-20,CP37,Gatineau,PC,PIS,38777.549999999996,1754.0
2025-07-20,CP37,Gatineau,PC,SPA,5478.8,270.0
2025-07-20,CP37,Gatineau,PC,TES,31.92,8.0
2025-07-20,CP37,Gatineau,PI,AP,572.87,114.0
2025-07-20,CP37,Gatineau,PI,API,1866.97,3.0
2025-07-20,CP37,Gatineau,PI,PP,1528.71,325.0
2025-07-20,CP37,Gatineau,PI,TES,23.96,4.0
2025-07-20,CP37,Gatineau,PI,ZAP,154.94,6.0
2025-07-20,CP37,Gatineau,PI,ZGA,29.9,16.0
2025-07-20,CP37,Gatineau,PI,ZHT,9.99,1.0
2025-07-20,CP37,Gatineau,PI,ZME,39.99,2.0
2025-07-20,CP37,Gatineau,SP,SP,10998.0,2.0
2025-07-20,CP37,Gatineau,TO,TAC,399.99,7.0
2025-07-20,CP37,Gatineau,TO,TRA,419.99,1.0
2025-07-20,CP44,St-Constant,AM,AR,59.99,1.0
2025-07-20,CP44,St-Constant,AP,AP,7043.15,92.0
2025-07-20,CP44,St-Constant,AP,API,14160.44,130.0
2025-07-20,CP44,St-Constant,AP,PP,1878.53,200.0
2025-07-20,CP44,St-Constant,AS,AS,1303.67,104.0
2025-07-20,CP44,St-Constant,AZ,AZF,5.98,2.0
2025-07-20,CP44,St-Constant,BQ,BA,272.94,8.0
2025-07-20,CP44,St-Constant,CH,THA,0.0,1.0
2025-07-20,CP44,St-Constant,CH,THE,1399.99,1.0
2025-07-20,CP44,St-Constant,FI,AF,46.980000000000004,2.0
2025-07-20,CP44,St-Constant,FI,FVR,399.99,1.0
2025-07-20,CP44,St-Constant,GA,GA,689.98,2.0
2025-07-20,CP44,St-Constant,GA,GAP,4049.99,1.0
2025-07-20,CP44,St-Constant,GA,GRM,1899.99,1.0
2025-07-20,CP44,St-Constant,HT,HRE,2299.0,1.0
2025-07-20,CP44,St-Constant,IN,INP,1105.0,1.0
2025-07-20,CP44,St-Constant,LI,LV,509.97,17.0
2025-07-20,CP44,St-Constant,LO,LE,329.84,16.0
2025-07-20,CP44,St-Constant,LO,LG,851.75,25.0
2025-07-20,CP44,St-Constant,LO,LJ,814.59,41.0
2025-07-20,CP44,St-Constant,LO,LOV,38.98,6.0
2025-07-20,CP44,St-Constant,LO,LP,387.88,12.0
2025-07-20,CP44,St-Constant,ME,M1,699.99,1.0
2025-07-20,CP44,St-Constant,ME,M3,3139.9300000000003,7.0
2025-07-20,CP44,St-Constant,ME,M4,2099.83,17.0
2025-07-20,CP44,St-Constant,ME,M5,3214.95,5.0
2025-07-20,CP44,St-Constant,ME,MA,601.43,8.0
2025-07-20,CP44,St-Constant,ME,MC,174.27,9.0
2025-07-20,CP44,St-Constant,ME,MF,1299.99,1.0
2025-07-20,CP44,St-Constant,ME,ML,799.99,1.0
2025-07-20,CP44,St-Constant,ME,MO,59.98,2.0
2025-07-20,CP44,St-Constant,MK,MK,0.0,1.0
2025-07-20,CP44,St-Constant,PA,PA,661.97,5.0
2025-07-20,CP44,St-Constant,PA,PM,124.97999999999999,2.0
2025-07-20,CP44,St-Constant,PA,PMD,799.98,2.0
2025-07-20,CP44,St-Constant,PA,PS,149.99,1.0
2025-07-20,CP44,St-Constant,PA,PSD,1299.98,2.0
2025-07-20,CP44,St-Constant,PC,PIS,13361.64,586.0
2025-07-20,CP44,St-Constant,PC,SPA,997.5,51.0
2025-07-20,CP44,St-Constant,PC,TES,285.86,14.0
2025-07-20,CP44,St-Constant,PI,ZAP,1327.57,30.0
2025-07-20,CP44,St-Constant,PI,ZHT,200.98,44.0
2025-07-20,CP44,St-Constant,PI,ZME,173.96,4.0
2025-07-20,CP44,St-Constant,PI,ZSP,368.84000000000003,16.0
2025-07-20,CP44,St-Constant,SE,SE,804.96,7.0
2025-07-20,CP44,St-Constant,SP,SP,9749.0,1.0
2025-07-20,CP44,St-Constant,TO,TAC,0.0,1.0
2025-07-20,CP44,St-Constant,TO,TRA,0.0,1.0
2025-07-20,CP48,Beloeil,AM,AR,24.99,1.0
2025-07-20,CP48,Beloeil,AP,AP,6952.4400000000005,114.0
2025-07-20,CP48,Beloeil,AP,API,18641.38,144.0
2025-07-20,CP48,Beloeil,AP,PP,3665.2,402.0
2025-07-20,CP48,Beloeil,AS,AS,1752.2,475.0
2025-07-20,CP48,Beloeil,AS,ASC,739.99,1.0
2025-07-20,CP48,Beloeil,AS,ZSP,113.97,3.0
2025-07-20,CP48,Beloeil,AZ,AZF,2.99,1.0
2025-07-20,CP48,Beloeil,BQ,BA,334.86,12.0
2025-07-20,CP48,Beloeil,BQ,BC,52.49,3.0
2025-07-20,CP48,Beloeil,BQ,BCH,349.99,1.0
2025-07-20,CP48,Beloeil,BQ,BFU,475.0,1.0
2025-07-20,CP48,Beloeil,BQ,BLP,2048.9700000000003,4.0
2025-07-20,CP48,Beloeil,CC,CC,0.0,1.0
2025-07-20,CP48,Beloeil,CH,THA,29.99,1.0
2025-07-20,CP48,Beloeil,CH,THE,3349.98,2.0
2025-07-20,CP48,Beloeil,FI,AF,191.56,8.0
2025-07-20,CP48,Beloeil,GA,GA,639.98,2.0
2025-07-20,CP48,Beloeil,GA,GRS,1599.99,1.0
2025-07-20,CP48,Beloeil,HT,HRE,8997.0,3.0
2025-07-20,CP48,Beloeil,HT,HYB,2449.0,1.0
2025-07-20,CP48,Beloeil,IN,INO,1915.0,1.0
2025-07-20,CP48,Beloeil,IN,INP,3520.0,3.0
2025-07-20,CP48,Beloeil,INM,INMP,165.0,1.0
2025-07-20,CP48,Beloeil,INM,INMS,3000.0,1.0
2025-07-20,CP48,Beloeil,INM,INMT,165.0,1.0
2025-07-20,CP48,Beloeil,LI,LV,1009.96,26.0
2025-07-20,CP48,Beloeil,LO,LE,581.84,20.0
2025-07-20,CP48,Beloeil,LO,LG,2472.15,70.0
2025-07-20,CP48,Beloeil,LO,LJ,1199.24,76.0
2025-07-20,CP48,Beloeil,LO,LOV,118.58,10.0
2025-07-20,CP48,Beloeil,LO,LP,435.78,22.0
2025-07-20,CP48,Beloeil,ME,M1,1899.98,2.0
2025-07-20,CP48,Beloeil,ME,M3,4749.91,9.0
2025-07-20,CP48,Beloeil,ME,M4,4289.72,28.0
2025-07-20,CP48,Beloeil,ME,M5,4479.9400000000005,6.0
2025-07-20,CP48,Beloeil,ME,M7,1599.98,2.0
2025-07-20,CP48,Beloeil,ME,M9,199.99,1.0
2025-07-20,CP48,Beloeil,ME,MA,1344.1,40.0
2025-07-20,CP48,Beloeil,ME,MB,9024.939999999999,6.0
2025-07-20,CP48,Beloeil,ME,MC,498.86,16.0
2025-07-20,CP48,Beloeil,ME,ML,1999.98,2.0
2025-07-20,CP48,Beloeil,ME,MO,49.99,1.0
2025-07-20,CP48,Beloeil,ME,MS,2799.98,2.0
2025-07-20,CP48,Beloeil,MK,MK,1.99,1.0
2025-07-20,CP48,Beloeil,PA,PA,258.01,3.0
2025-07-20,CP48,Beloeil,PA,PM,344.26,4.0
2025-07-20,CP48,Beloeil,PA,PSD,626.22,1.0
2025-07-20,CP48,Beloeil,PC,PIS,25562.09,1042.0
2025-07-20,CP48,Beloeil,PC,SPA,2138.02,98.0
2025-07-20,CP48,Beloeil,PC,TES,914.54,46.0
2025-07-20,CP48,Beloeil,PI,ZAP,3303.4500000000003,41.0
2025-07-20,CP48,Beloeil,PI,ZHT,253.12,18.0
2025-07-20,CP48,Beloeil,PI,ZSP,193.82,18.0
2025-07-20,CP48,Beloeil,SE,SE,299.98,3.0
2025-07-20,CP48,Beloeil,SP,SP,7899.0,1.0
2025-07-20,CP48,Beloeil,TO,TAC,299.99,4.0
2025-07-20,CP48,Beloeil,TO,TRA,1132.47,3.0
2025-07-27,CP08,Longueuil,AP,AP,9760.14,114.0
2025-07-27,CP08,Longueuil,AP,API,23653.59,142.0
2025-07-27,CP08,Longueuil,AP,PP,2850.8,360.5
2025-07-27,CP08,Longueuil,AS,AS,2650.58,246.0
2025-07-27,CP08,Longueuil,AS,ASC,1479.98,2.0
2025-07-27,CP08,Longueuil,AS,ZSP,37.99,1.0
2025-07-27,CP08,Longueuil,AZ,AZF,14.96,4.0
2025-07-27,CP08,Longueuil,BQ,BA,390.89,11.0
2025-07-27,CP08,Longueuil,BQ,BC,44.99,1.0
2025-07-27,CP08,Longueuil,BQ,BLP,999.99,1.0
2025-07-27,CP08,Longueuil,CH,THE,9499.95,5.0
2025-07-27,CP08,Longueuil,FI,AF,273.97,5.0
2025-07-27,CP08,Longueuil,FI,FVR,749.99,1.0
2025-07-27,CP08,Longueuil,GA,GA,2649.13,5.0
2025-07-27,CP08,Longueuil,GA,GAP,3599.99,1.0
2025-07-27,CP08,Longueuil,GA,GRC,4499.99,1.0
2025-07-27,CP08,Longueuil,GA,GRS,1799.99,1.0
2025-07-27,CP08,Longueuil,HT,HRE,8929.81,3.0
2025-07-27,CP08,Longueuil,HT,HTS,552.49,1.0
2025-07-27,CP08,Longueuil,IN,INO,2205.0,1.0
2025-07-27,CP08,Longueuil,IN,INP,1155.0,1.0
2025-07-27,CP08,Longueuil,IN,INT,559.98,2.0
2025-07-27,CP08,Longueuil,INM,INMM,89.99,1.0
2025-07-27,CP08,Longueuil,INM,INMT,165.0,1.0
2025-07-27,CP08,Longueuil,INM,MNM,760.0,1.0
2025-07-27,CP08,Longueuil,LI,LV,1239.89,29.0
2025-07-27,CP08,Longueuil,LO,LE,331.85,15.0
2025-07-27,CP08,Longueuil,LO,LG,1185.4,30.0
2025-07-27,CP08,Longueuil,LO,LJ,958.51,67.0
2025-07-27,CP08,Longueuil,LO,LOV,41.96,11.0
2025-07-27,CP08,Longueuil,LO,LP,29.979999999999997,2.0
2025-07-27,CP08,Longueuil,ME,M1,1079.99,1.0
2025-07-27,CP08,Longueuil,ME,M3,2997.38,8.0
2025-07-27,CP08,Longueuil,ME,M4,10549.33,67.0
2025-07-27,CP08,Longueuil,ME,M5,9444.37,16.0
2025-07-27,CP08,Longueuil,ME,M7,1349.98,2.0
2025-07-27,CP08,Longueuil,ME,M9,279.99,1.0
2025-07-27,CP08,Longueuil,ME,MA,1463.22,28.0
2025-07-27,CP08,Longueuil,ME,MB,119.99,1.0
2025-07-27,CP08,Longueuil,ME,MC,681.53,22.0
2025-07-27,CP08,Longueuil,ME,MF,949.99,1.0
2025-07-27,CP08,Longueuil,ME,MO,1515.83,17.0
2025-07-27,CP08,Longueuil,ME,MS,1099.99,1.0
2025-07-27,CP08,Longueuil,MK,MK,10.0,4.0
2025-07-27,CP08,Longueuil,PA,PA,2591.13,15.0
2025-07-27,CP08,Longueuil,PA,PM,419.93999999999994,6.0
2025-07-27,CP08,Longueuil,PA,PMD,679.98,2.0
2025-07-27,CP08,Longueuil,PA,PS,1833.0,2.0
2025-07-27,CP08,Longueuil,PA,PSD,4835.92,8.0
2025-07-27,CP08,Longueuil,PC,PIS,20850.04,857.0
2025-07-27,CP08,Longueuil,PC,SPA,1460.82,84.0
2025-07-27,CP08,Longueuil,PC,TES,358.74,26.0
2025-07-27,CP08,Longueuil,PI,ZAP,4824.42,52.0
2025-07-27,CP08,Longueuil,PI,ZHT,116.72999999999999,27.0
2025-07-27,CP08,Longueuil,PI,ZSP,567.65,35.0
2025-07-27,CP08,Longueuil,PI,ZTH,74.99,1.0
2025-07-27,CP08,Longueuil,SE,SE,1254.92,17.0
2025-07-27,CP08,Longueuil,SP,SP,10499.0,1.0
2025-07-27,CP08,Longueuil,TO,TAC,0.0,2.0
2025-07-27,CP08,Longueuil,TO,TRA,1469.96,4.0
2025-07-27,CP202,Nepean,AP,AP,4634.9,10.0
2025-07-27,CP202,Nepean,AP,API,4726.72,28.0
2025-07-27,CP202,Nepean,AP,PP,391.02,48.0
2025-07-27,CP202,Nepean,AP,TES,637.67,33.0
2025-07-27,CP202,Nepean,AS,AS,1645.71,37.0
2025-07-27,CP202,Nepean,AS,ASC,0.0,2.0
2025-07-27,CP202,Nepean,AS,SPA,209.89999999999998,10.0
2025-07-27,CP202,Nepean,AS,TES,53.97,3.0
2025-07-27,CP202,Nepean,BQ,BA,39.97,3.0
2025-07-27,CP202,Nepean,CH,THE,1800.99,1.0
2025-07-27,CP202,Nepean,GA,GA,2399.98,2.0
2025-07-27,CP202,Nepean,GA,GRS,5399.969999999999,3.0
2025-07-27,CP202,Nepean,LO,LE,13.98,2.0
2025-07-27,CP202,Nepean,LO,LG,865.22,28.0
2025-07-27,CP202,Nepean,LO,LJ,253.75,25.0
2025-07-27,CP202,Nepean,LO,LP,57.96,4.0
2025-07-27,CP202,Nepean,ME,GA,349.99,1.0
2025-07-27,CP202,Nepean,ME,M1,8849.95,5.0
2025-07-27,CP202,Nepean,ME,M3,0.0,-6.0
2025-07-27,CP202,Nepean,ME,M4,5079.76,24.0
2025-07-27,CP202,Nepean,ME,M5,2429.95,5.0
2025-07-27,CP202,Nepean,ME,M7,999.99,1.0
2025-07-27,CP202,Nepean,ME,MA,359.96999999999997,3.0
2025-07-27,CP202,Nepean,ME,MC,239.95999999999998,4.0
2025-07-27,CP202,Nepean,ME,MF,1949.98,2.0
2025-07-27,CP202,Nepean,ME,PA,164.97,3.0
2025-07-27,CP202,Nepean,PA,PA,1795.19,12.0
2025-07-27,CP202,Nepean,PA,PM,529.9300000000001,7.0
2025-07-27,CP202,Nepean,PA,PMD,359.98,2.0
2025-07-27,CP202,Nepean,PA,PSD,4224.9400000000005,7.0
2025-07-27,CP202,Nepean,PC,PIS,18072.05,896.0
2025-07-27,CP202,Nepean,PC,SPA,1797.4,110.0
2025-07-27,CP202,Nepean,PC,TES,3.99,1.0
2025-07-27,CP202,Nepean,PI,AP,40.96,4.0
2025-07-27,CP202,Nepean,PI,PP,589.72,78.0
2025-07-27,CP202,Nepean,PI,ZAP,24.99,1.0
2025-07-27,CP202,Nepean,SP,SP,46246.0,4.0
2025-07-27,CP37,Gatineau,AP,AP,5400.92,42.0
2025-07-27,CP37,Gatineau,AP,API,15157.78,135.0
2025-07-27,CP37,Gatineau,AP,PP,2178.91,404.0
2025-07-27,CP37,Gatineau,AP,TES,1042.46,54.0
2025-07-27,CP37,Gatineau,AS,AS,2419.49,59.0
2025-07-27,CP37,Gatineau,AS,ASC,0.0,3.0
2025-07-27,CP37,Gatineau,AS,SPA,377.82,18.0
2025-07-27,CP37,Gatineau,AS,TES,179.89999999999998,10.0
2025-07-27,CP37,Gatineau,BQ,BA,93.94,7.0
2025-07-27,CP37,Gatineau,BQ,BC,21.99,1.0
2025-07-27,CP37,Gatineau,BQ,BLP,2499.99,1.0
2025-07-27,CP37,Gatineau,FI,FEE,689.99,1.0
2025-07-27,CP37,Gatineau,GA,GRS,9799.97,3.0
2025-07-27,CP37,Gatineau,HT,HAC,2399.0,1.0
2025-07-27,CP37,Gatineau,HT,HRE,9597.0,3.0
2025-07-27,CP37,Gatineau,LO,AP,199.96,4.0
2025-07-27,CP37,Gatineau,LO,API,9.99,1.0
2025-07-27,CP37,Gatineau,LO,HTG,109.99,1.0
2025-07-27,CP37,Gatineau,LO,LE,214.91,9.0
2025-07-27,CP37,Gatineau,LO,LG,420.81,19.0
2025-07-27,CP37,Gatineau,LO,LJ,577.24,76.0
2025-07-27,CP37,Gatineau,LO,LP,51.95,5.0
2025-07-27,CP37,Gatineau,LO,MK,16.96,5.0
2025-07-27,CP37,Gatineau,ME,GA,1584.95,5.0
2025-07-27,CP37,Gatineau,ME,LG,179.99,1.0
2025-07-27,CP37,Gatineau,ME,M1,7949.959999999999,4.0
2025-07-27,CP37,Gatineau,ME,M3,4799.88,12.0
2025-07-27,CP37,Gatineau,ME,M4,8512.560000000001,42.0
2025-07-27,CP37,Gatineau,ME,M5,8341.77,9.0
2025-07-27,CP37,Gatineau,ME,MA,869.87,13.0
2025-07-27,CP37,Gatineau,ME,MB,2595.96,4.0
2025-07-27,CP37,Gatineau,ME,MC,129.94,6.0
2025-07-27,CP37,Gatineau,ME,MF,999.99,1.0
2025-07-27,CP37,Gatineau,ME,MO,544.96,4.0
2025-07-27,CP37,Gatineau,ME,MS,599.99,1.0
2025-07-27,CP37,Gatineau,ME,PA,501.36,3.0
2025-07-27,CP37,Gatineau,ME,PS,1869.96,1.0
2025-07-27,CP37,Gatineau,MK,LOV,27.96,10.0
2025-07-27,CP37,Gatineau,MK,MK,9.9,13.0
2025-07-27,CP37,Gatineau,PA,PA,671.9200000000001,8.0
2025-07-27,CP37,Gatineau,PA,PM,444.92999999999995,7.0
2025-07-27,CP37,Gatineau,PA,PMD,179.99,1.0
2025-07-27,CP37,Gatineau,PA,PS,399.99,1.0
2025-07-27,CP37,Gatineau,PA,PSD,1299.98,2.0
2025-07-27,CP37,Gatineau,PC,PIS,34701.57,1496.0
2025-07-27,CP37,Gatineau,PC,SPA,4938.46,254.0
2025-07-27,CP37,Gatineau,PC,TES,35.910000000000004,9.0
2025-07-27,CP37,Gatineau,PI,AP,414.25,77.0
2025-07-27,CP37,Gatineau,PI,API,849.99,1.0
2025-07-27,CP37,Gatineau,PI,PP,2138.26,377.0
2025-07-27,CP37,Gatineau,PI,ZAP,89.97,7.0
2025-07-27,CP37,Gatineau,PI,ZBB,0.0,3.0
2025-07-27,CP37,Gatineau,PI,ZSP,11.98,2.0
2025-07-27,CP37,Gatineau,SP,SP,51746.0,5.0
2025-07-27,CP37,Gatineau,TO,TAC,890.64,8.0
2025-07-27,CP37,Gatineau,TO,TRA,336.0,1.0
2025-07-27,CP44,St-Constant,AP,AP,4217.37,94.0
2025-07-27,CP44,St-Constant,AP,API,12998.43,84.0
2025-07-27,CP44,St-Constant,AP,PP,2413.28,319.0
2025-07-27,CP44,St-Constant,AS,AS,1158.26,133.0
2025-07-27,CP44,St-Constant,AZ,AZF,17.94,6.0
2025-07-27,CP44,St-Constant,BQ,BA,47.98,2.0
2025-07-27,CP44,St-Constant,BQ,BC,55.0,2.0
2025-07-27,CP44,St-Constant,BQ,BLP,299.99,1.0
2025-07-27,CP44,St-Constant,CH,THA,92.97,3.0
2025-07-27,CP44,St-Constant,CH,THE,2049.99,1.0
2025-07-27,CP44,St-Constant,GA,GA,249.99,1.0
2025-07-27,CP44,St-Constant,HT,HRE,2799.0,1.0
2025-07-27,CP44,St-Constant,HT,HTG,169.99,1.0
2025-07-27,CP44,St-Constant,IN,INP,1260.0,1.0
2025-07-27,CP44,St-Constant,IN,INT,279.99,1.0
2025-07-27,CP44,St-Constant,LI,LV,50.0,8.0
2025-07-27,CP44,St-Constant,LO,LE,289.37,14.0
2025-07-27,CP44,St-Constant,LO,LG,795.78,22.0
2025-07-27,CP44,St-Constant,LO,LJ,730.51,49.0
2025-07-27,CP44,St-Constant,LO,LOV,34.98,2.0
2025-07-27,CP44,St-Constant,LO,LP,224.92000000000002,8.0
2025-07-27,CP44,St-Constant,ME,M1,1399.99,1.0
2025-07-27,CP44,St-Constant,ME,M3,899.98,2.0
2025-07-27,CP44,St-Constant,ME,M4,3339.83,17.0
2025-07-27,CP44,St-Constant,ME,M5,2304.96,4.0
2025-07-27,CP44,St-Constant,ME,M7,1549.98,2.0
2025-07-27,CP44,St-Constant,ME,MA,831.8199999999999,18.0
2025-07-27,CP44,St-Constant,ME,MB,1179.97,3.0
2025-07-27,CP44,St-Constant,ME,MC,49.98,2.0
2025-07-27,CP44,St-Constant,ME,MO,0.0,0.0
2025-07-27,CP44,St-Constant,MK,MK,5.0,1.0
2025-07-27,CP44,St-Constant,PA,PA,214.97,3.0
2025-07-27,CP44,St-Constant,PA,PM,249.95999999999998,4.0
2025-07-27,CP44,St-Constant,PC,PIS,12816.23,578.0
2025-07-27,CP44,St-Constant,PC,SPA,1400.41,59.0
2025-07-27,CP44,St-Constant,PC,TES,425.78,22.0
2025-07-27,CP44,St-Constant,PI,ZAP,1219.78,20.0
2025-07-27,CP44,St-Constant,PI,ZGA,9.56,4.0
2025-07-27,CP44,St-Constant,PI,ZHT,659.96,4.0
2025-07-27,CP44,St-Constant,PI,ZSP,335.76,25.0
2025-07-27,CP44,St-Constant,SE,SE,442.46,10.0
2025-07-27,CP44,St-Constant,TO,TAC,150.0,1.0
2025-07-27,CP44,St-Constant,TO,TRA,1230.22,3.0
2025-07-27,CP48,Beloeil,AM,AR,27.99,1.0
2025-07-27,CP48,Beloeil,AP,AP,6853.78,135.0
2025-07-27,CP48,Beloeil,AP,API,21233.03,193.0
2025-07-27,CP48,Beloeil,AP,PP,3599.95,421.0
2025-07-27,CP48,Beloeil,AS,AS,1966.97,311.0
2025-07-27,CP48,Beloeil,AS,ASC,699.99,1.0
2025-07-27,CP48,Beloeil,AZ,AZF,5.98,2.0
2025-07-27,CP48,Beloeil,AZ,AZT,94.99,1.0
2025-07-27,CP48,Beloeil,BQ,BA,485.88,12.0
2025-07-27,CP48,Beloeil,BQ,BC,49.98,2.0
2025-07-27,CP48,Beloeil,BQ,BLP,1449.98,2.0
2025-07-27,CP48,Beloeil,CH,THA,115.96,4.0
2025-07-27,CP48,Beloeil,CH,THE,8199.96,4.0
2025-07-27,CP48,Beloeil,GA,GA,59.99,1.0
2025-07-27,CP48,Beloeil,GA,GAP,3599.99,1.0
2025-07-27,CP48,Beloeil,GA,GRC,4499.99,1.0
2025-07-27,CP48,Beloeil,GA,GRS,5299.98,2.0
2025-07-27,CP48,Beloeil,HT,HRE,14095.0,5.0
2025-07-27,CP48,Beloeil,IN,INP,4415.0,4.0
2025-07-27,CP48,Beloeil,IN,INT,279.99,1.0
2025-07-27,CP48,Beloeil,INM,INMT,165.0,1.0
2025-07-27,CP48,Beloeil,LI,LV,249.97,27.0
2025-07-27,CP48,Beloeil,LO,LE,314.38,15.0
2025-07-27,CP48,Beloeil,LO,LG,788.6,40.0
2025-07-27,CP48,Beloeil,LO,LJ,741.4,63.0
2025-07-27,CP48,Beloeil,LO,LOV,26.979999999999997,10.0
2025-07-27,CP48,Beloeil,LO,LP,164.38,12.0
2025-07-27,CP48,Beloeil,ME,M3,1359.98,2.0
2025-07-27,CP48,Beloeil,ME,M4,8530.58,43.0
2025-07-27,CP48,Beloeil,ME,M5,3949.94,6.0
2025-07-27,CP48,Beloeil,ME,M7,2199.98,2.0
2025-07-27,CP48,Beloeil,ME,MA,2095.76,24.0
2025-07-27,CP48,Beloeil,ME,MB,1199.97,3.0
2025-07-27,CP48,Beloeil,ME,MC,583.79,22.0
2025-07-27,CP48,Beloeil,ME,ML,1879.98,2.0
2025-07-27,CP48,Beloeil,ME,MO,168.98,2.0
2025-07-27,CP48,Beloeil,PA,PA,414.98,2.0
2025-07-27,CP48,Beloeil,PA,PM,69.99,1.0
2025-07-27,CP48,Beloeil,PA,PMD,199.99,1.0
2025-07-27,CP48,Beloeil,PA,PSD,1949.97,3.0
2025-07-27,CP48,Beloeil,PC,PIS,22457.1,915.0
2025-07-27,CP48,Beloeil,PC,SPA,2036.18,82.0
2025-07-27,CP48,Beloeil,PC,TES,887.56,44.0
2025-07-27,CP48,Beloeil,PI,ZAP,578.72,21.0
2025-07-27,CP48,Beloeil,PI,ZHT,179.91,9.0
2025-07-27,CP48,Beloeil,PI,ZSP,121.78,22.0
2025-07-27,CP48,Beloeil,SE,SE,329.94,9.0
2025-07-27,CP48,Beloeil,TO,TAC,299.98,5.0
2025-07-27,CP48,Beloeil,TO,TRA,2274.95,5.0
2025-08-03,CP08,Longueuil,AM,AR,27.99,1.0
2025-08-03,CP08,Longueuil,AP,AP,5939.54,126.0
2025-08-03,CP08,Longueuil,AP,API,22667.4,149.0
2025-08-03,CP08,Longueuil,AP,PP,3436.96,418.0
2025-08-03,CP08,Longueuil,AS,AS,2476.87,342.0
2025-08-03,CP08,Longueuil,AZ,AZF,11.98,2.0
2025-08-03,CP08,Longueuil,BQ,BA,264.42,8.0
2025-08-03,CP08,Longueuil,CC,CC,0.0,1.0
2025-08-03,CP08,Longueuil,CH,THA,53.98,2.0
2025-08-03,CP08,Longueuil,FI,AF,17.52,2.0
2025-08-03,CP08,Longueuil,FI,FTA,2299.99,1.0
2025-08-03,CP08,Longueuil,GA,GRS,3199.98,2.0
2025-08-03,CP08,Longueuil,HT,HAC,1099.0,1.0
2025-08-03,CP08,Longueuil,HT,HRE,7399.0,1.0
2025-08-03,CP08,Longueuil,HT,HTG,169.99,1.0
2025-08-03,CP08,Longueuil,INM,INMP,0.0,1.0
2025-08-03,CP08,Longueuil,LI,LV,1214.8999999999999,19.0
2025-08-03,CP08,Longueuil,LO,LE,194.42000000000002,8.0
2025-08-03,CP08,Longueuil,LO,LG,1099.07,27.0
2025-08-03,CP08,Longueuil,LO,LJ,888.92,108.0
2025-08-03,CP08,Longueuil,LO,LP,238.9,10.0
2025-08-03,CP08,Longueuil,ME,M1,699.99,1.0
2025-08-03,CP08,Longueuil,ME,M3,639.98,2.0
2025-08-03,CP08,Longueuil,ME,M4,11552.37,64.0
2025-08-03,CP08,Longueuil,ME,M5,5221.4,10.0
2025-08-03,CP08,Longueuil,ME,M9,149.99,1.0
2025-08-03,CP08,Longueuil,ME,MA,544.82,38.0
2025-08-03,CP08,Longueuil,ME,MB,799.98,2.0
2025-08-03,CP08,Longueuil,ME,MC,166.95,6.0
2025-08-03,CP08,Longueuil,ME,ME,859.99,1.0
2025-08-03,CP08,Longueuil,ME,ML,599.99,1.0
2025-08-03,CP08,Longueuil,ME,MO,0.0,0.0
2025-08-03,CP08,Longueuil,MK,MK,20.0,4.0
2025-08-03,CP08,Longueuil,PA,MPP,25.99,1.0
2025-08-03,CP08,Longueuil,PA,PA,736.14,8.0
2025-08-03,CP08,Longueuil,PA,PM,1037.94,6.0
2025-08-03,CP08,Longueuil,PA,PMD,379.99,1.0
2025-08-03,CP08,Longueuil,PA,PSD,1299.98,2.0
2025-08-03,CP08,Longueuil,PC,PIS,21893.04,829.0
2025-08-03,CP08,Longueuil,PC,SPA,1901.5,102.0
2025-08-03,CP08,Longueuil,PC,TES,848.76,56.0
2025-08-03,CP08,Longueuil,PI,ZAP,3992.77,64.0
2025-08-03,CP08,Longueuil,PI,ZHT,175.76,24.0
2025-08-03,CP08,Longueuil,PI,ZSP,1480.45,55.0
2025-08-03,CP08,Longueuil,SE,SE,641.97,8.0
2025-08-03,CP08,Longueuil,SP,SP,5499.0,1.0
2025-08-03,CP08,Longueuil,TO,CTO,0.0,1.0
2025-08-03,CP08,Longueuil,TO,TAC,299.98,2.0
2025-08-03,CP08,Longueuil,TO,TRA,794.98,2.0
2025-08-03,CP202,Nepean,AP,AP,5607.87,13.0
2025-08-03,CP202,Nepean,AP,API,8793.43,57.0
2025-08-03,CP202,Nepean,AP,PP,95.32000000000001,18.0
2025-08-03,CP202,Nepean,AP,TES,592.6899999999999,31.0
2025-08-03,CP202,Nepean,AS,AS,1554.78,24.0
2025-08-03,CP202,Nepean,AS,ASC,1499.98,2.0
2025-08-03,CP202,Nepean,AS,SPA,272.87,14.0
2025-08-03,CP202,Nepean,AS,TES,71.96,4.0
2025-08-03,CP202,Nepean,BQ,BCH,899.0,1.0
2025-08-03,CP202,Nepean,CH,THE,1899.99,1.0
2025-08-03,CP202,Nepean,GA,GRB,20298.989999999998,2.0
2025-08-03,CP202,Nepean,GA,GRS,11599.94,6.0
2025-08-03,CP202,Nepean,LO,HTG,109.99,1.0
2025-08-03,CP202,Nepean,LO,LE,50.97,3.0
2025-08-03,CP202,Nepean,LO,LG,223.85,15.0
2025-08-03,CP202,Nepean,LO,LJ,355.63,37.0
2025-08-03,CP202,Nepean,LO,LP,76.94999999999999,5.0
2025-08-03,CP202,Nepean,LO,MK,2.99,1.0
2025-08-03,CP202,Nepean,ME,GA,999.97,3.0
2025-08-03,CP202,Nepean,ME,LG,179.99,1.0
2025-08-03,CP202,Nepean,ME,M1,15019.92,8.0
2025-08-03,CP202,Nepean,ME,M3,1699.96,4.0
2025-08-03,CP202,Nepean,ME,M4,3399.78,26.0
2025-08-03,CP202,Nepean,ME,M5,3469.96,4.0
2025-08-03,CP202,Nepean,ME,M7,2899.98,2.0
2025-08-03,CP202,Nepean,ME,MA,419.98,2.0
2025-08-03,CP202,Nepean,ME,MB,399.99,1.0
2025-08-03,CP202,Nepean,ME,MC,284.84,18.0
2025-08-03,CP202,Nepean,ME,MF,999.99,1.0
2025-08-03,CP202,Nepean,ME,ML,939.99,1.0
2025-08-03,CP202,Nepean,ME,MO,95.99,1.0
2025-08-03,CP202,Nepean,ME,MS,799.99,1.0
2025-08-03,CP202,Nepean,PA,PA,1215.22,8.0
2025-08-03,CP202,Nepean,PA,PM,684.9,10.0
2025-08-03,CP202,Nepean,PA,PSD,3249.95,5.0
2025-08-03,CP202,Nepean,PC,PIS,19166.84,990.0
2025-08-03,CP202,Nepean,PC,SPA,2526.04,146.0
2025-08-03,CP202,Nepean,PI,API,866.98,2.0
2025-08-03,CP202,Nepean,PI,PP,399.46000000000004,54.0
2025-08-03,CP202,Nepean,PI,ZAP,40.98,2.0
2025-08-03,CP202,Nepean,PI,ZGA,104.91999999999999,8.0
2025-08-03,CP202,Nepean,SP,SP,10499.0,1.0
2025-08-03,CP37,Gatineau,AP,AP,7945.860000000001,50.0
2025-08-03,CP37,Gatineau,AP,API,35497.33,309.0
2025-08-03,CP37,Gatineau,AP,AZT,94.99,1.0
2025-08-03,CP37,Gatineau,AP,PP,1941.81,412.0
2025-08-03,CP37,Gatineau,AP,TES,884.14,46.0
2025-08-03,CP37,Gatineau,AP,ZAP,299.98,2.0
2025-08-03,CP37,Gatineau,AS,AS,1350.68,32.0
2025-08-03,CP37,Gatineau,AS,ASC,1499.98,2.0
2025-08-03,CP37,Gatineau,AS,SPA,310.87,13.0
2025-08-03,CP37,Gatineau,AS,TES,179.89999999999998,10.0
2025-08-03,CP37,Gatineau,AZ,AZT,99.99,1.0
2025-08-03,CP37,Gatineau,BQ,BA,206.93,7.0
2025-08-03,CP37,Gatineau,BQ,BC,21.99,1.0
2025-08-03,CP37,Gatineau,BQ,BLP,599.98,2.0
2025-08-03,CP37,Gatineau,CH,THE,2399.99,1.0
2025-08-03,CP37,Gatineau,FI,AF,130.9,2.0
2025-08-03,CP37,Gatineau,GA,GRS,18899.92,8.0
2025-08-03,CP37,Gatineau,HT,HAC,5498.0,2.0
2025-08-03,CP37,Gatineau,HT,HRE,6998.0,2.0
2025-08-03,CP37,Gatineau,HT,HYB,8497.0,3.0
2025-08-03,CP37,Gatineau,LO,AE,109.97,3.0
2025-08-03,CP37,Gatineau,LO,API,8.99,1.0
2025-08-03,CP37,Gatineau,LO,LE,154.91,9.0
2025-08-03,CP37,Gatineau,LO,LG,711.34,16.0
2025-08-03,CP37,Gatineau,LO,LJ,452.32,68.0
2025-08-03,CP37,Gatineau,LO,LP,162.88,12.0
2025-08-03,CP37,Gatineau,LO,MK,2.99,1.0
2025-08-03,CP37,Gatineau,ME,AE,199.98,2.0
2025-08-03,CP37,Gatineau,ME,GA,2434.9300000000003,7.0
2025-08-03,CP37,Gatineau,ME,M1,6699.96,4.0
2025-08-03,CP37,Gatineau,ME,M3,499.99,1.0
2025-08-03,CP37,Gatineau,ME,M4,5479.74,26.0
2025-08-03,CP37,Gatineau,ME,M5,5979.9,10.0
2025-08-03,CP37,Gatineau,ME,M7,0.0,-1.0
2025-08-03,CP37,Gatineau,ME,MA,908.85,15.0
2025-08-03,CP37,Gatineau,ME,MB,119.99,1.0
2025-08-03,CP37,Gatineau,ME,MC,399.25,25.0
2025-08-03,CP37,Gatineau,ME,ME,899.99,1.0
2025-08-03,CP37,Gatineau,ME,MF,3349.96,4.0
2025-08-03,CP37,Gatineau,ME,ML,939.99,1.0
2025-08-03,CP37,Gatineau,ME,MO,366.96000000000004,4.0
2025-08-03,CP37,Gatineau,ME,MS,1099.99,1.0
2025-08-03,CP37,Gatineau,ME,PA,134.36,4.0
2025-08-03,CP37,Gatineau,MK,LOV,0.0,4.0
2025-08-03,CP37,Gatineau,MK,MK,6.93,9.0
2025-08-03,CP37,Gatineau,PA,PA,378.94,6.0
2025-08-03,CP37,Gatineau,PA,PM,569.91,9.0
2025-08-03,CP37,Gatineau,PA,PMD,899.95,5.0
2025-08-03,CP37,Gatineau,PA,PSD,649.99,1.0
2025-08-03,CP37,Gatineau,PC,MA,24.99,1.0
2025-08-03,CP37,Gatineau,PC,PIS,34337.19,1461.0
2025-08-03,CP37,Gatineau,PC,SPA,4675.04,246.0
2025-08-03,CP37,Gatineau,PC,TES,35.910000000000004,9.0
2025-08-03,CP37,Gatineau,PI,AP,514.95,107.0
2025-08-03,CP37,Gatineau,PI,API,2029.97,3.0
2025-08-03,CP37,Gatineau,PI,GA,52.52,1.0
2025-08-03,CP37,Gatineau,PI,PP,1486.98,237.0
2025-08-03,CP37,Gatineau,PI,ZAP,178.9,10.0
2025-08-03,CP37,Gatineau,PI,ZME,175.96,5.0
2025-08-03,CP37,Gatineau,TO,TAC,0.0,7.0
2025-08-03,CP37,Gatineau,TO,TRA,2155.94,6.0
2025-08-03,CP44,St-Constant,AM,AR,72.98,2.0
2025-08-03,CP44,St-Constant,AM,FB,199.99,1.0
2025-08-03,CP44,St-Constant,AP,AP,5890.73,127.0
2025-08-03,CP44,St-Constant,AP,API,13966.64,107.0
2025-08-03,CP44,St-Constant,AP,PP,2155.09,272.0
2025-08-03,CP44,St-Constant,AS,AS,1317.94,234.0
2025-08-03,CP44,St-Constant,AZ,AZF,11.96,4.0
2025-08-03,CP44,St-Constant,AZ,AZT,299.96999999999997,3.0
2025-08-03,CP44,St-Constant,BQ,BA,78.98,3.0
2025-08-03,CP44,St-Constant,BQ,BLP,1299.97,3.0
2025-08-03,CP44,St-Constant,CH,THA,80.97,3.0
2025-08-03,CP44,St-Constant,CH,THE,6749.96,4.0
2025-08-03,CP44,St-Constant,FI,AF,81.98,2.0
2025-08-03,CP44,St-Constant,GA,GA,608.81,1.0
2025-08-03,CP44,St-Constant,GA,GRS,2399.99,1.0
2025-08-03,CP44,St-Constant,HT,HRE,2499.0,1.0
2025-08-03,CP44,St-Constant,HT,HYB,1599.0,1.0
2025-08-03,CP44,St-Constant,IN,INP,2305.0,3.0
2025-08-03,CP44,St-Constant,IN,INT,279.99,1.0
2025-08-03,CP44,St-Constant,INM,INMP,165.0,1.0
2025-08-03,CP44,St-Constant,INM,INMT,165.0,1.0
2025-08-03,CP44,St-Constant,LI,LV,709.96,18.0
2025-08-03,CP44,St-Constant,LO,LE,231.28,13.0
2025-08-03,CP44,St-Constant,LO,LG,794.79,21.0
2025-08-03,CP44,St-Constant,LO,LJ,443.68,32.0
2025-08-03,CP44,St-Constant,LO,LOV,12.99,3.0
2025-08-03,CP44,St-Constant,LO,LP,128.29,2.0
2025-08-03,CP44,St-Constant,ME,M3,1139.98,2.0
2025-08-03,CP44,St-Constant,ME,M4,499.99,2.0
2025-08-03,CP44,St-Constant,ME,M5,1849.98,3.0
2025-08-03,CP44,St-Constant,ME,MA,1039.93,10.0
2025-08-03,CP44,St-Constant,ME,MB,2969.73,3.0
2025-08-03,CP44,St-Constant,ME,MO,339.97,3.0
2025-08-03,CP44,St-Constant,ME,MS,1099.99,1.0
2025-08-03,CP44,St-Constant,MK,MK,10.0,2.0
2025-08-03,CP44,St-Constant,PA,PA,200.09,1.0
2025-08-03,CP44,St-Constant,PA,PM,69.99,1.0
2025-08-03,CP44,St-Constant,PC,PIS,12181.65,536.0
2025-08-03,CP44,St-Constant,PC,SPA,1345.33,71.0
2025-08-03,CP44,St-Constant,PC,TES,427.75,25.0
2025-08-03,CP44,St-Constant,PI,ZAP,912.09,20.0
2025-08-03,CP44,St-Constant,PI,ZHT,90.94999999999999,5.0
2025-08-03,CP44,St-Constant,PI,ZSP,50.86,14.0
2025-08-03,CP44,St-Constant,SP,SP,15999.0,1.0
2025-08-03,CP44,St-Constant,TO,TAC,299.99,3.0
2025-08-03,CP44,St-Constant,TO,TRA,397.49,1.0
2025-08-03,CP48,Beloeil,AP,AP,8661.4,109.0
2025-08-03,CP48,Beloeil,AP,API,20150.45,136.0
2025-08-03,CP48,Beloeil,AP,PP,2470.37,257.0
2025-08-03,CP48,Beloeil,AS,AS,2917.58,486.0
2025-08-03,CP48,Beloeil,AS,ASC,645.99,1.0
2025-08-03,CP48,Beloeil,AZ,AZF,2.99,1.0
2025-08-03,CP48,Beloeil,BQ,BA,193.1,11.0
2025-08-03,CP48,Beloeil,BQ,BLP,2177.99,3.0
2025-08-03,CP48,Beloeil,CH,THA,188.96,4.0
2025-08-03,CP48,Beloeil,CH,THE,12549.949999999999,5.0
2025-08-03,CP48,Beloeil,FI,AF,108.97,3.0
2025-08-03,CP48,Beloeil,GA,GAP,7199.98,2.0
2025-08-03,CP48,Beloeil,HT,HRE,1649.0,1.0
2025-08-03,CP48,Beloeil,IN,INM,819.99,1.0
2025-08-03,CP48,Beloeil,IN,INP,1050.0,1.0
2025-08-03,CP48,Beloeil,IN,INT,459.98,2.0
2025-08-03,CP48,Beloeil,LI,LV,249.94,18.0
2025-08-03,CP48,Beloeil,LO,LE,557.3,21.0
2025-08-03,CP48,Beloeil,LO,LG,552.72,30.0
2025-08-03,CP48,Beloeil,LO,LJ,745.43,57.0
2025-08-03,CP48,Beloeil,LO,LOV,32.47,9.0
2025-08-03,CP48,Beloeil,LO,LP,438.8,20.0
2025-08-03,CP48,Beloeil,ME,M3,999.98,2.0
2025-08-03,CP48,Beloeil,ME,M4,5651.7300000000005,29.0
2025-08-03,CP48,Beloeil,ME,M5,4839.9,10.0
2025-08-03,CP48,Beloeil,ME,M7,1299.99,1.0
2025-08-03,CP48,Beloeil,ME,MA,1533.77,19.0
2025-08-03,CP48,Beloeil,ME,MB,1999.99,1.0
2025-08-03,CP48,Beloeil,ME,MC,249.84,16.0
2025-08-03,CP48,Beloeil,ME,ML,2199.98,2.0
2025-08-03,CP48,Beloeil,ME,MO,149.97,3.0
2025-08-03,CP48,Beloeil,PA,PA,503.92,3.0
2025-08-03,CP48,Beloeil,PA,PM,944.93,7.0
2025-08-03,CP48,Beloeil,PA,PS,149.99,1.0
2025-08-03,CP48,Beloeil,PC,PIS,25780.12,989.0
2025-08-03,CP48,Beloeil,PC,SPA,1793.13,87.0
2025-08-03,CP48,Beloeil,PC,TES,1019.52,48.0
2025-08-03,CP48,Beloeil,PI,ZAP,1363.26,29.0
2025-08-03,CP48,Beloeil,PI,ZGA,29.7,30.0
2025-08-03,CP48,Beloeil,PI,ZHT,119.94,6.0
2025-08-03,CP48,Beloeil,PI,ZSP,16.880000000000006,12.0
2025-08-03,CP48,Beloeil,SE,SE,469.96000000000004,4.0
2025-08-03,CP48,Beloeil,SP,SP,5499.0,1.0
2025-08-03,CP48,Beloeil,TO,CTO,0.0,1.0
2025-08-03,CP48,Beloeil,TO,TAC,150.0,1.0
2025-08-03,CP48,Beloeil,TO,TRA,444.99,1.0
2025-08-10,CP08,Longueuil,AP,AP,8759.6,114.0
2025-08-10,CP08,Longueuil,AP,API,19010.13,120.0
2025-08-10,CP08,Longueuil,AP,PP,4433.11,799.0
2025-08-10,CP08,Longueuil,AS,AS,1117.77,103.0
2025-08-10,CP08,Longueuil,AS,ASC,759.99,1.0
2025-08-10,CP08,Longueuil,AS,ZSP,113.97,3.0
2025-08-10,CP08,Longueuil,AZ,AZF,14.96,4.0
2025-08-10,CP08,Longueuil,BQ,BA,162.95,7.0
2025-08-10,CP08,Longueuil,BQ,BCH,349.99,1.0
2025-08-10,CP08,Longueuil,BQ,BLP,2299.99,1.0
2025-08-10,CP08,Longueuil,CC,CC,0.0,4.0
2025-08-10,CP08,Longueuil,CH,THA,53.98,2.0
2025-08-10,CP08,Longueuil,CH,THE,11659.96,4.0
2025-08-10,CP08,Longueuil,FI,AF,301.29,10.0
2025-08-10,CP08,Longueuil,FI,FBA,299.99,1.0
2025-08-10,CP08,Longueuil,FI,FMA,2399.99,1.0
2025-08-10,CP08,Longueuil,GA,GA,509.98,2.0
2025-08-10,CP08,Longueuil,GA,GAP,3599.99,1.0
2025-08-10,CP08,Longueuil,GA,GRS,5699.98,2.0
2025-08-10,CP08,Longueuil,GA,ZGA,279.99,1.0
2025-08-10,CP08,Longueuil,HT,HRE,5199.0,1.0
2025-08-10,CP08,Longueuil,HT,HYB,1799.0,1.0
2025-08-10,CP08,Longueuil,IN,INM,819.99,1.0
2025-08-10,CP08,Longueuil,IN,INT,559.98,2.0
2025-08-10,CP08,Longueuil,INM,INMM,1389.98,2.0
2025-08-10,CP08,Longueuil,LI,LV,429.96000000000004,20.0
2025-08-10,CP08,Longueuil,LO,LE,60.96,4.0
2025-08-10,CP08,Longueuil,LO,LG,239.74,16.0
2025-08-10,CP08,Longueuil,LO,LJ,289.90999999999997,35.0
2025-08-10,CP08,Longueuil,LO,LOV,48.97,5.0
2025-08-10,CP08,Longueuil,LO,LP,12.09,1.0
2025-08-10,CP08,Longueuil,ME,M1,1399.99,1.0
2025-08-10,CP08,Longueuil,ME,M3,1499.97,3.0
2025-08-10,CP08,Longueuil,ME,M4,2535.49,19.0
2025-08-10,CP08,Longueuil,ME,M5,360.98,2.0
2025-08-10,CP08,Longueuil,ME,MA,352.4,10.0
2025-08-10,CP08,Longueuil,ME,MB,5341.84,6.0
2025-08-10,CP08,Longueuil,ME,MC,675.8499999999999,15.0
2025-08-10,CP08,Longueuil,ME,MO,233.98000000000002,2.0
2025-08-10,CP08,Longueuil,PA,PA,619.97,3.0
2025-08-10,CP08,Longueuil,PA,PM,719.99,1.0
2025-08-10,CP08,Longueuil,PA,PMD,179.99,1.0
2025-08-10,CP08,Longueuil,PA,PS,1899.99,1.0
2025-08-10,CP08,Longueuil,PC,PIS,16689.17,732.0
2025-08-10,CP08,Longueuil,PC,SPA,1216.4,60.0
2025-08-10,CP08,Longueuil,PC,TES,442.75,25.0
2025-08-10,CP08,Longueuil,PI,ZAP,2353.81,51.0
2025-08-10,CP08,Longueuil,PI,ZHT,3419.8799999999997,12.0
2025-08-10,CP08,Longueuil,PI,ZME,109.31,10.0
2025-08-10,CP08,Longueuil,PI,ZSP,1736.57,43.0
2025-08-10,CP08,Longueuil,PI,ZTH,62.99,1.0
2025-08-10,CP08,Longueuil,SE,SE,2239.93,20.0
2025-08-10,CP08,Longueuil,TO,TAC,299.98,3.0
2025-08-10,CP08,Longueuil,TO,TRA,337.49,1.0
2025-08-10,CP202,Nepean,AP,AP,3513.9,10.0
2025-08-10,CP202,Nepean,AP,API,9638.39,61.0
2025-08-10,CP202,Nepean,AP,PP,403.76,74.0
2025-08-10,CP202,Nepean,AP,TES,395.79999999999995,21.0
2025-08-10,CP202,Nepean,AP,ZAP,149.99,1.0
2025-08-10,CP202,Nepean,AS,AS,1165.71,31.0
2025-08-10,CP202,Nepean,AS,ASC,699.99,1.0
2025-08-10,CP202,Nepean,AS,SPA,437.78999999999996,21.0
2025-08-10,CP202,Nepean,AS,TES,71.96,4.0
2025-08-10,CP202,Nepean,GA,GRC,4499.99,1.0
2025-08-10,CP202,Nepean,GA,GRS,4599.97,3.0
2025-08-10,CP202,Nepean,LO,HTG,109.99,1.0
2025-08-10,CP202,Nepean,LO,LE,39.99,1.0
2025-08-10,CP202,Nepean,LO,LG,233.88,13.0
2025-08-10,CP202,Nepean,LO,LJ,181.74,26.0
2025-08-10,CP202,Nepean,LO,LP,128.94,6.0
2025-08-10,CP202,Nepean,LO,MK,5.98,2.0
2025-08-10,CP202,Nepean,ME,GA,809.98,2.0
2025-08-10,CP202,Nepean,ME,M1,6099.96,4.0
2025-08-10,CP202,Nepean,ME,M3,449.99,1.0
2025-08-10,CP202,Nepean,ME,M4,1399.94,6.0
2025-08-10,CP202,Nepean,ME,M5,2669.93,7.0
2025-08-10,CP202,Nepean,ME,M7,2399.98,2.0
2025-08-10,CP202,Nepean,ME,MA,391.96,5.0
2025-08-10,CP202,Nepean,ME,MB,399.99,1.0
2025-08-10,CP202,Nepean,ME,MC,169.9,10.0
2025-08-10,CP202,Nepean,ME,ML,3439.96,4.0
2025-08-10,CP202,Nepean,ME,MO,247.98000000000002,2.0
2025-08-10,CP202,Nepean,PA,PA,149.98,2.0
2025-08-10,CP202,Nepean,PA,PM,264.96,4.0
2025-08-10,CP202,Nepean,PA,PS,399.99,1.0
2025-08-10,CP202,Nepean,PC,MA,24.99,1.0
2025-08-10,CP202,Nepean,PC,PIS,15139.49,765.0
2025-08-10,CP202,Nepean,PC,SPA,2087.32,129.0
2025-08-10,CP202,Nepean,PI,API,849.99,1.0
2025-08-10,CP202,Nepean,PI,PP,669.24,76.0
2025-08-10,CP202,Nepean,PI,TES,0.0,3.0
2025-08-10,CP202,Nepean,PI,ZAP,29.99,1.0
2025-08-10,CP202,Nepean,PI,ZGA,0.0,1.0
2025-08-10,CP202,Nepean,SP,SP,7749.0,1.0
2025-08-10,CP37,Gatineau,AP,AP,4696.65,39.0
2025-08-10,CP37,Gatineau,AP,API,19342.39,182.0
2025-08-10,CP37,Gatineau,AP,PP,2877.6,566.0
2025-08-10,CP37,Gatineau,AP,TES,898.5699999999999,43.0
2025-08-10,CP37,Gatineau,AP,ZAP,174.98000000000002,2.0
2025-08-10,CP37,Gatineau,AS,AS,2742.61,40.0
2025-08-10,CP37,Gatineau,AS,SPA,478.78999999999996,21.0
2025-08-10,CP37,Gatineau,AS,TES,215.88,12.0
2025-08-10,CP37,Gatineau,BQ,BA,9.99,1.0
2025-08-10,CP37,Gatineau,BQ,BC,71.97,3.0
2025-08-10,CP37,Gatineau,BQ,BLP,849.98,2.0
2025-08-10,CP37,Gatineau,CH,THE,10147.98,4.0
2025-08-10,CP37,Gatineau,GA,GA,7066.99,4.0
2025-08-10,CP37,Gatineau,GA,GAP,1699.99,1.0
2025-08-10,CP37,Gatineau,GA,GRB,25904.0,2.0
2025-08-10,CP37,Gatineau,GA,GRS,6099.969999999999,3.0
2025-08-10,CP37,Gatineau,HT,HRE,23094.0,6.0
2025-08-10,CP37,Gatineau,HT,HYB,5698.0,2.0
2025-08-10,CP37,Gatineau,LO,AP,49.99,1.0
2025-08-10,CP37,Gatineau,LO,LE,169.94,6.0
2025-08-10,CP37,Gatineau,LO,LG,686.22,28.0
2025-08-10,CP37,Gatineau,LO,LJ,213.73,27.0
2025-08-10,CP37,Gatineau,LO,LP,190.85999999999999,14.0
2025-08-10,CP37,Gatineau,ME,AE,99.99,1.0
2025-08-10,CP37,Gatineau,ME,GA,499.98,2.0
2025-08-10,CP37,Gatineau,ME,LG,179.99,1.0
2025-08-10,CP37,Gatineau,ME,M1,7249.96,4.0
2025-08-10,CP37,Gatineau,ME,M3,1729.95,5.0
2025-08-10,CP37,Gatineau,ME,M4,13621.380000000001,64.0
2025-08-10,CP37,Gatineau,ME,M5,6524.87,13.0
2025-08-10,CP37,Gatineau,ME,M7,699.99,1.0
2025-08-10,CP37,Gatineau,ME,MA,1199.06,14.0
2025-08-10,CP37,Gatineau,ME,MB,5588.089999999999,5.0
2025-08-10,CP37,Gatineau,ME,MC,307.26,18.0
2025-08-10,CP37,Gatineau,ME,ME,649.99,1.0
2025-08-10,CP37,Gatineau,ME,MF,2099.98,2.0
2025-08-10,CP37,Gatineau,ME,ML,1559.98,2.0
2025-08-10,CP37,Gatineau,ME,MO,143.99,1.0
2025-08-10,CP37,Gatineau,ME,PA,105.36,4.0
2025-08-10,CP37,Gatineau,MK,LOV,13.98,2.0
2025-08-10,CP37,Gatineau,MK,MK,4.95,5.0
2025-08-10,CP37,Gatineau,PA,PA,328.94,6.0
2025-08-10,CP37,Gatineau,PA,PM,675.67,11.0
2025-08-10,CP37,Gatineau,PA,PMD,359.98,2.0
2025-08-10,CP37,Gatineau,PA,PS,799.98,2.0
2025-08-10,CP37,Gatineau,PC,PIS,29669.36,1244.0
2025-08-10,CP37,Gatineau,PC,SPA,5402.93,257.0
2025-08-10,CP37,Gatineau,PC,TES,23.94,6.0
2025-08-10,CP37,Gatineau,PI,AP,255.68,32.0
2025-08-10,CP37,Gatineau,PI,API,849.99,1.0
2025-08-10,CP37,Gatineau,PI,PP,801.72,131.0
2025-08-10,CP37,Gatineau,PI,ZAP,59.99,1.0
2025-08-10,CP37,Gatineau,PI,ZME,31.979999999999997,2.0
2025-08-10,CP37,Gatineau,PI,ZSP,47.97,3.0
2025-08-10,CP37,Gatineau,SP,SP,20997.0,3.0
2025-08-10,CP37,Gatineau,TO,TAC,0.0,7.0
2025-08-10,CP37,Gatineau,TO,TRA,797.98,2.0
2025-08-10,CP44,St-Constant,AM,AR,27.99,1.0
2025-08-10,CP44,St-Constant,AP,AP,4039.2200000000003,58.0
2025-08-10,CP44,St-Constant,AP,API,7864.51,81.0
2025-08-10,CP44,St-Constant,AP,PP,1663.6,161.0
2025-08-10,CP44,St-Constant,AS,AS,1499.41,178.0
2025-08-10,CP44,St-Constant,AZ,AZF,19.97,3.0
2025-08-10,CP44,St-Constant,AZ,AZT,96.99,1.0
2025-08-10,CP44,St-Constant,BQ,BA,815.9,10.0
2025-08-10,CP44,St-Constant,BQ,BC,24.99,1.0
2025-08-10,CP44,St-Constant,BQ,BLP,2569.9799999999996,2.0
2025-08-10,CP44,St-Constant,CH,THE,9249.949999999999,5.0
2025-08-10,CP44,St-Constant,FI,AF,83.3,1.0
2025-08-10,CP44,St-Constant,GA,GA,399.99,1.0
2025-08-10,CP44,St-Constant,GA,GRS,5449.969999999999,3.0
2025-08-10,CP44,St-Constant,HT,HRE,2199.0,1.0
2025-08-10,CP44,St-Constant,IN,INM,1799.99,1.0
2025-08-10,CP44,St-Constant,IN,INP,1105.0,1.0
2025-08-10,CP44,St-Constant,IN,INT,459.99,2.0
2025-08-10,CP44,St-Constant,INM,INMT,165.0,1.0
2025-08-10,CP44,St-Constant,LI,LV,739.9399999999999,20.0
2025-08-10,CP44,St-Constant,LO,LE,504.41,22.0
2025-08-10,CP44,St-Constant,LO,LG,669.62,21.0
2025-08-10,CP44,St-Constant,LO,LJ,682.23,42.0
2025-08-10,CP44,St-Constant,LO,LOV,30.97,3.0
2025-08-10,CP44,St-Constant,LO,LP,210.2,11.0
2025-08-10,CP44,St-Constant,ME,M1,1899.99,1.0
2025-08-10,CP44,St-Constant,ME,M7,999.99,1.0
2025-08-10,CP44,St-Constant,ME,MA,951.9,10.0
2025-08-10,CP44,St-Constant,ME,MC,237.71999999999997,6.0
2025-08-10,CP44,St-Constant,ME,MO,29.99,1.0
2025-08-10,CP44,St-Constant,PA,PA,364.96,4.0
2025-08-10,CP44,St-Constant,PA,PM,234.96,4.0
2025-08-10,CP44,St-Constant,PA,PMD,199.99,1.0
2025-08-10,CP44,St-Constant,PC,PIS,16121.0,604.0
2025-08-10,CP44,St-Constant,PC,SPA,1365.33,67.0
2025-08-10,CP44,St-Constant,PC,TES,433.76,24.0
2025-08-10,CP44,St-Constant,PI,ZAP,1039.21,28.0
2025-08-10,CP44,St-Constant,PI,ZHT,79.96,4.0
2025-08-10,CP44,St-Constant,PI,ZSP,63.839999999999996,17.0
2025-08-10,CP44,St-Constant,SE,SE,0.0,2.0
2025-08-10,CP44,St-Constant,SP,SP,5499.0,1.0
2025-08-10,CP44,St-Constant,TO,TAC,149.99,1.0
2025-08-10,CP44,St-Constant,TO,TRA,397.49,1.0
2025-08-10,CP48,Beloeil,AM,FB,399.98,2.0
2025-08-10,CP48,Beloeil,AP,AP,4530.83,122.0
2025-08-10,CP48,Beloeil,AP,API,12725.36,106.0
2025-08-10,CP48,Beloeil,AP,PP,2203.7,268.0
2025-08-10,CP48,Beloeil,AS,AS,1733.71,163.0
2025-08-10,CP48,Beloeil,AZ,AZF,0.0,0.0
2025-08-10,CP48,Beloeil,AZ,AZT,412.96,4.0
2025-08-10,CP48,Beloeil,BQ,BA,758.87,12.0
2025-08-10,CP48,Beloeil,BQ,BC,172.0,5.0
2025-08-10,CP48,Beloeil,BQ,BLP,1798.99,2.0
2025-08-10,CP48,Beloeil,CH,THA,53.98,2.0
2025-08-10,CP48,Beloeil,CH,THE,1599.99,1.0
2025-08-10,CP48,Beloeil,FI,AF,79.99,1.0
2025-08-10,CP48,Beloeil,FI,FEE,1099.99,1.0
2025-08-10,CP48,Beloeil,FI,FVE,899.99,1.0
2025-08-10,CP48,Beloeil,GA,GA,1119.96,4.0
2025-08-10,CP48,Beloeil,GA,GRS,499.99,1.0
2025-08-10,CP48,Beloeil,HT,HRE,6298.0,2.0
2025-08-10,CP48,Beloeil,HT,HTG,129.99,1.0
2025-08-10,CP48,Beloeil,IN,INM,1349.99,1.0
2025-08-10,CP48,Beloeil,IN,INP,1315.0,1.0
2025-08-10,CP48,Beloeil,IN,INT,279.99,1.0
2025-08-10,CP48,Beloeil,LI,LV,1309.9,24.0
2025-08-10,CP48,Beloeil,LO,LE,274.43,12.0
2025-08-10,CP48,Beloeil,LO,LG,703.99,27.0
2025-08-10,CP48,Beloeil,LO,LJ,660.4499999999999,60.0
2025-08-10,CP48,Beloeil,LO,LOV,4.49,6.0
2025-08-10,CP48,Beloeil,LO,LP,275.9,10.0
2025-08-10,CP48,Beloeil,ME,M1,5099.969999999999,3.0
2025-08-10,CP48,Beloeil,ME,M3,1819.94,6.0
2025-08-10,CP48,Beloeil,ME,M4,3234.6800000000003,20.0
2025-08-10,CP48,Beloeil,ME,M5,4147.93,7.0
2025-08-10,CP48,Beloeil,ME,M7,1699.99,1.0
2025-08-10,CP48,Beloeil,ME,MA,798.58,33.0
2025-08-10,CP48,Beloeil,ME,MB,1599.99,1.0
2025-08-10,CP48,Beloeil,ME,MC,383.10999999999996,15.0
2025-08-10,CP48,Beloeil,ME,ME,2149.96,4.0
2025-08-10,CP48,Beloeil,ME,MF,999.99,1.0
2025-08-10,CP48,Beloeil,ME,ML,1999.98,2.0
2025-08-10,CP48,Beloeil,ME,MO,49.99,1.0
2025-08-10,CP48,Beloeil,PA,PA,744.96,4.0
2025-08-10,CP48,Beloeil,PA,PM,429.97,3.0
2025-08-10,CP48,Beloeil,PA,PMD,359.98,2.0
2025-08-10,CP48,Beloeil,PA,PSD,3319.95,5.0
2025-08-10,CP48,Beloeil,PC,PIS,22129.97,910.0
2025-08-10,CP48,Beloeil,PC,SPA,1618.79,71.0
2025-08-10,CP48,Beloeil,PC,TES,826.5899999999999,41.0
2025-08-10,CP48,Beloeil,PI,ZAP,851.44,25.0
2025-08-10,CP48,Beloeil,PI,ZHT,39.98,2.0
2025-08-10,CP48,Beloeil,PI,ZSP,416.77,23.0
2025-08-10,CP48,Beloeil,SA,SAU,9999.99,1.0
2025-08-10,CP48,Beloeil,SE,SE,419.98,5.0
2025-08-10,CP48,Beloeil,SP,SP,20998.0,2.0
2025-08-10,CP48,Beloeil,TO,TAC,0.0,2.0
2025-08-10,CP48,Beloeil,TO,TRA,1655.47,3.0
2025-08-17,CP08,Longueuil,AM,AE,244.95999999999998,4.0
2025-08-17,CP08,Longueuil,AM,AR,27.99,1.0
2025-08-17,CP08,Longueuil,AM,FB,199.99,1.0
2025-08-17,CP08,Longueuil,AP,AP,7696.900000000001,100.0
2025-08-17,CP08,Longueuil,AP,API,17424.58,136.0
2025-08-17,CP08,Longueuil,AP,PP,1613.19,182.5
2025-08-17,CP08,Longueuil,AS,AS,1959.26,195.0
2025-08-17,CP08,Longueuil,AS,ASC,739.99,1.0
2025-08-17,CP08,Longueuil,AZ,AZF,3.0,0.0
2025-08-17,CP08,Longueuil,BQ,BA,468.61,9.0
2025-08-17,CP08,Longueuil,BQ,BLP,4249.969999999999,3.0
2025-08-17,CP08,Longueuil,CH,THA,93.97,3.0
2025-08-17,CP08,Longueuil,CH,THE,11143.98,4.0
2025-08-17,CP08,Longueuil,FI,AF,79.97,3.0
2025-08-17,CP08,Longueuil,FI,FEE,1099.99,1.0
2025-08-17,CP08,Longueuil,GA,GA,219.99,1.0
2025-08-17,CP08,Longueuil,HT,HRE,3299.0,1.0
2025-08-17,CP08,Longueuil,IN,INO,1915.0,1.0
2025-08-17,CP08,Longueuil,IN,INT,279.99,1.0
2025-08-17,CP08,Longueuil,INM,INMP,65.0,1.0
2025-08-17,CP08,Longueuil,INM,INMT,165.0,1.0
2025-08-17,CP08,Longueuil,LI,LV,869.94,16.0
2025-08-17,CP08,Longueuil,LO,LE,130.45,6.0
2025-08-17,CP08,Longueuil,LO,LG,772.35,31.0
2025-08-17,CP08,Longueuil,LO,LJ,710.56,63.0
2025-08-17,CP08,Longueuil,LO,LOV,19.99,7.0
2025-08-17,CP08,Longueuil,LO,LP,76.96,4.0
2025-08-17,CP08,Longueuil,ME,M1,3399.98,2.0
2025-08-17,CP08,Longueuil,ME,M3,2119.95,6.0
2025-08-17,CP08,Longueuil,ME,M4,6379.56,44.0
2025-08-17,CP08,Longueuil,ME,M5,5567.47,8.0
2025-08-17,CP08,Longueuil,ME,MA,2652.44,53.0
2025-08-17,CP08,Longueuil,ME,MB,399.99,1.0
2025-08-17,CP08,Longueuil,ME,MC,722.8100000000001,19.0
2025-08-17,CP08,Longueuil,ME,MF,799.99,1.0
2025-08-17,CP08,Longueuil,ME,MS,1599.98,2.0
2025-08-17,CP08,Longueuil,MK,MK,10.0,3.0
2025-08-17,CP08,Longueuil,PA,PA,228.96999999999997,3.0
2025-08-17,CP08,Longueuil,PA,PM,649.91,9.0
2025-08-17,CP08,Longueuil,PA,PS,299.98,2.0
2025-08-17,CP08,Longueuil,PC,PIS,20155.25,754.0
2025-08-17,CP08,Longueuil,PC,SPA,1236.74,76.0
2025-08-17,CP08,Longueuil,PC,TES,456.71,29.0
2025-08-17,CP08,Longueuil,PI,ZAP,1305.78,33.0
2025-08-17,CP08,Longueuil,PI,ZGA,69.99,1.0
2025-08-17,CP08,Longueuil,PI,ZHT,139.93,8.0
2025-08-17,CP08,Longueuil,PI,ZSP,388.66,34.0
2025-08-17,CP08,Longueuil,SE,SE,489.98,4.0
2025-08-17,CP08,Longueuil,SP,SP,20999.0,1.0
2025-08-17,CP08,Longueuil,TO,TAC,1629.1200000000001,4.0
2025-08-17,CP08,Longueuil,TO,TRA,794.98,2.0
2025-08-17,CP202,Nepean,AP,AP,412.87,13.0
2025-08-17,CP202,Nepean,AP,API,6502.99,31.0
2025-08-17,CP202,Nepean,AP,PP,251.65,35.0
2025-08-17,CP202,Nepean,AP,TES,369.82,19.0
2025-08-17,CP202,Nepean,AP,ZAP,149.99,1.0
2025-08-17,CP202,Nepean,AS,AS,1769.63,39.0
2025-08-17,CP202,Nepean,AS,ASC,1499.98,3.0
2025-08-17,CP202,Nepean,AS,SPA,209.89999999999998,10.0
2025-08-17,CP202,Nepean,AS,TES,93.94999999999999,5.0
2025-08-17,CP202,Nepean,BQ,BCH,2329.99,1.0
2025-08-17,CP202,Nepean,BQ,BLP,299.99,1.0
2025-08-17,CP202,Nepean,CH,THE,2899.99,1.0
2025-08-17,CP202,Nepean,GA,GRS,9499.95,5.0
2025-08-17,CP202,Nepean,LO,LE,14.99,1.0
2025-08-17,CP202,Nepean,LO,LG,201.13,12.0
2025-08-17,CP202,Nepean,LO,LJ,192.89999999999998,10.0
2025-08-17,CP202,Nepean,LO,LP,86.96,4.0
2025-08-17,CP202,Nepean,ME,GA,2069.92,8.0
2025-08-17,CP202,Nepean,ME,M1,7899.96,4.0
2025-08-17,CP202,Nepean,ME,M3,399.99,1.0
2025-08-17,CP202,Nepean,ME,M4,2699.8,20.0
2025-08-17,CP202,Nepean,ME,M5,3694.94,6.0
2025-08-17,CP202,Nepean,ME,M7,1199.99,1.0
2025-08-17,CP202,Nepean,ME,MA,1019.95,5.0
2025-08-17,CP202,Nepean,ME,MB,929.99,1.0
2025-08-17,CP202,Nepean,ME,MC,271.85,15.0
2025-08-17,CP202,Nepean,ME,MO,220.98,2.0
2025-08-17,CP202,Nepean,PA,PA,1995.5,9.0
2025-08-17,CP202,Nepean,PA,PM,349.95,5.0
2025-08-17,CP202,Nepean,PA,PS,399.99,1.0
2025-08-17,CP202,Nepean,PA,PSD,4549.84,7.0
2025-08-17,CP202,Nepean,PC,MA,0.0,0.0
2025-08-17,CP202,Nepean,PC,PIS,15646.27,774.0
2025-08-17,CP202,Nepean,PC,SPA,2102.93,110.0
2025-08-17,CP202,Nepean,PC,TES,3.99,1.0
2025-08-17,CP202,Nepean,PI,AP,106.92999999999999,7.0
2025-08-17,CP202,Nepean,PI,MA,13.99,1.0
2025-08-17,CP202,Nepean,PI,PP,390.44,56.0
2025-08-17,CP202,Nepean,PI,ZAP,59.98,2.0
2025-08-17,CP202,Nepean,PI,ZME,1.99,1.0
2025-08-17,CP202,Nepean,PI,ZSP,174.96,4.0
2025-08-17,CP202,Nepean,SP,SP,18289.0,1.0
2025-08-17,CP37,Gatineau,AM,FB,399.99,1.0
2025-08-17,CP37,Gatineau,AP,AP,3306.7400000000002,27.0
2025-08-17,CP37,Gatineau,AP,API,14940.09,101.0
2025-08-17,CP37,Gatineau,AP,PP,1675.58,306.0
2025-08-17,CP37,Gatineau,AP,TES,905.52,48.0
2025-08-17,CP37,Gatineau,AP,ZAP,149.94,6.0
2025-08-17,CP37,Gatineau,AS,AS,1486.77,42.0
2025-08-17,CP37,Gatineau,AS,ASC,1459.98,4.0
2025-08-17,CP37,Gatineau,AS,SPA,169.90999999999997,9.0
2025-08-17,CP37,Gatineau,AS,TES,53.97,3.0
2025-08-17,CP37,Gatineau,BQ,BA,234.95,5.0
2025-08-17,CP37,Gatineau,BQ,BC,21.99,1.0
2025-08-17,CP37,Gatineau,BQ,BLP,1499.99,1.0
2025-08-17,CP37,Gatineau,FI,AF,9.99,1.0
2025-08-17,CP37,Gatineau,FI,FBA,299.99,1.0
2025-08-17,CP37,Gatineau,GA,GRS,2094.26,2.0
2025-08-17,CP37,Gatineau,HT,HAC,748.25,1.0
2025-08-17,CP37,Gatineau,HT,HRE,4506.08,2.0
2025-08-17,CP37,Gatineau,LO,API,8.99,1.0
2025-08-17,CP37,Gatineau,LO,LE,421.83000000000004,17.0
2025-08-17,CP37,Gatineau,LO,LG,894.37,38.0
2025-08-17,CP37,Gatineau,LO,LJ,378.53999999999996,46.0
2025-08-17,CP37,Gatineau,LO,LP,256.82,18.0
2025-08-17,CP37,Gatineau,LO,MK,14.950000000000001,5.0
2025-08-17,CP37,Gatineau,ME,GA,349.99,1.0
2025-08-17,CP37,Gatineau,ME,M1,4549.98,2.0
2025-08-17,CP37,Gatineau,ME,M3,799.98,2.0
2025-08-17,CP37,Gatineau,ME,M4,8159.58,42.0
2025-08-17,CP37,Gatineau,ME,M5,5639.91,9.0
2025-08-17,CP37,Gatineau,ME,MA,1071.81,19.0
2025-08-17,CP37,Gatineau,ME,MB,9199.96,4.0
2025-08-17,CP37,Gatineau,ME,MC,269.86999999999995,13.0
2025-08-17,CP37,Gatineau,ME,ME,1879.97,3.0
2025-08-17,CP37,Gatineau,ME,ML,599.99,1.0
2025-08-17,CP37,Gatineau,ME,PA,87.37,3.0
2025-08-17,CP37,Gatineau,MK,CC,0.0,2.0
2025-08-17,CP37,Gatineau,MK,LOV,6.99,4.0
2025-08-17,CP37,Gatineau,MK,MK,6.93,7.0
2025-08-17,CP37,Gatineau,PA,PA,349.95,5.0
2025-08-17,CP37,Gatineau,PA,PM,474.92999999999995,7.0
2025-08-17,CP37,Gatineau,PA,PMD,719.96,4.0
2025-08-17,CP37,Gatineau,PA,PSD,499.99,1.0
2025-08-17,CP37,Gatineau,PC,PIS,31172.38,1352.0
2025-08-17,CP37,Gatineau,PC,SPA,4630.13,237.0
2025-08-17,CP37,Gatineau,PC,TES,19.950000000000003,5.0
2025-08-17,CP37,Gatineau,PI,AP,204.64,36.0
2025-08-17,CP37,Gatineau,PI,PP,1289.21,209.0
2025-08-17,CP37,Gatineau,PI,ZAP,103.94,6.0
2025-08-17,CP37,Gatineau,PI,ZSP,0.0,3.0
2025-08-17,CP37,Gatineau,SP,SP,42500.68,3.0
2025-08-17,CP37,Gatineau,TO,TAC,679.99,3.0
2025-08-17,CP37,Gatineau,TO,TRA,713.98,2.0
2025-08-17,CP44,St-Constant,AP,AP,1441.6,62.0
2025-08-17,CP44,St-Constant,AP,API,11133.94,68.0
2025-08-17,CP44,St-Constant,AP,PP,1572.94,190.0
2025-08-17,CP44,St-Constant,AS,AS,906.81,153.0
2025-08-17,CP44,St-Constant,AZ,AZC,25.48,2.0
2025-08-17,CP44,St-Constant,AZ,AZF,16.96,4.0
2025-08-17,CP44,St-Constant,AZ,AZT,210.98,2.0
2025-08-17,CP44,St-Constant,BQ,BA,353.96,4.0
2025-08-17,CP44,St-Constant,BQ,BC,0.0,0.0
2025-08-17,CP44,St-Constant,CH,THA,26.99,1.0
2025-08-17,CP44,St-Constant,CH,THE,3999.9799999999996,2.0
2025-08-17,CP44,St-Constant,HT,HTG,129.99,1.0
2025-08-17,CP44,St-Constant,HT,HYB,4468.01,2.0
2025-08-17,CP44,St-Constant,IN,INP,1155.0,1.0
2025-08-17,CP44,St-Constant,IN,INT,279.99,1.0
2025-08-17,CP44,St-Constant,LI,LV,1019.95,15.0
2025-08-17,CP44,St-Constant,LO,LE,145.94,6.0
2025-08-17,CP44,St-Constant,LO,LG,616.77,19.0
2025-08-17,CP44,St-Constant,LO,LJ,242.41,29.0
2025-08-17,CP44,St-Constant,LO,LOV,0.0,11.0
2025-08-17,CP44,St-Constant,LO,LP,166.9,10.0
2025-08-17,CP44,St-Constant,ME,M4,2562.83,17.0
2025-08-17,CP44,St-Constant,ME,M5,3149.96,4.0
2025-08-17,CP44,St-Constant,ME,MA,259.95,5.0
2025-08-17,CP44,St-Constant,ME,MB,799.98,2.0
2025-08-17,CP44,St-Constant,ME,MC,293.91,9.0
2025-08-17,CP44,St-Constant,ME,MO,39.999999999999986,0.0
2025-08-17,CP44,St-Constant,MK,MK,0.0,2.0
2025-08-17,CP44,St-Constant,PA,MPP,25.99,1.0
2025-08-17,CP44,St-Constant,PA,PA,0.0,1.0
2025-08-17,CP44,St-Constant,PA,PM,529.92,8.0
2025-08-17,CP44,St-Constant,PA,PMD,579.98,2.0
2025-08-17,CP44,St-Constant,PC,PIS,15562.32,571.0
2025-08-17,CP44,St-Constant,PC,SPA,1209.47,53.0
2025-08-17,CP44,St-Constant,PC,TES,276.84999999999997,15.0
2025-08-17,CP44,St-Constant,PI,ZAP,1234.67,17.0
2025-08-17,CP44,St-Constant,PI,ZHT,19.99,1.0
2025-08-17,CP44,St-Constant,PI,ZSP,126.79,21.0
2025-08-17,CP44,St-Constant,SE,SE,29.99,4.0
2025-08-17,CP44,St-Constant,SP,SP,21498.0,2.0
2025-08-17,CP44,St-Constant,TO,TAC,149.99,3.0
2025-08-17,CP48,Beloeil,AM,AR,69.98,2.0
2025-08-17,CP48,Beloeil,AM,FB,199.99,1.0
2025-08-17,CP48,Beloeil,AP,AP,7292.33,95.0
2025-08-17,CP48,Beloeil,AP,API,16435.83,107.0
2025-08-17,CP48,Beloeil,AP,PP,2104.53,244.0
2025-08-17,CP48,Beloeil,AS,AS,1291.5,105.0
2025-08-17,CP48,Beloeil,AS,ASC,759.99,1.0
2025-08-17,CP48,Beloeil,AS,ZSP,55.99,1.0
2025-08-17,CP48,Beloeil,AZ,AZC,242.99,1.0
2025-08-17,CP48,Beloeil,AZ,AZF,26.87,13.0
2025-08-17,CP48,Beloeil,AZ,AZT,232.97,5.0
2025-08-17,CP48,Beloeil,BQ,BA,367.59999999999997,10.0
2025-08-17,CP48,Beloeil,BQ,BLP,1549.99,1.0
2025-08-17,CP48,Beloeil,CH,THA,0.0,-2.0
2025-08-17,CP48,Beloeil,CH,THE,1599.99,1.0
2025-08-17,CP48,Beloeil,FI,FBA,269.99,1.0
2025-08-17,CP48,Beloeil,FI,FMA,1799.99,1.0
2025-08-17,CP48,Beloeil,GA,GA,284.99,1.0
2025-08-17,CP48,Beloeil,HT,HRE,5299.0,1.0
2025-08-17,CP48,Beloeil,IN,INO,1995.0,1.0
2025-08-17,CP48,Beloeil,INM,INMT,165.0,1.0
2025-08-17,CP48,Beloeil,LI,LV,279.97,10.0
2025-08-17,CP48,Beloeil,LO,LE,457.79,21.0
2025-08-17,CP48,Beloeil,LO,LG,611.45,25.0
2025-08-17,CP48,Beloeil,LO,LJ,516.0,65.0
2025-08-17,CP48,Beloeil,LO,LOV,12.99,3.0
2025-08-17,CP48,Beloeil,LO,LP,85.86,14.0
2025-08-17,CP48,Beloeil,ME,M3,1919.94,6.0
2025-08-17,CP48,Beloeil,ME,M4,4749.8099999999995,19.0
2025-08-17,CP48,Beloeil,ME,M5,4519.93,7.0
2025-08-17,CP48,Beloeil,ME,MA,1847.61,39.0
2025-08-17,CP48,Beloeil,ME,MC,179.93,7.0
2025-08-17,CP48,Beloeil,ME,ME,1879.97,3.0
2025-08-17,CP48,Beloeil,MK,MK,1.99,1.0
2025-08-17,CP48,Beloeil,PA,PA,375.96999999999997,4.0
2025-08-17,CP48,Beloeil,PA,PM,209.96999999999997,3.0
2025-08-17,CP48,Beloeil,PA,PMD,179.99,1.0
2025-08-17,CP48,Beloeil,PA,PSD,1276.22,2.0
2025-08-17,CP48,Beloeil,PC,PIS,19982.82,792.0
2025-08-17,CP48,Beloeil,PC,SPA,1019.4300000000001,57.0
2025-08-17,CP48,Beloeil,PC,TES,744.63,37.0
2025-08-17,CP48,Beloeil,PI,ZAP,1707.0,32.0
2025-08-17,CP48,Beloeil,PI,ZHT,159.92,8.0
2025-08-17,CP48,Beloeil,PI,ZSP,190.84,16.0
2025-08-17,CP48,Beloeil,SE,SE,449.96000000000004,4.0
2025-08-17,CP48,Beloeil,SP,SPG,899.99,1.0
2025-08-17,CP48,Beloeil,TO,TAC,0.0,1.0
2025-08-17,CP48,Beloeil,TO,TRA,757.48,2.0
2025-08-24,CP08,Longueuil,AM,AR,27.99,1.0
2025-08-24,CP08,Longueuil,AM,FB,199.99,1.0
2025-08-24,CP08,Longueuil,AP,AP,7783.69,61.0
2025-08-24,CP08,Longueuil,AP,API,9019.98,57.0
2025-08-24,CP08,Longueuil,AP,PP,1567.66,217.0
2025-08-24,CP08,Longueuil,AS,AS,724.72,78.0
2025-08-24,CP08,Longueuil,AZ,AZC,164.99,1.0
2025-08-24,CP08,Longueuil,AZ,AZF,30.75,25.0
2025-08-24,CP08,Longueuil,BQ,BA,256.24,6.0
2025-08-24,CP08,Longueuil,CH,THE,1439.99,1.0
2025-08-24,CP08,Longueuil,FI,AF,67.52,4.0
2025-08-24,CP08,Longueuil,FI,FTA,299.99,1.0
2025-08-24,CP08,Longueuil,GA,GA,905.9,3.0
2025-08-24,CP08,Longueuil,LI,LV,249.98000000000002,4.0
2025-08-24,CP08,Longueuil,LO,LG,159.33,7.0
2025-08-24,CP08,Longueuil,LO,LJ,258.45,33.0
2025-08-24,CP08,Longueuil,LO,LOV,0.0,2.0
2025-08-24,CP08,Longueuil,LO,LP,47.870000000000005,3.0
2025-08-24,CP08,Longueuil,ME,M1,1399.99,1.0
2025-08-24,CP08,Longueuil,ME,M3,1739.96,4.0
2025-08-24,CP08,Longueuil,ME,M4,3791.79,21.0
2025-08-24,CP08,Longueuil,ME,M5,1940.45,5.0
2025-08-24,CP08,Longueuil,ME,M7,999.99,1.0
2025-08-24,CP08,Longueuil,ME,MA,649.26,24.0
2025-08-24,CP08,Longueuil,ME,MC,34.99,1.0
2025-08-24,CP08,Longueuil,ME,MO,89.99,1.0
2025-08-24,CP08,Longueuil,MK,MK,5.0,1.0
2025-08-24,CP08,Longueuil,PA,PA,550.05,5.0
2025-08-24,CP08,Longueuil,PA,PM,319.95,5.0
2025-08-24,CP08,Longueuil,PA,PS,449.97,3.0
2025-08-24,CP08,Longueuil,PA,PSD,1947.97,3.0
2025-08-24,CP08,Longueuil,PC,PIS,14207.68,558.0
2025-08-24,CP08,Longueuil,PC,SPA,1337.42,58.0
2025-08-24,CP08,Longueuil,PC,TES,376.78999999999996,21.0
2025-08-24,CP08,Longueuil,PI,ZAP,1779.53,41.0
2025-08-24,CP08,Longueuil,PI,ZGA,55.83,19.0
2025-08-24,CP08,Longueuil,PI,ZHT,99.97,3.0
2025-08-24,CP08,Longueuil,PI,ZME,4.99,1.0
2025-08-24,CP08,Longueuil,PI,ZSP,574.73,40.0
2025-08-24,CP08,Longueuil,SE,SE,29.99,3.0
2025-08-24,CP08,Longueuil,TO,CTO,3102.5,1.0
2025-08-24,CP202,Nepean,AP,AP,727.95,5.0
2025-08-24,CP202,Nepean,AP,API,3155.52,33.0
2025-08-24,CP202,Nepean,AP,PP,168.89,14.0
2025-08-24,CP202,Nepean,AP,TES,203.88,13.0
2025-08-24,CP202,Nepean,AS,AS,1676.69,32.0
2025-08-24,CP202,Nepean,AS,SPA,462.05999999999995,22.0
2025-08-24,CP202,Nepean,AS,TES,35.98,2.0
2025-08-24,CP202,Nepean,BQ,BLP,649.99,1.0
2025-08-24,CP202,Nepean,GA,GRS,3899.9799999999996,2.0
2025-08-24,CP202,Nepean,LO,LE,64.95,5.0
2025-08-24,CP202,Nepean,LO,LG,307.68,7.0
2025-08-24,CP202,Nepean,LO,LJ,97.89,11.0
2025-08-24,CP202,Nepean,LO,LP,42.98,2.0
2025-08-24,CP202,Nepean,LO,MK,2.99,1.0
2025-08-24,CP202,Nepean,ME,GA,699.98,2.0
2025-08-24,CP202,Nepean,ME,M4,2029.8600000000001,14.0
2025-08-24,CP202,Nepean,ME,M5,999.98,2.0
2025-08-24,CP202,Nepean,ME,M7,899.99,1.0
2025-08-24,CP202,Nepean,ME,MC,19.99,1.0
2025-08-24,CP202,Nepean,ME,MF,999.99,1.0
2025-08-24,CP202,Nepean,ME,MO,0.0,-1.0
2025-08-24,CP202,Nepean,MK,CC,0.0,1.0
2025-08-24,CP202,Nepean,PA,PA,500.17,3.0
2025-08-24,CP202,Nepean,PA,PM,139.98,2.0
2025-08-24,CP202,Nepean,PA,PMD,179.99,1.0
2025-08-24,CP202,Nepean,PA,PSD,1949.97,3.0
2025-08-24,CP202,Nepean,PC,MA,24.99,1.0
2025-08-24,CP202,Nepean,PC,PIS,11465.41,562.0
2025-08-24,CP202,Nepean,PC,SPA,2785.16,168.0
2025-08-24,CP202,Nepean,PI,AP,46.95,5.0
2025-08-24,CP202,Nepean,PI,API,849.99,1.0
2025-08-24,CP202,Nepean,PI,PP,194.61,36.0
2025-08-24,CP202,Nepean,PI,TES,0.0,2.0
2025-08-24,CP202,Nepean,PI,ZAP,149.95,5.0
2025-08-24,CP202,Nepean,SP,SP,9799.0,1.0
2025-08-24,CP37,Gatineau,AM,FB,1099.98,2.0
2025-08-24,CP37,Gatineau,AP,AP,3299.83,17.0
2025-08-24,CP37,Gatineau,AP,API,12344.75,87.0
2025-08-24,CP37,Gatineau,AP,AZC,111.97999999999999,2.0
2025-08-24,CP37,Gatineau,AP,PP,1050.55,169.0
2025-08-24,CP37,Gatineau,AP,TES,586.68,32.0
2025-08-24,CP37,Gatineau,AP,ZAP,49.98,2.0
2025-08-24,CP37,Gatineau,AS,AS,1243.73,27.0
2025-08-24,CP37,Gatineau,AS,SPA,188.91,9.0
2025-08-24,CP37,Gatineau,AS,TES,125.92999999999999,7.0
2025-08-24,CP37,Gatineau,AZ,AZC,279.99,1.0
2025-08-24,CP37,Gatineau,AZ,AZT,286.98,2.0
2025-08-24,CP37,Gatineau,BQ,BA,328.94,6.0
2025-08-24,CP37,Gatineau,BQ,BC,43.98,2.0
2025-08-24,CP37,Gatineau,BQ,BFU,599.99,1.0
2025-08-24,CP37,Gatineau,BQ,BLP,299.99,1.0
2025-08-24,CP37,Gatineau,CH,THE,4798.99,3.0
2025-08-24,CP37,Gatineau,HT,HRE,3499.0,1.0
2025-08-24,CP37,Gatineau,LO,AE,159.98,2.0
2025-08-24,CP37,Gatineau,LO,LE,129.94,6.0
2025-08-24,CP37,Gatineau,LO,LG,314.01,14.0
2025-08-24,CP37,Gatineau,LO,LJ,155.76,24.0
2025-08-24,CP37,Gatineau,LO,LP,56.96,4.0
2025-08-24,CP37,Gatineau,LO,MK,8.97,3.0
2025-08-24,CP37,Gatineau,ME,GA,399.99,1.0
2025-08-24,CP37,Gatineau,ME,M1,4999.96,4.0
2025-08-24,CP37,Gatineau,ME,M3,1079.94,6.0
2025-08-24,CP37,Gatineau,ME,M4,5201.96,26.0
2025-08-24,CP37,Gatineau,ME,M5,2980.0,15.0
2025-08-24,CP37,Gatineau,ME,M7,2999.9700000000003,3.0
2025-08-24,CP37,Gatineau,ME,MA,441.87,13.0
2025-08-24,CP37,Gatineau,ME,MB,115.03999999999996,0.0
2025-08-24,CP37,Gatineau,ME,MC,559.29,31.0
2025-08-24,CP37,Gatineau,ME,ME,369.99,1.0
2025-08-24,CP37,Gatineau,ME,MF,1749.98,2.0
2025-08-24,CP37,Gatineau,ME,MO,149.99,1.0
2025-08-24,CP37,Gatineau,ME,PA,72.98,2.0
2025-08-24,CP37,Gatineau,ME,ZME,114.99,1.0
2025-08-24,CP37,Gatineau,MK,CC,0.0,1.0
2025-08-24,CP37,Gatineau,MK,LOV,20.97,7.0
2025-08-24,CP37,Gatineau,MK,MK,3.96,6.0
2025-08-24,CP37,Gatineau,PA,PA,928.94,6.0
2025-08-24,CP37,Gatineau,PA,PM,139.98,2.0
2025-08-24,CP37,Gatineau,PA,PMD,359.98,2.0
2025-08-24,CP37,Gatineau,PA,PSD,2598.9700000000003,4.0
2025-08-24,CP37,Gatineau,PC,PIS,19984.829999999998,810.0
2025-08-24,CP37,Gatineau,PC,SPA,4480.38,214.0
2025-08-24,CP37,Gatineau,PC,TES,23.94,6.0
2025-08-24,CP37,Gatineau,PI,AP,159.78,27.0
2025-08-24,CP37,Gatineau,PI,API,66.99,1.0
2025-08-24,CP37,Gatineau,PI,PP,880.77,126.0
2025-08-24,CP37,Gatineau,PI,ZAP,10.99,1.0
2025-08-24,CP37,Gatineau,PI,ZME,0.0,1.0
2025-08-24,CP37,Gatineau,PI,ZSP,331.91,9.0
2025-08-24,CP37,Gatineau,TO,TAC,0.0,0.0
2025-08-24,CP37,Gatineau,TO,TRA,923.98,2.0
2025-08-24,CP44,St-Constant,AP,AP,952.37,33.0
2025-08-24,CP44,St-Constant,AP,API,4964.96,35.0
2025-08-24,CP44,St-Constant,AP,PP,600.07,65.0
2025-08-24,CP44,St-Constant,AS,AS,1196.47,53.0
2025-08-24,CP44,St-Constant,AZ,AZC,190.47,3.0
2025-08-24,CP44,St-Constant,AZ,AZF,10.45,5.0
2025-08-24,CP44,St-Constant,AZ,AZT,122.99,1.0
2025-08-24,CP44,St-Constant,BQ,BA,32.98,2.0
2025-08-24,CP44,St-Constant,BQ,BCH,349.99,1.0
2025-08-24,CP44,St-Constant,BQ,BLP,649.99,1.0
2025-08-24,CP44,St-Constant,CH,THA,53.98,2.0
2025-08-24,CP44,St-Constant,CH,THE,2799.98,2.0
2025-08-24,CP44,St-Constant,GA,GA,569.98,2.0
2025-08-24,CP44,St-Constant,IN,INT,279.99,1.0
2025-08-24,CP44,St-Constant,INM,MNM,760.0,1.0
2025-08-24,CP44,St-Constant,LI,LV,229.97000000000003,7.0
2025-08-24,CP44,St-Constant,LO,LE,162.93,7.0
2025-08-24,CP44,St-Constant,LO,LG,338.03000000000003,7.0
2025-08-24,CP44,St-Constant,LO,LJ,133.71,19.0
2025-08-24,CP44,St-Constant,LO,LOV,0.0,1.0
2025-08-24,CP44,St-Constant,LO,LP,45.96,4.0
2025-08-24,CP44,St-Constant,ME,M3,449.99,1.0
2025-08-24,CP44,St-Constant,ME,M4,499.99,7.0
2025-08-24,CP44,St-Constant,ME,MA,379.96,4.0
2025-08-24,CP44,St-Constant,ME,MB,399.99,1.0
2025-08-24,CP44,St-Constant,ME,MC,729.97,3.0
2025-08-24,CP44,St-Constant,ME,ML,689.99,1.0
2025-08-24,CP44,St-Constant,ME,MO,149.99,1.0
2025-08-24,CP44,St-Constant,PA,MPP,25.99,1.0
2025-08-24,CP44,St-Constant,PA,PA,400.07,3.0
2025-08-24,CP44,St-Constant,PA,PM,204.99,2.0
2025-08-24,CP44,St-Constant,PA,PMD,179.99,1.0
2025-08-24,CP44,St-Constant,PA,PSD,1649.98,2.0
2025-08-24,CP44,St-Constant,PC,PIS,8751.52,348.0
2025-08-24,CP44,St-Constant,PC,SPA,830.46,54.0
2025-08-24,CP44,St-Constant,PC,TES,323.84,16.0
2025-08-24,CP44,St-Constant,PI,ZAP,544.03,7.0
2025-08-24,CP44,St-Constant,PI,ZHT,39.98,2.0
2025-08-24,CP44,St-Constant,PI,ZME,149.99,1.0
2025-08-24,CP44,St-Constant,PI,ZSP,8.969999999999999,4.0
2025-08-24,CP44,St-Constant,PI,ZTH,35.99,1.0
2025-08-24,CP44,St-Constant,SE,SE,29.99,2.0
2025-08-24,CP48,Beloeil,AP,AP,1878.2,51.0
2025-08-24,CP48,Beloeil,AP,API,9795.81,45.0
2025-08-24,CP48,Beloeil,AP,PP,860.59,123.0
2025-08-24,CP48,Beloeil,AS,AS,687.73,84.0
2025-08-24,CP48,Beloeil,AS,ZSP,113.97,3.0
2025-08-24,CP48,Beloeil,AZ,AZC,150.95,5.0
2025-08-24,CP48,Beloeil,AZ,AZF,38.910000000000004,9.0
2025-08-24,CP48,Beloeil,AZ,AZT,843.93,7.0
2025-08-24,CP48,Beloeil,BQ,BA,339.07,6.0
2025-08-24,CP48,Beloeil,BQ,BLP,1244.99,2.0
2025-08-24,CP48,Beloeil,CH,THE,3799.98,2.0
2025-08-24,CP48,Beloeil,GA,GA,6009.95,5.0
2025-08-24,CP48,Beloeil,GA,GRS,1499.99,1.0
2025-08-24,CP48,Beloeil,LI,LV,819.96,15.0
2025-08-24,CP48,Beloeil,LO,LE,107.94999999999999,5.0
2025-08-24,CP48,Beloeil,LO,LG,389.66,14.0
2025-08-24,CP48,Beloeil,LO,LJ,70.47999999999999,7.0
2025-08-24,CP48,Beloeil,LO,LOV,0.0,2.0
2025-08-24,CP48,Beloeil,LO,LP,175.92,8.0
2025-08-24,CP48,Beloeil,ME,M4,1104.92,8.0
2025-08-24,CP48,Beloeil,ME,M5,794.98,2.0
2025-08-24,CP48,Beloeil,ME,MA,655.91,11.0
2025-08-24,CP48,Beloeil,ME,MB,399.99,1.0
2025-08-24,CP48,Beloeil,ME,MC,485.14,14.0
2025-08-24,CP48,Beloeil,ME,MO,0.0,1.0
2025-08-24,CP48,Beloeil,PA,PM,204.98000000000002,2.0
2025-08-24,CP48,Beloeil,PC,PIS,12328.24,485.0
2025-08-24,CP48,Beloeil,PC,SPA,1558.29,71.0
2025-08-24,CP48,Beloeil,PC,TES,385.80999999999995,19.0
2025-08-24,CP48,Beloeil,PI,ZAP,0.0,10.0
2025-08-24,CP48,Beloeil,PI,ZHT,80.96,4.0
2025-08-24,CP48,Beloeil,PI,ZSP,104.78999999999999,21.0
2025-08-24,CP48,Beloeil,SE,SE,109.97999999999999,4.0
2025-08-24,CP48,Beloeil,SP,SP,28998.0,2.0
2025-08-24,CP48,Beloeil,TO,TRA,494.99,1.0
2025-08-31,CP08,Longueuil,AP,AP,1063.58,52.0
2025-08-31,CP08,Longueuil,AP,API,8450.29,65.0
2025-08-31,CP08,Longueuil,AP,PP,1680.13,248.0
2025-08-31,CP08,Longueuil,AS,AS,2608.41,164.0
2025-08-31,CP08,Longueuil,AS,ZSP,227.94,6.0
2025-08-31,CP08,Longueuil,AZ,AZC,1460.94,6.0
2025-08-31,CP08,Longueuil,AZ,AZF,45.89,11.0
2025-08-31,CP08,Longueuil,AZ,AZT,99.99,1.0
2025-08-31,CP08,Longueuil,BQ,BA,92.96,4.0
2025-08-31,CP08,Longueuil,CC,CC,0.0,2.0
2025-08-31,CP08,Longueuil,CH,THE,2399.99,1.0
2025-08-31,CP08,Longueuil,FI,AF,135.81,7.0
2025-08-31,CP08,Longueuil,FI,FMA,1899.99,1.0
2025-08-31,CP08,Longueuil,GA,GA,389.99,1.0
2025-08-31,CP08,Longueuil,GA,GAP,1594.0,1.0
2025-08-31,CP08,Longueuil,GA,GRB,10900.0,1.0
2025-08-31,CP08,Longueuil,HT,HYB,3099.0,1.0
2025-08-31,CP08,Longueuil,INM,INMM,469.99,1.0
2025-08-31,CP08,Longueuil,LI,LV,549.96,10.0
2025-08-31,CP08,Longueuil,LO,LE,9.98,2.0
2025-08-31,CP08,Longueuil,LO,LG,9.34,1.0
2025-08-31,CP08,Longueuil,LO,LJ,86.74,6.0
2025-08-31,CP08,Longueuil,LO,LOV,0.0,4.0
2025-08-31,CP08,Longueuil,LO,LP,19.99,1.0
2025-08-31,CP08,Longueuil,ME,M1,599.99,1.0
2025-08-31,CP08,Longueuil,ME,M3,3099.96,4.0
2025-08-31,CP08,Longueuil,ME,M4,8663.7,39.0
2025-08-31,CP08,Longueuil,ME,M5,3549.9700000000003,3.0
2025-08-31,CP08,Longueuil,ME,M7,2173.94,2.0
2025-08-31,CP08,Longueuil,ME,MA,662.91,13.0
2025-08-31,CP08,Longueuil,ME,MB,2499.99,1.0
2025-08-31,CP08,Longueuil,ME,MC,47.97,3.0
2025-08-31,CP08,Longueuil,ME,ML,2228.1800000000003,2.0
2025-08-31,CP08,Longueuil,ME,MO,349.97,3.0
2025-08-31,CP08,Longueuil,MK,MK,5.0,5.0
2025-08-31,CP08,Longueuil,PA,PM,189.97,3.0
2025-08-31,CP08,Longueuil,PA,PMD,559.98,2.0
2025-08-31,CP08,Longueuil,PA,PSD,584.99,1.0
2025-08-31,CP08,Longueuil,PC,PIS,10949.41,439.0
2025-08-31,CP08,Longueuil,PC,SPA,1679.3999999999999,91.0
2025-08-31,CP08,Longueuil,PC,TES,268.83,17.0
2025-08-31,CP08,Longueuil,PI,ZAP,815.5600000000001,22.0
2025-08-31,CP08,Longueuil,PI,ZHT,37.98,2.0
2025-08-31,CP08,Longueuil,PI,ZSP,631.26,22.0
2025-08-31,CP08,Longueuil,SE,SE,0.0,5.0
2025-08-31,CP08,Longueuil,SP,SP,4399.0,1.0
2025-08-31,CP08,Longueuil,TO,TAC,527.4200000000001,2.0
2025-08-31,CP08,Longueuil,TO,TRA,1072.48,2.0
2025-08-31,CP202,Nepean,AP,AP,521.97,3.0
2025-08-31,CP202,Nepean,AP,API,573.86,14.0
2025-08-31,CP202,Nepean,AP,PP,44.91,9.0
2025-08-31,CP202,Nepean,AP,TES,157.92,8.0
2025-08-31,CP202,Nepean,AS,AS,2080.61,39.0
2025-08-31,CP202,Nepean,AS,SPA,438.79999999999995,20.0
2025-08-31,CP202,Nepean,AS,TES,71.96,4.0
2025-08-31,CP202,Nepean,AZ,AZT,122.99,1.0
2025-08-31,CP202,Nepean,GA,GA,1899.98,2.0
2025-08-31,CP202,Nepean,GA,GRB,12999.0,1.0
2025-08-31,CP202,Nepean,GA,GRS,1999.99,1.0
2025-08-31,CP202,Nepean,LO,AP,149.97,3.0
2025-08-31,CP202,Nepean,LO,LG,80.2,5.0
2025-08-31,CP202,Nepean,LO,LJ,53.91,9.0
2025-08-31,CP202,Nepean,LO,MK,2.99,1.0
2025-08-31,CP202,Nepean,ME,GA,349.99,1.0
2025-08-31,CP202,Nepean,ME,M1,1199.99,1.0
2025-08-31,CP202,Nepean,ME,M4,1629.91,9.0
2025-08-31,CP202,Nepean,ME,M5,859.96,4.0
2025-08-31,CP202,Nepean,ME,M7,1199.99,1.0
2025-08-31,CP202,Nepean,ME,MA,464.95,5.0
2025-08-31,CP202,Nepean,ME,MC,369.84,20.0
2025-08-31,CP202,Nepean,ME,PA,54.99,1.0
2025-08-31,CP202,Nepean,PA,PA,796.26,4.0
2025-08-31,CP202,Nepean,PA,PM,194.97,3.0
2025-08-31,CP202,Nepean,PA,PSD,1949.97,3.0
2025-08-31,CP202,Nepean,PC,PIS,6989.47,355.0
2025-08-31,CP202,Nepean,PC,SPA,2940.78,176.0
2025-08-31,CP202,Nepean,PC,TES,7.98,2.0
2025-08-31,CP202,Nepean,PI,AP,32.97,3.0
2025-08-31,CP202,Nepean,PI,PP,121.85,15.0
2025-08-31,CP202,Nepean,PI,TES,0.0,1.0
2025-08-31,CP202,Nepean,PI,ZAP,19.99,1.0
2025-08-31,CP37,Gatineau,AP,AP,411.87,14.0
2025-08-31,CP37,Gatineau,AP,API,4601.67,54.0
2025-08-31,CP37,Gatineau,AP,AZC,65.97,3.0
2025-08-31,CP37,Gatineau,AP,AZF,72.96000000000001,104.0
2025-08-31,CP37,Gatineau,AP,PP,773.5,112.0
2025-08-31,CP37,Gatineau,AP,TES,593.6899999999999,31.0
2025-08-31,CP37,Gatineau,AP,ZAP,149.99,1.0
2025-08-31,CP37,Gatineau,AS,AS,1377.8899999999999,28.0
2025-08-31,CP37,Gatineau,AS,ASC,739.99,1.0
2025-08-31,CP37,Gatineau,AS,SPA,373.84,16.0
2025-08-31,CP37,Gatineau,AS,TES,107.94,6.0
2025-08-31,CP37,Gatineau,AZ,AZC,279.99,1.0
2025-08-31,CP37,Gatineau,AZ,AZT,564.96,4.0
2025-08-31,CP37,Gatineau,BQ,BA,50.97,3.0
2025-08-31,CP37,Gatineau,BQ,BLP,0.0,1.0
2025-08-31,CP37,Gatineau,CH,THE,1599.99,1.0
2025-08-31,CP37,Gatineau,FI,FMA,1249.99,1.0
2025-08-31,CP37,Gatineau,GA,GA,399.99,1.0
2025-08-31,CP37,Gatineau,GA,GRS,2174.38,3.0
2025-08-31,CP37,Gatineau,LO,LE,19.98,2.0
2025-08-31,CP37,Gatineau,LO,LG,165.9,10.0
2025-08-31,CP37,Gatineau,LO,LJ,47.93,7.0
2025-08-31,CP37,Gatineau,LO,LP,33.98,2.0
2025-08-31,CP37,Gatineau,ME,GA,2534.96,4.0
2025-08-31,CP37,Gatineau,ME,M1,5449.969999999999,3.0
2025-08-31,CP37,Gatineau,ME,M4,2759.92,8.0
2025-08-31,CP37,Gatineau,ME,M5,1319.97,4.0
2025-08-31,CP37,Gatineau,ME,M7,999.99,1.0
2025-08-31,CP37,Gatineau,ME,MA,267.96,17.0
2025-08-31,CP37,Gatineau,ME,MB,50.0,3.0
2025-08-31,CP37,Gatineau,ME,MC,589.81,20.0
2025-08-31,CP37,Gatineau,ME,MO,421.96000000000004,4.0
2025-08-31,CP37,Gatineau,ME,PA,138.76,4.0
2025-08-31,CP37,Gatineau,MK,LOV,0.0,1.0
2025-08-31,CP37,Gatineau,MK,MK,1.98,4.0
2025-08-31,CP37,Gatineau,PA,PA,593.95,5.0
2025-08-31,CP37,Gatineau,PA,PM,264.96,5.0
2025-08-31,CP37,Gatineau,PA,PMD,359.98,2.0
2025-08-31,CP37,Gatineau,PA,PS,399.99,1.0
2025-08-31,CP37,Gatineau,PA,PSD,649.99,1.0
2025-08-31,CP37,Gatineau,PC,PIS,16967.11,689.0
2025-08-31,CP37,Gatineau,PC,SPA,4191.88,213.0
2025-08-31,CP37,Gatineau,PC,TES,15.96,4.0
2025-08-31,CP37,Gatineau,PI,AP,52.95,6.0
2025-08-31,CP37,Gatineau,PI,API,599.99,1.0
2025-08-31,CP37,Gatineau,PI,PP,809.83,118.0
2025-08-31,CP37,Gatineau,PI,ZAP,29.99,2.0
2025-08-31,CP37,Gatineau,PI,ZSP,54.99,1.0
2025-08-31,CP37,Gatineau,SP,SP,10749.0,1.0
2025-08-31,CP37,Gatineau,TO,TAC,357.0,1.0
2025-08-31,CP44,St-Constant,AP,AP,298.05,36.0
2025-08-31,CP44,St-Constant,AP,API,5472.67,50.0
2025-08-31,CP44,St-Constant,AP,PP,637.6800000000001,114.0
2025-08-31,CP44,St-Constant,AS,AS,1750.09,141.0
2025-08-31,CP44,St-Constant,AZ,AZC,475.97,3.0
2025-08-31,CP44,St-Constant,AZ,AZF,56.440000000000005,6.0
2025-08-31,CP44,St-Constant,AZ,AZT,587.96,4.0
2025-08-31,CP44,St-Constant,BQ,BA,67.49,1.0
2025-08-31,CP44,St-Constant,BQ,BC,24.99,1.0
2025-08-31,CP44,St-Constant,BQ,BLP,599.99,1.0
2025-08-31,CP44,St-Constant,CH,THA,53.98,2.0
2025-08-31,CP44,St-Constant,CH,THE,2599.98,2.0
2025-08-31,CP44,St-Constant,FI,AF,25.99,1.0
2025-08-31,CP44,St-Constant,FI,FBA,299.99,1.0
2025-08-31,CP44,St-Constant,GA,GA,689.97,3.0
2025-08-31,CP44,St-Constant,IN,INP,150.0,1.0
2025-08-31,CP44,St-Constant,INM,INMP,125.0,1.0
2025-08-31,CP44,St-Constant,LI,LV,99.99,1.0
2025-08-31,CP44,St-Constant,LO,LE,34.99,1.0
2025-08-31,CP44,St-Constant,LO,LJ,146.87,18.0
2025-08-31,CP44,St-Constant,LO,LOV,0.0,8.0
2025-08-31,CP44,St-Constant,LO,LP,59.97,3.0
2025-08-31,CP44,St-Constant,ME,M1,1099.99,1.0
2025-08-31,CP44,St-Constant,ME,M5,139.99,1.0
2025-08-31,CP44,St-Constant,ME,MA,64.98,2.0
2025-08-31,CP44,St-Constant,ME,MC,0.0,1.0
2025-08-31,CP44,St-Constant,ME,MO,349.96999999999997,3.0
2025-08-31,CP44,St-Constant,MK,MK,0.0,2.0
2025-08-31,CP44,St-Constant,PC,PIS,5533.78,222.0
2025-08-31,CP44,St-Constant,PC,SPA,1368.89,61.0
2025-08-31,CP44,St-Constant,PC,TES,191.88,12.0
2025-08-31,CP44,St-Constant,PI,ZAP,158.41,11.0
2025-08-31,CP44,St-Constant,PI,ZHT,0.0,1.0
2025-08-31,CP44,St-Constant,PI,ZSP,71.69,31.0
2025-08-31,CP44,St-Constant,PI,ZTH,0.0,1.0
2025-08-31,CP44,St-Constant,SE,SE,0.0,2.0
2025-08-31,CP44,St-Constant,TO,TRA,494.99,1.0
2025-08-31,CP48,Beloeil,AP,AP,858.72,48.0
2025-08-31,CP48,Beloeil,AP,API,5217.93,37.0
2025-08-31,CP48,Beloeil,AP,PP,1068.23,129.0
2025-08-31,CP48,Beloeil,AS,AS,806.55,97.0
2025-08-31,CP48,Beloeil,AZ,AZC,496.95000000000005,5.0
2025-08-31,CP48,Beloeil,AZ,AZF,48.83,17.0
2025-08-31,CP48,Beloeil,AZ,AZT,757.93,7.0
2025-08-31,CP48,Beloeil,BQ,BA,93.76,5.0
2025-08-31,CP48,Beloeil,BQ,BC,41.0,1.0
2025-08-31,CP48,Beloeil,BQ,BLP,1429.0,1.0
2025-08-31,CP48,Beloeil,CH,THA,87.47,3.0
2025-08-31,CP48,Beloeil,CH,THE,3499.98,2.0
2025-08-31,CP48,Beloeil,FI,AF,114.49000000000001,3.0
2025-08-31,CP48,Beloeil,GA,GA,399.99,1.0
2025-08-31,CP48,Beloeil,IN,INT,280.0,1.0
2025-08-31,CP48,Beloeil,LI,LV,299.99,5.0
2025-08-31,CP48,Beloeil,LO,LE,144.93,7.0
2025-08-31,CP48,Beloeil,LO,LG,48.41,4.0
2025-08-31,CP48,Beloeil,LO,LJ,0.0,3.0
2025-08-31,CP48,Beloeil,LO,LOV,19.99,3.0
2025-08-31,CP48,Beloeil,LO,LP,29.99,1.0
2025-08-31,CP48,Beloeil,ME,M3,549.99,1.0
2025-08-31,CP48,Beloeil,ME,M4,1069.98,2.0
2025-08-31,CP48,Beloeil,ME,MA,524.92,8.0
2025-08-31,CP48,Beloeil,ME,MC,199.96,4.0
2025-08-31,CP48,Beloeil,ME,MO,169.98,2.0
2025-08-31,CP48,Beloeil,PA,PA,143.98,2.0
2025-08-31,CP48,Beloeil,PA,PM,69.99,1.0
2025-08-31,CP48,Beloeil,PC,PIS,10732.21,439.0
2025-08-31,CP48,Beloeil,PC,SPA,1281.8700000000001,63.0
2025-08-31,CP48,Beloeil,PC,TES,296.84999999999997,15.0
2025-08-31,CP48,Beloeil,PI,ZAP,1319.2800000000002,16.0
2025-08-31,CP48,Beloeil,PI,ZSP,218.19,17.0
2025-08-31,CP48,Beloeil,SE,SE,89.97,3.0
2025-08-31,CP48,Beloeil,SP,SP,5499.0,1.0
2025-08-31,CP48,Beloeil,TO,TRA,397.49,1.0
2025-09-07,CP08,Longueuil,AP,AP,4512.26,44.0
2025-09-07,CP08,Longueuil,AP,API,6818.39,62.0
2025-09-07,CP08,Longueuil,AP,PP,1031.29,133.0
2025-09-07,CP08,Longueuil,AS,AS,541.9,35.5
2025-09-07,CP08,Longueuil,AZ,AZC,1676.8200000000002,18.0
2025-09-07,CP08,Longueuil,AZ,AZF,162.12,48.0
2025-09-07,CP08,Longueuil,AZ,AZT,1689.88,12.0
2025-09-07,CP08,Longueuil,BQ,BA,55.76,4.0
2025-09-07,CP08,Longueuil,CH,THA,34.99,2.0
2025-09-07,CP08,Longueuil,CH,THE,999.99,1.0
2025-09-07,CP08,Longueuil,HT,HAC,1378.61,1.0
2025-09-07,CP08,Longueuil,HT,HRE,1772.37,1.0
2025-09-07,CP08,Longueuil,LI,LV,49.99,1.0
2025-09-07,CP08,Longueuil,LO,LE,69.98,2.0
2025-09-07,CP08,Longueuil,LO,LG,5.53,2.0
2025-09-07,CP08,Longueuil,LO,LJ,78.62,8.0
2025-09-07,CP08,Longueuil,ME,M4,2744.82,18.0
2025-09-07,CP08,Longueuil,ME,M5,399.99,1.0
2025-09-07,CP08,Longueuil,ME,MA,1479.41,10.0
2025-09-07,CP08,Longueuil,ME,MC,243.94,9.0
2025-09-07,CP08,Longueuil,ME,MO,0.0,0.0
2025-09-07,CP08,Longueuil,PA,PA,160.99,2.0
2025-09-07,CP08,Longueuil,PC,PIS,10150.67,409.0
2025-09-07,CP08,Longueuil,PC,SPA,869.58,42.0
2025-09-07,CP08,Longueuil,PC,TES,184.89,11.0
2025-09-07,CP08,Longueuil,PI,ZAP,496.63,23.0
2025-09-07,CP08,Longueuil,PI,ZHT,59.99,1.0
2025-09-07,CP08,Longueuil,PI,ZSP,859.81,27.0
2025-09-07,CP202,Nepean,AP,AP,269.96000000000004,4.0
2025-09-07,CP202,Nepean,AP,API,750.42,13.0
2025-09-07,CP202,Nepean,AP,PP,124.43999999999998,31.0
2025-09-07,CP202,Nepean,AP,TES,246.85999999999999,14.0
2025-09-07,CP202,Nepean,AS,AS,1585.69,31.0
2025-09-07,CP202,Nepean,AS,SPA,440.78999999999996,21.0
2025-09-07,CP202,Nepean,AS,TES,17.99,1.0
2025-09-07,CP202,Nepean,AZ,AZC,196.99,1.0
2025-09-07,CP202,Nepean,AZ,AZT,286.53000000000003,2.0
2025-09-07,CP202,Nepean,LO,LG,8.97,3.0
2025-09-07,CP202,Nepean,LO,LJ,138.14,46.0
2025-09-07,CP202,Nepean,LO,LP,27.479999999999997,2.0
2025-09-07,CP202,Nepean,LO,MK,2.99,1.0
2025-09-07,CP202,Nepean,ME,GA,239.99,1.0
2025-09-07,CP202,Nepean,ME,M5,539.98,2.0
2025-09-07,CP202,Nepean,ME,M7,899.99,1.0
2025-09-07,CP202,Nepean,ME,MA,0.0,-1.0
2025-09-07,CP202,Nepean,ME,MC,42.0,0.0
2025-09-07,CP202,Nepean,PA,PM,0.0,-1.0
2025-09-07,CP202,Nepean,PC,MA,24.99,1.0
2025-09-07,CP202,Nepean,PC,PIS,5619.77,323.0
2025-09-07,CP202,Nepean,PC,SPA,2281.08,142.0
2025-09-07,CP202,Nepean,PI,AP,0.0,0.0
2025-09-07,CP202,Nepean,PI,PP,239.87,33.0
2025-09-07,CP202,Nepean,PI,ZSP,51.97,3.0
2025-09-07,CP37,Gatineau,AP,AP,0.0,6.0
2025-09-07,CP37,Gatineau,AP,API,2162.3199999999997,48.0
2025-09-07,CP37,Gatineau,AP,AZC,331.01,9.0
2025-09-07,CP37,Gatineau,AP,AZF,68.68,7.0
2025-09-07,CP37,Gatineau,AP,AZT,567.9499999999999,5.0
2025-09-07,CP37,Gatineau,AP,PP,1035.82,180.0
2025-09-07,CP37,Gatineau,AP,TES,396.79999999999995,20.0
2025-09-07,CP37,Gatineau,AS,AS,1949.57,43.0
2025-09-07,CP37,Gatineau,AS,SPA,209.89999999999998,10.0
2025-09-07,CP37,Gatineau,AS,TES,215.88,12.0
2025-09-07,CP37,Gatineau,AZ,AZC,361.98,2.0
2025-09-07,CP37,Gatineau,AZ,AZT,1806.88,12.0
2025-09-07,CP37,Gatineau,BQ,BA,14.99,1.0
2025-09-07,CP37,Gatineau,BQ,BLP,499.99,1.0
2025-09-07,CP37,Gatineau,CH,THE,2399.99,1.0
2025-09-07,CP37,Gatineau,FI,AF,9.99,1.0
2025-09-07,CP37,Gatineau,GA,GRS,1316.71,1.0
2025-09-07,CP37,Gatineau,LO,LE,99.72,3.0
2025-09-07,CP37,Gatineau,LO,LG,76.49,1.0
2025-09-07,CP37,Gatineau,LO,LJ,24.349999999999998,15.0
2025-09-07,CP37,Gatineau,LO,LOV,6.99,1.0
2025-09-07,CP37,Gatineau,LO,LP,34.99,1.0
2025-09-07,CP37,Gatineau,ME,GA,2054.94,6.0
2025-09-07,CP37,Gatineau,ME,M1,2599.98,2.0
2025-09-07,CP37,Gatineau,ME,M3,899.98,2.0
2025-09-07,CP37,Gatineau,ME,M4,3239.84,16.0
2025-09-07,CP37,Gatineau,ME,M5,1579.96,4.0
2025-09-07,CP37,Gatineau,ME,MA,750.62,10.0
2025-09-07,CP37,Gatineau,ME,MB,659.98,2.0
2025-09-07,CP37,Gatineau,ME,MC,395.01,19.0
2025-09-07,CP37,Gatineau,ME,ME,649.99,1.0
2025-09-07,CP37,Gatineau,ME,PA,71.95,5.0
2025-09-07,CP37,Gatineau,MK,LOV,13.98,3.0
2025-09-07,CP37,Gatineau,MK,MK,3.96,4.0
2025-09-07,CP37,Gatineau,PA,PA,228.98000000000002,2.0
2025-09-07,CP37,Gatineau,PA,PM,109.98,2.0
2025-09-07,CP37,Gatineau,PA,PMD,179.99,1.0
2025-09-07,CP37,Gatineau,PA,PSD,649.99,1.0
2025-09-07,CP37,Gatineau,PC,MA,24.99,1.0
2025-09-07,CP37,Gatineau,PC,PIS,13124.6,541.0
2025-09-07,CP37,Gatineau,PC,SPA,4331.15,235.0
2025-09-07,CP37,Gatineau,PC,TES,7.98,2.0
2025-09-07,CP37,Gatineau,PI,AP,77.23,22.0
2025-09-07,CP37,Gatineau,PI,PP,740.29,126.0
2025-09-07,CP37,Gatineau,PI,ZAP,239.96,4.0
2025-09-07,CP37,Gatineau,PI,ZSP,0.0,0.0
2025-09-07,CP37,Gatineau,TO,TRA,461.99,1.0
2025-09-07,CP44,St-Constant,AP,AP,1025.22,18.0
2025-09-07,CP44,St-Constant,AP,API,1841.98,27.0
2025-09-07,CP44,St-Constant,AP,PP,487.78,54.0
2025-09-07,CP44,St-Constant,AS,AS,1149.65,85.0
2025-09-07,CP44,St-Constant,AS,ZSP,113.97,3.0
2025-09-07,CP44,St-Constant,AZ,AZC,0.0,5.0
2025-09-07,CP44,St-Constant,AZ,AZF,67.7,30.0
2025-09-07,CP44,St-Constant,AZ,AZT,548.96,5.0
2025-09-07,CP44,St-Constant,BQ,BA,98.97,4.0
2025-09-07,CP44,St-Constant,BQ,BC,24.99,1.0
2025-09-07,CP44,St-Constant,BQ,BLP,624.99,1.0
2025-09-07,CP44,St-Constant,FI,AF,34.38,2.0
2025-09-07,CP44,St-Constant,FI,FRA,1249.99,1.0
2025-09-07,CP44,St-Constant,GA,GA,239.99,1.0
2025-09-07,CP44,St-Constant,LI,LV,0.0,1.0
2025-09-07,CP44,St-Constant,LO,LE,284.91,9.0
2025-09-07,CP44,St-Constant,LO,LG,53.51,4.0
2025-09-07,CP44,St-Constant,LO,LJ,79.6,10.0
2025-09-07,CP44,St-Constant,LO,LOV,4.49,3.0
2025-09-07,CP44,St-Constant,ME,M4,209.94,9.0
2025-09-07,CP44,St-Constant,ME,M5,0.0,1.0
2025-09-07,CP44,St-Constant,ME,MA,344.96000000000004,4.0
2025-09-07,CP44,St-Constant,ME,MC,294.93,7.0
2025-09-07,CP44,St-Constant,MK,MK,0.0,1.0
2025-09-07,CP44,St-Constant,PA,PA,145.99,2.0
2025-09-07,CP44,St-Constant,PA,PMD,399.99,1.0
2025-09-07,CP44,St-Constant,PC,PIS,6155.43,257.0
2025-09-07,CP44,St-Constant,PC,SPA,1233.41,59.0
2025-09-07,CP44,St-Constant,PC,TES,119.94,6.0
2025-09-07,CP44,St-Constant,PI,ZAP,0.0,2.0
2025-09-07,CP44,St-Constant,PI,ZHT,39.98,2.0
2025-09-07,CP44,St-Constant,PI,ZME,79.98,2.0
2025-09-07,CP44,St-Constant,PI,ZSP,239.92,8.0
2025-09-07,CP48,Beloeil,AP,AP,885.7099999999999,39.0
2025-09-07,CP48,Beloeil,AP,API,4463.61,20.0
2025-09-07,CP48,Beloeil,AP,PP,776.82,80.0
2025-09-07,CP48,Beloeil,AS,AS,735.51,103.0
2025-09-07,CP48,Beloeil,AZ,AZC,416.93,7.0
2025-09-07,CP48,Beloeil,AZ,AZF,32.4,10.0
2025-09-07,CP48,Beloeil,AZ,AZT,1954.83,17.0
2025-09-07,CP48,Beloeil,BQ,BA,16.99,1.0
2025-09-07,CP48,Beloeil,BQ,BC,14.0,1.0
2025-09-07,CP48,Beloeil,BQ,BLP,1049.99,1.0
2025-09-07,CP48,Beloeil,CH,THA,59.980000000000004,2.0
2025-09-07,CP48,Beloeil,FI,AF,80.0,2.0
2025-09-07,CP48,Beloeil,GA,GA,349.99,1.0
2025-09-07,CP48,Beloeil,LI,LV,0.0,1.0
2025-09-07,CP48,Beloeil,LO,LE,92.96,4.0
2025-09-07,CP48,Beloeil,LO,LG,35.97,3.0
2025-09-07,CP48,Beloeil,LO,LJ,43.54,6.0
2025-09-07,CP48,Beloeil,LO,LP,25.979999999999997,2.0
2025-09-07,CP48,Beloeil,ME,M3,1139.98,2.0
2025-09-07,CP48,Beloeil,ME,MA,253.91,9.0
2025-09-07,CP48,Beloeil,ME,MB,449.99,1.0
2025-09-07,CP48,Beloeil,ME,ML,728.99,1.0
2025-09-07,CP48,Beloeil,PA,PM,139.98,2.0
2025-09-07,CP48,Beloeil,PC,PIS,8518.72,371.0
2025-09-07,CP48,Beloeil,PC,SPA,1166.84,66.0
2025-09-07,CP48,Beloeil,PC,TES,323.84999999999997,15.0
2025-09-07,CP48,Beloeil,PI,ZAP,98.58,5.0
2025-09-07,CP48,Beloeil,PI,ZHT,19.99,1.0
2025-09-07,CP48,Beloeil,PI,ZSP,279.9,10.0
2025-09-07,CP48,Beloeil,SE,SE,364.98,7.0
2025-09-07,CP48,Beloeil,TO,TRA,577.49,1.0
2025-09-14,CP08,Longueuil,AM,AE,149.99,1.0
2025-09-14,CP08,Longueuil,AP,AP,671.33,17.0
2025-09-14,CP08,Longueuil,AP,API,2026.55,26.0
2025-09-14,CP08,Longueuil,AP,PP,505.28000000000003,52.0
2025-09-14,CP08,Longueuil,AS,AS,454.57,45.0
2025-09-14,CP08,Longueuil,AZ,AZC,476.94,6.0
2025-09-14,CP08,Longueuil,AZ,AZF,65.36,14.0
2025-09-14,CP08,Longueuil,AZ,AZT,922.9200000000001,8.0
2025-09-14,CP08,Longueuil,LO,LE,110.96000000000001,4.0
2025-09-14,CP08,Longueuil,LO,LJ,34.98,2.0
2025-09-14,CP08,Longueuil,LO,LP,29.99,1.0
2025-09-14,CP08,Longueuil,ME,M4,139.96,4.0
2025-09-14,CP08,Longueuil,ME,MO,0.0,1.0
2025-09-14,CP08,Longueuil,MK,MK,5.0,1.0
2025-09-14,CP08,Longueuil,PA,PA,99.99,1.0
2025-09-14,CP08,Longueuil,PA,PM,189.98000000000002,2.0
2025-09-14,CP08,Longueuil,PA,PMD,179.99,1.0
2025-09-14,CP08,Longueuil,PC,PIS,2913.86,144.0
2025-09-14,CP08,Longueuil,PC,SPA,227.87,13.0
2025-09-14,CP08,Longueuil,PC,TES,81.96,4.0
2025-09-14,CP08,Longueuil,PI,ZAP,221.67000000000002,8.0
2025-09-14,CP08,Longueuil,PI,ZHT,19.99,1.0
2025-09-14,CP08,Longueuil,PI,ZME,1.99,1.0
2025-09-14,CP08,Longueuil,PI,ZSP,214.89999999999998,10.0
2025-09-14,CP202,Nepean,AP,API,324.98,2.0
2025-09-14,CP202,Nepean,AP,PP,311.49,35.0
2025-09-14,CP202,Nepean,AP,TES,42.98,2.0
2025-09-14,CP202,Nepean,AS,AS,234.94,6.0
2025-09-14,CP202,Nepean,AS,SPA,104.94999999999999,5.0
2025-09-14,CP202,Nepean,AS,TES,35.98,2.0
2025-09-14,CP202,Nepean,AZ,AZT,181.99,1.0
2025-09-14,CP202,Nepean,ME,GA,249.99,1.0
2025-09-14,CP202,Nepean,PC,PIS,1637.19,82.0
2025-09-14,CP202,Nepean,PC,SPA,516.73,30.0
2025-09-14,CP202,Nepean,PI,PP,342.54,46.0
2025-09-14,CP202,Nepean,PI,TES,0.0,1.0
2025-09-14,CP37,Gatineau,AP,API,464.53,2.0
2025-09-14,CP37,Gatineau,AP,AZF,17.98,62.0
2025-09-14,CP37,Gatineau,AP,AZT,115.99,1.0
2025-09-14,CP37,Gatineau,AP,PP,54.88,12.0
2025-09-14,CP37,Gatineau,AP,TES,29.990000000000002,1.0
2025-09-14,CP37,Gatineau,AS,AS,108.97,3.0
2025-09-14,CP37,Gatineau,AS,SPA,41.98,2.0
2025-09-14,CP37,Gatineau,AS,TES,35.98,2.0
2025-09-14,CP37,Gatineau,AS,ZTH,88.99,1.0
2025-09-14,CP37,Gatineau,AZ,AZC,279.99,1.0
2025-09-14,CP37,Gatineau,AZ,AZT,154.99,1.0
2025-09-14,CP37,Gatineau,BQ,BA,19.99,1.0
2025-09-14,CP37,Gatineau,CH,THE,1599.99,1.0
2025-09-14,CP37,Gatineau,ME,GA,279.99,1.0
2025-09-14,CP37,Gatineau,ME,M1,999.99,1.0
2025-09-14,CP37,Gatineau,ME,M4,779.94,6.0
2025-09-14,CP37,Gatineau,ME,M5,0.0,0.0
2025-09-14,CP37,Gatineau,ME,MA,0.0,1.0
2025-09-14,CP37,Gatineau,ME,MO,179.99,1.0
2025-09-14,CP37,Gatineau,PC,PIS,2908.9,110.0
2025-09-14,CP37,Gatineau,PC,SPA,689.6800000000001,32.0
2025-09-14,CP37,Gatineau,PI,AZF,5.98,2.0
2025-09-14,CP37,Gatineau,PI,PP,52.870000000000005,13.0
2025-09-14,CP44,St-Constant,AP,AP,107.53999999999999,6.0
2025-09-14,CP44,St-Constant,AP,API,234.97,3.0
2025-09-14,CP44,St-Constant,AP,PP,436.24,66.0
2025-09-14,CP44,St-Constant,AS,AS,480.35,15.0
2025-09-14,CP44,St-Constant,AZ,AZF,66.82000000000001,18.0
2025-09-14,CP44,St-Constant,AZ,AZS,49.99,1.0
2025-09-14,CP44,St-Constant,AZ,AZT,648.95,5.0
2025-09-14,CP44,St-Constant,BQ,BA,59.99,1.0
2025-09-14,CP44,St-Constant,CH,THA,34.99,1.0
2025-09-14,CP44,St-Constant,LI,LV,0.0,1.0
2025-09-14,CP44,St-Constant,LO,LE,366.89,11.0
2025-09-14,CP44,St-Constant,LO,LJ,5.99,1.0
2025-09-14,CP44,St-Constant,LO,LOV,83.44,6.0
2025-09-14,CP44,St-Constant,LO,LP,6.99,1.0
2025-09-14,CP44,St-Constant,ME,MC,139.96,4.0
2025-09-14,CP44,St-Constant,PA,PM,79.99,1.0
2025-09-14,CP44,St-Constant,PC,PIS,2985.97,123.0
2025-09-14,CP44,St-Constant,PC,SPA,249.91,9.0
2025-09-14,CP44,St-Constant,PC,TES,39.98,2.0
2025-09-14,CP44,St-Constant,PI,ZAP,99.33,3.0
2025-09-14,CP44,St-Constant,PI,ZSP,69.99,1.0
2025-09-14,CP48,Beloeil,AP,AP,1174.42,9.0
2025-09-14,CP48,Beloeil,AP,API,993.35,15.0
2025-09-14,CP48,Beloeil,AP,PP,417.55,86.0
2025-09-14,CP48,Beloeil,AS,AS,275.74,26.0
2025-09-14,CP48,Beloeil,AZ,AZC,676.45,5.0
2025-09-14,CP48,Beloeil,AZ,AZF,85.29,21.0
2025-09-14,CP48,Beloeil,AZ,AZT,566.9499999999999,5.0
2025-09-14,CP48,Beloeil,BQ,BA,49.0,1.0
2025-09-14,CP48,Beloeil,CH,THA,53.98,2.0
2025-09-14,CP48,Beloeil,LO,LE,51.98,2.0
2025-09-14,CP48,Beloeil,LO,LJ,101.91,9.0
2025-09-14,CP48,Beloeil,LO,LOV,20.97,3.0
2025-09-14,CP48,Beloeil,ME,MA,46.97,3.0
2025-09-14,CP48,Beloeil,ME,MO,29.99,1.0
2025-09-14,CP48,Beloeil,PC,PIS,2765.94,136.0
2025-09-14,CP48,Beloeil,PC,SPA,736.52,48.0
2025-09-14,CP48,Beloeil,PI,ZAP,110.98,2.0
2025-09-14,CP48,Beloeil,PI,ZSP,76.97999999999999,2.0
2025-09-14,CP48,Beloeil,TO,TRA,494.99,1.0
