week_ending,store_code,city,division_code,sales,units,n_transactions,avg_temp,max_temp,total_precip,sunshine_hours,rain_days,snow_days,bad_weather_days,n_holidays,has_holiday,month
2025-06-08,CP08,Longueuil,AM,153.95,5.0,5,19.9,25.9,0.0,13.51,0,0,0,0,0,6
2025-06-08,CP08,Longueuil,AP,59742.19,1921.0,1292,19.9,25.9,0.0,13.51,0,0,0,0,0,6
2025-06-08,CP08,Longueuil,AS,9358.32,720.0,95,19.9,25.9,0.0,13.51,0,0,0,0,0,6
2025-06-08,CP08,Longueuil,AZ,14.96,4.0,3,19.9,25.9,0.0,13.51,0,0,0,0,0,6
2025-06-08,CP08,Longueuil,BQ,1779.48,28.0,25,19.9,25.9,0.0,13.51,0,0,0,0,0,6
2025-06-08,CP08,Longueuil,CC,0.0,1.0,1,19.9,25.9,0.0,13.51,0,0,0,0,0,6
2025-06-08,CP08,Longueuil,CH,22609.84,16.0,15,19.9,25.9,0.0,13.51,0,0,0,0,0,6
2025-06-08,CP08,Longueuil,FI,2791.98,4.0,3,19.9,25.9,0.0,13.51,0,0,0,0,0,6
2025-06-08,CP08,Longueuil,GA,8937.82,8.0,6,19.9,25.9,0.0,13.51,0,0,0,0,0,6
2025-06-08,CP08,Longueuil,HT,16270.0,5.0,5,19.9,25.9,0.0,13.51,0,0,0,0,0,6
2025-06-08,CP08,Longueuil,IN,7564.97,10.0,10,19.9,25.9,0.0,13.51,0,0,0,0,0,6
2025-06-08,CP08,Longueuil,INM,3764.99,13.0,13,19.9,25.9,0.0,13.51,0,0,0,0,0,6
2025-06-08,CP08,Longueuil,LI,1904.81,50.0,50,19.9,25.9,0.0,13.51,0,0,0,0,0,6
2025-06-08,CP08,Longueuil,LO,1488.78,101.0,76,19.9,25.9,0.0,13.51,0,0,0,0,0,6
2025-06-08,CP08,Longueuil,ME,46882.67,240.0,131,19.9,25.9,0.0,13.51,0,0,0,0,0,6
2025-06-08,CP08,Longueuil,MK,10.0,3.0,3,19.9,25.9,0.0,13.51,0,0,0,0,0,6
2025-06-08,CP08,Longueuil,PA,6862.08,25.0,24,19.9,25.9,0.0,13.51,0,0,0,0,0,6
2025-06-08,CP08,Longueuil,PC,43602.29,2029.0,1520,19.9,25.9,0.0,13.51,0,0,0,0,0,6
2025-06-08,CP08,Longueuil,PI,9391.68,424.0,320,19.9,25.9,0.0,13.51,0,0,0,0,0,6
2025-06-08,CP08,Longueuil,SE,3449.83,49.0,49,19.9,25.9,0.0,13.51,0,0,0,0,0,6
2025-06-08,CP08,Longueuil,SP,9369.01,1.0,1,19.9,25.9,0.0,13.51,0,0,0,0,0,6
2025-06-08,CP08,Longueuil,TO,3389.92,13.0,13,19.9,25.9,0.0,13.51,0,0,0,0,0,6
2025-06-08,CP202,Nepean,AP,28311.91,559.0,362,18.0,23.4,0.0,12.87,0,0,0,0,0,6
2025-06-08,CP202,Nepean,AS,7351.12,101.0,85,18.0,23.4,0.0,12.87,0,0,0,0,0,6
2025-06-08,CP202,Nepean,BQ,1299.99,1.0,1,18.0,23.4,0.0,12.87,0,0,0,0,0,6
2025-06-08,CP202,Nepean,CH,4959.99,1.0,1,18.0,23.4,0.0,12.87,0,0,0,0,0,6
2025-06-08,CP202,Nepean,DI,16.860000000000014,34.0,36,18.0,23.4,0.0,12.87,0,0,0,0,0,6
2025-06-08,CP202,Nepean,GA,47458.88,14.0,14,18.0,23.4,0.0,12.87,0,0,0,0,0,6
2025-06-08,CP202,Nepean,IN,4734.0,14.0,14,18.0,23.4,0.0,12.87,0,0,0,0,0,6
2025-06-08,CP202,Nepean,LI,1984.88,19.0,19,18.0,23.4,0.0,12.87,0,0,0,0,0,6
2025-06-08,CP202,Nepean,LO,421.59,41.0,32,18.0,23.4,0.0,12.87,0,0,0,0,0,6
2025-06-08,CP202,Nepean,ME,31546.11,104.0,73,18.0,23.4,0.0,12.87,0,0,0,0,0,6
2025-06-08,CP202,Nepean,MK,2.97,3.0,3,18.0,23.4,0.0,12.87,0,0,0,0,0,6
2025-06-08,CP202,Nepean,PA,7706.28,23.0,36,18.0,23.4,0.0,12.87,0,0,0,0,0,6
2025-06-08,CP202,Nepean,PC,39021.79,2100.0,1710,18.0,23.4,0.0,12.87,0,0,0,0,0,6
2025-06-08,CP202,Nepean,PI,9000.47,508.0,379,18.0,23.4,0.0,12.87,0,0,0,0,0,6
2025-06-08,CP202,Nepean,SP,55497.0,3.0,3,18.0,23.4,0.0,12.87,0,0,0,0,0,6
2025-06-08,CP202,Nepean,TO,559.99,1.0,1,18.0,23.4,0.0,12.87,0,0,0,0,0,6
2025-06-08,CP37,Gatineau,AM,549.99,1.0,1,18.1,23.4,0.0,13.52,0,0,0,0,0,6
2025-06-08,CP37,Gatineau,AP,81334.5,2669.0,1204,18.1,23.4,0.0,13.52,0,0,0,0,0,6
2025-06-08,CP37,Gatineau,AS,4195.7699999999995,109.0,98,18.1,23.4,0.0,13.52,0,0,0,0,0,6
2025-06-08,CP37,Gatineau,BQ,4286.23,12.0,10,18.1,23.4,0.0,13.52,0,0,0,0,0,6
2025-06-08,CP37,Gatineau,CH,12676.99,4.0,4,18.1,23.4,0.0,13.52,0,0,0,0,0,6
2025-06-08,CP37,Gatineau,CR,17559.92,3.0,3,18.1,23.4,0.0,13.52,0,0,0,0,0,6
2025-06-08,CP37,Gatineau,DI,80.93,11.0,9,18.1,23.4,0.0,13.52,0,0,0,0,0,6
2025-06-08,CP37,Gatineau,FI,3389.9799999999996,2.0,2,18.1,23.4,0.0,13.52,0,0,0,0,0,6
2025-06-08,CP37,Gatineau,GA,13899.92,8.0,7,18.1,23.4,0.0,13.52,0,0,0,0,0,6
2025-06-08,CP37,Gatineau,HT,19483.04,7.0,7,18.1,23.4,0.0,13.52,0,0,0,0,0,6
2025-06-08,CP37,Gatineau,IN,12516.95,116.0,49,18.1,23.4,0.0,13.52,0,0,0,0,0,6
2025-06-08,CP37,Gatineau,LI,2504.93,17.0,17,18.1,23.4,0.0,13.52,0,0,0,0,0,6
2025-06-08,CP37,Gatineau,LO,1395.46,104.0,81,18.1,23.4,0.0,13.52,0,0,0,0,0,6
2025-06-08,CP37,Gatineau,ME,34591.76,177.0,126,18.1,23.4,0.0,13.52,0,0,0,0,0,6
2025-06-08,CP37,Gatineau,MK,35.76,158.0,139,18.1,23.4,0.0,13.52,0,0,0,0,0,6
2025-06-08,CP37,Gatineau,PA,4759.95,27.0,28,18.1,23.4,0.0,13.52,0,0,0,0,0,6
2025-06-08,CP37,Gatineau,PC,76960.02,3588.0,2929,18.1,23.4,0.0,13.52,0,0,0,0,0,6
2025-06-08,CP37,Gatineau,PI,19219.95,1850.0,1250,18.1,23.4,0.0,13.52,0,0,0,0,0,6
2025-06-08,CP37,Gatineau,SE,1395.0,17.0,17,18.1,23.4,0.0,13.52,0,0,0,0,0,6
2025-06-08,CP37,Gatineau,SP,50890.31,3.0,3,18.1,23.4,0.0,13.52,0,0,0,0,0,6
2025-06-08,CP37,Gatineau,TO,11590.81,30.0,34,18.1,23.4,0.0,13.52,0,0,0,0,0,6
2025-06-08,CP44,St-Constant,AM,199.99,1.0,1,19.6,25.5,0.0,13.8,0,0,0,0,0,6
2025-06-08,CP44,St-Constant,AP,45823.85,1206.0,840,19.6,25.5,0.0,13.8,0,0,0,0,0,6
2025-06-08,CP44,St-Constant,AS,3148.36,350.0,74,19.6,25.5,0.0,13.8,0,0,0,0,0,6
2025-06-08,CP44,St-Constant,AZ,14.95,5.0,3,19.6,25.5,0.0,13.8,0,0,0,0,0,6
2025-06-08,CP44,St-Constant,BQ,4399.9,15.0,17,19.6,25.5,0.0,13.8,0,0,0,0,0,6
2025-06-08,CP44,St-Constant,CC,0.0,1.0,1,19.6,25.5,0.0,13.8,0,0,0,0,0,6
2025-06-08,CP44,St-Constant,CH,13379.94,6.0,6,19.6,25.5,0.0,13.8,0,0,0,0,0,6
2025-06-08,CP44,St-Constant,FI,26.99,1.0,1,19.6,25.5,0.0,13.8,0,0,0,0,0,6
2025-06-08,CP44,St-Constant,GA,10389.92,8.0,8,19.6,25.5,0.0,13.8,0,0,0,0,0,6
2025-06-08,CP44,St-Constant,HT,12051.03,4.0,4,19.6,25.5,0.0,13.8,0,0,0,0,0,6
2025-06-08,CP44,St-Constant,IN,6434.98,8.0,8,19.6,25.5,0.0,13.8,0,0,0,0,0,6
2025-06-08,CP44,St-Constant,INM,4709.98,11.0,11,19.6,25.5,0.0,13.8,0,0,0,0,0,6
2025-06-08,CP44,St-Constant,LI,1547.92,39.0,34,19.6,25.5,0.0,13.8,0,0,0,0,0,6
2025-06-08,CP44,St-Constant,LO,2046.95,124.0,100,19.6,25.5,0.0,13.8,0,0,0,0,0,6
2025-06-08,CP44,St-Constant,ME,10874.84,60.0,42,19.6,25.5,0.0,13.8,0,0,0,0,0,6
2025-06-08,CP44,St-Constant,MK,1.99,2.0,2,19.6,25.5,0.0,13.8,0,0,0,0,0,6
2025-06-08,CP44,St-Constant,PA,2083.74,13.0,12,19.6,25.5,0.0,13.8,0,0,0,0,0,6
2025-06-08,CP44,St-Constant,PC,23542.75,1076.0,840,19.6,25.5,0.0,13.8,0,0,0,0,0,6
2025-06-08,CP44,St-Constant,PI,4816.49,160.0,150,19.6,25.5,0.0,13.8,0,0,0,0,0,6
2025-06-08,CP44,St-Constant,SE,669.98,11.0,11,19.6,25.5,0.0,13.8,0,0,0,0,0,6
2025-06-08,CP44,St-Constant,SP,27247.01,3.0,3,19.6,25.5,0.0,13.8,0,0,0,0,0,6
2025-06-08,CP44,St-Constant,TO,3631.98,7.0,7,19.6,25.5,0.0,13.8,0,0,0,0,0,6
2025-06-08,CP48,Beloeil,AM,249.97,3.0,3,18.2,24.0,0.0,13.7,0,0,0,0,0,6
2025-06-08,CP48,Beloeil,AP,66002.28,1693.0,1278,18.2,24.0,0.0,13.7,0,0,0,0,0,6
2025-06-08,CP48,Beloeil,AS,3272.45,670.0,67,18.2,24.0,0.0,13.7,0,0,0,0,0,6
2025-06-08,CP48,Beloeil,AZ,56.86,14.0,16,18.2,24.0,0.0,13.7,0,0,0,0,0,6
2025-06-08,CP48,Beloeil,BQ,6711.84,22.0,24,18.2,24.0,0.0,13.7,0,0,0,0,0,6
2025-06-08,CP48,Beloeil,CC,0.0,6.0,6,18.2,24.0,0.0,13.7,0,0,0,0,0,6
2025-06-08,CP48,Beloeil,CH,17299.93,7.0,7,18.2,24.0,0.0,13.7,0,0,0,0,0,6
2025-06-08,CP48,Beloeil,DI,200.0,1.0,1,18.2,24.0,0.0,13.7,0,0,0,0,0,6
2025-06-08,CP48,Beloeil,GA,2699.99,1.0,1,18.2,24.0,0.0,13.7,0,0,0,0,0,6
2025-06-08,CP48,Beloeil,HT,7417.0,3.0,3,18.2,24.0,0.0,13.7,0,0,0,0,0,6
2025-06-08,CP48,Beloeil,IN,5164.98,7.0,7,18.2,24.0,0.0,13.7,0,0,0,0,0,6
2025-06-08,CP48,Beloeil,INM,370.0,3.0,3,18.2,24.0,0.0,13.7,0,0,0,0,0,6
2025-06-08,CP48,Beloeil,LI,674.93,25.0,25,18.2,24.0,0.0,13.7,0,0,0,0,0,6
2025-06-08,CP48,Beloeil,LO,3112.31,159.0,127,18.2,24.0,0.0,13.7,0,0,0,0,0,6
2025-06-08,CP48,Beloeil,ME,35301.68,117.0,73,18.2,24.0,0.0,13.7,0,0,0,0,0,6
2025-06-08,CP48,Beloeil,MK,1.99,1.0,1,18.2,24.0,0.0,13.7,0,0,0,0,0,6
2025-06-08,CP48,Beloeil,PA,2345.34,7.0,7,18.2,24.0,0.0,13.7,0,0,0,0,0,6
2025-06-08,CP48,Beloeil,PC,46096.67,2184.0,1599,18.2,24.0,0.0,13.7,0,0,0,0,0,6
2025-06-08,CP48,Beloeil,PI,5240.89,224.0,180,18.2,24.0,0.0,13.7,0,0,0,0,0,6
2025-06-08,CP48,Beloeil,SE,949.91,11.0,11,18.2,24.0,0.0,13.7,0,0,0,0,0,6
2025-06-08,CP48,Beloeil,TO,1822.46,8.0,8,18.2,24.0,0.0,13.7,0,0,0,0,0,6
2025-06-15,CP08,Longueuil,AM,674.9300000000001,7.0,6,18.19,25.8,9.5,88.01,3,0,3,0,0,6
2025-06-15,CP08,Longueuil,AP,72978.14,1672.5,1253,18.19,25.8,9.5,88.01,3,0,3,0,0,6
2025-06-15,CP08,Longueuil,AS,5661.65,609.0,99,18.19,25.8,9.5,88.01,3,0,3,0,0,6
2025-06-15,CP08,Longueuil,AZ,41.900000000000006,10.0,10,18.19,25.8,9.5,88.01,3,0,3,0,0,6
2025-06-15,CP08,Longueuil,BQ,1353.29,9.0,12,18.19,25.8,9.5,88.01,3,0,3,0,0,6
2025-06-15,CP08,Longueuil,CH,20589.9,11.0,13,18.19,25.8,9.5,88.01,3,0,3,0,0,6
2025-06-15,CP08,Longueuil,FI,2189.76,12.0,8,18.19,25.8,9.5,88.01,3,0,3,0,0,6
2025-06-15,CP08,Longueuil,HT,10842.01,4.0,4,18.19,25.8,9.5,88.01,3,0,3,0,0,6
2025-06-15,CP08,Longueuil,IN,5654.97,8.0,8,18.19,25.8,9.5,88.01,3,0,3,0,0,6
2025-06-15,CP08,Longueuil,INM,6498.0,18.0,18,18.19,25.8,9.5,88.01,3,0,3,0,0,6
2025-06-15,CP08,Longueuil,LI,1519.9,37.0,37,18.19,25.8,9.5,88.01,3,0,3,0,0,6
2025-06-15,CP08,Longueuil,LO,3464.7,179.0,139,18.19,25.8,9.5,88.01,3,0,3,0,0,6
2025-06-15,CP08,Longueuil,ME,34456.65,168.0,126,18.19,25.8,9.5,88.01,3,0,3,0,0,6
2025-06-15,CP08,Longueuil,MK,10.0,2.0,2,18.19,25.8,9.5,88.01,3,0,3,0,0,6
2025-06-15,CP08,Longueuil,PA,5984.6,23.0,22,18.19,25.8,9.5,88.01,3,0,3,0,0,6
2025-06-15,CP08,Longueuil,PC,37526.91,1823.0,1355,18.19,25.8,9.5,88.01,3,0,3,0,0,6
2025-06-15,CP08,Longueuil,PI,11728.18,393.0,344,18.19,25.8,9.5,88.01,3,0,3,0,0,6
2025-06-15,CP08,Longueuil,SE,1354.92,34.0,34,18.19,25.8,9.5,88.01,3,0,3,0,0,6
2025-06-15,CP08,Longueuil,SP,20348.0,2.0,2,18.19,25.8,9.5,88.01,3,0,3,0,0,6
2025-06-15,CP08,Longueuil,TO,8204.96,10.0,10,18.19,25.8,9.5,88.01,3,0,3,0,0,6
2025-06-15,CP202,Nepean,AM,398.22,1.0,1,16.83,23.9,21.6,86.96,3,0,3,0,0,6
2025-06-15,CP202,Nepean,AP,16704.38,312.0,285,16.83,23.9,21.6,86.96,3,0,3,0,0,6
2025-06-15,CP202,Nepean,AS,5867.77,86.0,75,16.83,23.9,21.6,86.96,3,0,3,0,0,6
2025-06-15,CP202,Nepean,BQ,314.99,2.0,2,16.83,23.9,21.6,86.96,3,0,3,0,0,6
2025-06-15,CP202,Nepean,DI,79.92,40.0,35,16.83,23.9,21.6,86.96,3,0,3,0,0,6
2025-06-15,CP202,Nepean,GA,22049.91,9.0,9,16.83,23.9,21.6,86.96,3,0,3,0,0,6
2025-06-15,CP202,Nepean,IN,1304.0,8.0,8,16.83,23.9,21.6,86.96,3,0,3,0,0,6
2025-06-15,CP202,Nepean,LI,3284.85,22.0,22,16.83,23.9,21.6,86.96,3,0,3,0,0,6
2025-06-15,CP202,Nepean,LO,623.98,52.0,48,16.83,23.9,21.6,86.96,3,0,3,0,0,6
2025-06-15,CP202,Nepean,ME,24349.68,93.0,65,16.83,23.9,21.6,86.96,3,0,3,0,0,6
2025-06-15,CP202,Nepean,MK,0.99,3.0,3,16.83,23.9,21.6,86.96,3,0,3,0,0,6
2025-06-15,CP202,Nepean,PA,5337.29,23.0,20,16.83,23.9,21.6,86.96,3,0,3,0,0,6
2025-06-15,CP202,Nepean,PC,31292.06,1636.0,1328,16.83,23.9,21.6,86.96,3,0,3,0,0,6
2025-06-15,CP202,Nepean,PI,3278.64,262.0,269,16.83,23.9,21.6,86.96,3,0,3,0,0,6
2025-06-15,CP202,Nepean,SP,52245.0,5.0,5,16.83,23.9,21.6,86.96,3,0,3,0,0,6
2025-06-15,CP202,Nepean,TO,0.0,1.0,1,16.83,23.9,21.6,86.96,3,0,3,0,0,6
2025-06-15,CP37,Gatineau,AM,1541.36,3.0,3,16.27,24.0,18.2,86.74,3,0,3,0,0,6
2025-06-15,CP37,Gatineau,AP,62309.49,1901.0,959,16.27,24.0,18.2,86.74,3,0,3,0,0,6
2025-06-15,CP37,Gatineau,AS,7675.17,117.0,105,16.27,24.0,18.2,86.74,3,0,3,0,0,6
2025-06-15,CP37,Gatineau,BQ,3611.89,12.0,12,16.27,24.0,18.2,86.74,3,0,3,0,0,6
2025-06-15,CP37,Gatineau,CA,399.99,1.0,1,16.27,24.0,18.2,86.74,3,0,3,0,0,6
2025-06-15,CP37,Gatineau,CH,28646.9,13.0,13,16.27,24.0,18.2,86.74,3,0,3,0,0,6
2025-06-15,CP37,Gatineau,DI,185.92,13.0,13,16.27,24.0,18.2,86.74,3,0,3,0,0,6
2025-06-15,CP37,Gatineau,GA,44640.7,16.0,14,16.27,24.0,18.2,86.74,3,0,3,0,0,6
2025-06-15,CP37,Gatineau,HT,15974.5,5.0,5,16.27,24.0,18.2,86.74,3,0,3,0,0,6
2025-06-15,CP37,Gatineau,IN,12937.96,34.0,34,16.27,24.0,18.2,86.74,3,0,3,0,0,6
2025-06-15,CP37,Gatineau,LI,1862.9,15.0,15,16.27,24.0,18.2,86.74,3,0,3,0,0,6
2025-06-15,CP37,Gatineau,LO,2369.23,127.0,107,16.27,24.0,18.2,86.74,3,0,3,0,0,6
2025-06-15,CP37,Gatineau,ME,39460.49,222.0,130,16.27,24.0,18.2,86.74,3,0,3,0,0,6
2025-06-15,CP37,Gatineau,MK,29.84,135.0,116,16.27,24.0,18.2,86.74,3,0,3,0,0,6
2025-06-15,CP37,Gatineau,PA,1476.84,17.0,17,16.27,24.0,18.2,86.74,3,0,3,0,0,6
2025-06-15,CP37,Gatineau,PC,68999.19,3110.0,2627,16.27,24.0,18.2,86.74,3,0,3,0,0,6
2025-06-15,CP37,Gatineau,PI,17285.58,1552.0,1130,16.27,24.0,18.2,86.74,3,0,3,0,0,6
2025-06-15,CP37,Gatineau,SE,325.0,5.0,5,16.27,24.0,18.2,86.74,3,0,3,0,0,6
2025-06-15,CP37,Gatineau,SP,12999.0,1.0,1,16.27,24.0,18.2,86.74,3,0,3,0,0,6
2025-06-15,CP37,Gatineau,TO,8363.44,21.0,23,16.27,24.0,18.2,86.74,3,0,3,0,0,6
2025-06-15,CP44,St-Constant,AM,409.97,3.0,2,17.66,25.3,18.1,87.88,3,0,3,0,0,6
2025-06-15,CP44,St-Constant,AP,39240.59,1250.5,844,17.66,25.3,18.1,87.88,3,0,3,0,0,6
2025-06-15,CP44,St-Constant,AS,2918.19,514.0,70,17.66,25.3,18.1,87.88,3,0,3,0,0,6
2025-06-15,CP44,St-Constant,AZ,21.340000000000003,6.0,6,17.66,25.3,18.1,87.88,3,0,3,0,0,6
2025-06-15,CP44,St-Constant,BQ,2269.83,21.0,21,17.66,25.3,18.1,87.88,3,0,3,0,0,6
2025-06-15,CP44,St-Constant,CC,0.0,2.0,2,17.66,25.3,18.1,87.88,3,0,3,0,0,6
2025-06-15,CP44,St-Constant,CH,18259.93,9.0,9,17.66,25.3,18.1,87.88,3,0,3,0,0,6
2025-06-15,CP44,St-Constant,FI,6004.99,14.0,9,17.66,25.3,18.1,87.88,3,0,3,0,0,6
2025-06-15,CP44,St-Constant,GA,8949.98,2.0,2,17.66,25.3,18.1,87.88,3,0,3,0,0,6
2025-06-15,CP44,St-Constant,HT,15270.0,5.0,5,17.66,25.3,18.1,87.88,3,0,3,0,0,6
2025-06-15,CP44,St-Constant,IN,7754.97,10.0,10,17.66,25.3,18.1,87.88,3,0,3,0,0,6
2025-06-15,CP44,St-Constant,INM,2829.98,7.0,7,17.66,25.3,18.1,87.88,3,0,3,0,0,6
2025-06-15,CP44,St-Constant,LI,1119.92,31.0,31,17.66,25.3,18.1,87.88,3,0,3,0,0,6
2025-06-15,CP44,St-Constant,LO,2326.67,120.0,105,17.66,25.3,18.1,87.88,3,0,3,0,0,6
2025-06-15,CP44,St-Constant,ME,17415.09,100.0,52,17.66,25.3,18.1,87.88,3,0,3,0,0,6
2025-06-15,CP44,St-Constant,MK,1.99,1.0,1,17.66,25.3,18.1,87.88,3,0,3,0,0,6
2025-06-15,CP44,St-Constant,PA,3542.9,14.0,14,17.66,25.3,18.1,87.88,3,0,3,0,0,6
2025-06-15,CP44,St-Constant,PC,20725.21,991.0,735,17.66,25.3,18.1,87.88,3,0,3,0,0,6
2025-06-15,CP44,St-Constant,PI,4309.0,155.0,139,17.66,25.3,18.1,87.88,3,0,3,0,0,6
2025-06-15,CP44,St-Constant,SE,444.98,7.0,7,17.66,25.3,18.1,87.88,3,0,3,0,0,6
2025-06-15,CP44,St-Constant,SP,10449.0,1.0,1,17.66,25.3,18.1,87.88,3,0,3,0,0,6
2025-06-15,CP44,St-Constant,TO,3919.93,11.0,11,17.66,25.3,18.1,87.88,3,0,3,0,0,6
2025-06-15,CP48,Beloeil,AM,565.96,4.0,4,17.04,23.8,8.3,87.57,4,0,4,0,0,6
2025-06-15,CP48,Beloeil,AP,55782.12,1646.0,1207,17.04,23.8,8.3,87.57,4,0,4,0,0,6
2025-06-15,CP48,Beloeil,AS,2741.7200000000003,580.0,83,17.04,23.8,8.3,87.57,4,0,4,0,0,6
2025-06-15,CP48,Beloeil,AZ,38.900000000000006,10.0,9,17.04,23.8,8.3,87.57,4,0,4,0,0,6
2025-06-15,CP48,Beloeil,BQ,4803.0,21.0,21,17.04,23.8,8.3,87.57,4,0,4,0,0,6
2025-06-15,CP48,Beloeil,CC,0.0,3.0,3,17.04,23.8,8.3,87.57,4,0,4,0,0,6
2025-06-15,CP48,Beloeil,CH,17449.9,10.0,10,17.04,23.8,8.3,87.57,4,0,4,0,0,6
2025-06-15,CP48,Beloeil,FI,1599.98,2.0,2,17.04,23.8,8.3,87.57,4,0,4,0,0,6
2025-06-15,CP48,Beloeil,GA,2259.9700000000003,3.0,3,17.04,23.8,8.3,87.57,4,0,4,0,0,6
2025-06-15,CP48,Beloeil,HT,17494.0,6.0,6,17.04,23.8,8.3,87.57,4,0,4,0,0,6
2025-06-15,CP48,Beloeil,IN,8479.97,11.0,11,17.04,23.8,8.3,87.57,4,0,4,0,0,6
2025-06-15,CP48,Beloeil,INM,2505.0,8.0,8,17.04,23.8,8.3,87.57,4,0,4,0,0,6
2025-06-15,CP48,Beloeil,LI,2259.9,44.0,44,17.04,23.8,8.3,87.57,4,0,4,0,0,6
2025-06-15,CP48,Beloeil,LO,4240.31,200.0,163,17.04,23.8,8.3,87.57,4,0,4,0,0,6
2025-06-15,CP48,Beloeil,ME,28258.55,147.0,88,17.04,23.8,8.3,87.57,4,0,4,0,0,6
2025-06-15,CP48,Beloeil,MK,1.99,1.0,1,17.04,23.8,8.3,87.57,4,0,4,0,0,6
2025-06-15,CP48,Beloeil,PA,2465.55,17.0,17,17.04,23.8,8.3,87.57,4,0,4,0,0,6
2025-06-15,CP48,Beloeil,PC,40069.14,1888.0,1405,17.04,23.8,8.3,87.57,4,0,4,0,0,6
2025-06-15,CP48,Beloeil,PI,5201.35,152.0,143,17.04,23.8,8.3,87.57,4,0,4,0,0,6
2025-06-15,CP48,Beloeil,SE,389.96,7.0,7,17.04,23.8,8.3,87.57,4,0,4,0,0,6
2025-06-15,CP48,Beloeil,SP,47246.0,5.0,5,17.04,23.8,8.3,87.57,4,0,4,0,0,6
2025-06-15,CP48,Beloeil,TO,3332.44,12.0,12,17.04,23.8,8.3,87.57,4,0,4,0,0,6
2025-06-22,CP08,Longueuil,AM,112.98,2.0,2,22.46,29.5,44.2,76.92,6,0,6,0,0,6
2025-06-22,CP08,Longueuil,AP,73904.55,1483.5,1049,22.46,29.5,44.2,76.92,6,0,6,0,0,6
2025-06-22,CP08,Longueuil,AS,2638.95,394.0,66,22.46,29.5,44.2,76.92,6,0,6,0,0,6
2025-06-22,CP08,Longueuil,AZ,2.99,1.0,1,22.46,29.5,44.2,76.92,6,0,6,0,0,6
2025-06-22,CP08,Longueuil,BQ,8235.28,24.0,23,22.46,29.5,44.2,76.92,6,0,6,0,0,6
2025-06-22,CP08,Longueuil,CH,20799.91,9.0,9,22.46,29.5,44.2,76.92,6,0,6,0,0,6
2025-06-22,CP08,Longueuil,FI,3207.94,6.0,5,22.46,29.5,44.2,76.92,6,0,6,0,0,6
2025-06-22,CP08,Longueuil,GA,7919.94,6.0,6,22.46,29.5,44.2,76.92,6,0,6,0,0,6
2025-06-22,CP08,Longueuil,HT,10106.99,4.0,4,22.46,29.5,44.2,76.92,6,0,6,0,0,6
2025-06-22,CP08,Longueuil,IN,7419.94,12.0,12,22.46,29.5,44.2,76.92,6,0,6,0,0,6
2025-06-22,CP08,Longueuil,INM,1375.0,3.0,3,22.46,29.5,44.2,76.92,6,0,6,0,0,6
2025-06-22,CP08,Longueuil,LI,1079.87,36.0,36,22.46,29.5,44.2,76.92,6,0,6,0,0,6
2025-06-22,CP08,Longueuil,LO,2368.75,144.0,114,22.46,29.5,44.2,76.92,6,0,6,0,0,6
2025-06-22,CP08,Longueuil,ME,29405.93,181.0,108,22.46,29.5,44.2,76.92,6,0,6,0,0,6
2025-06-22,CP08,Longueuil,MK,8.98,3.0,3,22.46,29.5,44.2,76.92,6,0,6,0,0,6
2025-06-22,CP08,Longueuil,PA,6012.24,26.0,25,22.46,29.5,44.2,76.92,6,0,6,0,0,6
2025-06-22,CP08,Longueuil,PC,35951.06,1593.0,1259,22.46,29.5,44.2,76.92,6,0,6,0,0,6
2025-06-22,CP08,Longueuil,PI,11369.02,253.0,203,22.46,29.5,44.2,76.92,6,0,6,0,0,6
2025-06-22,CP08,Longueuil,SE,1170.94,46.0,25,22.46,29.5,44.2,76.92,6,0,6,0,0,6
2025-06-22,CP08,Longueuil,TO,2124.95,6.0,6,22.46,29.5,44.2,76.92,6,0,6,0,0,6
2025-06-22,CP202,Nepean,AP,34057.9,362.0,292,21.4,28.0,30.1,81.71,6,0,6,0,0,6
2025-06-22,CP202,Nepean,AS,2627.44,60.0,48,21.4,28.0,30.1,81.71,6,0,6,0,0,6
2025-06-22,CP202,Nepean,BQ,179.99,1.0,1,21.4,28.0,30.1,81.71,6,0,6,0,0,6
2025-06-22,CP202,Nepean,CH,1899.99,1.0,1,21.4,28.0,30.1,81.71,6,0,6,0,0,6
2025-06-22,CP202,Nepean,DI,51.95,31.0,32,21.4,28.0,30.1,81.71,6,0,6,0,0,6
2025-06-22,CP202,Nepean,GA,23898.949999999997,6.0,6,21.4,28.0,30.1,81.71,6,0,6,0,0,6
2025-06-22,CP202,Nepean,IN,3150.99,7.0,7,21.4,28.0,30.1,81.71,6,0,6,0,0,6
2025-06-22,CP202,Nepean,LI,2038.86,17.0,17,21.4,28.0,30.1,81.71,6,0,6,0,0,6
2025-06-22,CP202,Nepean,LO,1134.68,32.0,29,21.4,28.0,30.1,81.71,6,0,6,0,0,6
2025-06-22,CP202,Nepean,ME,41138.04,165.0,83,21.4,28.0,30.1,81.71,6,0,6,0,0,6
2025-06-22,CP202,Nepean,PA,5107.98,19.0,16,21.4,28.0,30.1,81.71,6,0,6,0,0,6
2025-06-22,CP202,Nepean,PC,31174.37,1640.0,1383,21.4,28.0,30.1,81.71,6,0,6,0,0,6
2025-06-22,CP202,Nepean,PI,4280.61,289.0,247,21.4,28.0,30.1,81.71,6,0,6,0,0,6
2025-06-22,CP202,Nepean,SP,23752.0,1.0,1,21.4,28.0,30.1,81.71,6,0,6,0,0,6
2025-06-22,CP37,Gatineau,AM,549.99,1.0,3,20.97,28.9,31.7,78.8,6,0,6,0,0,6
2025-06-22,CP37,Gatineau,AP,80332.83,2419.0,1023,20.97,28.9,31.7,78.8,6,0,6,0,0,6
2025-06-22,CP37,Gatineau,AS,4759.91,91.0,86,20.97,28.9,31.7,78.8,6,0,6,0,0,6
2025-06-22,CP37,Gatineau,BQ,4393.8,20.0,20,20.97,28.9,31.7,78.8,6,0,6,0,0,6
2025-06-22,CP37,Gatineau,CH,10197.98,5.0,5,20.97,28.9,31.7,78.8,6,0,6,0,0,6
2025-06-22,CP37,Gatineau,CR,49959.0,4.0,4,20.97,28.9,31.7,78.8,6,0,6,0,0,6
2025-06-22,CP37,Gatineau,DI,128.61,14.0,13,20.97,28.9,31.7,78.8,6,0,6,0,0,6
2025-06-22,CP37,Gatineau,FI,1699.99,1.0,1,20.97,28.9,31.7,78.8,6,0,6,0,0,6
2025-06-22,CP37,Gatineau,GA,2585.86,2.0,1,20.97,28.9,31.7,78.8,6,0,6,0,0,6
2025-06-22,CP37,Gatineau,HT,23393.0,7.0,7,20.97,28.9,31.7,78.8,6,0,6,0,0,6
2025-06-22,CP37,Gatineau,IN,12175.94,-86.0,34,20.97,28.9,31.7,78.8,6,0,6,0,0,6
2025-06-22,CP37,Gatineau,LI,1686.59,15.0,15,20.97,28.9,31.7,78.8,6,0,6,0,0,6
2025-06-22,CP37,Gatineau,LO,3089.12,204.0,160,20.97,28.9,31.7,78.8,6,0,6,0,0,6
2025-06-22,CP37,Gatineau,ME,47016.61,213.0,121,20.97,28.9,31.7,78.8,6,0,6,0,0,6
2025-06-22,CP37,Gatineau,MK,112.87,117.0,102,20.97,28.9,31.7,78.8,6,0,6,0,0,6
2025-06-22,CP37,Gatineau,PA,1698.86,12.0,16,20.97,28.9,31.7,78.8,6,0,6,0,0,6
2025-06-22,CP37,Gatineau,PC,63163.03,2886.0,2396,20.97,28.9,31.7,78.8,6,0,6,0,0,6
2025-06-22,CP37,Gatineau,PI,16179.76,1280.0,957,20.97,28.9,31.7,78.8,6,0,6,0,0,6
2025-06-22,CP37,Gatineau,SE,824.0,14.0,12,20.97,28.9,31.7,78.8,6,0,6,0,0,6
2025-06-22,CP37,Gatineau,SP,11585.23,2.0,2,20.97,28.9,31.7,78.8,6,0,6,0,0,6
2025-06-22,CP37,Gatineau,TO,7464.85,24.0,22,20.97,28.9,31.7,78.8,6,0,6,0,0,6
2025-06-22,CP44,St-Constant,AM,77.97,3.0,3,21.91,29.6,51.1,80.03,6,0,6,0,0,6
2025-06-22,CP44,St-Constant,AP,39277.96,977.5,681,21.91,29.6,51.1,80.03,6,0,6,0,0,6
2025-06-22,CP44,St-Constant,AS,2840.06,276.0,46,21.91,29.6,51.1,80.03,6,0,6,0,0,6
2025-06-22,CP44,St-Constant,AZ,207.92,8.0,8,21.91,29.6,51.1,80.03,6,0,6,0,0,6
2025-06-22,CP44,St-Constant,BQ,1672.81,20.0,18,21.91,29.6,51.1,80.03,6,0,6,0,0,6
2025-06-22,CP44,St-Constant,CC,0.0,1.0,1,21.91,29.6,51.1,80.03,6,0,6,0,0,6
2025-06-22,CP44,St-Constant,CH,13549.95,7.0,7,21.91,29.6,51.1,80.03,6,0,6,0,0,6
2025-06-22,CP44,St-Constant,FI,1659.99,1.0,1,21.91,29.6,51.1,80.03,6,0,6,0,0,6
2025-06-22,CP44,St-Constant,GA,10364.91,10.0,10,21.91,29.6,51.1,80.03,6,0,6,0,0,6
2025-06-22,CP44,St-Constant,HT,2699.0,1.0,1,21.91,29.6,51.1,80.03,6,0,6,0,0,6
2025-06-22,CP44,St-Constant,IN,3199.95,6.0,6,21.91,29.6,51.1,80.03,6,0,6,0,0,6
2025-06-22,CP44,St-Constant,INM,2420.0,8.0,5,21.91,29.6,51.1,80.03,6,0,6,0,0,6
2025-06-22,CP44,St-Constant,LI,1029.94,24.0,24,21.91,29.6,51.1,80.03,6,0,6,0,0,6
2025-06-22,CP44,St-Constant,LO,2301.06,149.0,124,21.91,29.6,51.1,80.03,6,0,6,0,0,6
2025-06-22,CP44,St-Constant,ME,14166.85,52.0,36,21.91,29.6,51.1,80.03,6,0,6,0,0,6
2025-06-22,CP44,St-Constant,MK,1.99,1.0,1,21.91,29.6,51.1,80.03,6,0,6,0,0,6
2025-06-22,CP44,St-Constant,PA,1922.68,9.0,11,21.91,29.6,51.1,80.03,6,0,6,0,0,6
2025-06-22,CP44,St-Constant,PC,20126.05,1002.0,778,21.91,29.6,51.1,80.03,6,0,6,0,0,6
2025-06-22,CP44,St-Constant,PI,3201.43,102.0,91,21.91,29.6,51.1,80.03,6,0,6,0,0,6
2025-06-22,CP44,St-Constant,SE,424.96,9.0,9,21.91,29.6,51.1,80.03,6,0,6,0,0,6
2025-06-22,CP44,St-Constant,SP,16216.99,4.0,4,21.91,29.6,51.1,80.03,6,0,6,0,0,6
2025-06-22,CP44,St-Constant,TO,1042.48,3.0,3,21.91,29.6,51.1,80.03,6,0,6,0,0,6
2025-06-22,CP48,Beloeil,AM,751.92,8.0,8,21.24,28.6,53.1,76.4,5,0,5,0,0,6
2025-06-22,CP48,Beloeil,AP,53674.61,1353.5,1052,21.24,28.6,53.1,76.4,5,0,5,0,0,6
2025-06-22,CP48,Beloeil,AS,2388.35,486.0,82,21.24,28.6,53.1,76.4,5,0,5,0,0,6
2025-06-22,CP48,Beloeil,AZ,32.89,11.0,7,21.24,28.6,53.1,76.4,5,0,5,0,0,6
2025-06-22,CP48,Beloeil,BQ,6073.7,39.0,38,21.24,28.6,53.1,76.4,5,0,5,0,0,6
2025-06-22,CP48,Beloeil,CC,125.0,4.0,4,21.24,28.6,53.1,76.4,5,0,5,0,0,6
2025-06-22,CP48,Beloeil,CH,16999.91,9.0,9,21.24,28.6,53.1,76.4,5,0,5,0,0,6
2025-06-22,CP48,Beloeil,GA,11319.95,6.0,6,21.24,28.6,53.1,76.4,5,0,5,0,0,6
2025-06-22,CP48,Beloeil,HT,10596.0,4.0,4,21.24,28.6,53.1,76.4,5,0,5,0,0,6
2025-06-22,CP48,Beloeil,IN,5384.99,6.0,6,21.24,28.6,53.1,76.4,5,0,5,0,0,6
2025-06-22,CP48,Beloeil,INM,2475.0,105.0,6,21.24,28.6,53.1,76.4,5,0,5,0,0,6
2025-06-22,CP48,Beloeil,LI,709.9499999999999,33.0,33,21.24,28.6,53.1,76.4,5,0,5,0,0,6
2025-06-22,CP48,Beloeil,LO,4501.17,242.0,211,21.24,28.6,53.1,76.4,5,0,5,0,0,6
2025-06-22,CP48,Beloeil,ME,26018.79,136.0,80,21.24,28.6,53.1,76.4,5,0,5,0,0,6
2025-06-22,CP48,Beloeil,PA,1955.92,7.0,7,21.24,28.6,53.1,76.4,5,0,5,0,0,6
2025-06-22,CP48,Beloeil,PC,34729.46,1558.0,1214,21.24,28.6,53.1,76.4,5,0,5,0,0,6
2025-06-22,CP48,Beloeil,PI,4672.650000000001,187.0,140,21.24,28.6,53.1,76.4,5,0,5,0,0,6
2025-06-22,CP48,Beloeil,SE,519.95,8.0,8,21.24,28.6,53.1,76.4,5,0,5,0,0,6
2025-06-22,CP48,Beloeil,SP,15499.0,1.0,1,21.24,28.6,53.1,76.4,5,0,5,0,0,6
2025-06-22,CP48,Beloeil,TO,5362.45,9.0,9,21.24,28.6,53.1,76.4,5,0,5,0,0,6
2025-06-29,CP08,Longueuil,AM,3717.59,43.0,5,23.19,34.7,30.9,74.28,5,0,5,1,1,6
2025-06-29,CP08,Longueuil,AP,53448.27,1169.5,859,23.19,34.7,30.9,74.28,5,0,5,1,1,6
2025-06-29,CP08,Longueuil,AS,6778.9800000000005,368.0,68,23.19,34.7,30.9,74.28,5,0,5,1,1,6
2025-06-29,CP08,Longueuil,AZ,5.98,2.0,4,23.19,34.7,30.9,74.28,5,0,5,1,1,6
2025-06-29,CP08,Longueuil,BQ,1423.79,25.0,25,23.19,34.7,30.9,74.28,5,0,5,1,1,6
2025-06-29,CP08,Longueuil,CC,0.0,1.0,1,23.19,34.7,30.9,74.28,5,0,5,1,1,6
2025-06-29,CP08,Longueuil,CH,18229.91,9.0,9,23.19,34.7,30.9,74.28,5,0,5,1,1,6
2025-06-29,CP08,Longueuil,FI,5365.129999999999,8.0,8,23.19,34.7,30.9,74.28,5,0,5,1,1,6
2025-06-29,CP08,Longueuil,GA,10239.88,13.0,9,23.19,34.7,30.9,74.28,5,0,5,1,1,6
2025-06-29,CP08,Longueuil,HT,5790.88,4.0,4,23.19,34.7,30.9,74.28,5,0,5,1,1,6
2025-06-29,CP08,Longueuil,IN,6254.96,11.0,11,23.19,34.7,30.9,74.28,5,0,5,1,1,6
2025-06-29,CP08,Longueuil,INM,5869.96,16.0,16,23.19,34.7,30.9,74.28,5,0,5,1,1,6
2025-06-29,CP08,Longueuil,LI,1729.88,47.0,47,23.19,34.7,30.9,74.28,5,0,5,1,1,6
2025-06-29,CP08,Longueuil,LO,3582.63,193.0,143,23.19,34.7,30.9,74.28,5,0,5,1,1,6
2025-06-29,CP08,Longueuil,ME,51563.94,181.0,96,23.19,34.7,30.9,74.28,5,0,5,1,1,6
2025-06-29,CP08,Longueuil,MK,15.0,3.0,3,23.19,34.7,30.9,74.28,5,0,5,1,1,6
2025-06-29,CP08,Longueuil,PA,6180.39,23.0,23,23.19,34.7,30.9,74.28,5,0,5,1,1,6
2025-06-29,CP08,Longueuil,PC,31034.94,1400.0,1077,23.19,34.7,30.9,74.28,5,0,5,1,1,6
2025-06-29,CP08,Longueuil,PI,13534.54,267.0,218,23.19,34.7,30.9,74.28,5,0,5,1,1,6
2025-06-29,CP08,Longueuil,SE,1385.91,17.0,17,23.19,34.7,30.9,74.28,5,0,5,1,1,6
2025-06-29,CP08,Longueuil,SP,34436.53,4.0,4,23.19,34.7,30.9,74.28,5,0,5,1,1,6
2025-06-29,CP08,Longueuil,TO,8491.39,13.0,13,23.19,34.7,30.9,74.28,5,0,5,1,1,6
2025-06-29,CP202,Nepean,AP,30379.82,418.0,282,22.71,34.0,11.3,74.98,4,0,4,0,0,6
2025-06-29,CP202,Nepean,AS,4098.17,75.0,64,22.71,34.0,11.3,74.98,4,0,4,0,0,6
2025-06-29,CP202,Nepean,BQ,49.98,2.0,2,22.71,34.0,11.3,74.98,4,0,4,0,0,6
2025-06-29,CP202,Nepean,DI,428.97,70.0,41,22.71,34.0,11.3,74.98,4,0,4,0,0,6
2025-06-29,CP202,Nepean,GA,26349.92,8.0,8,22.71,34.0,11.3,74.98,4,0,4,0,0,6
2025-06-29,CP202,Nepean,IN,650.0,5.0,5,22.71,34.0,11.3,74.98,4,0,4,0,0,6
2025-06-29,CP202,Nepean,LI,1749.94,11.0,11,22.71,34.0,11.3,74.98,4,0,4,0,0,6
2025-06-29,CP202,Nepean,LO,583.67,33.0,28,22.71,34.0,11.3,74.98,4,0,4,0,0,6
2025-06-29,CP202,Nepean,ME,33255.94,106.0,61,22.71,34.0,11.3,74.98,4,0,4,0,0,6
2025-06-29,CP202,Nepean,MK,1.98,2.0,2,22.71,34.0,11.3,74.98,4,0,4,0,0,6
2025-06-29,CP202,Nepean,PA,4842.91,23.0,22,22.71,34.0,11.3,74.98,4,0,4,0,0,6
2025-06-29,CP202,Nepean,PC,25733.35,1369.0,1158,22.71,34.0,11.3,74.98,4,0,4,0,0,6
2025-06-29,CP202,Nepean,PI,3749.15,311.0,228,22.71,34.0,11.3,74.98,4,0,4,0,0,6
2025-06-29,CP202,Nepean,SP,33017.81,3.0,3,22.71,34.0,11.3,74.98,4,0,4,0,0,6
2025-06-29,CP37,Gatineau,AP,62164.7,1646.0,897,21.99,33.0,37.0,71.85,5,0,5,1,1,6
2025-06-29,CP37,Gatineau,AS,3553.97,116.0,95,21.99,33.0,37.0,71.85,5,0,5,1,1,6
2025-06-29,CP37,Gatineau,BQ,323.91,10.0,12,21.99,33.0,37.0,71.85,5,0,5,1,1,6
2025-06-29,CP37,Gatineau,CH,12347.98,4.0,4,21.99,33.0,37.0,71.85,5,0,5,1,1,6
2025-06-29,CP37,Gatineau,DI,89.25,8.0,12,21.99,33.0,37.0,71.85,5,0,5,1,1,6
2025-06-29,CP37,Gatineau,GA,5681.17,3.0,3,21.99,33.0,37.0,71.85,5,0,5,1,1,6
2025-06-29,CP37,Gatineau,HT,25392.0,8.0,8,21.99,33.0,37.0,71.85,5,0,5,1,1,6
2025-06-29,CP37,Gatineau,IN,12523.96,115.0,31,21.99,33.0,37.0,71.85,5,0,5,1,1,6
2025-06-29,CP37,Gatineau,LI,1841.47,13.0,13,21.99,33.0,37.0,71.85,5,0,5,1,1,6
2025-06-29,CP37,Gatineau,LO,4376.1,278.0,217,21.99,33.0,37.0,71.85,5,0,5,1,1,6
2025-06-29,CP37,Gatineau,ME,30403.1,105.0,67,21.99,33.0,37.0,71.85,5,0,5,1,1,6
2025-06-29,CP37,Gatineau,MK,34.61,18.0,15,21.99,33.0,37.0,71.85,5,0,5,1,1,6
2025-06-29,CP37,Gatineau,PA,4237.65,30.0,31,21.99,33.0,37.0,71.85,5,0,5,1,1,6
2025-06-29,CP37,Gatineau,PC,65149.65,2967.0,2443,21.99,33.0,37.0,71.85,5,0,5,1,1,6
2025-06-29,CP37,Gatineau,PI,11300.77,1064.0,717,21.99,33.0,37.0,71.85,5,0,5,1,1,6
2025-06-29,CP37,Gatineau,SE,230.0,5.0,5,21.99,33.0,37.0,71.85,5,0,5,1,1,6
2025-06-29,CP37,Gatineau,SP,45997.0,3.0,3,21.99,33.0,37.0,71.85,5,0,5,1,1,6
2025-06-29,CP37,Gatineau,TO,9896.39,20.0,30,21.99,33.0,37.0,71.85,5,0,5,1,1,6
2025-06-29,CP44,St-Constant,AP,28712.53,930.5,609,22.9,33.8,15.0,73.83,4,0,4,1,1,6
2025-06-29,CP44,St-Constant,AS,2525.76,447.0,57,22.9,33.8,15.0,73.83,4,0,4,1,1,6
2025-06-29,CP44,St-Constant,AZ,2.99,1.0,1,22.9,33.8,15.0,73.83,4,0,4,1,1,6
2025-06-29,CP44,St-Constant,BQ,636.83,10.0,8,22.9,33.8,15.0,73.83,4,0,4,1,1,6
2025-06-29,CP44,St-Constant,CA,9999.99,1.0,1,22.9,33.8,15.0,73.83,4,0,4,1,1,6
2025-06-29,CP44,St-Constant,CH,3499.98,2.0,2,22.9,33.8,15.0,73.83,4,0,4,1,1,6
2025-06-29,CP44,St-Constant,GA,5519.969999999999,3.0,3,22.9,33.8,15.0,73.83,4,0,4,1,1,6
2025-06-29,CP44,St-Constant,HT,17695.0,5.0,5,22.9,33.8,15.0,73.83,4,0,4,1,1,6
2025-06-29,CP44,St-Constant,IN,8870.0,7.0,7,22.9,33.8,15.0,73.83,4,0,4,1,1,6
2025-06-29,CP44,St-Constant,INM,3079.98,7.0,7,22.9,33.8,15.0,73.83,4,0,4,1,1,6
2025-06-29,CP44,St-Constant,LI,1209.92,29.0,29,22.9,33.8,15.0,73.83,4,0,4,1,1,6
2025-06-29,CP44,St-Constant,LO,2966.05,157.0,140,22.9,33.8,15.0,73.83,4,0,4,1,1,6
2025-06-29,CP44,St-Constant,ME,6338.29,24.0,25,22.9,33.8,15.0,73.83,4,0,4,1,1,6
2025-06-29,CP44,St-Constant,MK,0.0,1.0,1,22.9,33.8,15.0,73.83,4,0,4,1,1,6
2025-06-29,CP44,St-Constant,PA,2169.64,15.0,15,22.9,33.8,15.0,73.83,4,0,4,1,1,6
2025-06-29,CP44,St-Constant,PC,20757.26,979.0,699,22.9,33.8,15.0,73.83,4,0,4,1,1,6
2025-06-29,CP44,St-Constant,PI,2515.73,71.0,68,22.9,33.8,15.0,73.83,4,0,4,1,1,6
2025-06-29,CP44,St-Constant,SE,514.95,10.0,10,22.9,33.8,15.0,73.83,4,0,4,1,1,6
2025-06-29,CP44,St-Constant,SP,15998.0,2.0,2,22.9,33.8,15.0,73.83,4,0,4,1,1,6
2025-06-29,CP44,St-Constant,TO,3093.44,10.0,10,22.9,33.8,15.0,73.83,4,0,4,1,1,6
2025-06-29,CP48,Beloeil,AM,252.97,3.0,3,21.94,33.3,35.2,76.26,5,0,5,1,1,6
2025-06-29,CP48,Beloeil,AP,48324.7,1432.0,970,21.94,33.3,35.2,76.26,5,0,5,1,1,6
2025-06-29,CP48,Beloeil,AS,2868.62,391.5,75,21.94,33.3,35.2,76.26,5,0,5,1,1,6
2025-06-29,CP48,Beloeil,AZ,14.95,5.0,4,21.94,33.3,35.2,76.26,5,0,5,1,1,6
2025-06-29,CP48,Beloeil,BQ,3682.69,33.0,35,21.94,33.3,35.2,76.26,5,0,5,1,1,6
2025-06-29,CP48,Beloeil,CH,13549.93,7.0,7,21.94,33.3,35.2,76.26,5,0,5,1,1,6
2025-06-29,CP48,Beloeil,FI,34.99,1.0,1,21.94,33.3,35.2,76.26,5,0,5,1,1,6
2025-06-29,CP48,Beloeil,GA,9699.96,4.0,4,21.94,33.3,35.2,76.26,5,0,5,1,1,6
2025-06-29,CP48,Beloeil,HT,15323.99,7.0,7,21.94,33.3,35.2,76.26,5,0,5,1,1,6
2025-06-29,CP48,Beloeil,IN,6959.97,10.0,10,21.94,33.3,35.2,76.26,5,0,5,1,1,6
2025-06-29,CP48,Beloeil,INM,2970.0,11.0,10,21.94,33.3,35.2,76.26,5,0,5,1,1,6
2025-06-29,CP48,Beloeil,LI,949.92,38.0,38,21.94,33.3,35.2,76.26,5,0,5,1,1,6
2025-06-29,CP48,Beloeil,LO,7345.7,339.0,276,21.94,33.3,35.2,76.26,5,0,5,1,1,6
2025-06-29,CP48,Beloeil,ME,27396.24,165.0,85,21.94,33.3,35.2,76.26,5,0,5,1,1,6
2025-06-29,CP48,Beloeil,MK,1.99,1.0,1,21.94,33.3,35.2,76.26,5,0,5,1,1,6
2025-06-29,CP48,Beloeil,PA,1561.19,6.0,6,21.94,33.3,35.2,76.26,5,0,5,1,1,6
2025-06-29,CP48,Beloeil,PC,35140.299999999996,1472.0,1162,21.94,33.3,35.2,76.26,5,0,5,1,1,6
2025-06-29,CP48,Beloeil,PI,5386.81,176.0,135,21.94,33.3,35.2,76.26,5,0,5,1,1,6
2025-06-29,CP48,Beloeil,SE,389.9299999999999,7.0,7,21.94,33.3,35.2,76.26,5,0,5,1,1,6
2025-06-29,CP48,Beloeil,SP,5499.0,1.0,1,21.94,33.3,35.2,76.26,5,0,5,1,1,6
2025-06-29,CP48,Beloeil,TO,2433.9700000000003,9.0,9,21.94,33.3,35.2,76.26,5,0,5,1,1,6
2025-07-06,CP08,Longueuil,AM,379.95,5.0,1,22.33,31.5,28.0,79.85,4,0,4,1,1,7
2025-07-06,CP08,Longueuil,AP,43713.93,939.5,692,22.33,31.5,28.0,79.85,4,0,4,1,1,7
2025-07-06,CP08,Longueuil,AS,2559.5299999999997,233.0,52,22.33,31.5,28.0,79.85,4,0,4,1,1,7
2025-07-06,CP08,Longueuil,AZ,11.97,3.0,3,22.33,31.5,28.0,79.85,4,0,4,1,1,7
2025-07-06,CP08,Longueuil,BQ,5361.86,16.0,15,22.33,31.5,28.0,79.85,4,0,4,1,1,7
2025-07-06,CP08,Longueuil,CH,8979.97,3.0,3,22.33,31.5,28.0,79.85,4,0,4,1,1,7
2025-07-06,CP08,Longueuil,FI,979.98,2.0,2,22.33,31.5,28.0,79.85,4,0,4,1,1,7
2025-07-06,CP08,Longueuil,GA,1549.84,16.0,3,22.33,31.5,28.0,79.85,4,0,4,1,1,7
2025-07-06,CP08,Longueuil,HT,7603.18,3.0,3,22.33,31.5,28.0,79.85,4,0,4,1,1,7
2025-07-06,CP08,Longueuil,IN,4254.98,7.0,7,22.33,31.5,28.0,79.85,4,0,4,1,1,7
2025-07-06,CP08,Longueuil,INM,2884.99,8.0,8,22.33,31.5,28.0,79.85,4,0,4,1,1,7
2025-07-06,CP08,Longueuil,LI,649.92,20.0,20,22.33,31.5,28.0,79.85,4,0,4,1,1,7
2025-07-06,CP08,Longueuil,LO,2826.74,129.0,109,22.33,31.5,28.0,79.85,4,0,4,1,1,7
2025-07-06,CP08,Longueuil,ME,39831.72,187.0,127,22.33,31.5,28.0,79.85,4,0,4,1,1,7
2025-07-06,CP08,Longueuil,MK,20.0,4.0,4,22.33,31.5,28.0,79.85,4,0,4,1,1,7
2025-07-06,CP08,Longueuil,PA,5685.95,23.0,24,22.33,31.5,28.0,79.85,4,0,4,1,1,7
2025-07-06,CP08,Longueuil,PC,26921.86,1220.0,949,22.33,31.5,28.0,79.85,4,0,4,1,1,7
2025-07-06,CP08,Longueuil,PI,9467.34,233.0,203,22.33,31.5,28.0,79.85,4,0,4,1,1,7
2025-07-06,CP08,Longueuil,SE,1241.93,24.0,24,22.33,31.5,28.0,79.85,4,0,4,1,1,7
2025-07-06,CP08,Longueuil,TO,5512.11,8.0,8,22.33,31.5,28.0,79.85,4,0,4,1,1,7
2025-07-06,CP202,Nepean,AP,13353.55,348.0,242,22.56,31.6,27.2,92.54,4,0,4,1,1,7
2025-07-06,CP202,Nepean,AS,5239.47,61.0,60,22.56,31.6,27.2,92.54,4,0,4,1,1,7
2025-07-06,CP202,Nepean,BQ,9.99,1.0,1,22.56,31.6,27.2,92.54,4,0,4,1,1,7
2025-07-06,CP202,Nepean,CH,3749.99,1.0,1,22.56,31.6,27.2,92.54,4,0,4,1,1,7
2025-07-06,CP202,Nepean,DI,14.99,35.0,35,22.56,31.6,27.2,92.54,4,0,4,1,1,7
2025-07-06,CP202,Nepean,GA,11099.97,3.0,3,22.56,31.6,27.2,92.54,4,0,4,1,1,7
2025-07-06,CP202,Nepean,IN,935.0,3.0,3,22.56,31.6,27.2,92.54,4,0,4,1,1,7
2025-07-06,CP202,Nepean,LI,919.91,11.0,11,22.56,31.6,27.2,92.54,4,0,4,1,1,7
2025-07-06,CP202,Nepean,LO,780.52,48.0,42,22.56,31.6,27.2,92.54,4,0,4,1,1,7
2025-07-06,CP202,Nepean,ME,28291.51,80.0,50,22.56,31.6,27.2,92.54,4,0,4,1,1,7
2025-07-06,CP202,Nepean,MK,4.95,5.0,4,22.56,31.6,27.2,92.54,4,0,4,1,1,7
2025-07-06,CP202,Nepean,PA,6433.4400000000005,21.0,21,22.56,31.6,27.2,92.54,4,0,4,1,1,7
2025-07-06,CP202,Nepean,PC,28780.99,1449.0,1210,22.56,31.6,27.2,92.54,4,0,4,1,1,7
2025-07-06,CP202,Nepean,PI,4196.88,265.0,201,22.56,31.6,27.2,92.54,4,0,4,1,1,7
2025-07-06,CP202,Nepean,SP,14499.0,1.0,1,22.56,31.6,27.2,92.54,4,0,4,1,1,7
2025-07-06,CP37,Gatineau,AM,199.99,1.0,1,21.94,31.6,28.7,88.94,5,0,5,1,1,7
2025-07-06,CP37,Gatineau,AP,49268.49,1306.0,708,21.94,31.6,28.7,88.94,5,0,5,1,1,7
2025-07-06,CP37,Gatineau,AS,5225.61,118.0,102,21.94,31.6,28.7,88.94,5,0,5,1,1,7
2025-07-06,CP37,Gatineau,BQ,2812.85,15.0,15,21.94,31.6,28.7,88.94,5,0,5,1,1,7
2025-07-06,CP37,Gatineau,CH,14780.0,6.0,6,21.94,31.6,28.7,88.94,5,0,5,1,1,7
2025-07-06,CP37,Gatineau,DI,36.97,3.0,3,21.94,31.6,28.7,88.94,5,0,5,1,1,7
2025-07-06,CP37,Gatineau,GA,5699.98,2.0,2,21.94,31.6,28.7,88.94,5,0,5,1,1,7
2025-07-06,CP37,Gatineau,HT,15995.0,6.0,6,21.94,31.6,28.7,88.94,5,0,5,1,1,7
2025-07-06,CP37,Gatineau,IN,10427.95,27.0,29,21.94,31.6,28.7,88.94,5,0,5,1,1,7
2025-07-06,CP37,Gatineau,LI,1793.96,16.0,16,21.94,31.6,28.7,88.94,5,0,5,1,1,7
2025-07-06,CP37,Gatineau,LO,2388.87,163.0,133,21.94,31.6,28.7,88.94,5,0,5,1,1,7
2025-07-06,CP37,Gatineau,ME,36314.05,153.0,96,21.94,31.6,28.7,88.94,5,0,5,1,1,7
2025-07-06,CP37,Gatineau,MK,649.42,110.0,100,21.94,31.6,28.7,88.94,5,0,5,1,1,7
2025-07-06,CP37,Gatineau,PA,4538.17,33.0,33,21.94,31.6,28.7,88.94,5,0,5,1,1,7
2025-07-06,CP37,Gatineau,PC,48117.11,2150.0,1825,21.94,31.6,28.7,88.94,5,0,5,1,1,7
2025-07-06,CP37,Gatineau,PI,9705.42,611.0,483,21.94,31.6,28.7,88.94,5,0,5,1,1,7
2025-07-06,CP37,Gatineau,SE,230.0,4.0,4,21.94,31.6,28.7,88.94,5,0,5,1,1,7
2025-07-06,CP37,Gatineau,SP,87992.0,9.0,11,21.94,31.6,28.7,88.94,5,0,5,1,1,7
2025-07-06,CP37,Gatineau,TO,3030.6400000000003,12.0,14,21.94,31.6,28.7,88.94,5,0,5,1,1,7
2025-07-06,CP44,St-Constant,AM,524.97,3.0,2,22.04,31.1,35.5,82.71,4,0,4,1,1,7
2025-07-06,CP44,St-Constant,AP,25410.46,473.0,451,22.04,31.1,35.5,82.71,4,0,4,1,1,7
2025-07-06,CP44,St-Constant,AS,2895.81,335.0,48,22.04,31.1,35.5,82.71,4,0,4,1,1,7
2025-07-06,CP44,St-Constant,AZ,20.93,7.0,5,22.04,31.1,35.5,82.71,4,0,4,1,1,7
2025-07-06,CP44,St-Constant,BQ,5941.91,13.0,13,22.04,31.1,35.5,82.71,4,0,4,1,1,7
2025-07-06,CP44,St-Constant,CH,3099.98,2.0,2,22.04,31.1,35.5,82.71,4,0,4,1,1,7
2025-07-06,CP44,St-Constant,FI,1073.34,6.0,4,22.04,31.1,35.5,82.71,4,0,4,1,1,7
2025-07-06,CP44,St-Constant,GA,18729.92,8.0,8,22.04,31.1,35.5,82.71,4,0,4,1,1,7
2025-07-06,CP44,St-Constant,HT,9897.0,3.0,3,22.04,31.1,35.5,82.71,4,0,4,1,1,7
2025-07-06,CP44,St-Constant,IN,3495.0,3.0,3,22.04,31.1,35.5,82.71,4,0,4,1,1,7
2025-07-06,CP44,St-Constant,INM,2864.99,8.0,8,22.04,31.1,35.5,82.71,4,0,4,1,1,7
2025-07-06,CP44,St-Constant,LI,2269.86,43.0,43,22.04,31.1,35.5,82.71,4,0,4,1,1,7
2025-07-06,CP44,St-Constant,LO,2029.34,123.0,103,22.04,31.1,35.5,82.71,4,0,4,1,1,7
2025-07-06,CP44,St-Constant,ME,29429.08,108.0,65,22.04,31.1,35.5,82.71,4,0,4,1,1,7
2025-07-06,CP44,St-Constant,MK,0.0,1.0,1,22.04,31.1,35.5,82.71,4,0,4,1,1,7
2025-07-06,CP44,St-Constant,PA,3427.11,16.0,16,22.04,31.1,35.5,82.71,4,0,4,1,1,7
2025-07-06,CP44,St-Constant,PC,17893.96,856.0,637,22.04,31.1,35.5,82.71,4,0,4,1,1,7
2025-07-06,CP44,St-Constant,PI,4274.35,91.0,74,22.04,31.1,35.5,82.71,4,0,4,1,1,7
2025-07-06,CP44,St-Constant,SE,791.96,8.0,8,22.04,31.1,35.5,82.71,4,0,4,1,1,7
2025-07-06,CP44,St-Constant,SP,24996.98,5.0,5,22.04,31.1,35.5,82.71,4,0,4,1,1,7
2025-07-06,CP44,St-Constant,TO,697.48,4.0,4,22.04,31.1,35.5,82.71,4,0,4,1,1,7
2025-07-06,CP48,Beloeil,AM,724.97,3.0,3,21.63,30.9,54.3,82.1,5,0,5,1,1,7
2025-07-06,CP48,Beloeil,AP,34711.37,871.0,614,21.63,30.9,54.3,82.1,5,0,5,1,1,7
2025-07-06,CP48,Beloeil,AS,1392.71,285.0,49,21.63,30.9,54.3,82.1,5,0,5,1,1,7
2025-07-06,CP48,Beloeil,AZ,116.95,5.0,5,21.63,30.9,54.3,82.1,5,0,5,1,1,7
2025-07-06,CP48,Beloeil,BQ,2855.82,26.0,28,21.63,30.9,54.3,82.1,5,0,5,1,1,7
2025-07-06,CP48,Beloeil,CC,0.0,1.0,1,21.63,30.9,54.3,82.1,5,0,5,1,1,7
2025-07-06,CP48,Beloeil,CH,9299.97,3.0,3,21.63,30.9,54.3,82.1,5,0,5,1,1,7
2025-07-06,CP48,Beloeil,DI,29.99,1.0,1,21.63,30.9,54.3,82.1,5,0,5,1,1,7
2025-07-06,CP48,Beloeil,FI,3131.5399999999995,4.0,4,21.63,30.9,54.3,82.1,5,0,5,1,1,7
2025-07-06,CP48,Beloeil,GA,5399.98,2.0,2,21.63,30.9,54.3,82.1,5,0,5,1,1,7
2025-07-06,CP48,Beloeil,HT,5998.0,2.0,2,21.63,30.9,54.3,82.1,5,0,5,1,1,7
2025-07-06,CP48,Beloeil,IN,2539.99,3.0,3,21.63,30.9,54.3,82.1,5,0,5,1,1,7
2025-07-06,CP48,Beloeil,INM,3529.9700000000003,6.0,6,21.63,30.9,54.3,82.1,5,0,5,1,1,7
2025-07-06,CP48,Beloeil,LI,1669.9,35.0,35,21.63,30.9,54.3,82.1,5,0,5,1,1,7
2025-07-06,CP48,Beloeil,LO,4787.71,250.0,194,21.63,30.9,54.3,82.1,5,0,5,1,1,7
2025-07-06,CP48,Beloeil,ME,27484.64,157.0,94,21.63,30.9,54.3,82.1,5,0,5,1,1,7
2025-07-06,CP48,Beloeil,MK,1.99,1.0,1,21.63,30.9,54.3,82.1,5,0,5,1,1,7
2025-07-06,CP48,Beloeil,PA,5289.04,20.0,20,21.63,30.9,54.3,82.1,5,0,5,1,1,7
2025-07-06,CP48,Beloeil,PC,28908.52,1201.0,978,21.63,30.9,54.3,82.1,5,0,5,1,1,7
2025-07-06,CP48,Beloeil,PI,2555.75,126.0,124,21.63,30.9,54.3,82.1,5,0,5,1,1,7
2025-07-06,CP48,Beloeil,SE,434.95,10.0,10,21.63,30.9,54.3,82.1,5,0,5,1,1,7
2025-07-06,CP48,Beloeil,SP,25997.99,3.0,3,21.63,30.9,54.3,82.1,5,0,5,1,1,7
2025-07-06,CP48,Beloeil,TO,4305.47,6.0,6,21.63,30.9,54.3,82.1,5,0,5,1,1,7
2025-07-13,CP08,Longueuil,AM,64.99,1.0,1,23.29,31.6,41.5,88.96,5,0,5,0,0,7
2025-07-13,CP08,Longueuil,AP,55345.59,916.5,647,23.29,31.6,41.5,88.96,5,0,5,0,0,7
2025-07-13,CP08,Longueuil,AS,2633.88,289.0,55,23.29,31.6,41.5,88.96,5,0,5,0,0,7
2025-07-13,CP08,Longueuil,AZ,8.98,2.0,2,23.29,31.6,41.5,88.96,5,0,5,0,0,7
2025-07-13,CP08,Longueuil,BQ,4456.47,19.0,18,23.29,31.6,41.5,88.96,5,0,5,0,0,7
2025-07-13,CP08,Longueuil,CH,8674.97,4.0,4,23.29,31.6,41.5,88.96,5,0,5,0,0,7
2025-07-13,CP08,Longueuil,DI,150.0,1.0,1,23.29,31.6,41.5,88.96,5,0,5,0,0,7
2025-07-13,CP08,Longueuil,FI,25.99,1.0,1,23.29,31.6,41.5,88.96,5,0,5,0,0,7
2025-07-13,CP08,Longueuil,GA,2899.9799999999996,2.0,2,23.29,31.6,41.5,88.96,5,0,5,0,0,7
2025-07-13,CP08,Longueuil,HT,8394.92,4.0,4,23.29,31.6,41.5,88.96,5,0,5,0,0,7
2025-07-13,CP08,Longueuil,IN,2365.0,2.0,2,23.29,31.6,41.5,88.96,5,0,5,0,0,7
2025-07-13,CP08,Longueuil,INM,2745.0,6.0,5,23.29,31.6,41.5,88.96,5,0,5,0,0,7
2025-07-13,CP08,Longueuil,LI,1409.89,27.0,27,23.29,31.6,41.5,88.96,5,0,5,0,0,7
2025-07-13,CP08,Longueuil,LO,3024.78,142.0,117,23.29,31.6,41.5,88.96,5,0,5,0,0,7
2025-07-13,CP08,Longueuil,ME,27567.63,209.0,120,23.29,31.6,41.5,88.96,5,0,5,0,0,7
2025-07-13,CP08,Longueuil,MK,10.0,2.0,2,23.29,31.6,41.5,88.96,5,0,5,0,0,7
2025-07-13,CP08,Longueuil,PA,5280.9,21.0,19,23.29,31.6,41.5,88.96,5,0,5,0,0,7
2025-07-13,CP08,Longueuil,PC,22894.27,1022.0,773,23.29,31.6,41.5,88.96,5,0,5,0,0,7
2025-07-13,CP08,Longueuil,PI,8440.01,195.0,134,23.29,31.6,41.5,88.96,5,0,5,0,0,7
2025-07-13,CP08,Longueuil,SE,1756.93,20.0,20,23.29,31.6,41.5,88.96,5,0,5,0,0,7
2025-07-13,CP08,Longueuil,SP,15498.0,2.0,2,23.29,31.6,41.5,88.96,5,0,5,0,0,7
2025-07-13,CP08,Longueuil,TO,4505.3,8.0,8,23.29,31.6,41.5,88.96,5,0,5,0,0,7
2025-07-13,CP202,Nepean,AP,15868.48,204.0,161,22.9,30.9,45.0,86.31,5,0,5,0,0,7
2025-07-13,CP202,Nepean,AS,1579.72,38.0,34,22.9,30.9,45.0,86.31,5,0,5,0,0,7
2025-07-13,CP202,Nepean,BQ,19.99,1.0,1,22.9,30.9,45.0,86.31,5,0,5,0,0,7
2025-07-13,CP202,Nepean,CH,7399.98,2.0,2,22.9,30.9,45.0,86.31,5,0,5,0,0,7
2025-07-13,CP202,Nepean,DI,0.0,24.0,26,22.9,30.9,45.0,86.31,5,0,5,0,0,7
2025-07-13,CP202,Nepean,GA,13599.96,6.0,5,22.9,30.9,45.0,86.31,5,0,5,0,0,7
2025-07-13,CP202,Nepean,IN,2325.0,6.0,6,22.9,30.9,45.0,86.31,5,0,5,0,0,7
2025-07-13,CP202,Nepean,LI,1839.91,14.0,14,22.9,30.9,45.0,86.31,5,0,5,0,0,7
2025-07-13,CP202,Nepean,LO,1695.44,82.0,58,22.9,30.9,45.0,86.31,5,0,5,0,0,7
2025-07-13,CP202,Nepean,ME,25492.25,91.0,61,22.9,30.9,45.0,86.31,5,0,5,0,0,7
2025-07-13,CP202,Nepean,MK,249.94,52.0,52,22.9,30.9,45.0,86.31,5,0,5,0,0,7
2025-07-13,CP202,Nepean,PA,4414.93,17.0,13,22.9,30.9,45.0,86.31,5,0,5,0,0,7
2025-07-13,CP202,Nepean,PC,13401.38,706.0,587,22.9,30.9,45.0,86.31,5,0,5,0,0,7
2025-07-13,CP202,Nepean,PI,1714.33,127.0,114,22.9,30.9,45.0,86.31,5,0,5,0,0,7
2025-07-13,CP202,Nepean,SP,24908.0,2.0,2,22.9,30.9,45.0,86.31,5,0,5,0,0,7
2025-07-13,CP202,Nepean,TO,1736.97,3.0,3,22.9,30.9,45.0,86.31,5,0,5,0,0,7
2025-07-13,CP37,Gatineau,AP,40346.95,899.0,453,22.23,30.0,84.8,80.51,4,0,4,0,0,7
2025-07-13,CP37,Gatineau,AS,1959.22,50.0,48,22.23,30.0,84.8,80.51,4,0,4,0,0,7
2025-07-13,CP37,Gatineau,AZ,0.0,-1.0,1,22.23,30.0,84.8,80.51,4,0,4,0,0,7
2025-07-13,CP37,Gatineau,BQ,798.94,8.0,8,22.23,30.0,84.8,80.51,4,0,4,0,0,7
2025-07-13,CP37,Gatineau,CH,12648.97,4.0,6,22.23,30.0,84.8,80.51,4,0,4,0,0,7
2025-07-13,CP37,Gatineau,DI,19.97,8.0,5,22.23,30.0,84.8,80.51,4,0,4,0,0,7
2025-07-13,CP37,Gatineau,GA,2199.99,1.0,1,22.23,30.0,84.8,80.51,4,0,4,0,0,7
2025-07-13,CP37,Gatineau,HT,17595.0,5.0,5,22.23,30.0,84.8,80.51,4,0,4,0,0,7
2025-07-13,CP37,Gatineau,IN,13591.94,28.0,28,22.23,30.0,84.8,80.51,4,0,4,0,0,7
2025-07-13,CP37,Gatineau,LI,734.98,9.0,9,22.23,30.0,84.8,80.51,4,0,4,0,0,7
2025-07-13,CP37,Gatineau,LO,5353.72,128.0,80,22.23,30.0,84.8,80.51,4,0,4,0,0,7
2025-07-13,CP37,Gatineau,ME,33378.67,134.0,79,22.23,30.0,84.8,80.51,4,0,4,0,0,7
2025-07-13,CP37,Gatineau,MK,162.19,60.0,58,22.23,30.0,84.8,80.51,4,0,4,0,0,7
2025-07-13,CP37,Gatineau,PA,2963.76,15.0,15,22.23,30.0,84.8,80.51,4,0,4,0,0,7
2025-07-13,CP37,Gatineau,PC,32155.66,1492.0,1207,22.23,30.0,84.8,80.51,4,0,4,0,0,7
2025-07-13,CP37,Gatineau,PI,7505.87,401.0,313,22.23,30.0,84.8,80.51,4,0,4,0,0,7
2025-07-13,CP37,Gatineau,SE,230.0,5.0,5,22.23,30.0,84.8,80.51,4,0,4,0,0,7
2025-07-13,CP37,Gatineau,SP,19998.0,2.0,2,22.23,30.0,84.8,80.51,4,0,4,0,0,7
2025-07-13,CP37,Gatineau,TO,0.0,8.0,12,22.23,30.0,84.8,80.51,4,0,4,0,0,7
2025-07-13,CP44,St-Constant,AM,259.98,2.0,2,23.34,31.9,34.9,90.81,5,0,5,0,0,7
2025-07-13,CP44,St-Constant,AP,23698.97,585.0,459,23.34,31.9,34.9,90.81,5,0,5,0,0,7
2025-07-13,CP44,St-Constant,AS,3826.99,363.0,64,23.34,31.9,34.9,90.81,5,0,5,0,0,7
2025-07-13,CP44,St-Constant,AZ,0.0,-2.0,2,23.34,31.9,34.9,90.81,5,0,5,0,0,7
2025-07-13,CP44,St-Constant,BQ,769.95,5.0,5,23.34,31.9,34.9,90.81,5,0,5,0,0,7
2025-07-13,CP44,St-Constant,CC,0.0,1.0,1,23.34,31.9,34.9,90.81,5,0,5,0,0,7
2025-07-13,CP44,St-Constant,CH,8249.95,5.0,5,23.34,31.9,34.9,90.81,5,0,5,0,0,7
2025-07-13,CP44,St-Constant,FI,19.61,2.0,2,23.34,31.9,34.9,90.81,5,0,5,0,0,7
2025-07-13,CP44,St-Constant,GA,2949.9799999999996,2.0,2,23.34,31.9,34.9,90.81,5,0,5,0,0,7
2025-07-13,CP44,St-Constant,HT,13955.47,8.0,8,23.34,31.9,34.9,90.81,5,0,5,0,0,7
2025-07-13,CP44,St-Constant,IN,6339.98,7.0,7,23.34,31.9,34.9,90.81,5,0,5,0,0,7
2025-07-13,CP44,St-Constant,INM,925.0,2.0,2,23.34,31.9,34.9,90.81,5,0,5,0,0,7
2025-07-13,CP44,St-Constant,LI,1319.9,28.0,28,23.34,31.9,34.9,90.81,5,0,5,0,0,7
2025-07-13,CP44,St-Constant,LO,2717.1,133.0,102,23.34,31.9,34.9,90.81,5,0,5,0,0,7
2025-07-13,CP44,St-Constant,ME,20826.99,85.0,56,23.34,31.9,34.9,90.81,5,0,5,0,0,7
2025-07-13,CP44,St-Constant,MK,0.0,2.0,2,23.34,31.9,34.9,90.81,5,0,5,0,0,7
2025-07-13,CP44,St-Constant,PA,2117.89,14.0,12,23.34,31.9,34.9,90.81,5,0,5,0,0,7
2025-07-13,CP44,St-Constant,PC,16283.9,712.0,570,23.34,31.9,34.9,90.81,5,0,5,0,0,7
2025-07-13,CP44,St-Constant,PI,2047.42,76.0,74,23.34,31.9,34.9,90.81,5,0,5,0,0,7
2025-07-13,CP44,St-Constant,SE,102.17,4.0,4,23.34,31.9,34.9,90.81,5,0,5,0,0,7
2025-07-13,CP44,St-Constant,SP,8499.0,1.0,1,23.34,31.9,34.9,90.81,5,0,5,0,0,7
2025-07-13,CP44,St-Constant,TO,1259.96,7.0,7,23.34,31.9,34.9,90.81,5,0,5,0,0,7
2025-07-13,CP48,Beloeil,AM,99.99,1.0,1,22.43,30.8,34.1,88.79,5,0,5,0,0,7
2025-07-13,CP48,Beloeil,AP,33824.79,906.0,690,22.43,30.8,34.1,88.79,5,0,5,0,0,7
2025-07-13,CP48,Beloeil,AS,2634.67,376.0,57,22.43,30.8,34.1,88.79,5,0,5,0,0,7
2025-07-13,CP48,Beloeil,AZ,11.96,4.0,4,22.43,30.8,34.1,88.79,5,0,5,0,0,7
2025-07-13,CP48,Beloeil,BQ,2694.86,15.0,15,22.43,30.8,34.1,88.79,5,0,5,0,0,7
2025-07-13,CP48,Beloeil,CC,0.0,2.0,2,22.43,30.8,34.1,88.79,5,0,5,0,0,7
2025-07-13,CP48,Beloeil,CH,10449.95,5.0,5,22.43,30.8,34.1,88.79,5,0,5,0,0,7
2025-07-13,CP48,Beloeil,DI,29.99,1.0,1,22.43,30.8,34.1,88.79,5,0,5,0,0,7
2025-07-13,CP48,Beloeil,FI,1699.98,2.0,2,22.43,30.8,34.1,88.79,5,0,5,0,0,7
2025-07-13,CP48,Beloeil,GA,4099.97,3.0,3,22.43,30.8,34.1,88.79,5,0,5,0,0,7
2025-07-13,CP48,Beloeil,HT,14419.0,6.0,6,22.43,30.8,34.1,88.79,5,0,5,0,0,7
2025-07-13,CP48,Beloeil,IN,7444.98,8.0,8,22.43,30.8,34.1,88.79,5,0,5,0,0,7
2025-07-13,CP48,Beloeil,INM,934.99,3.0,3,22.43,30.8,34.1,88.79,5,0,5,0,0,7
2025-07-13,CP48,Beloeil,LI,1119.93,38.0,38,22.43,30.8,34.1,88.79,5,0,5,0,0,7
2025-07-13,CP48,Beloeil,LO,4363.56,238.0,194,22.43,30.8,34.1,88.79,5,0,5,0,0,7
2025-07-13,CP48,Beloeil,ME,31541.08,115.0,79,22.43,30.8,34.1,88.79,5,0,5,0,0,7
2025-07-13,CP48,Beloeil,MK,3.98,2.0,1,22.43,30.8,34.1,88.79,5,0,5,0,0,7
2025-07-13,CP48,Beloeil,PA,2709.86,14.0,14,22.43,30.8,34.1,88.79,5,0,5,0,0,7
2025-07-13,CP48,Beloeil,PC,27085.96,1113.0,941,22.43,30.8,34.1,88.79,5,0,5,0,0,7
2025-07-13,CP48,Beloeil,PI,3327.57,94.0,92,22.43,30.8,34.1,88.79,5,0,5,0,0,7
2025-07-13,CP48,Beloeil,SE,75.0,4.0,4,22.43,30.8,34.1,88.79,5,0,5,0,0,7
2025-07-13,CP48,Beloeil,SP,18889.0,2.0,2,22.43,30.8,34.1,88.79,5,0,5,0,0,7
2025-07-13,CP48,Beloeil,TO,1044.97,7.0,7,22.43,30.8,34.1,88.79,5,0,5,0,0,7
2025-07-20,CP08,Longueuil,AM,292.54,8.0,5,23.79,33.3,19.9,88.96,3,0,3,0,0,7
2025-07-20,CP08,Longueuil,AP,42739.39,805.0,568,23.79,33.3,19.9,88.96,3,0,3,0,0,7
2025-07-20,CP08,Longueuil,AS,4535.14,563.0,41,23.79,33.3,19.9,88.96,3,0,3,0,0,7
2025-07-20,CP08,Longueuil,AZ,8.98,2.0,2,23.79,33.3,19.9,88.96,3,0,3,0,0,7
2025-07-20,CP08,Longueuil,BQ,2071.95,6.0,6,23.79,33.3,19.9,88.96,3,0,3,0,0,7
2025-07-20,CP08,Longueuil,CC,250.0,1.0,1,23.79,33.3,19.9,88.96,3,0,3,0,0,7
2025-07-20,CP08,Longueuil,CH,7127.969999999999,3.0,3,23.79,33.3,19.9,88.96,3,0,3,0,0,7
2025-07-20,CP08,Longueuil,FI,1918.44,6.0,6,23.79,33.3,19.9,88.96,3,0,3,0,0,7
2025-07-20,CP08,Longueuil,GA,5284.959999999999,4.0,4,23.79,33.3,19.9,88.96,3,0,3,0,0,7
2025-07-20,CP08,Longueuil,HT,5171.88,3.0,3,23.79,33.3,19.9,88.96,3,0,3,0,0,7
2025-07-20,CP08,Longueuil,IN,1099.98,2.0,2,23.79,33.3,19.9,88.96,3,0,3,0,0,7
2025-07-20,CP08,Longueuil,INM,1600.0,2.0,2,23.79,33.3,19.9,88.96,3,0,3,0,0,7
2025-07-20,CP08,Longueuil,LI,1190.41,17.0,17,23.79,33.3,19.9,88.96,3,0,3,0,0,7
2025-07-20,CP08,Longueuil,LO,2182.36,106.0,87,23.79,33.3,19.9,88.96,3,0,3,0,0,7
2025-07-20,CP08,Longueuil,ME,25001.41,140.0,76,23.79,33.3,19.9,88.96,3,0,3,0,0,7
2025-07-20,CP08,Longueuil,MK,10.97,4.0,2,23.79,33.3,19.9,88.96,3,0,3,0,0,7
2025-07-20,CP08,Longueuil,PA,3116.84,18.0,18,23.79,33.3,19.9,88.96,3,0,3,0,0,7
2025-07-20,CP08,Longueuil,PC,26309.31,1167.0,886,23.79,33.3,19.9,88.96,3,0,3,0,0,7
2025-07-20,CP08,Longueuil,PI,7115.43,175.0,149,23.79,33.3,19.9,88.96,3,0,3,0,0,7
2025-07-20,CP08,Longueuil,SE,643.46,14.0,14,23.79,33.3,19.9,88.96,3,0,3,0,0,7
2025-07-20,CP08,Longueuil,SP,5499.0,1.0,1,23.79,33.3,19.9,88.96,3,0,3,0,0,7
2025-07-20,CP08,Longueuil,TO,3622.48,4.0,4,23.79,33.3,19.9,88.96,3,0,3,0,0,7
2025-07-20,CP202,Nepean,AP,17177.24,226.0,182,22.83,33.1,34.0,91.79,4,0,4,0,0,7
2025-07-20,CP202,Nepean,AS,3894.49,76.0,75,22.83,33.1,34.0,91.79,4,0,4,0,0,7
2025-07-20,CP202,Nepean,BQ,28.979999999999997,2.0,2,22.83,33.1,34.0,91.79,4,0,4,0,0,7
2025-07-20,CP202,Nepean,DI,213.08,34.0,36,22.83,33.1,34.0,91.79,4,0,4,0,0,7
2025-07-20,CP202,Nepean,GA,10499.96,4.0,4,22.83,33.1,34.0,91.79,4,0,4,0,0,7
2025-07-20,CP202,Nepean,IN,0.0,6.0,6,22.83,33.1,34.0,91.79,4,0,4,0,0,7
2025-07-20,CP202,Nepean,LI,3459.92,15.0,15,22.83,33.1,34.0,91.79,4,0,4,0,0,7
2025-07-20,CP202,Nepean,LO,813.9,59.0,55,22.83,33.1,34.0,91.79,4,0,4,0,0,7
2025-07-20,CP202,Nepean,ME,22035.79,74.0,44,22.83,33.1,34.0,91.79,4,0,4,0,0,7
2025-07-20,CP202,Nepean,MK,28.57,13.0,13,22.83,33.1,34.0,91.79,4,0,4,0,0,7
2025-07-20,CP202,Nepean,PA,6450.16,24.0,25,22.83,33.1,34.0,91.79,4,0,4,0,0,7
2025-07-20,CP202,Nepean,PC,22546.85,1116.0,935,22.83,33.1,34.0,91.79,4,0,4,0,0,7
2025-07-20,CP202,Nepean,PI,3563.38,162.0,153,22.83,33.1,34.0,91.79,4,0,4,0,0,7
2025-07-20,CP202,Nepean,SP,74080.52,7.0,9,22.83,33.1,34.0,91.79,4,0,4,0,0,7
2025-07-20,CP37,Gatineau,AM,549.99,1.0,1,21.93,32.2,44.1,92.08,3,0,3,0,0,7
2025-07-20,CP37,Gatineau,AP,54017.59,1623.0,615,21.93,32.2,44.1,92.08,3,0,3,0,0,7
2025-07-20,CP37,Gatineau,AS,4507.56,96.0,85,21.93,32.2,44.1,92.08,3,0,3,0,0,7
2025-07-20,CP37,Gatineau,BQ,1944.83,17.0,15,21.93,32.2,44.1,92.08,3,0,3,0,0,7
2025-07-20,CP37,Gatineau,CH,13145.98,7.0,7,21.93,32.2,44.1,92.08,3,0,3,0,0,7
2025-07-20,CP37,Gatineau,CR,26845.0,1.0,1,21.93,32.2,44.1,92.08,3,0,3,0,0,7
2025-07-20,CP37,Gatineau,DI,100.75,7.0,7,21.93,32.2,44.1,92.08,3,0,3,0,0,7
2025-07-20,CP37,Gatineau,GA,13381.17,3.0,3,21.93,32.2,44.1,92.08,3,0,3,0,0,7
2025-07-20,CP37,Gatineau,HT,26031.35,8.0,8,21.93,32.2,44.1,92.08,3,0,3,0,0,7
2025-07-20,CP37,Gatineau,IN,8292.95,20.0,20,21.93,32.2,44.1,92.08,3,0,3,0,0,7
2025-07-20,CP37,Gatineau,LI,2831.92,19.0,19,21.93,32.2,44.1,92.08,3,0,3,0,0,7
2025-07-20,CP37,Gatineau,LO,3835.06,194.0,162,21.93,32.2,44.1,92.08,3,0,3,0,0,7
2025-07-20,CP37,Gatineau,ME,35054.32,162.0,98,21.93,32.2,44.1,92.08,3,0,3,0,0,7
2025-07-20,CP37,Gatineau,MK,289.9,23.0,18,21.93,32.2,44.1,92.08,3,0,3,0,0,7
2025-07-20,CP37,Gatineau,PA,6169.8,30.0,29,21.93,32.2,44.1,92.08,3,0,3,0,0,7
2025-07-20,CP37,Gatineau,PC,47978.65,2094.0,1721,21.93,32.2,44.1,92.08,3,0,3,0,0,7
2025-07-20,CP37,Gatineau,PI,11145.65,735.0,468,21.93,32.2,44.1,92.08,3,0,3,0,0,7
2025-07-20,CP37,Gatineau,SE,135.0,4.0,4,21.93,32.2,44.1,92.08,3,0,3,0,0,7
2025-07-20,CP37,Gatineau,SP,10998.0,2.0,2,21.93,32.2,44.1,92.08,3,0,3,0,0,7
2025-07-20,CP37,Gatineau,TO,1409.97,10.0,10,21.93,32.2,44.1,92.08,3,0,3,0,0,7
2025-07-20,CP44,St-Constant,AM,59.99,1.0,1,23.19,33.0,30.1,89.9,3,0,3,0,0,7
2025-07-20,CP44,St-Constant,AP,23082.12,422.0,317,23.19,33.0,30.1,89.9,3,0,3,0,0,7
2025-07-20,CP44,St-Constant,AS,1303.67,104.0,30,23.19,33.0,30.1,89.9,3,0,3,0,0,7
2025-07-20,CP44,St-Constant,AZ,5.98,2.0,2,23.19,33.0,30.1,89.9,3,0,3,0,0,7
2025-07-20,CP44,St-Constant,BQ,272.94,8.0,8,23.19,33.0,30.1,89.9,3,0,3,0,0,7
2025-07-20,CP44,St-Constant,CH,1253.98,2.0,3,23.19,33.0,30.1,89.9,3,0,3,0,0,7
2025-07-20,CP44,St-Constant,FI,446.97,3.0,3,23.19,33.0,30.1,89.9,3,0,3,0,0,7
2025-07-20,CP44,St-Constant,GA,6639.96,4.0,4,23.19,33.0,30.1,89.9,3,0,3,0,0,7
2025-07-20,CP44,St-Constant,HT,2299.0,1.0,1,23.19,33.0,30.1,89.9,3,0,3,0,0,7
2025-07-20,CP44,St-Constant,IN,1105.0,1.0,1,23.19,33.0,30.1,89.9,3,0,3,0,0,7
2025-07-20,CP44,St-Constant,INM,769.99,1.0,1,23.19,33.0,30.1,89.9,3,0,3,0,0,7
2025-07-20,CP44,St-Constant,LI,509.97,17.0,17,23.19,33.0,30.1,89.9,3,0,3,0,0,7
2025-07-20,CP44,St-Constant,LO,2423.04,100.0,95,23.19,33.0,30.1,89.9,3,0,3,0,0,7
2025-07-20,CP44,St-Constant,ME,12090.36,51.0,33,23.19,33.0,30.1,89.9,3,0,3,0,0,7
2025-07-20,CP44,St-Constant,MK,0.0,1.0,1,23.19,33.0,30.1,89.9,3,0,3,0,0,7
2025-07-20,CP44,St-Constant,PA,3036.9,12.0,11,23.19,33.0,30.1,89.9,3,0,3,0,0,7
2025-07-20,CP44,St-Constant,PC,14645.0,651.0,502,23.19,33.0,30.1,89.9,3,0,3,0,0,7
2025-07-20,CP44,St-Constant,PI,2071.35,94.0,62,23.19,33.0,30.1,89.9,3,0,3,0,0,7
2025-07-20,CP44,St-Constant,SE,804.96,7.0,7,23.19,33.0,30.1,89.9,3,0,3,0,0,7
2025-07-20,CP44,St-Constant,SP,9749.0,1.0,1,23.19,33.0,30.1,89.9,3,0,3,0,0,7
2025-07-20,CP44,St-Constant,TO,0.0,2.0,2,23.19,33.0,30.1,89.9,3,0,3,0,0,7
2025-07-20,CP48,Beloeil,AM,24.99,1.0,1,22.93,32.0,31.4,88.01,4,0,4,0,0,7
2025-07-20,CP48,Beloeil,AP,29259.02,660.0,501,22.93,32.0,31.4,88.01,4,0,4,0,0,7
2025-07-20,CP48,Beloeil,AS,2606.16,479.0,56,22.93,32.0,31.4,88.01,4,0,4,0,0,7
2025-07-20,CP48,Beloeil,AZ,2.99,1.0,1,22.93,32.0,31.4,88.01,4,0,4,0,0,7
2025-07-20,CP48,Beloeil,BQ,3261.31,21.0,21,22.93,32.0,31.4,88.01,4,0,4,0,0,7
2025-07-20,CP48,Beloeil,CC,0.0,1.0,1,22.93,32.0,31.4,88.01,4,0,4,0,0,7
2025-07-20,CP48,Beloeil,CH,3379.97,3.0,3,22.93,32.0,31.4,88.01,4,0,4,0,0,7
2025-07-20,CP48,Beloeil,FI,191.56,8.0,4,22.93,32.0,31.4,88.01,4,0,4,0,0,7
2025-07-20,CP48,Beloeil,GA,2239.9700000000003,3.0,3,22.93,32.0,31.4,88.01,4,0,4,0,0,7
2025-07-20,CP48,Beloeil,HT,11446.0,4.0,4,22.93,32.0,31.4,88.01,4,0,4,0,0,7
2025-07-20,CP48,Beloeil,IN,5435.0,4.0,4,22.93,32.0,31.4,88.01,4,0,4,0,0,7
2025-07-20,CP48,Beloeil,INM,3330.0,3.0,3,22.93,32.0,31.4,88.01,4,0,4,0,0,7
2025-07-20,CP48,Beloeil,LI,1009.96,26.0,26,22.93,32.0,31.4,88.01,4,0,4,0,0,7
2025-07-20,CP48,Beloeil,LO,4807.59,198.0,169,22.93,32.0,31.4,88.01,4,0,4,0,0,7
2025-07-20,CP48,Beloeil,ME,32937.37,115.0,72,22.93,32.0,31.4,88.01,4,0,4,0,0,7
2025-07-20,CP48,Beloeil,MK,1.99,1.0,1,22.93,32.0,31.4,88.01,4,0,4,0,0,7
2025-07-20,CP48,Beloeil,PA,1228.49,8.0,9,22.93,32.0,31.4,88.01,4,0,4,0,0,7
2025-07-20,CP48,Beloeil,PC,28614.65,1186.0,987,22.93,32.0,31.4,88.01,4,0,4,0,0,7
2025-07-20,CP48,Beloeil,PI,3750.39,77.0,74,22.93,32.0,31.4,88.01,4,0,4,0,0,7
2025-07-20,CP48,Beloeil,SE,299.98,3.0,3,22.93,32.0,31.4,88.01,4,0,4,0,0,7
2025-07-20,CP48,Beloeil,SP,7899.0,1.0,1,22.93,32.0,31.4,88.01,4,0,4,0,0,7
2025-07-20,CP48,Beloeil,TO,1432.46,7.0,7,22.93,32.0,31.4,88.01,4,0,4,0,0,7
2025-07-27,CP08,Longueuil,AP,36264.53,616.5,462,22.77,33.2,7.1,88.72,3,0,3,0,0,7
2025-07-27,CP08,Longueuil,AS,4168.55,249.0,57,22.77,33.2,7.1,88.72,3,0,3,0,0,7
2025-07-27,CP08,Longueuil,AZ,14.96,4.0,3,22.77,33.2,7.1,88.72,3,0,3,0,0,7
2025-07-27,CP08,Longueuil,BQ,1435.87,13.0,10,22.77,33.2,7.1,88.72,3,0,3,0,0,7
2025-07-27,CP08,Longueuil,CH,9499.95,5.0,5,22.77,33.2,7.1,88.72,3,0,3,0,0,7
2025-07-27,CP08,Longueuil,FI,1023.96,6.0,4,22.77,33.2,7.1,88.72,3,0,3,0,0,7
2025-07-27,CP08,Longueuil,GA,12549.1,8.0,8,22.77,33.2,7.1,88.72,3,0,3,0,0,7
2025-07-27,CP08,Longueuil,HT,9482.3,4.0,4,22.77,33.2,7.1,88.72,3,0,3,0,0,7
2025-07-27,CP08,Longueuil,IN,3919.98,4.0,4,22.77,33.2,7.1,88.72,3,0,3,0,0,7
2025-07-27,CP08,Longueuil,INM,1014.99,3.0,3,22.77,33.2,7.1,88.72,3,0,3,0,0,7
2025-07-27,CP08,Longueuil,LI,1239.89,29.0,29,22.77,33.2,7.1,88.72,3,0,3,0,0,7
2025-07-27,CP08,Longueuil,LO,2547.7,125.0,99,22.77,33.2,7.1,88.72,3,0,3,0,0,7
2025-07-27,CP08,Longueuil,ME,31531.59,165.0,92,22.77,33.2,7.1,88.72,3,0,3,0,0,7
2025-07-27,CP08,Longueuil,MK,10.0,4.0,4,22.77,33.2,7.1,88.72,3,0,3,0,0,7
2025-07-27,CP08,Longueuil,PA,10359.97,33.0,33,22.77,33.2,7.1,88.72,3,0,3,0,0,7
2025-07-27,CP08,Longueuil,PC,22669.6,967.0,760,22.77,33.2,7.1,88.72,3,0,3,0,0,7
2025-07-27,CP08,Longueuil,PI,5583.79,115.0,88,22.77,33.2,7.1,88.72,3,0,3,0,0,7
2025-07-27,CP08,Longueuil,SE,1254.92,17.0,14,22.77,33.2,7.1,88.72,3,0,3,0,0,7
2025-07-27,CP08,Longueuil,SP,10499.0,1.0,1,22.77,33.2,7.1,88.72,3,0,3,0,0,7
2025-07-27,CP08,Longueuil,TO,1469.96,6.0,6,22.77,33.2,7.1,88.72,3,0,3,0,0,7
2025-07-27,CP202,Nepean,AP,14962.49,202.0,182,22.0,33.2,3.5,94.61,3,0,3,0,0,7
2025-07-27,CP202,Nepean,AS,1843.07,59.0,50,22.0,33.2,3.5,94.61,3,0,3,0,0,7
2025-07-27,CP202,Nepean,BQ,39.97,3.0,3,22.0,33.2,3.5,94.61,3,0,3,0,0,7
2025-07-27,CP202,Nepean,CH,1800.99,1.0,1,22.0,33.2,3.5,94.61,3,0,3,0,0,7
2025-07-27,CP202,Nepean,DI,134.97,23.0,25,22.0,33.2,3.5,94.61,3,0,3,0,0,7
2025-07-27,CP202,Nepean,GA,7799.95,5.0,4,22.0,33.2,3.5,94.61,3,0,3,0,0,7
2025-07-27,CP202,Nepean,IN,0.0,4.0,4,22.0,33.2,3.5,94.61,3,0,3,0,0,7
2025-07-27,CP202,Nepean,LI,2194.93,14.0,14,22.0,33.2,3.5,94.61,3,0,3,0,0,7
2025-07-27,CP202,Nepean,LO,1331.74,76.0,66,22.0,33.2,3.5,94.61,3,0,3,0,0,7
2025-07-27,CP202,Nepean,ME,19901.41,60.0,41,22.0,33.2,3.5,94.61,3,0,3,0,0,7
2025-07-27,CP202,Nepean,MK,446.44,5.0,5,22.0,33.2,3.5,94.61,3,0,3,0,0,7
2025-07-27,CP202,Nepean,PA,6910.04,28.0,29,22.0,33.2,3.5,94.61,3,0,3,0,0,7
2025-07-27,CP202,Nepean,PC,20159.33,1018.0,880,22.0,33.2,3.5,94.61,3,0,3,0,0,7
2025-07-27,CP202,Nepean,PI,2209.15,135.0,120,22.0,33.2,3.5,94.61,3,0,3,0,0,7
2025-07-27,CP202,Nepean,SP,56905.0,5.0,5,22.0,33.2,3.5,94.61,3,0,3,0,0,7
2025-07-27,CP37,Gatineau,AP,31862.09,956.0,465,21.23,32.5,6.6,93.39,3,0,3,0,0,7
2025-07-27,CP37,Gatineau,AS,3381.0899999999997,107.0,88,21.23,32.5,6.6,93.39,3,0,3,0,0,7
2025-07-27,CP37,Gatineau,BQ,3543.8799999999997,13.0,13,21.23,32.5,6.6,93.39,3,0,3,0,0,7
2025-07-27,CP37,Gatineau,DI,119.85,18.0,10,21.23,32.5,6.6,93.39,3,0,3,0,0,7
2025-07-27,CP37,Gatineau,FI,689.99,1.0,1,21.23,32.5,6.6,93.39,3,0,3,0,0,7
2025-07-27,CP37,Gatineau,GA,9799.97,3.0,3,21.23,32.5,6.6,93.39,3,0,3,0,0,7
2025-07-27,CP37,Gatineau,HT,14595.0,5.0,5,21.23,32.5,6.6,93.39,3,0,3,0,0,7
2025-07-27,CP37,Gatineau,IN,4346.99,13.0,13,21.23,32.5,6.6,93.39,3,0,3,0,0,7
2025-07-27,CP37,Gatineau,LI,3859.92,17.0,17,21.23,32.5,6.6,93.39,3,0,3,0,0,7
2025-07-27,CP37,Gatineau,LO,2153.4,166.0,124,21.23,32.5,6.6,93.39,3,0,3,0,0,7
2025-07-27,CP37,Gatineau,ME,39567.11,109.0,74,21.23,32.5,6.6,93.39,3,0,3,0,0,7
2025-07-27,CP37,Gatineau,MK,590.13,26.0,22,21.23,32.5,6.6,93.39,3,0,3,0,0,7
2025-07-27,CP37,Gatineau,PA,2996.81,19.0,23,21.23,32.5,6.6,93.39,3,0,3,0,0,7
2025-07-27,CP37,Gatineau,PC,41434.59,1794.0,1542,21.23,32.5,6.6,93.39,3,0,3,0,0,7
2025-07-27,CP37,Gatineau,PI,7607.19,678.0,447,21.23,32.5,6.6,93.39,3,0,3,0,0,7
2025-07-27,CP37,Gatineau,SE,270.0,7.0,7,21.23,32.5,6.6,93.39,3,0,3,0,0,7
2025-07-27,CP37,Gatineau,SP,51746.0,4.0,6,21.23,32.5,6.6,93.39,3,0,3,0,0,7
2025-07-27,CP37,Gatineau,TO,5749.63,13.0,12,21.23,32.5,6.6,93.39,3,0,3,0,0,7
2025-07-27,CP44,St-Constant,AP,19629.08,497.0,340,22.21,33.2,15.3,85.98,3,0,3,0,0,7
2025-07-27,CP44,St-Constant,AS,1158.26,133.0,21,22.21,33.2,15.3,85.98,3,0,3,0,0,7
2025-07-27,CP44,St-Constant,AZ,17.94,6.0,6,22.21,33.2,15.3,85.98,3,0,3,0,0,7
2025-07-27,CP44,St-Constant,BQ,402.97,5.0,5,22.21,33.2,15.3,85.98,3,0,3,0,0,7
2025-07-27,CP44,St-Constant,CH,2142.9599999999996,4.0,4,22.21,33.2,15.3,85.98,3,0,3,0,0,7
2025-07-27,CP44,St-Constant,GA,249.99,1.0,1,22.21,33.2,15.3,85.98,3,0,3,0,0,7
2025-07-27,CP44,St-Constant,HT,2968.99,2.0,2,22.21,33.2,15.3,85.98,3,0,3,0,0,7
2025-07-27,CP44,St-Constant,IN,1539.99,2.0,2,22.21,33.2,15.3,85.98,3,0,3,0,0,7
2025-07-27,CP44,St-Constant,LI,50.0,8.0,8,22.21,33.2,15.3,85.98,3,0,3,0,0,7
2025-07-27,CP44,St-Constant,LO,2075.56,95.0,80,22.21,33.2,15.3,85.98,3,0,3,0,0,7
2025-07-27,CP44,St-Constant,ME,11556.51,49.0,35,22.21,33.2,15.3,85.98,3,0,3,0,0,7
2025-07-27,CP44,St-Constant,MK,5.0,1.0,1,22.21,33.2,15.3,85.98,3,0,3,0,0,7
2025-07-27,CP44,St-Constant,PA,464.93,7.0,7,22.21,33.2,15.3,85.98,3,0,3,0,0,7
2025-07-27,CP44,St-Constant,PC,14642.42,659.0,508,22.21,33.2,15.3,85.98,3,0,3,0,0,7
2025-07-27,CP44,St-Constant,PI,2225.06,53.0,50,22.21,33.2,15.3,85.98,3,0,3,0,0,7
2025-07-27,CP44,St-Constant,SE,442.46,10.0,10,22.21,33.2,15.3,85.98,3,0,3,0,0,7
2025-07-27,CP44,St-Constant,TO,1380.22,4.0,4,22.21,33.2,15.3,85.98,3,0,3,0,0,7
2025-07-27,CP48,Beloeil,AM,27.99,1.0,1,21.63,32.8,7.9,88.48,3,0,3,0,0,7
2025-07-27,CP48,Beloeil,AP,31686.76,749.0,525,21.63,32.8,7.9,88.48,3,0,3,0,0,7
2025-07-27,CP48,Beloeil,AS,2666.96,312.0,48,21.63,32.8,7.9,88.48,3,0,3,0,0,7
2025-07-27,CP48,Beloeil,AZ,100.97,3.0,2,21.63,32.8,7.9,88.48,3,0,3,0,0,7
2025-07-27,CP48,Beloeil,BQ,1985.84,16.0,15,21.63,32.8,7.9,88.48,3,0,3,0,0,7
2025-07-27,CP48,Beloeil,CH,8315.92,8.0,8,21.63,32.8,7.9,88.48,3,0,3,0,0,7
2025-07-27,CP48,Beloeil,GA,13459.95,5.0,5,21.63,32.8,7.9,88.48,3,0,3,0,0,7
2025-07-27,CP48,Beloeil,HT,14095.0,5.0,5,21.63,32.8,7.9,88.48,3,0,3,0,0,7
2025-07-27,CP48,Beloeil,IN,4694.99,5.0,5,21.63,32.8,7.9,88.48,3,0,3,0,0,7
2025-07-27,CP48,Beloeil,INM,1704.98,3.0,3,21.63,32.8,7.9,88.48,3,0,3,0,0,7
2025-07-27,CP48,Beloeil,LI,249.97,27.0,27,21.63,32.8,7.9,88.48,3,0,3,0,0,7
2025-07-27,CP48,Beloeil,LO,2035.74,140.0,108,21.63,32.8,7.9,88.48,3,0,3,0,0,7
2025-07-27,CP48,Beloeil,ME,21968.96,106.0,60,21.63,32.8,7.9,88.48,3,0,3,0,0,7
2025-07-27,CP48,Beloeil,PA,2634.93,7.0,7,21.63,32.8,7.9,88.48,3,0,3,0,0,7
2025-07-27,CP48,Beloeil,PC,25380.84,1041.0,884,21.63,32.8,7.9,88.48,3,0,3,0,0,7
2025-07-27,CP48,Beloeil,PI,880.41,52.0,60,21.63,32.8,7.9,88.48,3,0,3,0,0,7
2025-07-27,CP48,Beloeil,SE,329.94,9.0,9,21.63,32.8,7.9,88.48,3,0,3,0,0,7
2025-07-27,CP48,Beloeil,TO,2574.9300000000003,10.0,10,21.63,32.8,7.9,88.48,3,0,3,0,0,7
2025-08-03,CP08,Longueuil,AM,27.99,1.0,1,22.59,30.7,2.6,91.09,3,0,3,0,0,8
2025-08-03,CP08,Longueuil,AP,32043.9,693.0,502,22.59,30.7,2.6,91.09,3,0,3,0,0,8
2025-08-03,CP08,Longueuil,AS,2476.87,342.0,46,22.59,30.7,2.6,91.09,3,0,3,0,0,8
2025-08-03,CP08,Longueuil,AZ,11.98,2.0,2,22.59,30.7,2.6,91.09,3,0,3,0,0,8
2025-08-03,CP08,Longueuil,BQ,264.42,8.0,8,22.59,30.7,2.6,91.09,3,0,3,0,0,8
2025-08-03,CP08,Longueuil,CC,0.0,1.0,1,22.59,30.7,2.6,91.09,3,0,3,0,0,8
2025-08-03,CP08,Longueuil,CH,53.98,2.0,1,22.59,30.7,2.6,91.09,3,0,3,0,0,8
2025-08-03,CP08,Longueuil,FI,2317.51,3.0,2,22.59,30.7,2.6,91.09,3,0,3,0,0,8
2025-08-03,CP08,Longueuil,GA,3199.98,2.0,2,22.59,30.7,2.6,91.09,3,0,3,0,0,8
2025-08-03,CP08,Longueuil,HT,8667.99,3.0,3,22.59,30.7,2.6,91.09,3,0,3,0,0,8
2025-08-03,CP08,Longueuil,INM,0.0,1.0,1,22.59,30.7,2.6,91.09,3,0,3,0,0,8
2025-08-03,CP08,Longueuil,LI,1214.9,19.0,19,22.59,30.7,2.6,91.09,3,0,3,0,0,8
2025-08-03,CP08,Longueuil,LO,2421.31,153.0,80,22.59,30.7,2.6,91.09,3,0,3,0,0,8
2025-08-03,CP08,Longueuil,ME,21221.46,126.0,62,22.59,30.7,2.6,91.09,3,0,3,0,0,8
2025-08-03,CP08,Longueuil,MK,20.0,4.0,3,22.59,30.7,2.6,91.09,3,0,3,0,0,8
2025-08-03,CP08,Longueuil,PA,3480.04,18.0,18,22.59,30.7,2.6,91.09,3,0,3,0,0,8
2025-08-03,CP08,Longueuil,PC,24643.3,987.0,761,22.59,30.7,2.6,91.09,3,0,3,0,0,8
2025-08-03,CP08,Longueuil,PI,5648.9800000000005,143.0,115,22.59,30.7,2.6,91.09,3,0,3,0,0,8
2025-08-03,CP08,Longueuil,SE,641.97,8.0,8,22.59,30.7,2.6,91.09,3,0,3,0,0,8
2025-08-03,CP08,Longueuil,SP,5499.0,1.0,1,22.59,30.7,2.6,91.09,3,0,3,0,0,8
2025-08-03,CP08,Longueuil,TO,1094.96,5.0,5,22.59,30.7,2.6,91.09,3,0,3,0,0,8
2025-08-03,CP202,Nepean,AP,15288.65,185.0,158,22.41,33.4,0.1,91.72,1,0,1,0,0,8
2025-08-03,CP202,Nepean,AS,4538.03,52.0,47,22.41,33.4,0.1,91.72,1,0,1,0,0,8
2025-08-03,CP202,Nepean,BQ,908.99,2.0,2,22.41,33.4,0.1,91.72,1,0,1,0,0,8
2025-08-03,CP202,Nepean,CH,1899.99,1.0,1,22.41,33.4,0.1,91.72,1,0,1,0,0,8
2025-08-03,CP202,Nepean,DI,0.0,34.0,35,22.41,33.4,0.1,91.72,1,0,1,0,0,8
2025-08-03,CP202,Nepean,GA,31898.93,8.0,8,22.41,33.4,0.1,91.72,1,0,1,0,0,8
2025-08-03,CP202,Nepean,IN,3114.99,5.0,5,22.41,33.4,0.1,91.72,1,0,1,0,0,8
2025-08-03,CP202,Nepean,LI,1519.88,15.0,15,22.41,33.4,0.1,91.72,1,0,1,0,0,8
2025-08-03,CP202,Nepean,LO,1055.7,80.0,73,22.41,33.4,0.1,91.72,1,0,1,0,0,8
2025-08-03,CP202,Nepean,ME,32325.14,97.0,64,22.41,33.4,0.1,91.72,1,0,1,0,0,8
2025-08-03,CP202,Nepean,MK,1.98,2.0,2,22.41,33.4,0.1,91.72,1,0,1,0,0,8
2025-08-03,CP202,Nepean,PA,5150.07,23.0,21,22.41,33.4,0.1,91.72,1,0,1,0,0,8
2025-08-03,CP202,Nepean,PC,22030.75,1149.0,954,22.41,33.4,0.1,91.72,1,0,1,0,0,8
2025-08-03,CP202,Nepean,PI,4005.76,177.0,131,22.41,33.4,0.1,91.72,1,0,1,0,0,8
2025-08-03,CP202,Nepean,SP,10499.0,1.0,1,22.41,33.4,0.1,91.72,1,0,1,0,0,8
2025-08-03,CP37,Gatineau,AP,55916.39,1162.0,499,21.64,33.0,0.5,95.17,2,0,2,0,0,8
2025-08-03,CP37,Gatineau,AS,3822.83,67.0,61,21.64,33.0,0.5,95.17,2,0,2,0,0,8
2025-08-03,CP37,Gatineau,AZ,99.99,1.0,1,21.64,33.0,0.5,95.17,2,0,2,0,0,8
2025-08-03,CP37,Gatineau,BQ,878.87,13.0,12,21.64,33.0,0.5,95.17,2,0,2,0,0,8
2025-08-03,CP37,Gatineau,CH,2399.99,1.0,1,21.64,33.0,0.5,95.17,2,0,2,0,0,8
2025-08-03,CP37,Gatineau,DI,16.99,2.0,2,21.64,33.0,0.5,95.17,2,0,2,0,0,8
2025-08-03,CP37,Gatineau,FI,130.9,2.0,1,21.64,33.0,0.5,95.17,2,0,2,0,0,8
2025-08-03,CP37,Gatineau,GA,18899.92,8.0,7,21.64,33.0,0.5,95.17,2,0,2,0,0,8
2025-08-03,CP37,Gatineau,HT,20993.0,7.0,9,21.64,33.0,0.5,95.17,2,0,2,0,0,8
2025-08-03,CP37,Gatineau,IN,2584.98,7.0,7,21.64,33.0,0.5,95.17,2,0,2,0,0,8
2025-08-03,CP37,Gatineau,LI,1614.93,16.0,16,21.64,33.0,0.5,95.17,2,0,2,0,0,8
2025-08-03,CP37,Gatineau,LO,1972.0,150.0,107,21.64,33.0,0.5,95.17,2,0,2,0,0,8
2025-08-03,CP37,Gatineau,ME,34357.52,142.0,97,21.64,33.0,0.5,95.17,2,0,2,0,0,8
2025-08-03,CP37,Gatineau,MK,306.93,14.0,12,21.64,33.0,0.5,95.17,2,0,2,0,0,8
2025-08-03,CP37,Gatineau,PA,2498.79,21.0,23,21.64,33.0,0.5,95.17,2,0,2,0,0,8
2025-08-03,CP37,Gatineau,PC,40800.78,1752.0,1490,21.64,33.0,0.5,95.17,2,0,2,0,0,8
2025-08-03,CP37,Gatineau,PI,8361.5,566.0,370,21.64,33.0,0.5,95.17,2,0,2,0,0,8
2025-08-03,CP37,Gatineau,SE,600.0,11.0,11,21.64,33.0,0.5,95.17,2,0,2,0,0,8
2025-08-03,CP37,Gatineau,TO,4315.9400000000005,15.0,15,21.64,33.0,0.5,95.17,2,0,2,0,0,8
2025-08-03,CP44,St-Constant,AM,272.97,3.0,3,22.99,32.4,1.2,89.73,3,0,3,0,0,8
2025-08-03,CP44,St-Constant,AP,22012.46,506.0,347,22.99,32.4,1.2,89.73,3,0,3,0,0,8
2025-08-03,CP44,St-Constant,AS,1317.94,234.0,36,22.99,32.4,1.2,89.73,3,0,3,0,0,8
2025-08-03,CP44,St-Constant,AZ,311.93,7.0,6,22.99,32.4,1.2,89.73,3,0,3,0,0,8
2025-08-03,CP44,St-Constant,BQ,1378.95,6.0,6,22.99,32.4,1.2,89.73,3,0,3,0,0,8
2025-08-03,CP44,St-Constant,CH,6830.93,7.0,6,22.99,32.4,1.2,89.73,3,0,3,0,0,8
2025-08-03,CP44,St-Constant,FI,81.98,2.0,2,22.99,32.4,1.2,89.73,3,0,3,0,0,8
2025-08-03,CP44,St-Constant,GA,3008.7999999999997,2.0,4,22.99,32.4,1.2,89.73,3,0,3,0,0,8
2025-08-03,CP44,St-Constant,HT,4098.0,2.0,2,22.99,32.4,1.2,89.73,3,0,3,0,0,8
2025-08-03,CP44,St-Constant,IN,2584.99,4.0,4,22.99,32.4,1.2,89.73,3,0,3,0,0,8
2025-08-03,CP44,St-Constant,INM,330.0,2.0,2,22.99,32.4,1.2,89.73,3,0,3,0,0,8
2025-08-03,CP44,St-Constant,LI,709.96,18.0,18,22.99,32.4,1.2,89.73,3,0,3,0,0,8
2025-08-03,CP44,St-Constant,LO,1611.03,71.0,60,22.99,32.4,1.2,89.73,3,0,3,0,0,8
2025-08-03,CP44,St-Constant,ME,8939.57,24.0,21,22.99,32.4,1.2,89.73,3,0,3,0,0,8
2025-08-03,CP44,St-Constant,MK,10.0,2.0,1,22.99,32.4,1.2,89.73,3,0,3,0,0,8
2025-08-03,CP44,St-Constant,PA,270.08,2.0,2,22.99,32.4,1.2,89.73,3,0,3,0,0,8
2025-08-03,CP44,St-Constant,PC,13954.73,632.0,481,22.99,32.4,1.2,89.73,3,0,3,0,0,8
2025-08-03,CP44,St-Constant,PI,1053.9,39.0,36,22.99,32.4,1.2,89.73,3,0,3,0,0,8
2025-08-03,CP44,St-Constant,SP,15999.0,1.0,1,22.99,32.4,1.2,89.73,3,0,3,0,0,8
2025-08-03,CP44,St-Constant,TO,697.48,4.0,4,22.99,32.4,1.2,89.73,3,0,3,0,0,8
2025-08-03,CP48,Beloeil,AP,31282.22,502.0,397,21.96,31.3,5.5,90.46,3,0,3,0,0,8
2025-08-03,CP48,Beloeil,AS,3563.57,487.0,46,21.96,31.3,5.5,90.46,3,0,3,0,0,8
2025-08-03,CP48,Beloeil,AZ,2.99,1.0,3,21.96,31.3,5.5,90.46,3,0,3,0,0,8
2025-08-03,CP48,Beloeil,BQ,2371.09,14.0,11,21.96,31.3,5.5,90.46,3,0,3,0,0,8
2025-08-03,CP48,Beloeil,CH,12738.91,9.0,8,21.96,31.3,5.5,90.46,3,0,3,0,0,8
2025-08-03,CP48,Beloeil,FI,108.97,3.0,2,21.96,31.3,5.5,90.46,3,0,3,0,0,8
2025-08-03,CP48,Beloeil,GA,7199.98,2.0,2,21.96,31.3,5.5,90.46,3,0,3,0,0,8
2025-08-03,CP48,Beloeil,HT,1649.0,1.0,1,21.96,31.3,5.5,90.46,3,0,3,0,0,8
2025-08-03,CP48,Beloeil,IN,2329.9700000000003,4.0,4,21.96,31.3,5.5,90.46,3,0,3,0,0,8
2025-08-03,CP48,Beloeil,LI,249.94,18.0,18,21.96,31.3,5.5,90.46,3,0,3,0,0,8
2025-08-03,CP48,Beloeil,LO,2326.72,137.0,116,21.96,31.3,5.5,90.46,3,0,3,0,0,8
2025-08-03,CP48,Beloeil,ME,18925.15,83.0,54,21.96,31.3,5.5,90.46,3,0,3,0,0,8
2025-08-03,CP48,Beloeil,PA,1598.84,11.0,11,21.96,31.3,5.5,90.46,3,0,3,0,0,8
2025-08-03,CP48,Beloeil,PC,28592.77,1124.0,932,21.96,31.3,5.5,90.46,3,0,3,0,0,8
2025-08-03,CP48,Beloeil,PI,1529.78,77.0,39,21.96,31.3,5.5,90.46,3,0,3,0,0,8
2025-08-03,CP48,Beloeil,SE,469.96,4.0,4,21.96,31.3,5.5,90.46,3,0,3,0,0,8
2025-08-03,CP48,Beloeil,SP,5499.0,1.0,1,21.96,31.3,5.5,90.46,3,0,3,0,0,8
2025-08-03,CP48,Beloeil,TO,594.99,3.0,3,21.96,31.3,5.5,90.46,3,0,3,0,0,8
2025-08-10,CP08,Longueuil,AP,32202.84,1033.0,409,24.26,34.0,1.0,96.27,3,0,3,0,0,8
2025-08-10,CP08,Longueuil,AS,1991.73,107.0,36,24.26,34.0,1.0,96.27,3,0,3,0,0,8
2025-08-10,CP08,Longueuil,AZ,14.96,4.0,4,24.26,34.0,1.0,96.27,3,0,3,0,0,8
2025-08-10,CP08,Longueuil,BQ,2812.9299999999994,9.0,11,24.26,34.0,1.0,96.27,3,0,3,0,0,8
2025-08-10,CP08,Longueuil,CC,0.0,4.0,4,24.26,34.0,1.0,96.27,3,0,3,0,0,8
2025-08-10,CP08,Longueuil,CH,11713.94,6.0,5,24.26,34.0,1.0,96.27,3,0,3,0,0,8
2025-08-10,CP08,Longueuil,FI,3001.27,12.0,8,24.26,34.0,1.0,96.27,3,0,3,0,0,8
2025-08-10,CP08,Longueuil,GA,10089.94,6.0,6,24.26,34.0,1.0,96.27,3,0,3,0,0,8
2025-08-10,CP08,Longueuil,HT,6998.0,2.0,2,24.26,34.0,1.0,96.27,3,0,3,0,0,8
2025-08-10,CP08,Longueuil,IN,1379.97,3.0,3,24.26,34.0,1.0,96.27,3,0,3,0,0,8
2025-08-10,CP08,Longueuil,INM,1389.98,2.0,2,24.26,34.0,1.0,96.27,3,0,3,0,0,8
2025-08-10,CP08,Longueuil,LI,429.96,20.0,20,24.26,34.0,1.0,96.27,3,0,3,0,0,8
2025-08-10,CP08,Longueuil,LO,651.67,61.0,56,24.26,34.0,1.0,96.27,3,0,3,0,0,8
2025-08-10,CP08,Longueuil,ME,12400.5,58.0,31,24.26,34.0,1.0,96.27,3,0,3,0,0,8
2025-08-10,CP08,Longueuil,PA,3419.94,6.0,6,24.26,34.0,1.0,96.27,3,0,3,0,0,8
2025-08-10,CP08,Longueuil,PC,18348.32,817.0,628,24.26,34.0,1.0,96.27,3,0,3,0,0,8
2025-08-10,CP08,Longueuil,PI,7682.56,117.0,94,24.26,34.0,1.0,96.27,3,0,3,0,0,8
2025-08-10,CP08,Longueuil,SE,2239.93,20.0,19,24.26,34.0,1.0,96.27,3,0,3,0,0,8
2025-08-10,CP08,Longueuil,TO,637.47,4.0,4,24.26,34.0,1.0,96.27,3,0,3,0,0,8
2025-08-10,CP202,Nepean,AP,17515.51,200.0,124,23.33,33.2,1.8,96.23,2,0,2,0,0,8
2025-08-10,CP202,Nepean,AS,2492.42,62.0,56,23.33,33.2,1.8,96.23,2,0,2,0,0,8
2025-08-10,CP202,Nepean,DI,3.99,17.0,17,23.33,33.2,1.8,96.23,2,0,2,0,0,8
2025-08-10,CP202,Nepean,GA,9099.96,4.0,4,23.33,33.2,1.8,96.23,2,0,2,0,0,8
2025-08-10,CP202,Nepean,IN,0.0,1.0,1,23.33,33.2,1.8,96.23,2,0,2,0,0,8
2025-08-10,CP202,Nepean,LI,1114.94,8.0,8,23.33,33.2,1.8,96.23,2,0,2,0,0,8
2025-08-10,CP202,Nepean,LO,840.42,59.0,46,23.33,33.2,1.8,96.23,2,0,2,0,0,8
2025-08-10,CP202,Nepean,ME,18599.56,46.0,39,23.33,33.2,1.8,96.23,2,0,2,0,0,8
2025-08-10,CP202,Nepean,MK,0.99,1.0,1,23.33,33.2,1.8,96.23,2,0,2,0,0,8
2025-08-10,CP202,Nepean,PA,814.9300000000001,7.0,7,23.33,33.2,1.8,96.23,2,0,2,0,0,8
2025-08-10,CP202,Nepean,PC,17641.65,910.0,776,23.33,33.2,1.8,96.23,2,0,2,0,0,8
2025-08-10,CP202,Nepean,PI,3157.68,135.0,128,23.33,33.2,1.8,96.23,2,0,2,0,0,8
2025-08-10,CP202,Nepean,SP,7749.0,1.0,1,23.33,33.2,1.8,96.23,2,0,2,0,0,8
2025-08-10,CP37,Gatineau,AP,40165.89,1240.0,459,22.76,33.5,0.4,96.49,1,0,1,0,0,8
2025-08-10,CP37,Gatineau,AS,3984.13,93.0,81,22.76,33.5,0.4,96.49,1,0,1,0,0,8
2025-08-10,CP37,Gatineau,BQ,1011.92,8.0,7,22.76,33.5,0.4,96.49,1,0,1,0,0,8
2025-08-10,CP37,Gatineau,CH,10147.98,4.0,4,22.76,33.5,0.4,96.49,1,0,1,0,0,8
2025-08-10,CP37,Gatineau,DI,17.96,9.0,8,22.76,33.5,0.4,96.49,1,0,1,0,0,8
2025-08-10,CP37,Gatineau,GA,40770.95,10.0,10,22.76,33.5,0.4,96.49,1,0,1,0,0,8
2025-08-10,CP37,Gatineau,HT,28792.0,8.0,8,22.76,33.5,0.4,96.49,1,0,1,0,0,8
2025-08-10,CP37,Gatineau,IN,1799.99,4.0,4,22.76,33.5,0.4,96.49,1,0,1,0,0,8
2025-08-10,CP37,Gatineau,LI,1814.92,16.0,16,22.76,33.5,0.4,96.49,1,0,1,0,0,8
2025-08-10,CP37,Gatineau,LO,1641.84,116.0,99,22.76,33.5,0.4,96.49,1,0,1,0,0,8
2025-08-10,CP37,Gatineau,ME,42547.78,143.0,89,22.76,33.5,0.4,96.49,1,0,1,0,0,8
2025-08-10,CP37,Gatineau,MK,18.93,7.0,6,22.76,33.5,0.4,96.49,1,0,1,0,0,8
2025-08-10,CP37,Gatineau,PA,2164.57,21.0,21,22.76,33.5,0.4,96.49,1,0,1,0,0,8
2025-08-10,CP37,Gatineau,PC,36668.85,1545.0,1332,22.76,33.5,0.4,96.49,1,0,1,0,0,8
2025-08-10,CP37,Gatineau,PI,7603.88,351.0,316,22.76,33.5,0.4,96.49,1,0,1,0,0,8
2025-08-10,CP37,Gatineau,SE,230.0,4.0,4,22.76,33.5,0.4,96.49,1,0,1,0,0,8
2025-08-10,CP37,Gatineau,SP,20997.0,3.0,3,22.76,33.5,0.4,96.49,1,0,1,0,0,8
2025-08-10,CP37,Gatineau,TO,797.98,10.0,10,22.76,33.5,0.4,96.49,1,0,1,0,0,8
2025-08-10,CP44,St-Constant,AM,27.99,1.0,3,23.74,33.7,0.9,96.86,3,0,3,0,0,8
2025-08-10,CP44,St-Constant,AP,13567.33,300.0,264,23.74,33.7,0.9,96.86,3,0,3,0,0,8
2025-08-10,CP44,St-Constant,AS,1499.41,178.0,32,23.74,33.7,0.9,96.86,3,0,3,0,0,8
2025-08-10,CP44,St-Constant,AZ,116.96,4.0,4,23.74,33.7,0.9,96.86,3,0,3,0,0,8
2025-08-10,CP44,St-Constant,BQ,3410.87,13.0,13,23.74,33.7,0.9,96.86,3,0,3,0,0,8
2025-08-10,CP44,St-Constant,CH,9249.95,5.0,5,23.74,33.7,0.9,96.86,3,0,3,0,0,8
2025-08-10,CP44,St-Constant,FI,83.3,1.0,1,23.74,33.7,0.9,96.86,3,0,3,0,0,8
2025-08-10,CP44,St-Constant,GA,5849.96,4.0,4,23.74,33.7,0.9,96.86,3,0,3,0,0,8
2025-08-10,CP44,St-Constant,HT,2199.0,1.0,1,23.74,33.7,0.9,96.86,3,0,3,0,0,8
2025-08-10,CP44,St-Constant,IN,3364.98,4.0,4,23.74,33.7,0.9,96.86,3,0,3,0,0,8
2025-08-10,CP44,St-Constant,INM,1704.98,3.0,3,23.74,33.7,0.9,96.86,3,0,3,0,0,8
2025-08-10,CP44,St-Constant,LI,739.9399999999999,20.0,20,23.74,33.7,0.9,96.86,3,0,3,0,0,8
2025-08-10,CP44,St-Constant,LO,2097.43,99.0,79,23.74,33.7,0.9,96.86,3,0,3,0,0,8
2025-08-10,CP44,St-Constant,ME,4119.59,19.0,13,23.74,33.7,0.9,96.86,3,0,3,0,0,8
2025-08-10,CP44,St-Constant,PA,799.91,9.0,8,23.74,33.7,0.9,96.86,3,0,3,0,0,8
2025-08-10,CP44,St-Constant,PC,17920.09,695.0,550,23.74,33.7,0.9,96.86,3,0,3,0,0,8
2025-08-10,CP44,St-Constant,PI,1183.01,49.0,44,23.74,33.7,0.9,96.86,3,0,3,0,0,8
2025-08-10,CP44,St-Constant,SE,0.0,2.0,2,23.74,33.7,0.9,96.86,3,0,3,0,0,8
2025-08-10,CP44,St-Constant,SP,5499.0,1.0,1,23.74,33.7,0.9,96.86,3,0,3,0,0,8
2025-08-10,CP44,St-Constant,TO,547.48,2.0,2,23.74,33.7,0.9,96.86,3,0,3,0,0,8
2025-08-10,CP48,Beloeil,AM,399.98,2.0,2,22.64,32.5,0.4,94.59,2,0,2,0,0,8
2025-08-10,CP48,Beloeil,AP,19459.89,496.0,361,22.64,32.5,0.4,94.59,2,0,2,0,0,8
2025-08-10,CP48,Beloeil,AS,1733.71,163.0,41,22.64,32.5,0.4,94.59,2,0,2,0,0,8
2025-08-10,CP48,Beloeil,AZ,412.96,4.0,6,22.64,32.5,0.4,94.59,2,0,2,0,0,8
2025-08-10,CP48,Beloeil,BQ,2729.86,19.0,20,22.64,32.5,0.4,94.59,2,0,2,0,0,8
2025-08-10,CP48,Beloeil,CH,1653.97,3.0,2,22.64,32.5,0.4,94.59,2,0,2,0,0,8
2025-08-10,CP48,Beloeil,FI,2079.9700000000003,3.0,3,22.64,32.5,0.4,94.59,2,0,2,0,0,8
2025-08-10,CP48,Beloeil,GA,1619.95,5.0,5,22.64,32.5,0.4,94.59,2,0,2,0,0,8
2025-08-10,CP48,Beloeil,HT,6427.99,3.0,3,22.64,32.5,0.4,94.59,2,0,2,0,0,8
2025-08-10,CP48,Beloeil,IN,2944.98,3.0,3,22.64,32.5,0.4,94.59,2,0,2,0,0,8
2025-08-10,CP48,Beloeil,LI,1309.9,24.0,24,22.64,32.5,0.4,94.59,2,0,2,0,0,8
2025-08-10,CP48,Beloeil,LO,1919.26,115.0,90,22.64,32.5,0.4,94.59,2,0,2,0,0,8
2025-08-10,CP48,Beloeil,ME,23984.11,94.0,50,22.64,32.5,0.4,94.59,2,0,2,0,0,8
2025-08-10,CP48,Beloeil,PA,4854.860000000001,14.0,16,22.64,32.5,0.4,94.59,2,0,2,0,0,8
2025-08-10,CP48,Beloeil,PC,24575.35,1022.0,846,22.64,32.5,0.4,94.59,2,0,2,0,0,8
2025-08-10,CP48,Beloeil,PI,1308.19,50.0,50,22.64,32.5,0.4,94.59,2,0,2,0,0,8
2025-08-10,CP48,Beloeil,SA,9999.99,1.0,1,22.64,32.5,0.4,94.59,2,0,2,0,0,8
2025-08-10,CP48,Beloeil,SE,419.98,5.0,5,22.64,32.5,0.4,94.59,2,0,2,0,0,8
2025-08-10,CP48,Beloeil,SP,20998.0,2.0,2,22.64,32.5,0.4,94.59,2,0,2,0,0,8
2025-08-10,CP48,Beloeil,TO,1655.47,5.0,5,22.64,32.5,0.4,94.59,2,0,2,0,0,8
2025-08-17,CP08,Longueuil,AM,472.94,6.0,6,24.84,34.8,9.6,83.63,2,0,2,0,0,8
2025-08-17,CP08,Longueuil,AP,26734.67,418.5,371,24.84,34.8,9.6,83.63,2,0,2,0,0,8
2025-08-17,CP08,Longueuil,AS,2699.25,196.0,38,24.84,34.8,9.6,83.63,2,0,2,0,0,8
2025-08-17,CP08,Longueuil,AZ,3.0,0.0,2,24.84,34.8,9.6,83.63,2,0,2,0,0,8
2025-08-17,CP08,Longueuil,BQ,4718.58,12.0,9,24.84,34.8,9.6,83.63,2,0,2,0,0,8
2025-08-17,CP08,Longueuil,CH,11237.95,7.0,6,24.84,34.8,9.6,83.63,2,0,2,0,0,8
2025-08-17,CP08,Longueuil,FI,1179.96,4.0,3,24.84,34.8,9.6,83.63,2,0,2,0,0,8
2025-08-17,CP08,Longueuil,GA,219.99,1.0,1,24.84,34.8,9.6,83.63,2,0,2,0,0,8
2025-08-17,CP08,Longueuil,HT,3299.0,1.0,1,24.84,34.8,9.6,83.63,2,0,2,0,0,8
2025-08-17,CP08,Longueuil,IN,2194.99,2.0,2,24.84,34.8,9.6,83.63,2,0,2,0,0,8
2025-08-17,CP08,Longueuil,INM,230.0,2.0,2,24.84,34.8,9.6,83.63,2,0,2,0,0,8
2025-08-17,CP08,Longueuil,LI,869.94,16.0,16,24.84,34.8,9.6,83.63,2,0,2,0,0,8
2025-08-17,CP08,Longueuil,LO,1710.31,111.0,92,24.84,34.8,9.6,83.63,2,0,2,0,0,8
2025-08-17,CP08,Longueuil,ME,23642.17,136.0,70,24.84,34.8,9.6,83.63,2,0,2,0,0,8
2025-08-17,CP08,Longueuil,MK,10.0,3.0,3,24.84,34.8,9.6,83.63,2,0,2,0,0,8
2025-08-17,CP08,Longueuil,PA,1178.86,14.0,11,24.84,34.8,9.6,83.63,2,0,2,0,0,8
2025-08-17,CP08,Longueuil,PC,21848.7,859.0,689,24.84,34.8,9.6,83.63,2,0,2,0,0,8
2025-08-17,CP08,Longueuil,PI,1904.36,76.0,68,24.84,34.8,9.6,83.63,2,0,2,0,0,8
2025-08-17,CP08,Longueuil,SE,489.98,4.0,4,24.84,34.8,9.6,83.63,2,0,2,0,0,8
2025-08-17,CP08,Longueuil,SP,20999.0,1.0,1,24.84,34.8,9.6,83.63,2,0,2,0,0,8
2025-08-17,CP08,Longueuil,TO,2424.1,6.0,6,24.84,34.8,9.6,83.63,2,0,2,0,0,8
2025-08-17,CP202,Nepean,AP,9879.36,146.0,128,23.7,33.2,5.4,85.93,3,0,3,0,0,8
2025-08-17,CP202,Nepean,AS,3582.45,59.0,46,23.7,33.2,5.4,85.93,3,0,3,0,0,8
2025-08-17,CP202,Nepean,BQ,2709.9699999999993,3.0,3,23.7,33.2,5.4,85.93,3,0,3,0,0,8
2025-08-17,CP202,Nepean,CH,2899.99,1.0,1,23.7,33.2,5.4,85.93,3,0,3,0,0,8
2025-08-17,CP202,Nepean,DI,3.99,35.0,35,23.7,33.2,5.4,85.93,3,0,3,0,0,8
2025-08-17,CP202,Nepean,GA,9499.95,5.0,5,23.7,33.2,5.4,85.93,3,0,3,0,0,8
2025-08-17,CP202,Nepean,IN,0.0,2.0,2,23.7,33.2,5.4,85.93,3,0,3,0,0,8
2025-08-17,CP202,Nepean,LI,449.95,7.0,7,23.7,33.2,5.4,85.93,3,0,3,0,0,8
2025-08-17,CP202,Nepean,LO,546.9399999999999,31.0,31,23.7,33.2,5.4,85.93,3,0,3,0,0,8
2025-08-17,CP202,Nepean,ME,20407.37,67.0,42,23.7,33.2,5.4,85.93,3,0,3,0,0,8
2025-08-17,CP202,Nepean,MK,102.97,4.0,4,23.7,33.2,5.4,85.93,3,0,3,0,0,8
2025-08-17,CP202,Nepean,PA,7295.28,22.0,26,23.7,33.2,5.4,85.93,3,0,3,0,0,8
2025-08-17,CP202,Nepean,PC,18117.05,899.0,744,23.7,33.2,5.4,85.93,3,0,3,0,0,8
2025-08-17,CP202,Nepean,PI,2789.82,118.0,127,23.7,33.2,5.4,85.93,3,0,3,0,0,8
2025-08-17,CP202,Nepean,SP,18289.0,1.0,1,23.7,33.2,5.4,85.93,3,0,3,0,0,8
2025-08-17,CP37,Gatineau,AM,399.99,1.0,1,23.16,33.1,6.5,84.97,2,0,2,0,0,8
2025-08-17,CP37,Gatineau,AP,24661.96,628.0,340,23.16,33.1,6.5,84.97,2,0,2,0,0,8
2025-08-17,CP37,Gatineau,AS,3594.04,71.0,62,23.16,33.1,6.5,84.97,2,0,2,0,0,8
2025-08-17,CP37,Gatineau,BQ,1820.9,10.0,10,23.16,33.1,6.5,84.97,2,0,2,0,0,8
2025-08-17,CP37,Gatineau,DI,70.0,1.0,1,23.16,33.1,6.5,84.97,2,0,2,0,0,8
2025-08-17,CP37,Gatineau,FI,309.98,2.0,2,23.16,33.1,6.5,84.97,2,0,2,0,0,8
2025-08-17,CP37,Gatineau,GA,2094.26,2.0,2,23.16,33.1,6.5,84.97,2,0,2,0,0,8
2025-08-17,CP37,Gatineau,HT,6953.33,4.0,4,23.16,33.1,6.5,84.97,2,0,2,0,0,8
2025-08-17,CP37,Gatineau,IN,0.0,2.0,2,23.16,33.1,6.5,84.97,2,0,2,0,0,8
2025-08-17,CP37,Gatineau,LI,1034.95,9.0,9,23.16,33.1,6.5,84.97,2,0,2,0,0,8
2025-08-17,CP37,Gatineau,LO,2325.99,158.0,131,23.16,33.1,6.5,84.97,2,0,2,0,0,8
2025-08-17,CP37,Gatineau,ME,33549.39,105.0,69,23.16,33.1,6.5,84.97,2,0,2,0,0,8
2025-08-17,CP37,Gatineau,MK,13.92,13.0,13,23.16,33.1,6.5,84.97,2,0,2,0,0,8
2025-08-17,CP37,Gatineau,PA,2044.83,17.0,16,23.16,33.1,6.5,84.97,2,0,2,0,0,8
2025-08-17,CP37,Gatineau,PC,37482.16,1623.0,1344,23.16,33.1,6.5,84.97,2,0,2,0,0,8
2025-08-17,CP37,Gatineau,PI,4114.24,371.0,291,23.16,33.1,6.5,84.97,2,0,2,0,0,8
2025-08-17,CP37,Gatineau,SE,255.0,5.0,5,23.16,33.1,6.5,84.97,2,0,2,0,0,8
2025-08-17,CP37,Gatineau,SP,42500.68,3.0,3,23.16,33.1,6.5,84.97,2,0,2,0,0,8
2025-08-17,CP37,Gatineau,TO,1393.97,5.0,7,23.16,33.1,6.5,84.97,2,0,2,0,0,8
2025-08-17,CP44,St-Constant,AP,14148.48,320.0,261,24.31,33.8,7.4,83.39,2,0,2,0,0,8
2025-08-17,CP44,St-Constant,AS,906.81,153.0,34,24.31,33.8,7.4,83.39,2,0,2,0,0,8
2025-08-17,CP44,St-Constant,AZ,253.42,8.0,8,24.31,33.8,7.4,83.39,2,0,2,0,0,8
2025-08-17,CP44,St-Constant,BQ,353.96,4.0,6,24.31,33.8,7.4,83.39,2,0,2,0,0,8
2025-08-17,CP44,St-Constant,CH,4026.9699999999993,3.0,3,24.31,33.8,7.4,83.39,2,0,2,0,0,8
2025-08-17,CP44,St-Constant,HT,4598.0,3.0,3,24.31,33.8,7.4,83.39,2,0,2,0,0,8
2025-08-17,CP44,St-Constant,IN,1434.99,2.0,2,24.31,33.8,7.4,83.39,2,0,2,0,0,8
2025-08-17,CP44,St-Constant,LI,1019.95,15.0,15,24.31,33.8,7.4,83.39,2,0,2,0,0,8
2025-08-17,CP44,St-Constant,LO,1172.02,75.0,51,24.31,33.8,7.4,83.39,2,0,2,0,0,8
2025-08-17,CP44,St-Constant,ME,7106.63,37.0,22,24.31,33.8,7.4,83.39,2,0,2,0,0,8
2025-08-17,CP44,St-Constant,MK,0.0,2.0,2,24.31,33.8,7.4,83.39,2,0,2,0,0,8
2025-08-17,CP44,St-Constant,PA,1064.78,12.0,13,24.31,33.8,7.4,83.39,2,0,2,0,0,8
2025-08-17,CP44,St-Constant,PC,17048.64,639.0,518,24.31,33.8,7.4,83.39,2,0,2,0,0,8
2025-08-17,CP44,St-Constant,PI,1381.45,39.0,33,24.31,33.8,7.4,83.39,2,0,2,0,0,8
2025-08-17,CP44,St-Constant,SE,29.99,4.0,4,24.31,33.8,7.4,83.39,2,0,2,0,0,8
2025-08-17,CP44,St-Constant,SP,21498.0,2.0,2,24.31,33.8,7.4,83.39,2,0,2,0,0,8
2025-08-17,CP44,St-Constant,TO,149.99,3.0,3,24.31,33.8,7.4,83.39,2,0,2,0,0,8
2025-08-17,CP48,Beloeil,AM,269.97,3.0,3,23.13,33.2,6.8,82.17,2,0,2,0,0,8
2025-08-17,CP48,Beloeil,AP,25832.69,446.0,334,23.13,33.2,6.8,82.17,2,0,2,0,0,8
2025-08-17,CP48,Beloeil,AS,2107.48,107.0,27,23.13,33.2,6.8,82.17,2,0,2,0,0,8
2025-08-17,CP48,Beloeil,AZ,502.83,19.0,14,23.13,33.2,6.8,82.17,2,0,2,0,0,8
2025-08-17,CP48,Beloeil,BQ,1917.59,11.0,11,23.13,33.2,6.8,82.17,2,0,2,0,0,8
2025-08-17,CP48,Beloeil,CH,1546.01,-1.0,2,23.13,33.2,6.8,82.17,2,0,2,0,0,8
2025-08-17,CP48,Beloeil,FI,2069.98,2.0,2,23.13,33.2,6.8,82.17,2,0,2,0,0,8
2025-08-17,CP48,Beloeil,GA,284.99,1.0,1,23.13,33.2,6.8,82.17,2,0,2,0,0,8
2025-08-17,CP48,Beloeil,HT,5299.0,1.0,1,23.13,33.2,6.8,82.17,2,0,2,0,0,8
2025-08-17,CP48,Beloeil,IN,1995.0,1.0,1,23.13,33.2,6.8,82.17,2,0,2,0,0,8
2025-08-17,CP48,Beloeil,INM,165.0,1.0,1,23.13,33.2,6.8,82.17,2,0,2,0,0,8
2025-08-17,CP48,Beloeil,LI,279.97,10.0,10,23.13,33.2,6.8,82.17,2,0,2,0,0,8
2025-08-17,CP48,Beloeil,LO,1684.09,128.0,104,23.13,33.2,6.8,82.17,2,0,2,0,0,8
2025-08-17,CP48,Beloeil,ME,15097.19,81.0,46,23.13,33.2,6.8,82.17,2,0,2,0,0,8
2025-08-17,CP48,Beloeil,MK,1.99,1.0,1,23.13,33.2,6.8,82.17,2,0,2,0,0,8
2025-08-17,CP48,Beloeil,PA,2042.15,10.0,10,23.13,33.2,6.8,82.17,2,0,2,0,0,8
2025-08-17,CP48,Beloeil,PC,21746.88,886.0,707,23.13,33.2,6.8,82.17,2,0,2,0,0,8
2025-08-17,CP48,Beloeil,PI,2057.76,56.0,49,23.13,33.2,6.8,82.17,2,0,2,0,0,8
2025-08-17,CP48,Beloeil,SE,449.96,4.0,4,23.13,33.2,6.8,82.17,2,0,2,0,0,8
2025-08-17,CP48,Beloeil,SP,899.99,1.0,1,23.13,33.2,6.8,82.17,2,0,2,0,0,8
2025-08-17,CP48,Beloeil,TO,757.48,3.0,3,23.13,33.2,6.8,82.17,2,0,2,0,0,8
2025-08-24,CP08,Longueuil,AM,227.98,2.0,2,20.4,30.6,12.5,79.64,3,0,3,0,0,8
2025-08-24,CP08,Longueuil,AP,18371.33,335.0,252,20.4,30.6,12.5,79.64,3,0,3,0,0,8
2025-08-24,CP08,Longueuil,AS,724.72,78.0,17,20.4,30.6,12.5,79.64,3,0,3,0,0,8
2025-08-24,CP08,Longueuil,AZ,195.74,26.0,3,20.4,30.6,12.5,79.64,3,0,3,0,0,8
2025-08-24,CP08,Longueuil,BQ,256.24,6.0,6,20.4,30.6,12.5,79.64,3,0,3,0,0,8
2025-08-24,CP08,Longueuil,CH,1439.99,1.0,1,20.4,30.6,12.5,79.64,3,0,3,0,0,8
2025-08-24,CP08,Longueuil,FI,367.51,5.0,3,20.4,30.6,12.5,79.64,3,0,3,0,0,8
2025-08-24,CP08,Longueuil,GA,905.9,3.0,3,20.4,30.6,12.5,79.64,3,0,3,0,0,8
2025-08-24,CP08,Longueuil,LI,249.98,4.0,4,20.4,30.6,12.5,79.64,3,0,3,0,0,8
2025-08-24,CP08,Longueuil,LO,465.65,45.0,31,20.4,30.6,12.5,79.64,3,0,3,0,0,8
2025-08-24,CP08,Longueuil,ME,10646.42,58.0,33,20.4,30.6,12.5,79.64,3,0,3,0,0,8
2025-08-24,CP08,Longueuil,MK,5.0,1.0,1,20.4,30.6,12.5,79.64,3,0,3,0,0,8
2025-08-24,CP08,Longueuil,PA,3267.94,16.0,16,20.4,30.6,12.5,79.64,3,0,3,0,0,8
2025-08-24,CP08,Longueuil,PC,15921.89,637.0,458,20.4,30.6,12.5,79.64,3,0,3,0,0,8
2025-08-24,CP08,Longueuil,PI,2515.05,104.0,66,20.4,30.6,12.5,79.64,3,0,3,0,0,8
2025-08-24,CP08,Longueuil,SE,29.99,3.0,3,20.4,30.6,12.5,79.64,3,0,3,0,0,8
2025-08-24,CP08,Longueuil,TO,3102.5,1.0,1,20.4,30.6,12.5,79.64,3,0,3,0,0,8
2025-08-24,CP202,Nepean,AP,4989.89,100.0,86,19.67,27.6,3.5,68.61,3,0,3,0,0,8
2025-08-24,CP202,Nepean,AS,2447.18,63.0,53,19.67,27.6,3.5,68.61,3,0,3,0,0,8
2025-08-24,CP202,Nepean,BQ,649.99,1.0,1,19.67,27.6,3.5,68.61,3,0,3,0,0,8
2025-08-24,CP202,Nepean,DI,5.99,21.0,23,19.67,27.6,3.5,68.61,3,0,3,0,0,8
2025-08-24,CP202,Nepean,GA,3899.98,2.0,2,19.67,27.6,3.5,68.61,3,0,3,0,0,8
2025-08-24,CP202,Nepean,IN,0.0,1.0,1,19.67,27.6,3.5,68.61,3,0,3,0,0,8
2025-08-24,CP202,Nepean,LI,179.98,3.0,3,19.67,27.6,3.5,68.61,3,0,3,0,0,8
2025-08-24,CP202,Nepean,LO,565.47,28.0,27,19.67,27.6,3.5,68.61,3,0,3,0,0,8
2025-08-24,CP202,Nepean,ME,6435.79,26.0,27,19.67,27.6,3.5,68.61,3,0,3,0,0,8
2025-08-24,CP202,Nepean,MK,2.97,4.0,4,19.67,27.6,3.5,68.61,3,0,3,0,0,8
2025-08-24,CP202,Nepean,PA,2770.11,9.0,9,19.67,27.6,3.5,68.61,3,0,3,0,0,8
2025-08-24,CP202,Nepean,PC,14795.36,751.0,650,19.67,27.6,3.5,68.61,3,0,3,0,0,8
2025-08-24,CP202,Nepean,PI,2866.98,101.0,82,19.67,27.6,3.5,68.61,3,0,3,0,0,8
2025-08-24,CP202,Nepean,SP,9799.0,1.0,1,19.67,27.6,3.5,68.61,3,0,3,0,0,8
2025-08-24,CP37,Gatineau,AM,1099.98,2.0,2,19.47,27.9,12.0,67.61,4,0,4,0,0,8
2025-08-24,CP37,Gatineau,AP,20397.99,398.0,242,19.47,27.9,12.0,67.61,4,0,4,0,0,8
2025-08-24,CP37,Gatineau,AS,1710.03,47.0,43,19.47,27.9,12.0,67.61,4,0,4,0,0,8
2025-08-24,CP37,Gatineau,AZ,566.97,3.0,3,19.47,27.9,12.0,67.61,4,0,4,0,0,8
2025-08-24,CP37,Gatineau,BQ,1352.87,13.0,17,19.47,27.9,12.0,67.61,4,0,4,0,0,8
2025-08-24,CP37,Gatineau,CH,10947.99,4.0,4,19.47,27.9,12.0,67.61,4,0,4,0,0,8
2025-08-24,CP37,Gatineau,DI,6.99,1.0,1,19.47,27.9,12.0,67.61,4,0,4,0,0,8
2025-08-24,CP37,Gatineau,HT,3499.0,1.0,1,19.47,27.9,12.0,67.61,4,0,4,0,0,8
2025-08-24,CP37,Gatineau,IN,0.0,4.0,4,19.47,27.9,12.0,67.61,4,0,4,0,0,8
2025-08-24,CP37,Gatineau,LI,223.99,2.0,4,19.47,27.9,12.0,67.61,4,0,4,0,0,8
2025-08-24,CP37,Gatineau,LO,940.53,62.0,48,19.47,27.9,12.0,67.61,4,0,4,0,0,8
2025-08-24,CP37,Gatineau,ME,21722.93,109.0,64,19.47,27.9,12.0,67.61,4,0,4,0,0,8
2025-08-24,CP37,Gatineau,MK,24.93,14.0,11,19.47,27.9,12.0,67.61,4,0,4,0,0,8
2025-08-24,CP37,Gatineau,PA,4027.87,14.0,13,19.47,27.9,12.0,67.61,4,0,4,0,0,8
2025-08-24,CP37,Gatineau,PC,25692.9,1055.0,904,19.47,27.9,12.0,67.61,4,0,4,0,0,8
2025-08-24,CP37,Gatineau,PI,3563.65,274.0,214,19.47,27.9,12.0,67.61,4,0,4,0,0,8
2025-08-24,CP37,Gatineau,TO,243.99,2.0,4,19.47,27.9,12.0,67.61,4,0,4,0,0,8
2025-08-24,CP44,St-Constant,AP,6517.400000000001,133.0,110,20.06,30.3,16.2,79.08,3,0,3,0,0,8
2025-08-24,CP44,St-Constant,AS,1196.47,53.0,23,20.06,30.3,16.2,79.08,3,0,3,0,0,8
2025-08-24,CP44,St-Constant,AZ,323.91,9.0,6,20.06,30.3,16.2,79.08,3,0,3,0,0,8
2025-08-24,CP44,St-Constant,BQ,1032.96,4.0,4,20.06,30.3,16.2,79.08,3,0,3,0,0,8
2025-08-24,CP44,St-Constant,CH,2853.96,4.0,3,20.06,30.3,16.2,79.08,3,0,3,0,0,8
2025-08-24,CP44,St-Constant,GA,569.98,2.0,2,20.06,30.3,16.2,79.08,3,0,3,0,0,8
2025-08-24,CP44,St-Constant,IN,279.99,1.0,1,20.06,30.3,16.2,79.08,3,0,3,0,0,8
2025-08-24,CP44,St-Constant,INM,760.0,1.0,1,20.06,30.3,16.2,79.08,3,0,3,0,0,8
2025-08-24,CP44,St-Constant,LI,229.97000000000003,7.0,7,20.06,30.3,16.2,79.08,3,0,3,0,0,8
2025-08-24,CP44,St-Constant,LO,680.63,38.0,31,20.06,30.3,16.2,79.08,3,0,3,0,0,8
2025-08-24,CP44,St-Constant,ME,3299.88,18.0,14,20.06,30.3,16.2,79.08,3,0,3,0,0,8
2025-08-24,CP44,St-Constant,PA,2461.02,9.0,9,20.06,30.3,16.2,79.08,3,0,3,0,0,8
2025-08-24,CP44,St-Constant,PC,9905.82,418.0,329,20.06,30.3,16.2,79.08,3,0,3,0,0,8
2025-08-24,CP44,St-Constant,PI,778.96,15.0,20,20.06,30.3,16.2,79.08,3,0,3,0,0,8
2025-08-24,CP44,St-Constant,SE,29.99,2.0,2,20.06,30.3,16.2,79.08,3,0,3,0,0,8
2025-08-24,CP48,Beloeil,AP,12534.6,219.0,181,18.97,28.5,19.2,81.26,3,0,3,0,0,8
2025-08-24,CP48,Beloeil,AS,801.7,87.0,29,18.97,28.5,19.2,81.26,3,0,3,0,0,8
2025-08-24,CP48,Beloeil,AZ,1033.79,21.0,20,18.97,28.5,19.2,81.26,3,0,3,0,0,8
2025-08-24,CP48,Beloeil,BQ,1584.06,8.0,8,18.97,28.5,19.2,81.26,3,0,3,0,0,8
2025-08-24,CP48,Beloeil,CH,3799.98,2.0,2,18.97,28.5,19.2,81.26,3,0,3,0,0,8
2025-08-24,CP48,Beloeil,GA,7509.94,6.0,6,18.97,28.5,19.2,81.26,3,0,3,0,0,8
2025-08-24,CP48,Beloeil,LI,819.96,15.0,15,18.97,28.5,19.2,81.26,3,0,3,0,0,8
2025-08-24,CP48,Beloeil,LO,744.01,36.0,33,18.97,28.5,19.2,81.26,3,0,3,0,0,8
2025-08-24,CP48,Beloeil,ME,3440.94,37.0,26,18.97,28.5,19.2,81.26,3,0,3,0,0,8
2025-08-24,CP48,Beloeil,PA,204.98,2.0,2,18.97,28.5,19.2,81.26,3,0,3,0,0,8
2025-08-24,CP48,Beloeil,PC,14272.34,575.0,488,18.97,28.5,19.2,81.26,3,0,3,0,0,8
2025-08-24,CP48,Beloeil,PI,0.0,35.0,40,18.97,28.5,19.2,81.26,3,0,3,0,0,8
2025-08-24,CP48,Beloeil,SE,109.98,4.0,4,18.97,28.5,19.2,81.26,3,0,3,0,0,8
2025-08-24,CP48,Beloeil,SP,28998.0,2.0,2,18.97,28.5,19.2,81.26,3,0,3,0,0,8
2025-08-24,CP48,Beloeil,TO,494.99,1.0,1,18.97,28.5,19.2,81.26,3,0,3,0,0,8
2025-08-31,CP08,Longueuil,AP,11194.0,365.0,205,17.29,24.7,29.8,71.82,4,0,4,0,0,8
2025-08-31,CP08,Longueuil,AS,2836.35,170.0,39,17.29,24.7,29.8,71.82,4,0,4,0,0,8
2025-08-31,CP08,Longueuil,AZ,1606.8200000000002,18.0,17,17.29,24.7,29.8,71.82,4,0,4,0,0,8
2025-08-31,CP08,Longueuil,BQ,92.96,4.0,4,17.29,24.7,29.8,71.82,4,0,4,0,0,8
2025-08-31,CP08,Longueuil,CC,0.0,2.0,2,17.29,24.7,29.8,71.82,4,0,4,0,0,8
2025-08-31,CP08,Longueuil,CH,2399.99,1.0,1,17.29,24.7,29.8,71.82,4,0,4,0,0,8
2025-08-31,CP08,Longueuil,FI,2035.8,8.0,5,17.29,24.7,29.8,71.82,4,0,4,0,0,8
2025-08-31,CP08,Longueuil,GA,12883.99,3.0,3,17.29,24.7,29.8,71.82,4,0,4,0,0,8
2025-08-31,CP08,Longueuil,HT,3099.0,1.0,1,17.29,24.7,29.8,71.82,4,0,4,0,0,8
2025-08-31,CP08,Longueuil,INM,469.99,1.0,1,17.29,24.7,29.8,71.82,4,0,4,0,0,8
2025-08-31,CP08,Longueuil,LI,549.96,10.0,10,17.29,24.7,29.8,71.82,4,0,4,0,0,8
2025-08-31,CP08,Longueuil,LO,126.05,14.0,9,17.29,24.7,29.8,71.82,4,0,4,0,0,8
2025-08-31,CP08,Longueuil,ME,23876.58,71.0,31,17.29,24.7,29.8,71.82,4,0,4,0,0,8
2025-08-31,CP08,Longueuil,MK,5.0,5.0,4,17.29,24.7,29.8,71.82,4,0,4,0,0,8
2025-08-31,CP08,Longueuil,PA,1334.94,6.0,6,17.29,24.7,29.8,71.82,4,0,4,0,0,8
2025-08-31,CP08,Longueuil,PC,12897.64,547.0,376,17.29,24.7,29.8,71.82,4,0,4,0,0,8
2025-08-31,CP08,Longueuil,PI,1484.8,46.0,71,17.29,24.7,29.8,71.82,4,0,4,0,0,8
2025-08-31,CP08,Longueuil,SE,0.0,5.0,5,17.29,24.7,29.8,71.82,4,0,4,0,0,8
2025-08-31,CP08,Longueuil,SP,4399.0,1.0,1,17.29,24.7,29.8,71.82,4,0,4,0,0,8
2025-08-31,CP08,Longueuil,TO,1599.9,4.0,4,17.29,24.7,29.8,71.82,4,0,4,0,0,8
2025-08-31,CP202,Nepean,AP,4263.26,74.0,55,16.0,23.2,20.2,68.64,5,0,5,0,0,8
2025-08-31,CP202,Nepean,AS,2633.85,65.0,58,16.0,23.2,20.2,68.64,5,0,5,0,0,8
2025-08-31,CP202,Nepean,AZ,122.99,1.0,1,16.0,23.2,20.2,68.64,5,0,5,0,0,8
2025-08-31,CP202,Nepean,DI,125.92,16.0,14,16.0,23.2,20.2,68.64,5,0,5,0,0,8
2025-08-31,CP202,Nepean,GA,16898.97,4.0,3,16.0,23.2,20.2,68.64,5,0,5,0,0,8
2025-08-31,CP202,Nepean,LI,509.97,4.0,4,16.0,23.2,20.2,68.64,5,0,5,0,0,8
2025-08-31,CP202,Nepean,LO,310.65999999999997,22.0,16,16.0,23.2,20.2,68.64,5,0,5,0,0,8
2025-08-31,CP202,Nepean,ME,6214.61,43.0,25,16.0,23.2,20.2,68.64,5,0,5,0,0,8
2025-08-31,CP202,Nepean,MK,116.81,7.0,3,16.0,23.2,20.2,68.64,5,0,5,0,0,8
2025-08-31,CP202,Nepean,PA,2941.2000000000003,10.0,10,16.0,23.2,20.2,68.64,5,0,5,0,0,8
2025-08-31,CP202,Nepean,PC,10665.95,561.0,488,16.0,23.2,20.2,68.64,5,0,5,0,0,8
2025-08-31,CP202,Nepean,PI,1146.58,43.0,43,16.0,23.2,20.2,68.64,5,0,5,0,0,8
2025-08-31,CP37,Gatineau,AP,8148.57,377.0,177,15.5,23.1,30.3,63.83,6,0,6,0,0,8
2025-08-31,CP37,Gatineau,AS,3728.55,64.0,63,15.5,23.1,30.3,63.83,6,0,6,0,0,8
2025-08-31,CP37,Gatineau,AZ,844.95,5.0,5,15.5,23.1,30.3,63.83,6,0,6,0,0,8
2025-08-31,CP37,Gatineau,BQ,50.97,4.0,4,15.5,23.1,30.3,63.83,6,0,6,0,0,8
2025-08-31,CP37,Gatineau,CH,1599.99,1.0,1,15.5,23.1,30.3,63.83,6,0,6,0,0,8
2025-08-31,CP37,Gatineau,DI,199.99,1.0,1,15.5,23.1,30.3,63.83,6,0,6,0,0,8
2025-08-31,CP37,Gatineau,FI,1249.99,1.0,1,15.5,23.1,30.3,63.83,6,0,6,0,0,8
2025-08-31,CP37,Gatineau,GA,2574.37,4.0,4,15.5,23.1,30.3,63.83,6,0,6,0,0,8
2025-08-31,CP37,Gatineau,IN,0.0,1.0,1,15.5,23.1,30.3,63.83,6,0,6,0,0,8
2025-08-31,CP37,Gatineau,LI,179.98,4.0,4,15.5,23.1,30.3,63.83,6,0,6,0,0,8
2025-08-31,CP37,Gatineau,LO,445.22,28.0,26,15.5,23.1,30.3,63.83,6,0,6,0,0,8
2025-08-31,CP37,Gatineau,ME,15024.29,76.0,48,15.5,23.1,30.3,63.83,6,0,6,0,0,8
2025-08-31,CP37,Gatineau,MK,101.98,7.0,7,15.5,23.1,30.3,63.83,6,0,6,0,0,8
2025-08-31,CP37,Gatineau,PA,2268.87,14.0,19,15.5,23.1,30.3,63.83,6,0,6,0,0,8
2025-08-31,CP37,Gatineau,PC,21824.81,920.0,785,15.5,23.1,30.3,63.83,6,0,6,0,0,8
2025-08-31,CP37,Gatineau,PI,2524.49,198.0,152,15.5,23.1,30.3,63.83,6,0,6,0,0,8
2025-08-31,CP37,Gatineau,SE,170.0,3.0,3,15.5,23.1,30.3,63.83,6,0,6,0,0,8
2025-08-31,CP37,Gatineau,SP,10749.0,1.0,1,15.5,23.1,30.3,63.83,6,0,6,0,0,8
2025-08-31,CP37,Gatineau,TO,357.0,1.0,1,15.5,23.1,30.3,63.83,6,0,6,0,0,8
2025-08-31,CP44,St-Constant,AP,6408.400000000001,200.0,120,16.83,24.1,23.4,71.62,6,0,6,0,0,8
2025-08-31,CP44,St-Constant,AS,1750.09,141.0,24,16.83,24.1,23.4,71.62,6,0,6,0,0,8
2025-08-31,CP44,St-Constant,AZ,1120.37,13.0,13,16.83,24.1,23.4,71.62,6,0,6,0,0,8
2025-08-31,CP44,St-Constant,BQ,692.47,3.0,3,16.83,24.1,23.4,71.62,6,0,6,0,0,8
2025-08-31,CP44,St-Constant,CH,2653.96,4.0,3,16.83,24.1,23.4,71.62,6,0,6,0,0,8
2025-08-31,CP44,St-Constant,FI,325.98,2.0,2,16.83,24.1,23.4,71.62,6,0,6,0,0,8
2025-08-31,CP44,St-Constant,GA,689.97,3.0,3,16.83,24.1,23.4,71.62,6,0,6,0,0,8
2025-08-31,CP44,St-Constant,IN,150.0,1.0,1,16.83,24.1,23.4,71.62,6,0,6,0,0,8
2025-08-31,CP44,St-Constant,INM,125.0,1.0,1,16.83,24.1,23.4,71.62,6,0,6,0,0,8
2025-08-31,CP44,St-Constant,LI,99.99,1.0,1,16.83,24.1,23.4,71.62,6,0,6,0,0,8
2025-08-31,CP44,St-Constant,LO,241.83,30.0,14,16.83,24.1,23.4,71.62,6,0,6,0,0,8
2025-08-31,CP44,St-Constant,ME,1654.93,8.0,9,16.83,24.1,23.4,71.62,6,0,6,0,0,8
2025-08-31,CP44,St-Constant,MK,0.0,2.0,2,16.83,24.1,23.4,71.62,6,0,6,0,0,8
2025-08-31,CP44,St-Constant,PC,7094.55,295.0,240,16.83,24.1,23.4,71.62,6,0,6,0,0,8
2025-08-31,CP44,St-Constant,PI,214.09,44.0,26,16.83,24.1,23.4,71.62,6,0,6,0,0,8
2025-08-31,CP44,St-Constant,SE,0.0,2.0,2,16.83,24.1,23.4,71.62,6,0,6,0,0,8
2025-08-31,CP44,St-Constant,TO,494.99,1.0,1,16.83,24.1,23.4,71.62,6,0,6,0,0,8
2025-08-31,CP48,Beloeil,AP,7144.88,214.0,158,16.37,23.8,29.6,68.47,5,0,5,0,0,8
2025-08-31,CP48,Beloeil,AS,806.55,97.0,24,16.37,23.8,29.6,68.47,5,0,5,0,0,8
2025-08-31,CP48,Beloeil,AZ,1303.71,29.0,22,16.37,23.8,29.6,68.47,5,0,5,0,0,8
2025-08-31,CP48,Beloeil,BQ,1563.76,7.0,7,16.37,23.8,29.6,68.47,5,0,5,0,0,8
2025-08-31,CP48,Beloeil,CH,3587.45,5.0,7,16.37,23.8,29.6,68.47,5,0,5,0,0,8
2025-08-31,CP48,Beloeil,FI,114.49,3.0,2,16.37,23.8,29.6,68.47,5,0,5,0,0,8
2025-08-31,CP48,Beloeil,GA,399.99,1.0,1,16.37,23.8,29.6,68.47,5,0,5,0,0,8
2025-08-31,CP48,Beloeil,IN,280.0,1.0,1,16.37,23.8,29.6,68.47,5,0,5,0,0,8
2025-08-31,CP48,Beloeil,LI,299.99,5.0,5,16.37,23.8,29.6,68.47,5,0,5,0,0,8
2025-08-31,CP48,Beloeil,LO,160.29,18.0,17,16.37,23.8,29.6,68.47,5,0,5,0,0,8
2025-08-31,CP48,Beloeil,ME,2514.83,17.0,13,16.37,23.8,29.6,68.47,5,0,5,0,0,8
2025-08-31,CP48,Beloeil,PA,213.97,3.0,3,16.37,23.8,29.6,68.47,5,0,5,0,0,8
2025-08-31,CP48,Beloeil,PC,12310.93,517.0,422,16.37,23.8,29.6,68.47,5,0,5,0,0,8
2025-08-31,CP48,Beloeil,PI,1537.47,33.0,33,16.37,23.8,29.6,68.47,5,0,5,0,0,8
2025-08-31,CP48,Beloeil,SE,89.97,3.0,3,16.37,23.8,29.6,68.47,5,0,5,0,0,8
2025-08-31,CP48,Beloeil,SP,5499.0,1.0,1,16.37,23.8,29.6,68.47,5,0,5,0,0,8
2025-08-31,CP48,Beloeil,TO,397.49,1.0,1,16.37,23.8,29.6,68.47,5,0,5,0,0,8
2025-09-07,CP08,Longueuil,AP,12361.94,239.0,180,18.33,26.1,25.9,71.69,5,0,5,1,1,9
2025-09-07,CP08,Longueuil,AS,541.9,35.5,17,18.33,26.1,25.9,71.69,5,0,5,1,1,9
2025-09-07,CP08,Longueuil,AZ,3528.82,78.0,54,18.33,26.1,25.9,71.69,5,0,5,1,1,9
2025-09-07,CP08,Longueuil,BQ,55.76,4.0,2,18.33,26.1,25.9,71.69,5,0,5,1,1,9
2025-09-07,CP08,Longueuil,CH,1034.98,3.0,3,18.33,26.1,25.9,71.69,5,0,5,1,1,9
2025-09-07,CP08,Longueuil,HT,3150.9799999999996,2.0,2,18.33,26.1,25.9,71.69,5,0,5,1,1,9
2025-09-07,CP08,Longueuil,LI,49.99,1.0,1,18.33,26.1,25.9,71.69,5,0,5,1,1,9
2025-09-07,CP08,Longueuil,LO,154.13,12.0,9,18.33,26.1,25.9,71.69,5,0,5,1,1,9
2025-09-07,CP08,Longueuil,ME,4868.16,38.0,23,18.33,26.1,25.9,71.69,5,0,5,1,1,9
2025-09-07,CP08,Longueuil,PA,160.99,2.0,2,18.33,26.1,25.9,71.69,5,0,5,1,1,9
2025-09-07,CP08,Longueuil,PC,11205.14,462.0,359,18.33,26.1,25.9,71.69,5,0,5,1,1,9
2025-09-07,CP08,Longueuil,PI,1416.43,51.0,46,18.33,26.1,25.9,71.69,5,0,5,1,1,9
2025-09-07,CP202,Nepean,AP,2137.79,101.0,58,17.2,25.8,8.7,68.69,5,0,5,1,1,9
2025-09-07,CP202,Nepean,AS,2077.96,54.0,44,17.2,25.8,8.7,68.69,5,0,5,1,1,9
2025-09-07,CP202,Nepean,AZ,483.52,3.0,3,17.2,25.8,8.7,68.69,5,0,5,1,1,9
2025-09-07,CP202,Nepean,DI,83.94999999999999,8.0,5,17.2,25.8,8.7,68.69,5,0,5,1,1,9
2025-09-07,CP202,Nepean,LO,183.56,54.0,16,17.2,25.8,8.7,68.69,5,0,5,1,1,9
2025-09-07,CP202,Nepean,ME,1701.97,3.0,10,17.2,25.8,8.7,68.69,5,0,5,1,1,9
2025-09-07,CP202,Nepean,MK,0.99,1.0,1,17.2,25.8,8.7,68.69,5,0,5,1,1,9
2025-09-07,CP202,Nepean,PA,0.0,-1.0,1,17.2,25.8,8.7,68.69,5,0,5,1,1,9
2025-09-07,CP202,Nepean,PC,8427.66,484.0,387,17.2,25.8,8.7,68.69,5,0,5,1,1,9
2025-09-07,CP202,Nepean,PI,1389.45,75.0,49,17.2,25.8,8.7,68.69,5,0,5,1,1,9
2025-09-07,CP37,Gatineau,AP,6376.99,378.0,179,16.53,24.9,15.5,69.78,4,0,4,1,1,9
2025-09-07,CP37,Gatineau,AS,3149.24,76.0,66,16.53,24.9,15.5,69.78,4,0,4,1,1,9
2025-09-07,CP37,Gatineau,AZ,2168.86,14.0,18,16.53,24.9,15.5,69.78,4,0,4,1,1,9
2025-09-07,CP37,Gatineau,BQ,544.96,4.0,4,16.53,24.9,15.5,69.78,4,0,4,1,1,9
2025-09-07,CP37,Gatineau,CH,2399.99,1.0,1,16.53,24.9,15.5,69.78,4,0,4,1,1,9
2025-09-07,CP37,Gatineau,DI,79.97,3.0,3,16.53,24.9,15.5,69.78,4,0,4,1,1,9
2025-09-07,CP37,Gatineau,FI,9.99,1.0,1,16.53,24.9,15.5,69.78,4,0,4,1,1,9
2025-09-07,CP37,Gatineau,GA,1316.71,1.0,1,16.53,24.9,15.5,69.78,4,0,4,1,1,9
2025-09-07,CP37,Gatineau,LI,89.99,2.0,2,16.53,24.9,15.5,69.78,4,0,4,1,1,9
2025-09-07,CP37,Gatineau,LO,242.54,21.0,10,16.53,24.9,15.5,69.78,4,0,4,1,1,9
2025-09-07,CP37,Gatineau,ME,13102.24,69.0,49,16.53,24.9,15.5,69.78,4,0,4,1,1,9
2025-09-07,CP37,Gatineau,MK,17.94,7.0,5,16.53,24.9,15.5,69.78,4,0,4,1,1,9
2025-09-07,CP37,Gatineau,PA,1168.94,6.0,8,16.53,24.9,15.5,69.78,4,0,4,1,1,9
2025-09-07,CP37,Gatineau,PC,18046.56,795.0,687,16.53,24.9,15.5,69.78,4,0,4,1,1,9
2025-09-07,CP37,Gatineau,PI,2638.29,277.0,175,16.53,24.9,15.5,69.78,4,0,4,1,1,9
2025-09-07,CP37,Gatineau,TO,461.99,1.0,1,16.53,24.9,15.5,69.78,4,0,4,1,1,9
2025-09-07,CP44,St-Constant,AP,3354.98,99.0,85,18.0,25.9,22.5,72.75,6,0,6,1,1,9
2025-09-07,CP44,St-Constant,AS,1263.62,88.0,21,18.0,25.9,22.5,72.75,6,0,6,1,1,9
2025-09-07,CP44,St-Constant,AZ,605.11,40.0,23,18.0,25.9,22.5,72.75,6,0,6,1,1,9
2025-09-07,CP44,St-Constant,BQ,748.95,6.0,6,18.0,25.9,22.5,72.75,6,0,6,1,1,9
2025-09-07,CP44,St-Constant,FI,1284.37,3.0,2,18.0,25.9,22.5,72.75,6,0,6,1,1,9
2025-09-07,CP44,St-Constant,GA,239.99,1.0,1,18.0,25.9,22.5,72.75,6,0,6,1,1,9
2025-09-07,CP44,St-Constant,LI,0.0,1.0,1,18.0,25.9,22.5,72.75,6,0,6,1,1,9
2025-09-07,CP44,St-Constant,LO,422.51,26.0,20,18.0,25.9,22.5,72.75,6,0,6,1,1,9
2025-09-07,CP44,St-Constant,ME,849.83,21.0,8,18.0,25.9,22.5,72.75,6,0,6,1,1,9
2025-09-07,CP44,St-Constant,MK,0.0,1.0,1,18.0,25.9,22.5,72.75,6,0,6,1,1,9
2025-09-07,CP44,St-Constant,PA,545.98,3.0,3,18.0,25.9,22.5,72.75,6,0,6,1,1,9
2025-09-07,CP44,St-Constant,PC,7508.78,322.0,272,18.0,25.9,22.5,72.75,6,0,6,1,1,9
2025-09-07,CP44,St-Constant,PI,353.64,14.0,16,18.0,25.9,22.5,72.75,6,0,6,1,1,9
2025-09-07,CP48,Beloeil,AP,6126.14,139.0,138,17.87,27.1,28.5,71.21,5,0,5,1,1,9
2025-09-07,CP48,Beloeil,AS,735.51,103.0,16,17.87,27.1,28.5,71.21,5,0,5,1,1,9
2025-09-07,CP48,Beloeil,AZ,2404.16,34.0,33,17.87,27.1,28.5,71.21,5,0,5,1,1,9
2025-09-07,CP48,Beloeil,BQ,1080.98,3.0,3,17.87,27.1,28.5,71.21,5,0,5,1,1,9
2025-09-07,CP48,Beloeil,CH,59.98,2.0,4,17.87,27.1,28.5,71.21,5,0,5,1,1,9
2025-09-07,CP48,Beloeil,FI,80.0,2.0,1,17.87,27.1,28.5,71.21,5,0,5,1,1,9
2025-09-07,CP48,Beloeil,GA,349.99,1.0,1,17.87,27.1,28.5,71.21,5,0,5,1,1,9
2025-09-07,CP48,Beloeil,LI,0.0,1.0,1,17.87,27.1,28.5,71.21,5,0,5,1,1,9
2025-09-07,CP48,Beloeil,LO,198.45,15.0,12,17.87,27.1,28.5,71.21,5,0,5,1,1,9
2025-09-07,CP48,Beloeil,ME,2572.87,13.0,10,17.87,27.1,28.5,71.21,5,0,5,1,1,9
2025-09-07,CP48,Beloeil,PA,139.98,2.0,2,17.87,27.1,28.5,71.21,5,0,5,1,1,9
2025-09-07,CP48,Beloeil,PC,10009.41,452.0,379,17.87,27.1,28.5,71.21,5,0,5,1,1,9
2025-09-07,CP48,Beloeil,PI,398.47,16.0,18,17.87,27.1,28.5,71.21,5,0,5,1,1,9
2025-09-07,CP48,Beloeil,SE,364.98,7.0,7,17.87,27.1,28.5,71.21,5,0,5,1,1,9
2025-09-07,CP48,Beloeil,TO,577.49,1.0,1,17.87,27.1,28.5,71.21,5,0,5,1,1,9
2025-09-14,CP08,Longueuil,AM,149.99,1.0,1,16.24,23.4,0.2,83.13,1,0,1,0,0,9
2025-09-14,CP08,Longueuil,AP,3203.16,95.0,72,16.24,23.4,0.2,83.13,1,0,1,0,0,9
2025-09-14,CP08,Longueuil,AS,454.57,45.0,8,16.24,23.4,0.2,83.13,1,0,1,0,0,9
2025-09-14,CP08,Longueuil,AZ,1465.22,28.0,29,16.24,23.4,0.2,83.13,1,0,1,0,0,9
2025-09-14,CP08,Longueuil,LO,175.93,7.0,7,16.24,23.4,0.2,83.13,1,0,1,0,0,9
2025-09-14,CP08,Longueuil,ME,139.96,5.0,2,16.24,23.4,0.2,83.13,1,0,1,0,0,9
2025-09-14,CP08,Longueuil,MK,5.0,1.0,1,16.24,23.4,0.2,83.13,1,0,1,0,0,9
2025-09-14,CP08,Longueuil,PA,469.96,4.0,4,16.24,23.4,0.2,83.13,1,0,1,0,0,9
2025-09-14,CP08,Longueuil,PC,3223.69,161.0,116,16.24,23.4,0.2,83.13,1,0,1,0,0,9
2025-09-14,CP08,Longueuil,PI,458.55,20.0,23,16.24,23.4,0.2,83.13,1,0,1,0,0,9
2025-09-14,CP202,Nepean,AP,900.25,59.0,20,15.1,22.5,0.0,82.3,0,0,0,0,0,9
2025-09-14,CP202,Nepean,AS,375.87,13.0,11,15.1,22.5,0.0,82.3,0,0,0,0,0,9
2025-09-14,CP202,Nepean,AZ,181.99,1.0,1,15.1,22.5,0.0,82.3,0,0,0,0,0,9
2025-09-14,CP202,Nepean,DI,0.0,1.0,1,15.1,22.5,0.0,82.3,0,0,0,0,0,9
2025-09-14,CP202,Nepean,LO,12.99,1.0,1,15.1,22.5,0.0,82.3,0,0,0,0,0,9
2025-09-14,CP202,Nepean,ME,249.99,1.0,1,15.1,22.5,0.0,82.3,0,0,0,0,0,9
2025-09-14,CP202,Nepean,PC,2283.87,117.0,102,15.1,22.5,0.0,82.3,0,0,0,0,0,9
2025-09-14,CP202,Nepean,PI,711.39,62.0,16,15.1,22.5,0.0,82.3,0,0,0,0,0,9
2025-09-14,CP37,Gatineau,AP,1115.63,102.0,27,14.56,21.5,0.0,78.69,0,0,0,0,0,9
2025-09-14,CP37,Gatineau,AS,235.92,8.0,14,14.56,21.5,0.0,78.69,0,0,0,0,0,9
2025-09-14,CP37,Gatineau,AZ,434.98,2.0,2,14.56,21.5,0.0,78.69,0,0,0,0,0,9
2025-09-14,CP37,Gatineau,BQ,19.99,1.0,1,14.56,21.5,0.0,78.69,0,0,0,0,0,9
2025-09-14,CP37,Gatineau,CH,1599.99,1.0,1,14.56,21.5,0.0,78.69,0,0,0,0,0,9
2025-09-14,CP37,Gatineau,ME,1810.9,10.0,9,14.56,21.5,0.0,78.69,0,0,0,0,0,9
2025-09-14,CP37,Gatineau,PC,3650.56,144.0,123,14.56,21.5,0.0,78.69,0,0,0,0,0,9
2025-09-14,CP37,Gatineau,PI,316.45,35.0,32,14.56,21.5,0.0,78.69,0,0,0,0,0,9
2025-09-14,CP44,St-Constant,AP,778.75,75.0,43,15.94,23.0,0.5,82.87,3,0,3,0,0,9
2025-09-14,CP44,St-Constant,AS,480.35,15.0,11,15.94,23.0,0.5,82.87,3,0,3,0,0,9
2025-09-14,CP44,St-Constant,AZ,765.76,24.0,19,15.94,23.0,0.5,82.87,3,0,3,0,0,9
2025-09-14,CP44,St-Constant,BQ,59.99,1.0,1,15.94,23.0,0.5,82.87,3,0,3,0,0,9
2025-09-14,CP44,St-Constant,CH,34.99,1.0,1,15.94,23.0,0.5,82.87,3,0,3,0,0,9
2025-09-14,CP44,St-Constant,LI,0.0,1.0,1,15.94,23.0,0.5,82.87,3,0,3,0,0,9
2025-09-14,CP44,St-Constant,LO,463.31,19.0,19,15.94,23.0,0.5,82.87,3,0,3,0,0,9
2025-09-14,CP44,St-Constant,ME,139.96,4.0,1,15.94,23.0,0.5,82.87,3,0,3,0,0,9
2025-09-14,CP44,St-Constant,PA,79.99,1.0,1,15.94,23.0,0.5,82.87,3,0,3,0,0,9
2025-09-14,CP44,St-Constant,PC,3275.86,134.0,118,15.94,23.0,0.5,82.87,3,0,3,0,0,9
2025-09-14,CP44,St-Constant,PI,169.32,4.0,4,15.94,23.0,0.5,82.87,3,0,3,0,0,9
2025-09-14,CP48,Beloeil,AP,2585.32,110.0,61,15.36,23.5,0.7,82.47,3,0,3,0,0,9
2025-09-14,CP48,Beloeil,AS,275.74,26.0,5,15.36,23.5,0.7,82.47,3,0,3,0,0,9
2025-09-14,CP48,Beloeil,AZ,1328.69,31.0,24,15.36,23.5,0.7,82.47,3,0,3,0,0,9
2025-09-14,CP48,Beloeil,BQ,49.0,1.0,1,15.36,23.5,0.7,82.47,3,0,3,0,0,9
2025-09-14,CP48,Beloeil,CH,53.98,2.0,1,15.36,23.5,0.7,82.47,3,0,3,0,0,9
2025-09-14,CP48,Beloeil,LO,174.86,14.0,9,15.36,23.5,0.7,82.47,3,0,3,0,0,9
2025-09-14,CP48,Beloeil,ME,76.96000000000001,4.0,4,15.36,23.5,0.7,82.47,3,0,3,0,0,9
2025-09-14,CP48,Beloeil,PC,3502.46,184.0,141,15.36,23.5,0.7,82.47,3,0,3,0,0,9
2025-09-14,CP48,Beloeil,PI,187.96,4.0,4,15.36,23.5,0.7,82.47,3,0,3,0,0,9
2025-09-14,CP48,Beloeil,TO,494.99,1.0,1,15.36,23.5,0.7,82.47,3,0,3,0,0,9
